date,annualPurchaseOfBusiness,quarterlyInterestExpense,annualOtherNonCashItems,quarterlyCommonStockIssuance,annualDepreciationAndAmortization,annualStockholdersEquity,quarterlyNetOtherFinancingCharges,quarterlyOtherIncomeExpense,annualNonCurrentDeferredTaxesLiabilities,annualCashFlowFromContinuingFinancingActivities,quarterlyOperatingCashFlow,quarterlyOtherNonCurrentAssets,quarterlyNetIncomeContinuousOperations,annualInvestingCashFlow,quarterlyNetIncome,quarterlyAccumulatedDepreciation,quarterlyCapitalExpenditure,quarterlyCashFlowFromContinuingFinancingActivities,annualDilutedAverageShares,annualPurchaseOfInvestment,annualAccountsReceivable,annualCapitalStock,quarterlyNonCurrentDeferredTaxesLiabilities,quarterlyCurrentDeferredRevenue,quarterlyLongTermDebt,quarterlyOtherCurrentLiabilities,quarterlyOperatingExpense,quarterlyPretaxIncome,quarterlyNetPPE,annualStockBasedCompensation,annualOtherIntangibleAssets,annualGoodwill,quarterlyTaxProvision,annualSaleOfInvestment,quarterlyCurrentAccruedExpenses,quarterlyAccountsReceivable,annualNetPPE,annualOperatingCashFlow,annualGrossProfit,annualCurrentLiabilities,quarterlyChangeInCashSupplementalAsReported,annualOtherNonCurrentLiabilities,annualEbitda,annualRepaymentOfDebt,quarterlyBeginningCashPosition,quarterlyFreeCashFlow,annualDilutedEPS,quarterlyTotalNonCurrentAssets,quarterlyBasicAverageShares,annualGainsLossesNotAffectingRetainedEarnings,annualCashCashEquivalentsAndMarketableSecurities,annualOtherCurrentLiabilities,annualNetOtherInvestingChanges,annualChangeInCashSupplementalAsReported,quarterlyCashCashEquivalentsAndMarketableSecurities,quarterlyCashAndCashEquivalents,annualEndCashPosition,annualOperatingIncome,annualPretaxIncome,quarterlyNetIncomeCommonStockholders,quarterlyTotalAssets,annualNonCurrentDeferredRevenue,quarterlyOtherIntangibleAssets,quarterlyGainsLossesNotAffectingRetainedEarnings,quarterlyDepreciationAndAmortization,quarterlyChangesInAccountReceivables,annualOtherIncomeExpense,quarterlySaleOfInvestment,quarterlyCapitalStock,quarterlyPurchaseOfInvestment,annualAccountsPayable,annualGrossPPE,quarterlyCurrentDebt,annualNetIncomeContinuousOperations,quarterlyOperatingIncome,quarterlyAccountsPayable,quarterlyChangeInWorkingCapital,annualRepurchaseOfCapitalStock,quarterlyDeferredIncomeTax,quarterlyChangeInAccountPayable,quarterlyNonCurrentDeferredRevenue,annualOperatingExpense,quarterlyGrossProfit,quarterlyGrossPPE,annualTaxProvision,quarterlyTotalLiabilitiesNetMinorityInterest,quarterlyTotalRevenue,annualCurrentAccruedExpenses,annualCashAndCashEquivalents,annualCapitalExpenditure,annualCurrentAssets,quarterlyOtherNonCashItems,annualTotalRevenue,quarterlyDilutedAverageShares,annualInterestExpense,quarterlyBasicEPS,annualChangesInAccountReceivables,annualCommonStockIssuance,quarterlyEndCashPosition,quarterlyInvestingCashFlow,quarterlyRetainedEarnings,annualOtherNonCurrentAssets,annualBasicEPS,annualNetOtherFinancingCharges,annualNetIncomeCommonStockholders,annualDeferredIncomeTax,quarterlyEbitda,quarterlyRepurchaseOfCapitalStock,annualAccumulatedDepreciation,annualTotalNonCurrentLiabilitiesNetMinorityInterest,annualChangeInAccountPayable,quarterlyStockBasedCompensation,quarterlyStockholdersEquity,annualChangeInWorkingCapital,quarterlyOtherShortTermInvestments,annualBasicAverageShares,quarterlyCostOfRevenue,quarterlyTotalNonCurrentLiabilitiesNetMinorityInterest,quarterlyPurchaseOfBusiness,quarterlyCurrentAssets,quarterlyCurrentLiabilities,annualTotalAssets,annualTotalLiabilitiesNetMinorityInterest,quarterlyNetOtherInvestingChanges,quarterlyGoodwill,annualRetainedEarnings,quarterlySellingGeneralAndAdministration,annualBeginningCashPosition,annualLongTermDebt,annualCurrentDeferredRevenue,annualCostOfRevenue,annualOtherCurrentAssets,annualCurrentDebt,quarterlyRepaymentOfDebt,annualNetIncome,quarterlyOtherCurrentAssets,annualSellingGeneralAndAdministration,annualFreeCashFlow,quarterlyDilutedEPS,annualTotalNonCurrentAssets,quarterlyOtherNonCurrentLiabilities,quarterlyInvestmentsAndAdvances,trailingPretaxIncome,trailingNetIncomeContinuousOperations,trailingInvestingCashFlow,trailingChangeInAccountPayable,trailingOtherNonCashItems,trailingNetIncomeCommonStockholders,trailingCashDividendsPaid,quarterlyIncomeTaxPayable,trailingChangeInWorkingCapital,trailingNetIncome,trailingBasicAverageShares,trailingOperatingIncome,quarterlyResearchAndDevelopment,annualChangeInInventory,trailingOperatingCashFlow,trailingTaxProvision,trailingPurchaseOfBusiness,annualInvestmentsAndAdvances,trailingNetOtherFinancingCharges,annualIncomeTaxPayable,annualInventory,trailingDeferredIncomeTax,trailingResearchAndDevelopment,trailingTotalRevenue,trailingSellingGeneralAndAdministration,trailingSaleOfInvestment,trailingCashFlowFromContinuingFinancingActivities,trailingDilutedEPS,trailingFreeCashFlow,trailingNetOtherInvestingChanges,trailingRepaymentOfDebt,trailingOtherIncomeExpense,trailingChangesInAccountReceivables,trailingPurchaseOfInvestment,annualResearchAndDevelopment,quarterlyInventory,annualCashDividendsPaid,trailingDilutedAverageShares,trailingCommonStockIssuance,trailingOperatingExpense,quarterlyCashDividendsPaid,trailingEndCashPosition,trailingChangeInCashSupplementalAsReported,trailingCapitalExpenditure,annualOtherShortTermInvestments,trailingStockBasedCompensation,trailingCostOfRevenue,trailingInterestExpense,trailingRepurchaseOfCapitalStock,trailingGrossProfit,trailingDepreciationAndAmortization,trailingChangeInInventory,trailingBeginningCashPosition,quarterlyChangeInInventory,trailingBasicEPS
1970-01-01 00:00:00.915062400,0.0,,2022000.0,,8318000.0,830000.0,,,,14200000.0,,,,-13672000.0,,,,,200506350.0,,15108000.0,0.0,,,,,,,,845000.0,3590054000.0,,,,,,716242000.0,7644000.0,,142370000.0,,2185010000.0,5394000.0,0.0,,,-1e-05,,,0.0,9573000.0,0.0,0.0,8172000.0,,,9573000.0,-2584000.0,-5277000.0,,,,,,,,-473000.0,,,,127586000.0,719009000.0,,-5277000.0,,,,,,,,16297000.0,,,0.0,,,,9573000.0,-13672000.0,27200000.0,,13713000.0,,2353000.0,,-8753000.0,0.0,,,,2031000.0,-1e-05,0.0,-2000.0,,,,-2767000.0,4192327000.0,,,,1736000.0,,200506350.0,,,,,,4335527000.0,4334697000.0,,,-2000.0,,1401000.0,1991756000.0,,,0.0,10450000.0,,-2000.0,,7979000.0,-6028000.0,,4308327000.0,,,,,,,,,,,,,,,,,,,,,,,,,,,,,,,,,,,,,,,,,,,,,,,,,,,,,,,,,
1970-01-01 00:00:00.922838400,,45426000.0,,,,,-112120000.0,-10549000.0,,,16620000.0,,-83175000.0,,-33000.0,,-54853000.0,2745483000.0,,,,,,,,,189820000.0,-83175000.0,,,,,,,,,,,,,1019317000.0,,,,9573000.0,-38233000.0,,,200506350.0,,,,,,,,,,,-33000.0,,,,,90078000.0,-1788000.0,,,,,,,,,-28864000.0,,-26833000.0,,,,,,,,,,160956000.0,,,,,20072000.0,,200506350.0,,-0.000165,,,1028890000.0,-1742786000.0,,,,,,,52329000.0,,,,,16651000.0,,,,,,,-2752000.0,,,,,-1685181000.0,,,99742000.0,,,,,,,-1961524000.0,,,,,-0.000165,,,,,,,,,,,,,,,,,,,,,,,,,,,,,,,,,,,,,,,,,,,,,,,,,,,,,,,,,,
1970-01-01 00:00:00.930700800,,112243000.0,,,,,-25159000.0,-5478000.0,,,129204000.0,,-140930000.0,,-57000.0,,-150597000.0,238096000.0,,,,,,,,,339667000.0,-140930000.0,,,,,,,,,,,,,-919264000.0,,,,1028890000.0,-21393000.0,,,200506350.0,,,,,,,,,,,-57000.0,,,,,159874000.0,2968000.0,,,,,,,,,-31630000.0,,61707000.0,,,,,,,,,,308037000.0,,,,,28643000.0,,200506350.0,,-0.000284,,,109626000.0,-1286564000.0,,,,,,,131187000.0,,,,,21543000.0,,,,,,,-1132322000.0,,,,,-3645000.0,,,179793000.0,,,,,,,-46806000.0,,,,,-0.000284,,,,,,,,,,,,,,,,,,,,,,,,,,,,,,,,,,,,,,,,,,,,,,,,,,,,,,,,,,
1970-01-01 00:00:00.938649600,,131081000.0,,,,,1138821000.0,-10253000.0,,,119787000.0,,-164153000.0,,-35000.0,,-179851000.0,1962811000.0,,,,,,,,,407249000.0,-164153000.0,,,,,,,,,,,,,324557000.0,,,,109626000.0,-60064000.0,,,200506350.0,,,,,,,,,,,-35000.0,,,,,191439000.0,,,,,,,,,,-31060000.0,,45581000.0,,,,,,,,,,376189000.0,,,,,83308000.0,,200506350.0,,-0.000175,,,434183000.0,-1758041000.0,,,,,,,158367000.0,,,,,,,,,,,,-1575768000.0,,,,,-2422000.0,,,215810000.0,,,,,,,-511010000.0,,,,,-0.000175,,,,,,,,,,,,,,,,,,,,,,,,,,,,,,,,,,,,,,,,,,,,,,,,,,,,,,,,,,
1970-01-01 00:00:00.946598400,-7629564000.0,189049000.0,107223000.0,,745315000.0,3011079000.0,751961000.0,-33187000.0,,9722186000.0,214305000.0,227550000.0,-250578000.0,-10077969000.0,-66132000.0,-317079000.0,-356207000.0,4775796000.0,200506350.0,,93743000.0,195000.0,,,8936455000.0,0.0,626515000.0,-249548000.0,3490573000.0,79979000.0,14985793000.0,,,,,93743000.0,3490573000.0,479916000.0,1081900000.0,719958000.0,-300477000.0,6277392000.0,585308000.0,-5694375000.0,434183000.0,-141902000.0,-0.330309,18703916000.0,,1421000.0,133706000.0,0.0,-1706897000.0,124133000.0,133706000.0,133706000.0,133706000.0,-135007000.0,-637806000.0,-66132000.0,18966507000.0,,14985793000.0,1421000.0,303924000.0,,-59467000.0,,195000.0,,706775000.0,3807652000.0,0.0,-638836000.0,-43453000.0,706775000.0,105780000.0,,,,,1563251000.0,,3807652000.0,1030000.0,15955428000.0,583062000.0,,133706000.0,-741508000.0,262591000.0,-24800000.0,1428244000.0,,477799000.0,,-32366000.0,3548870000.0,133706000.0,-5290578000.0,-66231000.0,227550000.0,-0.330309,1753503000.0,-66229000.0,,243425000.0,,-317079000.0,15235470000.0,,,3011079000.0,186235000.0,,200506350.0,,15235470000.0,-4918722000.0,262591000.0,719958000.0,18966507000.0,15955428000.0,-15649000.0,,-66231000.0,322591000.0,9573000.0,8936455000.0,,346300000.0,0.0,0.0,-3175035000.0,-66229000.0,0.0,817936000.0,-261592000.0,,18703916000.0,6277392000.0,,,,,,,,,,,,,,,,,,,,,,,,,,,,,,,,,,,,,,,,,,,,,,,,,,,,,,,,
1970-01-01 00:00:00.954460800,,230914000.0,,,,,-44891000.0,-12376000.0,,,198961000.0,253977000.0,-449620000.0,,-180714000.0,-474885000.0,-259945000.0,1765976000.0,,,,,,,11154423000.0,0.0,933369000.0,-449620000.0,3831644000.0,,,,,,,97900000.0,,,,,-2993000.0,,,,133706000.0,-60984000.0,,21531778000.0,200657426.0,,,,,,130713000.0,130713000.0,,,,-180714000.0,21804670000.0,,17446157000.0,676000.0,546100000.0,-9332000.0,,,195000.0,,,,,,-211765000.0,745549000.0,44859000.0,,,,,,546188000.0,4306529000.0,,18909136000.0,721604000.0,,,,,42122000.0,,200657426.0,,-0.89582,,,130713000.0,-1967930000.0,-246945000.0,,,,,,327394000.0,,,,,15500000.0,2895534000.0,,,,175416000.0,18144234000.0,-1701464000.0,272892000.0,764902000.0,,,-6521000.0,,,387269000.0,,,,,,,-2384336000.0,,0.0,,,-0.89582,,6976060000.0,,,,,,,,,,,,,,,,,,,,,,,,,,,,,,,,,,,,,,,,,,,,,,,,,,,,,,,,
1970-01-01 00:00:00.962323200,,251128000.0,,,,,-3639000.0,-17643000.0,,,407871000.0,217308000.0,-494136000.0,,-196821000.0,-474885000.0,-790046000.0,-223023000.0,,,,,,,11605328000.0,0.0,1020820000.0,-494136000.0,4233878000.0,,,,,,,122869000.0,,,,,-56692000.0,,,,130713000.0,-382175000.0,,21789429000.0,200813548.0,,,,,,74021000.0,74021000.0,,,,-196821000.0,22025157000.0,,17338243000.0,961000.0,603687000.0,-34824000.0,,,195000.0,,,,,,-226040000.0,1017330000.0,244399000.0,,,,,,600962000.0,4708763000.0,,19321969000.0,794780000.0,,,,,43332000.0,,200813548.0,,-0.984296,,,74021000.0,-241540000.0,-443766000.0,,,,,,360679000.0,,,,,10589000.0,2703188000.0,,,,193818000.0,18301888000.0,543130000.0,235728000.0,1020081000.0,,,5376000.0,,,417133000.0,,,,,,,-50484000.0,,0.0,,,-0.984296,,6682809000.0,,,,,,,,,,,,,,,,,,,,,,,,,,,,,,,,,,,,,,,,,,,,,,,,,,,,,,,,
1970-01-01 00:00:00.970272000,,283300000.0,,,,,-14318000.0,-17506000.0,,,249565000.0,229935000.0,-523464000.0,,-210018000.0,-909147000.0,-804114000.0,520089000.0,,,,,,,12167729000.0,0.0,1062243000.0,-523464000.0,4681483000.0,,,,,,,162346000.0,,,,,-29554000.0,,,,74021000.0,-554549000.0,,22185276000.0,203413614.0,,,,,,44467000.0,44467000.0,,,,-210018000.0,22440443000.0,,17273858000.0,947000.0,628106000.0,,,,207000.0,,,,,,-223282000.0,1170725000.0,93459000.0,,,,,,624165000.0,5590630000.0,,19770812000.0,838961000.0,,,,,77553000.0,,203413614.0,,-1.028534,,,44467000.0,-799208000.0,-653784000.0,,,,,,387942000.0,,,,,,2669631000.0,,,,214796000.0,18586336000.0,25825000.0,255167000.0,1184476000.0,,,-6031000.0,,,434137000.0,,,,,,,-1002188000.0,,0.0,,,-1.028534,,6418607000.0,,,,,,,,,,,,,,,,,,,,,,,,,,,,,,,,,,,,,,,,,,,,,,,,,,,,,,,,
1970-01-01 00:00:00.978220800,,293788000.0,4589000.0,,2473082000.0,3123204000.0,-22170000.0,15796000.0,,2919754000.0,274813000.0,274777000.0,638570000.0,-4053968000.0,-241097000.0,-1061216000.0,-971021000.0,856712000.0,204075928.0,-59149000.0,224147000.0,234000.0,,,13060455000.0,0.0,409627000.0,,5267519000.0,,17068702000.0,,,,,224147000.0,5267519000.0,1131210000.0,2454625000.0,1367234000.0,86235000.0,1403344000.0,1501648000.0,,44467000.0,-696208000.0,-4.058837,22610998000.0,,-593000.0,130702000.0,0.0,18307000.0,-3004000.0,130702000.0,130702000.0,130702000.0,-971434000.0,,-241097000.0,23043566000.0,,17068702000.0,-593000.0,695189000.0,,-31729000.0,,234000.0,,1367234000.0,6328735000.0,,-828650000.0,-310347000.0,1367234000.0,84091000.0,,,,,3426059000.0,709858000.0,6328735000.0,,15831033000.0,893877000.0,,130702000.0,-2825126000.0,432568000.0,-158418000.0,3249222000.0,,1059130000.0,,,,130702000.0,-1045290000.0,-894881000.0,274777000.0,-4.058837,-85018000.0,-828650000.0,,425633000.0,,-1061216000.0,14463799000.0,,,3123204000.0,466808000.0,,204075928.0,184019000.0,14463799000.0,,432568000.0,1367234000.0,23043566000.0,15831033000.0,25483000.0,,-894881000.0,-285562000.0,133706000.0,13060455000.0,,794597000.0,77719000.0,,,-828650000.0,77719000.0,952977000.0,-1693916000.0,,22610998000.0,1403344000.0,,,,,,,,,,,,,,,,,,,,,,,,,,,,,,,,,,,,,,,,,,,,,,,,,,,,,,,,
1970-01-01 00:00:00.985996800,,310832000.0,,,,,-23809000.0,-59917000.0,,,-154087000.0,293664000.0,-280699000.0,,-280699000.0,-1244119000.0,-524523000.0,573333000.0,,,,,,,13707347000.0,0.0,715654000.0,-280699000.0,5500886000.0,,,,,,,193811000.0,,,,,-111281000.0,,,,130702000.0,-678610000.0,,22548244000.0,211381773.0,,,,,,19421000.0,19421000.0,,,,-280699000.0,22858724000.0,,16753694000.0,-9085000.0,695895000.0,,,,234000.0,-3600000.0,,,,,-314004000.0,1169766000.0,-242356000.0,,,,,,401650000.0,6745005000.0,,15222721000.0,873797000.0,,,,,58214000.0,,211381773.0,,-1.32714,,,19421000.0,-530527000.0,-1175580000.0,,,,,,381891000.0,,,,,,2852311000.0,,,,472147000.0,14052955000.0,,310480000.0,1169766000.0,,,-2404000.0,,,19759000.0,,,,,,,,,0.0,,,-1.32714,,345608000.0,,,,,,,,,,,,,,,,,,,,,,,,,,,,,,,,,,,,,,,,,,,,,,,,,,,,,,,,
1970-01-01 00:00:00.993859200,,324935000.0,,,,,1251736000.0,-23991000.0,,,172220000.0,323265000.0,-273865000.0,,-273865000.0,-1498531000.0,-837737000.0,2967476000.0,,,,,,,15570699000.0,0.0,739795000.0,,6339551000.0,,,,,,,214334000.0,,,,,553312000.0,,,,19421000.0,-665517000.0,,24457797000.0,230595904.0,,,,,,572733000.0,572733000.0,,,,-273865000.0,25330194000.0,,17794981000.0,-6720000.0,720952000.0,,,,294000.0,0.0,,,,,-297748000.0,1188505000.0,-9404000.0,,,,,,442047000.0,7838082000.0,,17098240000.0,928475000.0,,,,,,,230595904.0,,-1.183367,,,572733000.0,-2586384000.0,-1449446000.0,,,,,,423204000.0,,,,,,3521137000.0,,,,486428000.0,15909735000.0,,872397000.0,1188505000.0,,,-990000.0,,,18843000.0,,,,,,,,,0.0,,,-1.183367,,339036000.0,,,,,,,,,,,,,,,,,,,,,,,,,,,,,,,,,,,,,,,,,,,,,,,,,,,,,,,,
1970-01-01 00:00:01.001808000,,342255000.0,,2440000.0,,,0.0,-88917000.0,,,284407000.0,310093000.0,-317427000.0,,-317427000.0,-1757747000.0,-794353000.0,9654000.0,,,,,,,15654739000.0,0.0,733369000.0,,6727029000.0,,,,,,,257380000.0,,,,,-557528000.0,,,,572733000.0,-509946000.0,,24540446000.0,266061346.0,,,,,,15205000.0,15205000.0,,,,-317670000.0,24894288000.0,,17503324000.0,-18933000.0,775438000.0,,,,294000.0,,,,,,-250813000.0,1295821000.0,153832000.0,,,,,,482556000.0,8484776000.0,,17424994000.0,1043844000.0,,,,,,,266061346.0,,-1.194426,,,15205000.0,-851589000.0,-1767115000.0,,,,,,524625000.0,,,,,,3165931000.0,,,,561288000.0,16129173000.0,,353842000.0,1295821000.0,,,-16298000.0,,,42069000.0,,,,,,,,,0.0,,,-1.194426,,423868000.0,,,,,,,,,,,,,,,,,,,,,,,,,,,,,,,,,,,,,,,,,,,,,,,,,,,,,,,,
1970-01-01 00:00:01.009756800,,346441000.0,9491000.0,-7135000.0,3010068000.0,2861792000.0,-81297000.0,6923000.0,,4161608000.0,216135000.0,306388000.0,-305686000.0,-4809306000.0,-305686000.0,-2009195000.0,-870446000.0,611145000.0,243767243.0,-12898000.0,290504000.0,294000.0,,,16342873000.0,0.0,850126000.0,,7149483000.0,,17138774000.0,,,,,290504000.0,7149483000.0,518675000.0,1843089000.0,1374994000.0,-13526000.0,354808000.0,1814213000.0,,15205000.0,-654311000.0,-4.833002,24594645000.0,,-17608000.0,1679000.0,0.0,-14671000.0,-129023000.0,1679000.0,1679000.0,1679000.0,-1195855000.0,,-306412000.0,24961824000.0,,17138774000.0,-17608000.0,817783000.0,,-165902000.0,,294000.0,,1374994000.0,9158678000.0,,-1177677000.0,-333290000.0,1374994000.0,-51444000.0,,,,,3038944000.0,516836000.0,9158678000.0,,18123241000.0,1107016000.0,,1679000.0,-3027059000.0,367179000.0,,3953132000.0,,1324463000.0,,,1223232000.0,1679000.0,-840806000.0,-2073527000.0,306388000.0,-4.833002,-81297000.0,-1178646000.0,,484493000.0,,-2009195000.0,16748247000.0,,,2861792000.0,-149372000.0,,243767243.0,590180000.0,16748247000.0,,367179000.0,1374994000.0,24961824000.0,18123241000.0,5021000.0,,-2073527000.0,7780000.0,130702000.0,16342873000.0,,2110043000.0,0.0,,,-1177677000.0,0.0,11247000.0,-2508384000.0,,24594645000.0,354808000.0,,,,,,,,,,,,,,,,,,,,,,,,,,,,,,,,,,,,,,,,,,,,,,,,,,,,,,,,
1970-01-01 00:00:01.017532800,,363167000.0,,,,,-34678000.0,30010000.0,,,45924000.0,394600000.0,-174167000.0,,-174167000.0,-5457936000.0,-471300000.0,522463000.0,,,,,,,16982543000.0,0.0,787280000.0,,24289684000.0,,,,,,,224441000.0,,,,,15070000.0,,,,1679000.0,-425376000.0,,24684284000.0,266191918.0,,,,,,16749000.0,16749000.0,,,,-174894000.0,25002008000.0,,,-9763000.0,486969000.0,,,,294000.0,-4207000.0,,,,,-38408000.0,1193322000.0,-132237000.0,,,,,,748872000.0,29747620000.0,,18528781000.0,1078334000.0,,,,,,,266191918.0,,-0.652511,,,16749000.0,-553317000.0,-2248421000.0,,,,,,448561000.0,,,,,,2695039000.0,,,,329462000.0,17335459000.0,,317724000.0,1193322000.0,,,-322000.0,,,300311000.0,,,,,,,,,0.0,,,-0.652511,,302350000.0,,,,,,,,,,,,,,,,,,,,,,,,,,,,,,,,,,,,,,,,,,,,,,,,,,,,,,,,
1970-01-01 00:00:01.025395200,,373388000.0,,,,,35860000.0,-66241000.0,,,181057000.0,373037000.0,-201999000.0,,-201999000.0,-2390134000.0,-642602000.0,503806000.0,,,,,,,17572357000.0,0.0,804418000.0,,7313082000.0,,,,,,,231066000.0,,,,,-10197000.0,,,,16749000.0,-461545000.0,,24861204000.0,266244813.0,,,,,,6552000.0,6552000.0,,,,-202726000.0,25174866000.0,,17175085000.0,-23033000.0,492168000.0,,,,295000.0,-4192000.0,,,,,8208000.0,1160712000.0,-41698000.0,,,,,,812626000.0,9703216000.0,,19171036000.0,1158413000.0,,,,,,,266244813.0,,-0.763106,,,6552000.0,-695060000.0,-2451147000.0,,,,,,500376000.0,,,,,,2479917000.0,,,,345787000.0,18010324000.0,,313662000.0,1160712000.0,,,-729000.0,,,312250000.0,,,,,,,,,0.0,,,-0.763106,,387401000.0,,,,,,,,,,,,,,,,,,,,,,,,,,,,,,,,,,,,,,,,,,,,,,,,,,,,,,,,
1970-01-01 00:00:01.033344000,,380139000.0,,2000.0,,,0.0,-80745000.0,,,315273000.0,367253000.0,-238852000.0,,-238852000.0,-2587183000.0,-584948000.0,788465000.0,,,,,,,18451785000.0,0.0,742590000.0,-223852000.0,7396550000.0,,,,15000000.0,,,242606000.0,,,,,501622000.0,,,,6552000.0,-269675000.0,,26050980000.0,266245902.0,,,,,,508174000.0,508174000.0,,,,-239584000.0,26872172000.0,,18287177000.0,-49996000.0,513660000.0,,,,295000.0,-3301000.0,,,,,-17527000.0,1265086000.0,101205000.0,,,,,,725063000.0,9983733000.0,,21456136000.0,1178511000.0,,,,,,,266245902.0,,-0.89582,,,508174000.0,-602116000.0,-2783414000.0,,,,,,496133000.0,,,,,,2196833000.0,,,,453448000.0,20191050000.0,,821192000.0,1265086000.0,,,754000.0,,,228930000.0,,,,,,,,,0.0,,,-0.89582,,1688699000.0,,,,,,,,,,,,,,,,,,,,,,,,,,,,,,,,,,,,,,,,,,,,,,,,,,,,,,,,
1970-01-01 00:00:01.041292800,,389306000.0,395000000.0,816000.0,1437000000.0,41000000.0,-40000000.0,-4678024000.0,,1934000000.0,205746000.0,345000000.0,-1632982000.0,-2363000000.0,-1860490000.0,-2634000000.0,-523150000.0,119266000.0,266232883.0,-12000000.0,259000000.0,0.0,,,18671000000.0,0.0,4895512000.0,-2167982000.0,7679000000.0,,13727000000.0,,-535000000.0,,,259000000.0,7679000000.0,748000000.0,2762000000.0,1405000000.0,-187495000.0,1191000000.0,-2847000000.0,,508174000.0,-317404000.0,-9.455873,21751000000.0,,-47000000.0,321000000.0,0.0,10000000.0,319000000.0,321000000.0,321000000.0,321000000.0,-4284000000.0,-2768000000.0,-1861304000.0,22384000000.0,,13727000000.0,-47000000.0,-55797000.0,,-4795000000.0,,0.0,-300000.0,1405000000.0,10313000000.0,,-2248000000.0,-4236273000.0,1405000000.0,174730000.0,,,,,7046000000.0,659239000.0,10313000000.0,-520000000.0,21318000000.0,1150742000.0,,321000000.0,-2222000000.0,633000000.0,,4566000000.0,,1506000000.0,,,2000000.0,321000000.0,-512507000.0,-4609000000.0,345000000.0,-9.455873,-40000000.0,-2517000000.0,-520000000.0,-4292070000.0,,-2634000000.0,19913000000.0,,,41000000.0,102000000.0,,266232883.0,491503000.0,19913000000.0,,633000000.0,1405000000.0,22384000000.0,21318000000.0,10297000.0,,-4609000000.0,313309000.0,2000000.0,18671000000.0,,1804000000.0,0.0,,,-2514000000.0,0.0,971000000.0,-1474000000.0,,21751000000.0,1191000000.0,,,,,,,,,,,,,,,,,,,,,,,,,,,,,,,,,,,,,,,,,,,,,,,,,,,,,,,,
1970-01-01 00:00:01.049068800,,390000000.0,,,,,0.0,1000000.0,,,162000000.0,337000000.0,-181000000.0,,-181000000.0,-2998000000.0,-104000000.0,194000000.0,,,,,,,18961000000.0,0.0,607000000.0,-141000000.0,7408000000.0,,,,40000000.0,,,233000000.0,,,,,125000000.0,,,,321000000.0,58000000.0,,21470000000.0,266256281.0,,,,,,446000000.0,446000000.0,,,,-182000000.0,22195000000.0,,13725000000.0,-44000000.0,370000000.0,,,,0.0,-3000000.0,,,,,86000000.0,1253000000.0,-10000000.0,,40000000.0,,,,693000000.0,10406000000.0,,21464000000.0,1178000000.0,,,,,,,266256281.0,,-0.685689,,,446000000.0,-231000000.0,-4791000000.0,,,,,,456000000.0,,,,,,-138000000.0,,,,485000000.0,20211000000.0,,725000000.0,1253000000.0,,,-124000000.0,,,235000000.0,,,,,,,,,0.0,,,-0.685689,,1195000000.0,,,,,,,,,,,,,,,,,,,,,,,,,,,,,,,,,,,,,,,,,,,,,,,,,,,,,,,,
1970-01-01 00:00:01.056931200,,386000000.0,,,,,-14000000.0,-20000000.0,,,123000000.0,340000000.0,-37000000.0,,-37000000.0,-3363000000.0,-160000000.0,-202000000.0,,,,,,,18867000000.0,0.0,617000000.0,-135000000.0,7194000000.0,,,,-98000000.0,,,228000000.0,,,,,-234000000.0,,,,446000000.0,-37000000.0,,21257000000.0,266263929.0,,,,,,212000000.0,212000000.0,,,,-38000000.0,21730000000.0,,13723000000.0,-42000000.0,386000000.0,,,,0.0,-1000000.0,,,,,112000000.0,1180000000.0,-81000000.0,,-98000000.0,,,,729000000.0,10557000000.0,,21190000000.0,1217000000.0,,,,,,,266263929.0,,-0.143774,,,212000000.0,-155000000.0,-4829000000.0,,,,,,498000000.0,,,,,,-174000000.0,,,,488000000.0,20010000000.0,,473000000.0,1180000000.0,,,6000000.0,,,232000000.0,,,,,,,,,0.0,,,-0.143774,,1088000000.0,,,,,,,,,,,,,,,,,,,,,,,,,,,,,,,,,,,,,,,,,,,,,,,,,,,,,,,,
1970-01-01 00:00:01.064880000,,387000000.0,,,,,-18000000.0,285000000.0,,,353000000.0,319000000.0,37000000.0,,37000000.0,-3618000000.0,-239000000.0,-188000000.0,,,,,,,18498000000.0,0.0,606000000.0,9000000.0,7053000000.0,,,,-28000000.0,,,190000000.0,,,,,-77000000.0,,,,212000000.0,114000000.0,,21093000000.0,266347371.0,,,,,,135000000.0,135000000.0,,,,36000000.0,21451000000.0,,13721000000.0,-31000000.0,362000000.0,,,,0.0,-4000000.0,,,,,117000000.0,1216000000.0,153000000.0,,-28000000.0,,,,723000000.0,10671000000.0,,20815000000.0,1207000000.0,,,,,,,576719414.0,,0.132714,,,135000000.0,-242000000.0,-4793000000.0,,,,,,479000000.0,,,,,,-127000000.0,,,,484000000.0,19599000000.0,,358000000.0,1216000000.0,,,1000000.0,,,236000000.0,,,,,,,,,0.0,,,0.077417,,1046000000.0,,,,,,,,,,,,,,,,,,,,,,,,,,,,,,,,,,,,,,,,,,,,,,,,,,,,,,,,
1970-01-01 00:00:01.072828800,,394000000.0,,,1479000000.0,-175000000.0,-9000000.0,109000000.0,,-142000000.0,127000000.0,320000000.0,-57000000.0,-817000000.0,-57000000.0,-3950000000.0,-351000000.0,54000000.0,266375076.0,-11000000.0,189000000.0,0.0,,,18647000000.0,0.0,512000000.0,-81000000.0,7014000000.0,,13680000000.0,,-24000000.0,,,189000000.0,7014000000.0,765000000.0,2867000000.0,1235000000.0,-8000000.0,913000000.0,1995000000.0,,135000000.0,-224000000.0,-0.906879,21014000000.0,,-24000000.0,127000000.0,0.0,-43000000.0,-194000000.0,127000000.0,127000000.0,127000000.0,516000000.0,-348000000.0,-58000000.0,21364000000.0,,13680000000.0,-24000000.0,361000000.0,,384000000.0,,0.0,-3000000.0,1235000000.0,10964000000.0,,-238000000.0,210000000.0,1235000000.0,-47000000.0,,-24000000.0,,,2351000000.0,722000000.0,10964000000.0,-110000000.0,20850000000.0,1217000000.0,,127000000.0,-854000000.0,350000000.0,,4819000000.0,,1557000000.0,,,,127000000.0,-189000000.0,-4851000000.0,320000000.0,-0.906879,-41000000.0,-242000000.0,-110000000.0,571000000.0,,-3950000000.0,19615000000.0,,,-175000000.0,15000000.0,,266375076.0,495000000.0,19615000000.0,,350000000.0,1235000000.0,21364000000.0,20850000000.0,74000000.0,,-4851000000.0,237000000.0,321000000.0,18647000000.0,,1952000000.0,0.0,,,-238000000.0,0.0,940000000.0,-89000000.0,,21014000000.0,913000000.0,,,,,,,,,,,,,,,,,,,,,,,,,,,,,,,,,,,,,,,,,,,,,,,,,,,,,,,,
1970-01-01 00:00:01.080691200,,393000000.0,,,,,0.0,65000000.0,,,115000000.0,310000000.0,-293000000.0,,-293000000.0,-4217000000.0,-190000000.0,-615000000.0,,,,,,,18108000000.0,0.0,527000000.0,-239000000.0,6710000000.0,,,,54000000.0,,,164000000.0,,,,,26000000.0,,,,127000000.0,-75000000.0,,20216000000.0,266834914.0,,,,,,153000000.0,153000000.0,,,,-294000000.0,20572000000.0,,13196000000.0,-25000000.0,370000000.0,,,,0.0,-3000000.0,,,,,175000000.0,1250000000.0,-34000000.0,,54000000.0,,,,702000000.0,10927000000.0,,20320000000.0,1214000000.0,,,,,,,266834914.0,,-1.10595,,,153000000.0,526000000.0,-5145000000.0,,,,,,545000000.0,,,,,,-441000000.0,,,,512000000.0,19070000000.0,,356000000.0,1250000000.0,,,-6000000.0,,,239000000.0,,,,,,,,,0.0,,,-1.10595,,907000000.0,,,,,,,,,,,,,,,,,,,,,,,,,,,,,,,,,,,,,,,,,,,,,,,,,,,,,,,,
1970-01-01 00:00:01.088553600,,410000000.0,,,,,-97000000.0,-60000000.0,,,53000000.0,448000000.0,-415000000.0,,-415000000.0,-4570000000.0,-200000000.0,171000000.0,,,,,,,18411000000.0,0.0,709000000.0,-372000000.0,6536000000.0,,,,43000000.0,,,185000000.0,,,,,-29000000.0,,,,153000000.0,-147000000.0,,20179000000.0,271732729.0,,,,,,124000000.0,124000000.0,,,,-416000000.0,20519000000.0,,13195000000.0,-11000000.0,364000000.0,,,,0.0,-9000000.0,,,,,15000000.0,1150000000.0,-80000000.0,,43000000.0,,,,724000000.0,11106000000.0,,20603000000.0,1239000000.0,,,,,,,271732729.0,,-1.537271,,,124000000.0,-253000000.0,-5561000000.0,,,,,,379000000.0,,,,,,-797000000.0,,,,515000000.0,19453000000.0,,340000000.0,1150000000.0,,,-48000000.0,,,256000000.0,,,,,,,,,0.0,,,-1.537271,,987000000.0,,,,,,,,,,,,,,,,,,,,,,,,,,,,,,,,,,,,,,,,,,,,,,,,,,,,,,,,
1970-01-01 00:00:01.096502400,,424000000.0,,,,,0.0,-2444000000.0,,,215000000.0,439000000.0,-2529000000.0,,-3294000000.0,-4933000000.0,-249000000.0,13000000.0,,,,,,,18484000000.0,0.0,3067000000.0,-2742000000.0,6415000000.0,,,,-213000000.0,,,186000000.0,,,,,5000000.0,,,,124000000.0,-34000000.0,,16739000000.0,273615421.0,,,,,,129000000.0,129000000.0,,,,-3295000000.0,17084000000.0,,9885000000.0,-9000000.0,371000000.0,,,,0.0,-3000000.0,,,,,-2344000000.0,1301000000.0,96000000.0,,-213000000.0,,,,723000000.0,11348000000.0,,20529000000.0,1248000000.0,,,,,,,273615421.0,,-12.043796,,,129000000.0,-223000000.0,-8856000000.0,,,,,,-1973000000.0,,,,,,-4082000000.0,,,,525000000.0,19228000000.0,,345000000.0,1301000000.0,,,29000000.0,,,260000000.0,,,,,,,,,0.0,,,-12.043796,,689000000.0,,,,,,,,,,,,,,,,,,,,,,,,,,,,,,,,,,,,,,,,,,,,,,,,,,,,,,,,
1970-01-01 00:00:01.104451200,,443000000.0,,,1495000000.0,-4406000000.0,-191000000.0,-3000000.0,,294000000.0,89000000.0,584000000.0,-339000000.0,-243000000.0,-339000000.0,-5311000000.0,-328000000.0,725000000.0,271523915.0,-17000000.0,190000000.0,0.0,,,19464000000.0,0.0,640000000.0,-326000000.0,6289000000.0,,9878000000.0,,13000000.0,,,190000000.0,6289000000.0,472000000.0,2897000000.0,1217000000.0,521000000.0,695000000.0,-551000000.0,,129000000.0,-239000000.0,-16.003097,16751000000.0,,-4000000.0,650000000.0,0.0,-3000000.0,523000000.0,650000000.0,650000000.0,650000000.0,-2046000000.0,-3679000000.0,-340000000.0,17673000000.0,,9878000000.0,-4000000.0,390000000.0,,-2428000000.0,,0.0,-2000000.0,1217000000.0,11600000000.0,,-3576000000.0,108000000.0,1217000000.0,-50000000.0,,7000000.0,,,4943000000.0,748000000.0,11600000000.0,-103000000.0,21431000000.0,1276000000.0,,650000000.0,-967000000.0,922000000.0,,4977000000.0,,1670000000.0,,,,650000000.0,-293000000.0,-9196000000.0,584000000.0,-16.003097,-288000000.0,-4345000000.0,-109000000.0,498000000.0,,-5311000000.0,20214000000.0,,,-4406000000.0,-68000000.0,,271523915.0,528000000.0,20214000000.0,,922000000.0,1217000000.0,17673000000.0,21431000000.0,22000000.0,,-9196000000.0,233000000.0,127000000.0,19464000000.0,,2080000000.0,0.0,,,-4341000000.0,0.0,1002000000.0,-495000000.0,,16751000000.0,695000000.0,,,,,,,,,,,,,,,,,,,,,,,,,,,,,,,,,,,,,,,,,,,,,,,,,,,,,,,,
1970-01-01 00:00:01.112227200,,420000000.0,,,,,-3000000.0,-8000000.0,,,153000000.0,572000000.0,-352000000.0,,-352000000.0,-5689000000.0,-211000000.0,-578000000.0,,,,,,,18929000000.0,0.0,661000000.0,-337000000.0,6120000000.0,,,,15000000.0,,,139000000.0,,,,,-618000000.0,,,,650000000.0,-58000000.0,,16538000000.0,274251889.0,,,,,,32000000.0,32000000.0,,,,-353000000.0,16794000000.0,,9846000000.0,,381000000.0,,,,0.0,-2000000.0,,,,,51000000.0,1256000000.0,59000000.0,,13000000.0,,,,712000000.0,11809000000.0,,20889000000.0,1271000000.0,,,,,,,274251889.0,,-1.282902,,,32000000.0,-193000000.0,-9549000000.0,,,,,,432000000.0,,,,,,-4751000000.0,,,,559000000.0,19633000000.0,,256000000.0,1256000000.0,,,14000000.0,,,237000000.0,,,,,,,,,0.0,,,-1.282902,,649000000.0,,,,,,,,,,,,,,,,,,,,,,,,,,,,,,,,,,,,,,,,,,,,,,,,,,,,,,,,
1970-01-01 00:00:01.120089600,,451000000.0,,,,,0.0,14000000.0,,,28000000.0,560000000.0,-355000000.0,,-355000000.0,-6061000000.0,-331000000.0,264000000.0,,,,,,,19247000000.0,0.0,644000000.0,-324000000.0,6075000000.0,,,,31000000.0,,,183000000.0,,,,,8000000.0,,,,32000000.0,-303000000.0,,16474000000.0,274533517.0,,,,,,40000000.0,40000000.0,,,,-356000000.0,16779000000.0,,9839000000.0,1000000.0,378000000.0,,,,0.0,-1000000.0,,,,,110000000.0,1224000000.0,-81000000.0,,30000000.0,,,,754000000.0,12136000000.0,,21222000000.0,1323000000.0,,,,,,,274533517.0,,-1.305021,,,40000000.0,-284000000.0,-9905000000.0,,,,,,488000000.0,,,,,,-5102000000.0,,,,569000000.0,19998000000.0,,305000000.0,1224000000.0,,,29000000.0,,,260000000.0,,,,,,,,,0.0,,,-1.305021,,696000000.0,,,,,,,,,,,,,,,,,,,,,,,,,,,,,,,,,,,,,,,,,,,,,,,,,,,,,,,,
1970-01-01 00:00:01.128038400,,462000000.0,,,,,-64000000.0,485000000.0,,,-63000000.0,468000000.0,76000000.0,,76000000.0,-6393000000.0,-273000000.0,297000000.0,,,,,,,19120000000.0,0.0,669000000.0,108000000.0,5936000000.0,,,,29000000.0,,,188000000.0,,,,,-18000000.0,,,,40000000.0,-336000000.0,,16234000000.0,285921367.0,,,,,,22000000.0,22000000.0,,,,75000000.0,16524000000.0,,9830000000.0,3000000.0,375000000.0,,,0.0,0.0,0.0,,,,,63000000.0,1172000000.0,-137000000.0,,28000000.0,,,,732000000.0,12329000000.0,,20865000000.0,1318000000.0,,,,,,,915585543.0,,0.265428,,,22000000.0,-252000000.0,-9830000000.0,,,,,,438000000.0,,,,,,-5006000000.0,,,,586000000.0,19693000000.0,,290000000.0,1172000000.0,,,-9000000.0,,,272000000.0,,,,,,,,,0.0,,,0.099536,,518000000.0,,,,,,,,,,,,,,,,,,,,,,,,,,,,,,,,,,,,,,,,,,,,,,,,,,,,,,,,
1970-01-01 00:00:01.135987200,,456000000.0,,,1499000000.0,-4920000000.0,-3000000.0,29000000.0,,136000000.0,142000000.0,438000000.0,-336000000.0,-1025000000.0,-336000000.0,-6749000000.0,-273000000.0,153000000.0,280445810.0,-3000000.0,214000000.0,0.0,,,19437000000.0,0.0,644000000.0,-305000000.0,5840000000.0,,9826000000.0,,40000000.0,17000000.0,,214000000.0,5840000000.0,260000000.0,2961000000.0,1191000000.0,-1000000.0,531000000.0,1842000000.0,,22000000.0,-131000000.0,-3.461624,16104000000.0,,5000000.0,21000000.0,0.0,5000000.0,-629000000.0,21000000.0,21000000.0,21000000.0,343000000.0,-852000000.0,-336000000.0,16431000000.0,,9826000000.0,5000000.0,365000000.0,,524000000.0,0.0,0.0,0.0,1191000000.0,12589000000.0,,-967000000.0,119000000.0,1191000000.0,46000000.0,-56000000.0,38000000.0,,,2618000000.0,763000000.0,12589000000.0,115000000.0,21163000000.0,1342000000.0,,21000000.0,-1088000000.0,327000000.0,,5254000000.0,,1789000000.0,,,,21000000.0,-296000000.0,-10166000000.0,438000000.0,-3.461624,-70000000.0,-970000000.0,109000000.0,484000000.0,,-6749000000.0,19972000000.0,,,-4920000000.0,-113000000.0,,280445810.0,579000000.0,19972000000.0,,327000000.0,1191000000.0,16431000000.0,21163000000.0,-29000000.0,,-10166000000.0,275000000.0,650000000.0,19437000000.0,,2293000000.0,0.0,,,-967000000.0,0.0,1048000000.0,-828000000.0,,16104000000.0,531000000.0,,,,,,,,,,,,,,,,,,,,,,,,,,,,,,,,,,,,,,,,,,,,,,,,,,,,,,,,
1970-01-01 00:00:01.143763200,,468000000.0,,,,,-10000000.0,-88000000.0,,,209000000.0,446000000.0,-459000000.0,,-459000000.0,-7098000000.0,-283000000.0,86000000.0,,,,,,,19573000000.0,19000000.0,741000000.0,-450000000.0,5440000000.0,,,,9000000.0,,,149000000.0,,,,,19000000.0,,,,21000000.0,-74000000.0,,15173000000.0,287005261.0,,,,,,40000000.0,40000000.0,,,,-459000000.0,16203000000.0,,9287000000.0,4000000.0,358000000.0,,,5000000.0,0.0,,,,,,7000000.0,1285000000.0,159000000.0,,7000000.0,,,,748000000.0,12538000000.0,,21398000000.0,1374000000.0,,,,,52000000.0,,287005261.0,,-1.603628,,,40000000.0,-276000000.0,-10625000000.0,,,,,,365000000.0,,,,,,-5383000000.0,,,,626000000.0,20094000000.0,,1030000000.0,1304000000.0,,,-7000000.0,,,284000000.0,,,,,,,,,754000000.0,,,-1.603628,,517000000.0,,,,,,,,,,,,,,,,,,,,,,,,,,,,,,,,,,,,,,,,,,,,,,,,,,,,,,,,
1970-01-01 00:00:01.151625600,,475000000.0,,,,,-19000000.0,-28000000.0,,,-4000000.0,385000000.0,-402000000.0,,-382000000.0,-7054000000.0,-256000000.0,297000000.0,,,,,,,19913000000.0,20000000.0,626000000.0,-350000000.0,5392000000.0,,,,52000000.0,,,180000000.0,,,,,16000000.0,,,,40000000.0,-260000000.0,,15057000000.0,287216368.0,,,,,,56000000.0,56000000.0,,,,-382000000.0,16145000000.0,,9280000000.0,5000000.0,340000000.0,,,23000000.0,0.0,,,,,,146000000.0,1220000000.0,-74000000.0,,53000000.0,,,,772000000.0,12446000000.0,,21718000000.0,1383000000.0,,,,,134000000.0,,287216368.0,,-1.32714,,,56000000.0,-277000000.0,-11007000000.0,,,,,,486000000.0,,,,,,-5762000000.0,,,,611000000.0,20478000000.0,,1088000000.0,1240000000.0,,,-44000000.0,,,279000000.0,,,,,,,,,768000000.0,,,-1.32714,,561000000.0,,,,,,,,,,,,,,,,,,,,,,,,,,,,,,,,,,,,,,,,,,,,,,,,,,,,,,,,
1970-01-01 00:00:01.159574400,,466000000.0,,,,,29000000.0,69000000.0,,,143000000.0,353000000.0,-333000000.0,,-133000000.0,-6749000000.0,-298000000.0,-863000000.0,,,,,,,18854000000.0,0.0,707000000.0,-269000000.0,5263000000.0,,,,64000000.0,,1275000000.0,186000000.0,,,,,29000000.0,,,,56000000.0,-155000000.0,,14837000000.0,295592593.0,,,,,,85000000.0,85000000.0,,,,-133000000.0,15198000000.0,,9221000000.0,4000000.0,334000000.0,,,14000000.0,0.0,,,,,,66000000.0,85000000.0,124000000.0,,63000000.0,,,,773000000.0,12012000000.0,,20834000000.0,1388000000.0,,,,,-10000000.0,,295592593.0,,-0.45344,,,85000000.0,749000000.0,-11140000000.0,,,,,,400000000.0,,,,,,-5827000000.0,,,,615000000.0,19474000000.0,,361000000.0,1360000000.0,,,54000000.0,,,309000000.0,,,,,,,,,0.0,,,-0.45344,,616000000.0,,,,,,,,,,,,,,,,,,,,,,,,,,,,,,,,,,,,,,,,,,,,,,,,,,,,,,,,
1970-01-01 00:00:01.167523200,,478000000.0,196000000.0,,1362000000.0,-6219000000.0,-43000000.0,-10000000.0,,-219000000.0,-25000000.0,321000000.0,-378000000.0,-65000000.0,-396000000.0,-7644000000.0,-308000000.0,261000000.0,300141764.0,,195000000.0,0.0,,,19119000000.0,0.0,642000000.0,-315000000.0,5217000000.0,,9223000000.0,,63000000.0,37000000.0,,195000000.0,5217000000.0,323000000.0,3066000000.0,1298000000.0,-25000000.0,706000000.0,1729000000.0,,85000000.0,-333000000.0,-4.567574,14761000000.0,,4000000.0,60000000.0,0.0,1043000000.0,39000000.0,60000000.0,60000000.0,60000000.0,367000000.0,-1399000000.0,-396000000.0,15100000000.0,,9223000000.0,4000000.0,330000000.0,,-59000000.0,-5000000.0,0.0,,1298000000.0,12861000000.0,,-1586000000.0,163000000.0,1298000000.0,-82000000.0,,79000000.0,,,2699000000.0,805000000.0,12861000000.0,187000000.0,21127000000.0,1413000000.0,,60000000.0,-1145000000.0,339000000.0,20000000.0,5504000000.0,,1887000000.0,,,,60000000.0,-261000000.0,-11536000000.0,321000000.0,-4.567574,-43000000.0,-1370000000.0,202000000.0,493000000.0,,-7644000000.0,19829000000.0,,,-6219000000.0,127000000.0,,300141764.0,608000000.0,19829000000.0,,339000000.0,1298000000.0,15100000000.0,21127000000.0,1040000000.0,,-11536000000.0,305000000.0,21000000.0,19119000000.0,,2438000000.0,0.0,,,-1370000000.0,0.0,1165000000.0,-822000000.0,,14761000000.0,706000000.0,,,,,,,,,,,,,,,,,,,,,,,,,,,,,,,,,,,,,,,,,,,,,,,,,,,,,,,,
1970-01-01 00:00:01.175299200,,464000000.0,,,,,-20000000.0,-2000000.0,,,266000000.0,332000000.0,-381000000.0,,-381000000.0,-7968000000.0,-298000000.0,200000000.0,,,,,,,19335000000.0,0.0,638000000.0,-312000000.0,5178000000.0,,,,69000000.0,,1309000000.0,158000000.0,,,,,145000000.0,,,,60000000.0,-32000000.0,,14728000000.0,331045790.0,,,,,,205000000.0,205000000.0,,,,-381000000.0,15177000000.0,,9218000000.0,-2000000.0,331000000.0,,,,0.0,,,,,,156000000.0,155000000.0,225000000.0,,68000000.0,,,,794000000.0,13146000000.0,,21526000000.0,1425000000.0,,,,,11000000.0,,331045790.0,,-1.150188,,,205000000.0,-321000000.0,-11861000000.0,,,,,,487000000.0,,,,,,-6543000000.0,,,,631000000.0,20062000000.0,,449000000.0,1464000000.0,,,-23000000.0,,,307000000.0,,,,,,,,,0.0,,,-1.150188,,723000000.0,,,,,,,,,,,,,,,,,,,,,,,,,,,,,,,,,,,,,,,,,,,,,,,,,,,,,,,,
1970-01-01 00:00:01.183161600,,471000000.0,,,,,-10000000.0,-29000000.0,,,-148000000.0,366000000.0,-360000000.0,,-360000000.0,-8283000000.0,-281000000.0,290000000.0,,,,,,,19637000000.0,0.0,652000000.0,-301000000.0,5121000000.0,,,,59000000.0,,1158000000.0,224000000.0,,,,,-124000000.0,,,,205000000.0,-429000000.0,,14688000000.0,332368256.0,,,,,,81000000.0,81000000.0,,,,-360000000.0,15051000000.0,,9201000000.0,48000000.0,334000000.0,,,,0.0,,,,,,200000000.0,100000000.0,-218000000.0,,55000000.0,,,,852000000.0,13404000000.0,,21705000000.0,1499000000.0,,,,,19000000.0,,332368256.0,,-1.083831,,,81000000.0,-266000000.0,-12221000000.0,,,,,,534000000.0,,,,,,-6849000000.0,,,,647000000.0,20447000000.0,,363000000.0,1258000000.0,,,15000000.0,,,318000000.0,,,,,,,,,0.0,,,-1.083831,,806000000.0,,,,,,,,,,,,,,,,,,,,,,,,,,,,,,,,,,,,,,,,,,,,,,,,,,,,,,,,
1970-01-01 00:00:01.191110400,,452000000.0,,,,,6000000.0,-84000000.0,,,209000000.0,323000000.0,-407000000.0,,-407000000.0,-8608000000.0,-311000000.0,117000000.0,,,,,,,19754000000.0,0.0,739000000.0,-366000000.0,5108000000.0,,,,41000000.0,,1286000000.0,223000000.0,,,,,-22000000.0,,,,81000000.0,-102000000.0,,14575000000.0,333866574.0,,,,,,59000000.0,59000000.0,,,,-407000000.0,14919000000.0,,9144000000.0,-25000000.0,334000000.0,,,,0.0,,,,,,107000000.0,124000000.0,154000000.0,,38000000.0,,,,846000000.0,13716000000.0,,22057000000.0,1525000000.0,,,,,82000000.0,,333866574.0,,-1.216545,,,59000000.0,-348000000.0,-12637000000.0,,,,,,441000000.0,,,,,,-7334000000.0,,,,679000000.0,20647000000.0,,344000000.0,1410000000.0,,,-74000000.0,,,341000000.0,,,,,,,,,0.0,,,-1.216545,,888000000.0,,,,,,,,,,,,,,,,,,,,,,,,,,,,,,,,,,,,,,,,,,,,,,,,,,,,,,,,
1970-01-01 00:00:01.199059200,,464000000.0,358000000.0,,1328000000.0,-7892000000.0,-10000000.0,-194000000.0,,826000000.0,0.0,285000000.0,-468000000.0,-1138000000.0,-468000000.0,-6462000000.0,-354000000.0,219000000.0,332963157.0,,225000000.0,0.0,,,19973000000.0,0.0,805000000.0,-428000000.0,5103000000.0,,8942000000.0,,40000000.0,,1205000000.0,225000000.0,5103000000.0,327000000.0,3382000000.0,1332000000.0,16000000.0,1049000000.0,1876000000.0,,59000000.0,-354000000.0,-4.855121,14330000000.0,,-123000000.0,75000000.0,0.0,2000000.0,15000000.0,75000000.0,75000000.0,75000000.0,548000000.0,-1407000000.0,-468000000.0,14666000000.0,,8942000000.0,-123000000.0,329000000.0,,-314000000.0,,0.0,,127000000.0,11565000000.0,,-1616000000.0,85000000.0,127000000.0,-101000000.0,,37000000.0,,,2834000000.0,890000000.0,11565000000.0,209000000.0,22359000000.0,1553000000.0,1205000000.0,75000000.0,-1244000000.0,336000000.0,246000000.0,6002000000.0,,1851000000.0,,,,75000000.0,-203000000.0,-13096000000.0,285000000.0,-4.855121,-34000000.0,-1616000000.0,198000000.0,414000000.0,,-6462000000.0,21027000000.0,,,-7892000000.0,60000000.0,,332963157.0,663000000.0,21027000000.0,,336000000.0,1332000000.0,14666000000.0,22359000000.0,84000000.0,,-13096000000.0,328000000.0,60000000.0,19973000000.0,,2620000000.0,0.0,,,-1616000000.0,0.0,1289000000.0,-917000000.0,,14330000000.0,1049000000.0,,,,,,,,,,,,,,,,,,,,,,,,,,,,,,,,,,,,,,,,,,,,,,,,,,,,,,,,
1970-01-01 00:00:01.206921600,,465000000.0,,,,,-39000000.0,-38000000.0,,,204000000.0,316000000.0,-358000000.0,,-358000000.0,-6462000000.0,-334000000.0,624000000.0,,,,,,,20642000000.0,0.0,678000000.0,-300000000.0,5114000000.0,,,,58000000.0,,1279000000.0,207000000.0,,,,,392000000.0,,,,75000000.0,-130000000.0,,14371000000.0,334631026.0,,,,,,541000000.0,467000000.0,,,,-358000000.0,15157000000.0,,8941000000.0,-227000000.0,321000000.0,,,,0.0,-74000000.0,,,,,205000000.0,129000000.0,121000000.0,,57000000.0,,,,883000000.0,11576000000.0,,23306000000.0,1564000000.0,,,,,50000000.0,,334631026.0,,-1.072772,,,467000000.0,-436000000.0,-13454000000.0,,,,,,526000000.0,,,,,,-8350000000.0,,74000000.0,,681000000.0,21898000000.0,,786000000.0,1408000000.0,,,-28000000.0,,,357000000.0,,,,,,,,,0.0,,,-1.072772,,1251000000.0,,,,,,,,,,,,,,,,,,,,,,,,,,,,,,,,,,,,,,,,,,,,,,,,,,,,,,,,
1970-01-01 00:00:01.214784000,,474000000.0,,,,,-9000000.0,4000000.0,,,-36000000.0,308000000.0,-276000000.0,,-276000000.0,-6462000000.0,-316000000.0,-102000000.0,,,,,,,20549000000.0,0.0,695000000.0,-217000000.0,5106000000.0,,,,59000000.0,,1205000000.0,250000000.0,,,,,-404000000.0,,,,467000000.0,-352000000.0,,14349000000.0,336047801.0,,,,,,76000000.0,63000000.0,,,,-276000000.0,14710000000.0,,8935000000.0,-105000000.0,328000000.0,,,,0.0,,,,,,230000000.0,88000000.0,-142000000.0,,57000000.0,,,,925000000.0,11568000000.0,,23011000000.0,1623000000.0,,,,,-12000000.0,,336047801.0,,-0.818403,,,63000000.0,-266000000.0,-13730000000.0,,,,,,558000000.0,,,,,,-8504000000.0,,13000000.0,,698000000.0,21718000000.0,,361000000.0,1293000000.0,,,-24000000.0,,,342000000.0,,,,,,,,,0.0,,,-0.818403,,1164000000.0,,,,,,,,,,,,,,,,,,,,,,,,,,,,,,,,,,,,,,,,,,,,,,,,,,,,,,,,
1970-01-01 00:00:01.222732800,,478000000.0,,,,,-5000000.0,-10000000.0,,,242000000.0,302000000.0,-322000000.0,,-322000000.0,-6462000000.0,-288000000.0,542000000.0,,,,,,,21103000000.0,0.0,718000000.0,-265000000.0,5062000000.0,,,,57000000.0,,1359000000.0,246000000.0,,,,,506000000.0,,,,63000000.0,-46000000.0,,14297000000.0,338302128.0,,,,,,569000000.0,569000000.0,,,,-322000000.0,15157000000.0,,8933000000.0,-124000000.0,332000000.0,,,,0.0,,,,,,208000000.0,106000000.0,154000000.0,,55000000.0,,,,926000000.0,11524000000.0,,23787000000.0,1636000000.0,,,,,5000000.0,,338302128.0,,-0.951117,,,569000000.0,-278000000.0,-14052000000.0,,,,,,540000000.0,,,,,,-8834000000.0,,,,710000000.0,22322000000.0,,860000000.0,1465000000.0,,,10000000.0,,,371000000.0,,,,,,,,,0.0,,,-0.951812,,1219000000.0,,,,,,,,,,,,,,,,,,,,,,,,,,,,,,,,,,,,,,,,,,,,,,,,,,,,,,,,
1970-01-01 00:00:01.230681600,,486000000.0,137000000.0,,1310000000.0,-10506000000.0,40000000.0,-1555000000.0,,1696000000.0,-11000000.0,293000000.0,-1495000000.0,-1210000000.0,-1495000000.0,-7225000000.0,-303000000.0,632000000.0,337686980.0,,222000000.0,0.0,,,21586000000.0,0.0,633000000.0,-1772000000.0,4987000000.0,,7384000000.0,,-277000000.0,,1211000000.0,222000000.0,4987000000.0,399000000.0,3687000000.0,1465000000.0,391000000.0,1120000000.0,659000000.0,-1396000000.0,569000000.0,-314000000.0,-7.255032,12664000000.0,,-303000000.0,960000000.0,0.0,-8000000.0,885000000.0,960000000.0,960000000.0,960000000.0,798000000.0,-2554000000.0,-1495000000.0,13882000000.0,14000000.0,7384000000.0,-303000000.0,329000000.0,,1484000000.0,,0.0,,99000000.0,12212000000.0,155000000.0,-2451000000.0,320000000.0,99000000.0,-144000000.0,,-276000000.0,,14000000.0,2889000000.0,953000000.0,12212000000.0,-103000000.0,24185000000.0,1656000000.0,1211000000.0,960000000.0,-1202000000.0,1218000000.0,84000000.0,6479000000.0,,1903000000.0,,3000000.0,,960000000.0,-230000000.0,-15547000000.0,293000000.0,-7.255032,-13000000.0,-2451000000.0,-107000000.0,-965000000.0,,-7225000000.0,22720000000.0,,,-10506000000.0,-11000000.0,,337686980.0,703000000.0,22720000000.0,,1218000000.0,1465000000.0,13882000000.0,24185000000.0,73000000.0,,-15547000000.0,342000000.0,75000000.0,21586000000.0,,2792000000.0,0.0,155000000.0,,-2451000000.0,0.0,1368000000.0,-803000000.0,,12664000000.0,1120000000.0,,,,,,,,,,,,,,,,,,,,,,,,,,,,,,,,,,,,,,,,,,,,,,,,,,,,,,,,
1970-01-01 00:00:01.238457600,,,,,,,-2000000.0,-144000000.0,,,187000000.0,208000000.0,-334000000.0,,-205000000.0,,-296000000.0,-19000000.0,,,,,,,0.0,0.0,615000000.0,-273000000.0,4927000000.0,,,,61000000.0,,1221000000.0,188000000.0,,,,,-124000000.0,,,,960000000.0,-109000000.0,,12512000000.0,341873993.0,,,,,,836000000.0,836000000.0,,,,-205000000.0,13650000000.0,,,-308000000.0,321000000.0,34000000.0,,,0.0,0.0,,,11774000000.0,,334000000.0,101000000.0,2000000.0,,59000000.0,,0.0,,949000000.0,,,24501000000.0,1662000000.0,,,,,31000000.0,,341873993.0,,-0.597213,,,836000000.0,-292000000.0,-15802000000.0,,,,,,655000000.0,,,,,,-10714000000.0,,,,713000000.0,11405000000.0,,1138000000.0,13096000000.0,,,4000000.0,,,344000000.0,,,,,,,-17000000.0,,0.0,,,-0.597213,,11153000000.0,,,,,,,,,,,,,,,,,,,,,,,,,,,,,,,,,,,,,,,,,,,,,,,,,,,,,,,,
1970-01-01 00:00:01.246320000,,,,,,,2000000.0,-184000000.0,,,438000000.0,205000000.0,-159000000.0,,-112000000.0,,-263000000.0,-15000000.0,,,,,,,0.0,0.0,674000000.0,-99000000.0,4871000000.0,,,,60000000.0,,789000000.0,215000000.0,,,,,156000000.0,,,,836000000.0,175000000.0,,12453000000.0,342675557.0,,,,,,992000000.0,992000000.0,,,,-112000000.0,13740000000.0,,,-297000000.0,329000000.0,-27000000.0,,,0.0,,,,11757000000.0,,301000000.0,102000000.0,170000000.0,,57000000.0,,0.0,,975000000.0,,,24729000000.0,1690000000.0,,,,,149000000.0,,342675557.0,,-0.331785,,,992000000.0,-267000000.0,-15914000000.0,,,,,,630000000.0,,,,,,-10813000000.0,,,,715000000.0,11584000000.0,,1287000000.0,13145000000.0,,,-4000000.0,,,343000000.0,,,,,,,-17000000.0,,0.0,,,-0.331785,,11325000000.0,,,,,,,,,,,,,,,,,,,,,,,,,,,,,,,,,,,,,,,,,,,,,,,,,,,,,,,,
1970-01-01 00:00:01.254268800,,,,,,,0.0,-3052000000.0,,,383000000.0,204000000.0,-2430000000.0,,-1035000000.0,,-278000000.0,-18000000.0,,,,,,,0.0,0.0,694000000.0,-2995000000.0,4822000000.0,,,,-565000000.0,,868000000.0,211000000.0,,,,,83000000.0,,,,992000000.0,105000000.0,,9546000000.0,342751766.0,,,,,,1075000000.0,1075000000.0,,,,-1035000000.0,10905000000.0,,,-284000000.0,327000000.0,4000000.0,,,0.0,,,,11740000000.0,,263000000.0,95000000.0,157000000.0,,-567000000.0,,0.0,,957000000.0,,,24269000000.0,1693000000.0,,,,,42000000.0,,342751766.0,,-3.019244,,,1075000000.0,-282000000.0,-16949000000.0,,,,,,590000000.0,,,,,,-11834000000.0,,,,736000000.0,11071000000.0,,1359000000.0,13198000000.0,,,-4000000.0,,,357000000.0,,,,,,,-18000000.0,,0.0,,,-3.019244,,10837000000.0,,,,,,,,,,,,,,,,,,,,,,,,,,,,,,,,,,,,,,,,,,,,,,,,,,,,,,,,
1970-01-01 00:00:01.262217600,,,,,,1915000000.0,,,,,,196000000.0,,,,-94000000.0,,,,,248000000.0,0.0,,,13252000000.0,0.0,,,6833000000.0,,7607000000.0,951000000.0,,,683000000.0,248000000.0,6833000000.0,,,968000000.0,,521000000.0,,,,,,15587000000.0,,,709000000.0,0.0,,,709000000.0,709000000.0,,,,,16658000000.0,,7607000000.0,,,,,,0.0,,113000000.0,6927000000.0,70000000.0,,,113000000.0,,,,,,,,6927000000.0,,14741000000.0,,683000000.0,709000000.0,,1071000000.0,,,,,,,,,,2000000.0,196000000.0,,,,,,,-94000000.0,13773000000.0,,,1915000000.0,,,,,13773000000.0,,1071000000.0,968000000.0,16658000000.0,14741000000.0,,951000000.0,2000000.0,,,13252000000.0,,,0.0,70000000.0,,,0.0,,,,15587000000.0,521000000.0,,,,,,,,,,,,,,,,,,,,,,,,,,,,,,,,,,,,,,,,,,,,,,,,,,,,,,,,
1970-01-01 00:00:01.269993600,,,,,,,-2000000.0,-4000000.0,,,530000000.0,320000000.0,24000000.0,,24000000.0,,-325000000.0,-700000000.0,,,,,,,12762000000.0,0.0,733000000.0,43000000.0,6859000000.0,,,,19000000.0,,826000000.0,223000000.0,,,,,-500000000.0,,,,754000000.0,205000000.0,,15653000000.0,102193558.0,,,,,,221000000.0,221000000.0,,,,24000000.0,16199000000.0,,7523000000.0,,369000000.0,25000000.0,,,0.0,,,,0.0,,251000000.0,132000000.0,96000000.0,,16000000.0,,,,984000000.0,,,14436000000.0,1735000000.0,,,,,25000000.0,,103877329.0,,0.23225,,,254000000.0,-330000000.0,26000000.0,,,,,,620000000.0,,,,,,1763000000.0,,,,751000000.0,13478000000.0,,546000000.0,958000000.0,,,-5000000.0,951000000.0,,352000000.0,,,,,,,-698000000.0,,0.0,,,0.23225,,710000000.0,,,,,,,,,,,,,,,,,,,,,,,,,,,,,,,,,,,,,,,,,,,,,,,,,,,,,,,,
1970-01-01 00:00:01.277856000,,,,,,,-1000000.0,-33000000.0,,,451000000.0,345000000.0,-81000000.0,,-81000000.0,,-324000000.0,-315000000.0,,,,,,,12657000000.0,0.0,751000000.0,2000000.0,6902000000.0,,,,83000000.0,,878000000.0,249000000.0,,,,,-187000000.0,,,,254000000.0,127000000.0,,15634000000.0,102274859.0,,,,,,40000000.0,40000000.0,,,,-81000000.0,16007000000.0,,7436000000.0,-50000000.0,380000000.0,-26000000.0,,,0.0,,,,0.0,,254000000.0,136000000.0,16000000.0,,82000000.0,,,,1005000000.0,,,14375000000.0,1771000000.0,,,,,22000000.0,,102274859.0,,-0.796284,,,67000000.0,-323000000.0,-55000000.0,,,,,,634000000.0,,,,,,1632000000.0,,,,766000000.0,13361000000.0,,373000000.0,1014000000.0,,,1000000.0,951000000.0,,364000000.0,,,,,,,-1801000000.0,,0.0,,,-0.796284,,692000000.0,,,,,,,,,,,,,,,,,,,,,,,,,,,,,,,,,,,,,,,,,,,,,,,,,,,,,,,,
1970-01-01 00:00:01.285804800,,,,,,,-2000000.0,-4000000.0,,,441000000.0,360000000.0,-95000000.0,,-95000000.0,,-306000000.0,483000000.0,,,,,,,12585000000.0,0.0,741000000.0,14000000.0,6867000000.0,,,,109000000.0,,867000000.0,241000000.0,,,,,615000000.0,,,,67000000.0,135000000.0,,15516000000.0,102274865.0,,,,,,655000000.0,655000000.0,,,,-95000000.0,16535000000.0,,7338000000.0,-84000000.0,385000000.0,8000000.0,,,0.0,,,,589000000.0,,240000000.0,148000000.0,15000000.0,,106000000.0,,,,981000000.0,,,15012000000.0,1769000000.0,,,,,27000000.0,,102274865.0,,-0.928998,,,682000000.0,-309000000.0,-150000000.0,,,,,,625000000.0,0.0,,,,,1523000000.0,,,,788000000.0,13408000000.0,,1019000000.0,1604000000.0,,,-3000000.0,951000000.0,,356000000.0,,,,,,,-647000000.0,,0.0,,,-0.928998,,823000000.0,,,,,,,,,,,,,,,,,,,,,,,,,,,,,,,,,,,,,,,,,,,,,,,,,,,,,,,,
1970-01-01 00:00:01.293753600,0.0,,-129000000.0,,1524000000.0,1478000000.0,-77000000.0,-73000000.0,,-1463000000.0,489000000.0,354000000.0,-85000000.0,-1170000000.0,-85000000.0,-1190000000.0,-246000000.0,-931000000.0,102299796.0,,247000000.0,0.0,,,12306000000.0,0.0,733000000.0,-1000000.0,6819000000.0,,7257000000.0,951000000.0,84000000.0,,881000000.0,247000000.0,6819000000.0,1911000000.0,3995000000.0,1049000000.0,-650000000.0,874000000.0,2459000000.0,-4352000000.0,682000000.0,243000000.0,-2.311436,15381000000.0,,-57000000.0,4000000.0,0.0,31000000.0,-722000000.0,4000000.0,4000000.0,32000000.0,1049000000.0,58000000.0,-85000000.0,15707000000.0,,7257000000.0,-57000000.0,390000000.0,-7000000.0,-114000000.0,,0.0,,168000000.0,8009000000.0,0.0,-237000000.0,304000000.0,168000000.0,21000000.0,-144000000.0,83000000.0,,,2946000000.0,1037000000.0,8009000000.0,295000000.0,14229000000.0,1784000000.0,881000000.0,4000000.0,-1201000000.0,326000000.0,-203000000.0,7059000000.0,,877000000.0,,0.0,,32000000.0,-208000000.0,-235000000.0,354000000.0,-2.311436,-82000000.0,-237000000.0,287000000.0,580000000.0,-6000000.0,-1190000000.0,13180000000.0,,,1478000000.0,148000000.0,,102299796.0,747000000.0,13180000000.0,,326000000.0,1049000000.0,15707000000.0,14229000000.0,38000000.0,951000000.0,-235000000.0,362000000.0,754000000.0,12306000000.0,,3064000000.0,0.0,0.0,-1206000000.0,-237000000.0,0.0,1422000000.0,710000000.0,,15381000000.0,874000000.0,,,,,,,,,,,,,,,,,,,,,,,,,,,,,,,,,,,,,,,,,,,,,,,,,,,,,,,,
1970-01-01 00:00:01.301529600,,,,,,,5000000.0,-67000000.0,,,447000000.0,371000000.0,-110000000.0,,-110000000.0,,-375000000.0,-44000000.0,,,,,,,12554000000.0,0.0,733000000.0,-31000000.0,6870000000.0,,,,79000000.0,,862000000.0,223000000.0,,,,,22000000.0,,,,32000000.0,72000000.0,,15372000000.0,102377414.0,,,,,,26000000.0,26000000.0,,,,-110000000.0,15705000000.0,,7180000000.0,-46000000.0,383000000.0,24000000.0,,,0.0,,,,,,269000000.0,166000000.0,11000000.0,,77000000.0,,,,1002000000.0,,,14523000000.0,1770000000.0,,,,,19000000.0,,102377414.0,,-1.072772,,,54000000.0,-381000000.0,-345000000.0,,,,,,652000000.0,-207000000.0,,,,,1182000000.0,,,,768000000.0,13495000000.0,,333000000.0,1028000000.0,,,-6000000.0,951000000.0,,345000000.0,,,,,,,-1688000000.0,,0.0,,,-1.072772,,941000000.0,,,,,,,,,,,,,,,,,,,,,,,,,,,,,,,,,,,,,,,,,,,,,,,,,,,,,,,,
1970-01-01 00:00:01.309392000,,241000000.0,,,,,-1000000.0,-55000000.0,,,460000000.0,386000000.0,-107000000.0,,-107000000.0,,-343000000.0,-7000000.0,,,,,,,12620000000.0,0.0,403000000.0,-26000000.0,6879000000.0,,,,81000000.0,,932000000.0,243000000.0,,,,,140000000.0,,,,54000000.0,117000000.0,,15319000000.0,98798205.0,,,,,,166000000.0,166000000.0,,,,-107000000.0,15809000000.0,,7103000000.0,-66000000.0,393000000.0,-19000000.0,,,0.0,,,,,,270000000.0,155000000.0,26000000.0,,78000000.0,,,,673000000.0,,,14745000000.0,1791000000.0,,,,,17000000.0,,98798205.0,,-1.083831,,,194000000.0,-313000000.0,-452000000.0,,,,,,608000000.0,0.0,,,,,1064000000.0,,,,1118000000.0,13658000000.0,,490000000.0,1087000000.0,,,30000000.0,951000000.0,,9000000.0,,,,,,,-1721000000.0,,0.0,,,-1.083831,,1038000000.0,,,,,,,,,,,,,,,,,,,,,,,,,,,,,,,,,,,,,,,,,,,,,,,,,,,,,,,,
1970-01-01 00:00:01.317340800,,244000000.0,,,,,-45000000.0,-7000000.0,,,405000000.0,380000000.0,-85000000.0,,-85000000.0,,-393000000.0,-157000000.0,,,,,,,12581000000.0,0.0,779000000.0,-13000000.0,6903000000.0,,,,72000000.0,,914000000.0,253000000.0,,,,,-162000000.0,,,,194000000.0,12000000.0,,15303000000.0,98033516.0,,,,,,5000000.0,5000000.0,,,,-85000000.0,15638000000.0,,7066000000.0,-77000000.0,405000000.0,-10000000.0,,,0.0,,,,,,238000000.0,167000000.0,-6000000.0,,70000000.0,,,,1017000000.0,,,14774000000.0,1809000000.0,,,,,-285000000.0,,98033516.0,,-0.873701,,,32000000.0,-410000000.0,-537000000.0,,,,,,636000000.0,-116000000.0,,,,,864000000.0,,,,792000000.0,13693000000.0,,335000000.0,1081000000.0,,,-17000000.0,954000000.0,,374000000.0,,,,,,,-236000000.0,,0.0,,,-0.873701,,1112000000.0,,,,,,,,,,,,,,,,,,,,,,,,,,,,,,,,,,,,,,,,,,,,,,,,,,,,,,,,
1970-01-01 00:00:01.325289600,0.0,245000000.0,-302000000.0,,1592000000.0,409000000.0,-16000000.0,-13000000.0,847000000.0,-373000000.0,425000000.0,392000000.0,-67000000.0,-1367000000.0,-67000000.0,-2364000000.0,-270000000.0,-165000000.0,98511282.0,,272000000.0,0.0,847000000.0,,12856000000.0,0.0,782000000.0,0.0,6897000000.0,,6992000000.0,954000000.0,67000000.0,,979000000.0,272000000.0,6897000000.0,1737000000.0,4066000000.0,1153000000.0,-3000000.0,340000000.0,2485000000.0,-5072000000.0,32000000.0,155000000.0,-3.749171,15235000000.0,,-65000000.0,2000000.0,0.0,-24000000.0,-3000000.0,2000000.0,2000000.0,29000000.0,1041000000.0,-70000000.0,-67000000.0,15605000000.0,,6992000000.0,-65000000.0,411000000.0,-20000000.0,-148000000.0,,0.0,,174000000.0,9261000000.0,,-369000000.0,258000000.0,174000000.0,-17000000.0,-733000000.0,65000000.0,,,3025000000.0,1040000000.0,9261000000.0,299000000.0,15196000000.0,1834000000.0,979000000.0,2000000.0,-1343000000.0,370000000.0,-53000000.0,7204000000.0,,963000000.0,,-25000000.0,,29000000.0,-263000000.0,-1082000000.0,392000000.0,-3.749171,-57000000.0,-369000000.0,290000000.0,656000000.0,-410000000.0,-2364000000.0,14043000000.0,,,409000000.0,14000000.0,,98511282.0,794000000.0,14043000000.0,,370000000.0,1153000000.0,15605000000.0,15196000000.0,7000000.0,954000000.0,-1082000000.0,364000000.0,32000000.0,12856000000.0,,3138000000.0,0.0,,-1427000000.0,-369000000.0,0.0,1426000000.0,394000000.0,,15235000000.0,340000000.0,,,,,,,,,,,,,,,,,,,,,,,,,,,,,,,,,,,,,,,,,,,,,,,,,,,,,,,,
1970-01-01 00:00:01.333152000,,237000000.0,,,,,-14000000.0,-16000000.0,,,454000000.0,396000000.0,-94000000.0,,-94000000.0,-2682000000.0,-352000000.0,-87000000.0,,,,,917000000.0,,12802000000.0,0.0,783000000.0,-23000000.0,6906000000.0,,,,71000000.0,,979000000.0,231000000.0,,,,,2000000.0,,,,29000000.0,102000000.0,,15181000000.0,89907282.0,,,,,,4000000.0,4000000.0,,,,-94000000.0,15519000000.0,,6925000000.0,-64000000.0,408000000.0,40000000.0,,,0.0,,,,,,230000000.0,161000000.0,30000000.0,,70000000.0,,,,1013000000.0,9588000000.0,,15193000000.0,1827000000.0,,,,,-69000000.0,,89907282.0,,-1.050653,,,31000000.0,-365000000.0,-1178000000.0,,,,,,622000000.0,-3000000.0,,,,,326000000.0,,,,814000000.0,14053000000.0,,338000000.0,1140000000.0,,,-13000000.0,954000000.0,,372000000.0,,,,,,,-1539000000.0,,0.0,,,-1.050653,,334000000.0,,,,,,,,,,,,,,,,,,,,,,,,,,,,,,,,,,,,,,,,,,,,,,,,,,,,,,,,
1970-01-01 00:00:01.341014400,,225000000.0,,,,,-15000000.0,-59000000.0,,,469000000.0,360000000.0,-83000000.0,,-83000000.0,-2996000000.0,-443000000.0,-48000000.0,,,,,987000000.0,,12786000000.0,0.0,784000000.0,-15000000.0,7024000000.0,,,,68000000.0,,1039000000.0,256000000.0,,,,,1000000.0,,,,31000000.0,26000000.0,,15186000000.0,89964965.0,,,,,,5000000.0,5000000.0,,,,-83000000.0,15553000000.0,,6849000000.0,-76000000.0,415000000.0,-24000000.0,,,0.0,,,,,,269000000.0,155000000.0,2000000.0,,66000000.0,,,,1053000000.0,10020000000.0,,15309000000.0,1884000000.0,,,,,-73000000.0,,89964965.0,,-0.928998,,,32000000.0,-420000000.0,-1261000000.0,,,,,,625000000.0,-1000000.0,,,,,244000000.0,,,,831000000.0,14115000000.0,,367000000.0,1194000000.0,,,23000000.0,953000000.0,,373000000.0,,,,,,,-1380000000.0,,0.0,,,-0.928998,,342000000.0,,,,,,,,,,,,,,,,,,,,,,,,,,,,,,,,,,,,,,,,,,,,,,,,,,,,,,,,
1970-01-01 00:00:01.348963200,,,,,,,-12000000.0,0.0,,,468000000.0,377000000.0,-87000000.0,,-87000000.0,-3320000000.0,-485000000.0,889000000.0,,,,,1054000000.0,,12820000000.0,0.0,811000000.0,-18000000.0,7159000000.0,,,,69000000.0,,1089000000.0,254000000.0,,,,,863000000.0,,,,32000000.0,-17000000.0,,15268000000.0,90143922.0,,,,,,868000000.0,868000000.0,,,,-87000000.0,16497000000.0,,6779000000.0,-83000000.0,424000000.0,2000000.0,,,0.0,,,,870000000.0,,211000000.0,157000000.0,41000000.0,,67000000.0,,,,1022000000.0,10479000000.0,,16324000000.0,1880000000.0,,,,,-64000000.0,,90143922.0,,-0.962177,,,895000000.0,-494000000.0,-1348000000.0,,,,,,635000000.0,0.0,,,,,173000000.0,,,,858000000.0,14208000000.0,,1229000000.0,2116000000.0,,,-28000000.0,953000000.0,,384000000.0,,,,,,,-635000000.0,,0.0,,,-0.962177,,334000000.0,,,,,,,,,,,,,,,,,,,,,,,,,,,,,,,,,,,,,,,,,,,,,,,,,,,,,,,,
1970-01-01 00:00:01.356912000,,,90000000.0,,1713000000.0,149000000.0,-11000000.0,4000000.0,1122000000.0,-134000000.0,485000000.0,162000000.0,-40000000.0,-1737000000.0,-40000000.0,-3563000000.0,-433000000.0,-888000000.0,90110753.0,,234000000.0,0.0,1122000000.0,81000000.0,12808000000.0,205000000.0,-665000000.0,9000000.0,7206000000.0,,6945000000.0,953000000.0,49000000.0,,891000000.0,234000000.0,7206000000.0,1876000000.0,2644000000.0,1224000000.0,-861000000.0,296000000.0,2644000000.0,-5901000000.0,895000000.0,52000000.0,-3.373148,15266000000.0,,-75000000.0,7000000.0,205000000.0,-24000000.0,5000000.0,7000000.0,7000000.0,7000000.0,931000000.0,-47000000.0,-40000000.0,15599000000.0,,6945000000.0,-75000000.0,466000000.0,16000000.0,-71000000.0,,0.0,,107000000.0,10769000000.0,,-304000000.0,221000000.0,107000000.0,-1000000.0,-11000000.0,47000000.0,,,1713000000.0,-444000000.0,10769000000.0,257000000.0,15450000000.0,1913000000.0,891000000.0,7000000.0,-1713000000.0,333000000.0,296000000.0,7504000000.0,,907000000.0,,34000000.0,,7000000.0,-458000000.0,-1392000000.0,162000000.0,-3.373148,-52000000.0,-304000000.0,250000000.0,687000000.0,-7000000.0,-3563000000.0,14226000000.0,46000000.0,,149000000.0,72000000.0,,90110753.0,2357000000.0,14226000000.0,,333000000.0,1224000000.0,15599000000.0,15450000000.0,-6000000.0,953000000.0,-1392000000.0,-707000000.0,2000000.0,12808000000.0,81000000.0,4860000000.0,0.0,,-2347000000.0,-304000000.0,0.0,422000000.0,163000000.0,,15266000000.0,296000000.0,,,,,,,,,,,,,,,,,,,,,,,,,,,,,,,,,,,,,,,,,,,,,,,,,,,,,,,,
1970-01-01 00:00:01.364688000,,210000000.0,,,,,-6000000.0,-57000000.0,,,541000000.0,166000000.0,-42000000.0,,-42000000.0,-3968000000.0,-423000000.0,-51000000.0,,,,,1279000000.0,81000000.0,12816000000.0,0.0,425000000.0,-33000000.0,7259000000.0,,,,9000000.0,,1015000000.0,208000000.0,,,,,58000000.0,,,,7000000.0,118000000.0,,15265000000.0,90716051.0,,,,,,65000000.0,65000000.0,,,,-42000000.0,15639000000.0,,6887000000.0,-64000000.0,425000000.0,26000000.0,,,0.0,,,,,,234000000.0,89000000.0,86000000.0,,2000000.0,76000000.0,,,659000000.0,11227000000.0,,15510000000.0,1917000000.0,,,,,25000000.0,,90716051.0,,-0.464499,,,65000000.0,-432000000.0,-1434000000.0,,,,,,659000000.0,-5000000.0,,,,,129000000.0,,,,1258000000.0,14220000000.0,,374000000.0,1290000000.0,,,-9000000.0,953000000.0,,108000000.0,,,,,,,-1355000000.0,,0.0,,,-0.464499,,125000000.0,,,,,,,,,,,,,,,,,,,,,,,,,,,,,,,,,,,,,,,,,,,,,,,,,,,,,,,,
1970-01-01 00:00:01.372550400,,,,,,,-11000000.0,-68000000.0,,,484000000.0,166000000.0,-96000000.0,,-96000000.0,-4303000000.0,-409000000.0,-91000000.0,,,,,1374000000.0,84000000.0,12812000000.0,0.0,436000000.0,-38000000.0,7313000000.0,,,,58000000.0,,978000000.0,223000000.0,,,,,-21000000.0,,,,65000000.0,75000000.0,,15256000000.0,90963133.0,,,,,,44000000.0,44000000.0,,,,-96000000.0,15589000000.0,,6824000000.0,-56000000.0,436000000.0,-15000000.0,,,0.0,,,,,,241000000.0,86000000.0,-22000000.0,,54000000.0,-17000000.0,,,677000000.0,11616000000.0,,15528000000.0,1972000000.0,,,,,51000000.0,,90963133.0,,-1.061712,,,44000000.0,-414000000.0,-1530000000.0,,,,,,677000000.0,-5000000.0,,,,,61000000.0,,,,1295000000.0,14248000000.0,,333000000.0,1280000000.0,,,-5000000.0,953000000.0,,116000000.0,,,,,,,-3470000000.0,,0.0,,,-1.061712,,62000000.0,,,,,,,,,,,,,,,,,,,,,,,,,,,,,,,,,,,,,,,,,,,,,,,,,,,,,,,,
1970-01-01 00:00:01.380499200,,,,,,,-34000000.0,-27000000.0,,,538000000.0,174000000.0,-70000000.0,,-70000000.0,-4673000000.0,-1079000000.0,539000000.0,,,,,1432000000.0,90000000.0,14306000000.0,0.0,493000000.0,-13000000.0,7838000000.0,,,,57000000.0,,1068000000.0,235000000.0,,,,,-3000000.0,,,,44000000.0,-541000000.0,,16893000000.0,93064281.0,,,,,,41000000.0,41000000.0,,,,-70000000.0,17250000000.0,,7722000000.0,-48000000.0,493000000.0,-1000000.0,,,0.0,,,,,,228000000.0,81000000.0,25000000.0,,56000000.0,33000000.0,,,721000000.0,12511000000.0,,17189000000.0,2118000000.0,,,,,26000000.0,,93064281.0,,-0.752046,,,41000000.0,-1080000000.0,-1600000000.0,,,,,,721000000.0,-1000000.0,,,,,61000000.0,,,,1397000000.0,15807000000.0,,357000000.0,1382000000.0,,,-1000000.0,1159000000.0,,,,,,,,,-1352000000.0,,0.0,,,-0.752046,,69000000.0,,,,,,,,,,,,,,,,,,,,,,,,,,,,,,,,,,,,,,,,,,,,,,,,,,,,,,,,
1970-01-01 00:00:01.388448000,,,77000000.0,,1854000000.0,151000000.0,-1000000.0,-7000000.0,1431000000.0,299000000.0,595000000.0,417000000.0,39000000.0,-2443000000.0,39000000.0,-4787000000.0,-514000000.0,-98000000.0,92169292.0,,234000000.0,0.0,1431000000.0,90000000.0,14181000000.0,0.0,518000000.0,35000000.0,7981000000.0,48000000.0,7398000000.0,1177000000.0,-4000000.0,,1130000000.0,234000000.0,7981000000.0,2158000000.0,2858000000.0,1467000000.0,-20000000.0,65000000.0,2779000000.0,-6520000000.0,41000000.0,81000000.0,-1.824818,16973000000.0,93888994.0,-41000000.0,21000000.0,0.0,-18000000.0,14000000.0,21000000.0,21000000.0,21000000.0,925000000.0,-49000000.0,39000000.0,17295000000.0,,7398000000.0,-41000000.0,500000000.0,0.0,-128000000.0,,0.0,,91000000.0,7981000000.0,,-169000000.0,246000000.0,91000000.0,35000000.0,-15000000.0,0.0,22000000.0,,1933000000.0,764000000.0,7981000000.0,120000000.0,17144000000.0,2148000000.0,1130000000.0,21000000.0,-2425000000.0,322000000.0,12000000.0,8155000000.0,100742330.0,,0.420261,10000000.0,,21000000.0,-517000000.0,-1568000000.0,417000000.0,-1.824818,-52000000.0,-169000000.0,112000000.0,746000000.0,-4000000.0,-4787000000.0,15677000000.0,114000000.0,11000000.0,151000000.0,124000000.0,,92169292.0,1384000000.0,15677000000.0,,322000000.0,1467000000.0,17295000000.0,17144000000.0,-3000000.0,1177000000.0,-1568000000.0,11000000.0,7000000.0,14181000000.0,90000000.0,5297000000.0,0.0,,-343000000.0,-169000000.0,0.0,48000000.0,-267000000.0,0.387083,16973000000.0,65000000.0,,,,,,,,,,,,,,,,,,,,,,,,,,,,,,,,,,,,,,,,,,,,,,,,,,,,,,,,
1970-01-01 00:00:01.396224000,,,,,,,5000000.0,-5000000.0,,,577000000.0,411000000.0,-37000000.0,,-37000000.0,-4948000000.0,-503000000.0,-95000000.0,,,,,1492000000.0,88000000.0,14090000000.0,0.0,524000000.0,27000000.0,8079000000.0,,,,64000000.0,,1191000000.0,217000000.0,,,,,-17000000.0,,,,21000000.0,74000000.0,,16993000000.0,96242322.0,,,,,,4000000.0,4000000.0,,,,-37000000.0,17297000000.0,,7326000000.0,-35000000.0,505000000.0,18000000.0,,,0.0,,,,,,243000000.0,125000000.0,20000000.0,,62000000.0,19000000.0,,,767000000.0,8079000000.0,,17170000000.0,2202000000.0,,,,,13000000.0,,96242322.0,,-0.387083,,,4000000.0,-499000000.0,-1605000000.0,,,,,,748000000.0,-11000000.0,,,,12000000.0,127000000.0,,,,1435000000.0,15647000000.0,,304000000.0,1523000000.0,,,4000000.0,1177000000.0,,12000000.0,,,,,,,-388000000.0,,0.0,,,-0.387083,,65000000.0,,,,,,,,,,,,,,,,,,,,,,,,,,,,,,,,,,,,,,,,,,,,,,,,,,,,,,,,
1970-01-01 00:00:01.404086400,,,,,,,-1000000.0,-22000000.0,,,632000000.0,165000000.0,-45000000.0,,-45000000.0,-5566000000.0,-562000000.0,-60000000.0,,,,,1554000000.0,86000000.0,14019000000.0,0.0,528000000.0,20000000.0,8197000000.0,,,,65000000.0,,1233000000.0,252000000.0,,,,,5000000.0,,,,4000000.0,70000000.0,,17032000000.0,97631842.0,,,,,,9000000.0,9000000.0,,,,-45000000.0,17369000000.0,,7500000000.0,-30000000.0,528000000.0,-36000000.0,,,0.0,,,,,,252000000.0,110000000.0,57000000.0,,62000000.0,87000000.0,,,780000000.0,13763000000.0,,17250000000.0,2259000000.0,,,,,24000000.0,,97631842.0,,-0.464499,,,9000000.0,-567000000.0,-1650000000.0,,,,,,780000000.0,-6000000.0,,,,,119000000.0,,,,1479000000.0,15644000000.0,,337000000.0,1606000000.0,,,-5000000.0,1170000000.0,,135000000.0,,,,,,,-413000000.0,,0.0,,,-0.464499,,71000000.0,,,,,,,,,,,,,,,,,,,,,,,,,,,,,,,,,,,,,,,,,,,,,,,,,,,,,,,,
1970-01-01 00:00:01.412035200,,,,,,,-4000000.0,5000000.0,,,520000000.0,3921000000.0,-53000000.0,,-53000000.0,-5968000000.0,-582000000.0,3580000000.0,,,,,1610000000.0,84000000.0,17595000000.0,0.0,565000000.0,6000000.0,8305000000.0,,,,59000000.0,,1220000000.0,270000000.0,,,,,1000000.0,,,,9000000.0,-62000000.0,,20580000000.0,98370273.0,,,,,,10000000.0,10000000.0,,,,-53000000.0,20950000000.0,,7184000000.0,-25000000.0,535000000.0,-18000000.0,,,0.0,,,,,,218000000.0,105000000.0,-33000000.0,,53000000.0,-5000000.0,,,783000000.0,8305000000.0,,20853000000.0,2287000000.0,,,,,9000000.0,,98370273.0,,-0.541916,,,10000000.0,-4099000000.0,-1703000000.0,,,,,,753000000.0,-1000000.0,,,,14000000.0,97000000.0,,,,1504000000.0,19267000000.0,,370000000.0,1586000000.0,,,-3517000000.0,1170000000.0,,14000000.0,,,,,,,-713000000.0,,0.0,,,-0.541916,,62000000.0,,,,,,,,,,,,,,,,,,,,,,,,,,,,,,,,,,,,,,,,,,,,,,,,,,,,,,,,
1970-01-01 00:00:01.419984000,,,47000000.0,,2102000000.0,146000000.0,-3000000.0,-4000000.0,1674000000.0,6927000000.0,630000000.0,7527000000.0,-48000000.0,-9304000000.0,-48000000.0,-5484000000.0,-541000000.0,3502000000.0,97991915.0,,285000000.0,0.0,1674000000.0,85000000.0,21023000000.0,0.0,568000000.0,0.0,8373000000.0,55000000.0,7111000000.0,1168000000.0,48000000.0,,1241000000.0,285000000.0,8373000000.0,2359000000.0,3190000000.0,1635000000.0,-7000000.0,72000000.0,3073000000.0,-1980000000.0,10000000.0,89000000.0,-1.880115,24179000000.0,99681274.0,-22000000.0,3000000.0,0.0,-7127000000.0,-18000000.0,3000000.0,3000000.0,3000000.0,971000000.0,53000000.0,-48000000.0,24550000000.0,,7111000000.0,-22000000.0,534000000.0,-15000000.0,-7000000.0,,0.0,,140000000.0,8373000000.0,,-183000000.0,277000000.0,140000000.0,54000000.0,-19000000.0,56000000.0,57000000.0,,2219000000.0,845000000.0,8373000000.0,236000000.0,24404000000.0,2360000000.0,1241000000.0,3000000.0,-2188000000.0,371000000.0,16000000.0,9108000000.0,99681274.0,,-0.486618,-51000000.0,,3000000.0,-4139000000.0,-1762000000.0,7527000000.0,-1.880115,-3000000.0,-183000000.0,233000000.0,811000000.0,-1000000.0,-5484000000.0,22769000000.0,158000000.0,14000000.0,146000000.0,98000000.0,,97991915.0,1515000000.0,22769000000.0,,371000000.0,1635000000.0,24550000000.0,24404000000.0,-3609000000.0,1168000000.0,-1762000000.0,14000000.0,21000000.0,21023000000.0,85000000.0,5918000000.0,0.0,,-466000000.0,-183000000.0,0.0,55000000.0,171000000.0,-0.486618,24179000000.0,72000000.0,,,,,,,,,,,,,,,,,,,,,,,,,,,,,,,,,,,,,,,,,,,,,,,,,,,,,,,,
1970-01-01 00:00:01.427760000,,,,,,,0.0,-24000000.0,,,528000000.0,156000000.0,-81000000.0,,-81000000.0,-5800000000.0,-427000000.0,-70000000.0,,,,,1706000000.0,89000000.0,13981000000.0,0.0,514000000.0,-46000000.0,8275000000.0,,,,35000000.0,,1217000000.0,264000000.0,,,,,17000000.0,,,,3000000.0,101000000.0,,16908000000.0,100959008.0,,,,,,20000000.0,20000000.0,,,,-81000000.0,24410000000.0,,7309000000.0,-19000000.0,514000000.0,21000000.0,,,0.0,,,,6983000000.0,,267000000.0,128000000.0,25000000.0,,34000000.0,30000000.0,,,781000000.0,14075000000.0,,24333000000.0,2362000000.0,,,,,30000000.0,,100959008.0,,-0.807344,,,20000000.0,-441000000.0,-1843000000.0,,,,,,781000000.0,-16000000.0,,,,,77000000.0,,,,1581000000.0,15764000000.0,,7502000000.0,8569000000.0,,,-14000000.0,1168000000.0,,136000000.0,,,,,,,-392000000.0,,0.0,,,-0.807344,,77000000.0,,,,,,,,,,,,,,,,,,,,,,,,,,,,,,,,,,,,,,,,,,,,,,,,,,,,,,,,
1970-01-01 00:00:01.435622400,,,,,,,-25000000.0,-159000000.0,,,531000000.0,207000000.0,-122000000.0,,-122000000.0,-6192000000.0,-373000000.0,-7204000000.0,,,,,1745000000.0,89000000.0,13896000000.0,0.0,528000000.0,-87000000.0,8244000000.0,,,,35000000.0,,1220000000.0,321000000.0,,,,,10000000.0,,,,20000000.0,158000000.0,,16863000000.0,101074644.0,,,,,,30000000.0,30000000.0,,,,-122000000.0,17319000000.0,,7244000000.0,-17000000.0,528000000.0,-58000000.0,,,0.0,,,,,,301000000.0,124000000.0,-63000000.0,,32000000.0,-11000000.0,,,829000000.0,14436000000.0,,17350000000.0,2430000000.0,,,,,29000000.0,,101074644.0,,-1.205486,,,30000000.0,6683000000.0,-1965000000.0,,,,,,829000000.0,-7000000.0,,,,,-31000000.0,,,,1601000000.0,15714000000.0,,456000000.0,1636000000.0,,,7056000000.0,1168000000.0,,135000000.0,,,,,,,-10153000000.0,,0.0,,,-1.205486,,73000000.0,,,,,,,,,,,,,,,,,,,,,,,,,,,,,,,,,,,,,,,,,,,,,,,,,,,,,,,,
1970-01-01 00:00:01.443571200,,,,,,,-10000000.0,-27000000.0,,,689000000.0,19839000000.0,54000000.0,,54000000.0,-6592000000.0,-481000000.0,19388000000.0,,,,,1616000000.0,93000000.0,33281000000.0,0.0,538000000.0,-88000000.0,8281000000.0,,,,-142000000.0,,1423000000.0,292000000.0,,,,,-30000000.0,,,,30000000.0,208000000.0,,36467000000.0,101205399.0,,,,,,0.0,0.0,,,,54000000.0,36873000000.0,,7179000000.0,-15000000.0,538000000.0,30000000.0,,,0.0,,,,,,292000000.0,121000000.0,206000000.0,,-142000000.0,175000000.0,,,830000000.0,14873000000.0,,36813000000.0,2450000000.0,,,,,28000000.0,,102481924.0,,0.530856,,,0.0,-20107000000.0,-1911000000.0,,,,,,830000000.0,-1000000.0,,,,,60000000.0,,,,1620000000.0,34984000000.0,,406000000.0,1829000000.0,,,-19626000000.0,1168000000.0,,138000000.0,,,,,,,-366000000.0,,0.0,,,0.530856,,87000000.0,,,,,,,,,,,,,,,,,,,,,,,,,,,,,,,,,,,,,,,,,,,,,,,,,,,,,,,,
1970-01-01 00:00:01.451520000,,,39000000.0,,2125000000.0,-46000000.0,-1000000.0,2000000.0,1590000000.0,14675000000.0,611000000.0,22596000000.0,-122000000.0,-17032000000.0,-122000000.0,-6518000000.0,-531000000.0,2561000000.0,101152646.0,,279000000.0,0.0,1590000000.0,96000000.0,35723000000.0,0.0,585000000.0,-110000000.0,8345000000.0,78000000.0,6862000000.0,1168000000.0,12000000.0,,1556000000.0,279000000.0,8345000000.0,2359000000.0,3406000000.0,1972000000.0,5000000.0,77000000.0,3239000000.0,-11326000000.0,0.0,80000000.0,-2.687459,38971000000.0,101366475.0,-13000000.0,5000000.0,0.0,-15220000000.0,2000000.0,5000000.0,5000000.0,5000000.0,1114000000.0,-331000000.0,-122000000.0,39316000000.0,,6862000000.0,-13000000.0,545000000.0,12000000.0,-139000000.0,,0.0,,134000000.0,8345000000.0,,-271000000.0,323000000.0,134000000.0,153000000.0,-38000000.0,11000000.0,125000000.0,,2292000000.0,908000000.0,8345000000.0,-60000000.0,39362000000.0,2512000000.0,1556000000.0,5000000.0,-1812000000.0,345000000.0,10000000.0,9754000000.0,101366475.0,,-1.205486,5000000.0,,5000000.0,-3167000000.0,-2061000000.0,22596000000.0,-2.687459,-36000000.0,-271000000.0,-65000000.0,868000000.0,-14000000.0,-6518000000.0,37390000000.0,319000000.0,20000000.0,-46000000.0,321000000.0,,101152646.0,1604000000.0,37390000000.0,,345000000.0,1972000000.0,39316000000.0,39362000000.0,-2636000000.0,1168000000.0,-2061000000.0,20000000.0,3000000.0,35723000000.0,96000000.0,6348000000.0,0.0,,-415000000.0,-271000000.0,0.0,78000000.0,547000000.0,-1.205486,38971000000.0,77000000.0,,,,,,,,,,,,,,,,,,,,,,,,,,,,,,,,,,,,,,,,,,,,,,,,,,,,,,,,
1970-01-01 00:00:01.459382400,,,,,,,-16000000.0,-26000000.0,,,424000000.0,22391000000.0,-188000000.0,,-188000000.0,-6928000000.0,-485000000.0,1385000000.0,,,,,1618000000.0,100000000.0,37124000000.0,0.0,539000000.0,-160000000.0,8294000000.0,,,,28000000.0,,1511000000.0,253000000.0,,,,,1273000000.0,,,,5000000.0,-61000000.0,,38912000000.0,101552093.0,,,,,,1278000000.0,1278000000.0,,,,-188000000.0,40524000000.0,,7059000000.0,-11000000.0,539000000.0,24000000.0,,,0.0,,,,,,320000000.0,140000000.0,6000000.0,,28000000.0,3000000.0,,,859000000.0,15222000000.0,,40743000000.0,2530000000.0,,,,,34000000.0,,101552093.0,,-1.857996,,,1278000000.0,-536000000.0,-2249000000.0,,,,,,859000000.0,-16000000.0,,,,,-219000000.0,,,,1671000000.0,38818000000.0,,1612000000.0,1925000000.0,,,-51000000.0,1168000000.0,,162000000.0,,,,,,,-727000000.0,,0.0,,,-1.857996,,76000000.0,,,,,,,,,,,,,,,,,,,,,,,,,,,,,,,,,,,,,,,,,,,,,,,,,,,,,,,,
1970-01-01 00:00:01.467244800,,,,,,,-197000000.0,-713000000.0,,,1590000000.0,733000000.0,3114000000.0,,3067000000.0,-7899000000.0,-29876000000.0,5254000000.0,,,,,26339000000.0,391000000.0,60132000000.0,0.0,916000000.0,-65000000.0,33358000000.0,,,,-3179000000.0,,4912000000.0,1340000000.0,,,,,-723000000.0,,,,1278000000.0,-28286000000.0,,146870000000.0,183362776.0,,,,,,555000000.0,555000000.0,,,,3067000000.0,149195000000.0,,83087000000.0,-9000000.0,1436000000.0,-124000000.0,,,0.0,,,,2071000000.0,,1241000000.0,448000000.0,435000000.0,,-3192000000.0,527000000.0,,,2157000000.0,41257000000.0,,98163000000.0,6161000000.0,,,,,-77000000.0,,205214266.0,,16.73,,,555000000.0,-7567000000.0,818000000.0,,,,,,2677000000.0,-83000000.0,,,,,40240000000.0,,,,4004000000.0,89356000000.0,,2325000000.0,8807000000.0,,,22309000000.0,29692000000.0,,520000000.0,,,,,,,-3343000000.0,,0.0,,,15.17,,2885000000.0,,,,,,,,,,,,,,,,,,,,,,,,,,,,,,,,,,,,,,,,,,,,,,,,,,,,,,,,
1970-01-01 00:00:01.475193600,,,,0.0,,,-37000000.0,-141000000.0,,,2801000000.0,708000000.0,250000000.0,,189000000.0,-9499000000.0,-1800000000.0,-389000000.0,,,,,26260000000.0,346000000.0,59946000000.0,0.0,2424000000.0,266000000.0,32881000000.0,,,,16000000.0,,4813000000.0,1242000000.0,,,,,610000000.0,,,,555000000.0,1001000000.0,,146116000000.0,271263259.0,,,,,,1165000000.0,1165000000.0,,,,189000000.0,148897000000.0,,82362000000.0,-8000000.0,2437000000.0,98000000.0,,,0.0,,,,2050000000.0,,1131000000.0,478000000.0,173000000.0,,-6000000.0,1000000.0,,,3555000000.0,42380000000.0,,97822000000.0,10037000000.0,,,,,-105000000.0,,275373202.0,,0.7,,,1165000000.0,-1802000000.0,1007000000.0,,,,,,3568000000.0,-349000000.0,,,,138000000.0,40277000000.0,,,,6482000000.0,89175000000.0,,2781000000.0,8647000000.0,,,-2000000.0,30165000000.0,,13000000.0,,,,,,,-50000000.0,,0.0,,,0.69,,2969000000.0,,,,,,,,,,,,,,,,,,,,,,,,,,,,,,,,,,,,,,,,,,,,,,,,,,,,,,,,
1970-01-01 00:00:01.483142400,,,-248000000.0,0.0,6907000000.0,40139000000.0,-318000000.0,68000000.0,26665000000.0,4779000000.0,3226000000.0,1371000000.0,569000000.0,-11290000000.0,454000000.0,-11103000000.0,-1371000000.0,-1471000000.0,234791439.0,,1432000000.0,0.0,26665000000.0,352000000.0,59719000000.0,0.0,2414000000.0,779000000.0,32963000000.0,492000000.0,81924000000.0,29509000000.0,210000000.0,,5089000000.0,1432000000.0,32963000000.0,8041000000.0,10592000000.0,9572000000.0,370000000.0,2745000000.0,10262000000.0,-10521000000.0,1165000000.0,1855000000.0,15.94,145767000000.0,268584368.0,-7000000.0,1535000000.0,0.0,22242000000.0,1530000000.0,1535000000.0,1535000000.0,1535000000.0,3355000000.0,820000000.0,454000000.0,149067000000.0,,81924000000.0,-7000000.0,2495000000.0,-158000000.0,-36000000.0,,0.0,,454000000.0,32963000000.0,2028000000.0,3745000000.0,1439000000.0,454000000.0,366000000.0,-1562000000.0,212000000.0,498000000.0,,7237000000.0,3853000000.0,32963000000.0,-2925000000.0,98701000000.0,10275000000.0,5089000000.0,1535000000.0,-33532000000.0,3300000000.0,-100000000.0,29003000000.0,272624270.0,,1.69,-160000000.0,5000000000.0,1535000000.0,-1385000000.0,733000000.0,1371000000.0,17.05,-568000000.0,3522000000.0,-2958000000.0,3934000000.0,-1114000000.0,-11103000000.0,89129000000.0,1029000000.0,122000000.0,40139000000.0,980000000.0,,206539100.0,6422000000.0,89129000000.0,,3300000000.0,9572000000.0,149067000000.0,98701000000.0,-14000000.0,29509000000.0,733000000.0,76000000.0,5000000.0,59719000000.0,352000000.0,18411000000.0,0.0,2028000000.0,-6401000000.0,3522000000.0,0.0,244000000.0,-25491000000.0,1.67,145767000000.0,2745000000.0,,,,,,,,,,,,,,,,,,,,,,,,,,,,,,,,,,,,,,,,,,,,,,,,,,,,,,,,
1970-01-01 00:00:01.490918400,,,,,,,-88000000.0,-86000000.0,,,2843000000.0,694000000.0,211000000.0,,155000000.0,-12866000000.0,-1705000000.0,254000000.0,,,,,26576000000.0,362000000.0,60837000000.0,0.0,2550000000.0,236000000.0,32699000000.0,,,,25000000.0,,6155000000.0,1311000000.0,,,,,1385000000.0,,,,1535000000.0,1138000000.0,,144778000000.0,269004817.0,,,,,,2920000000.0,2920000000.0,,,,155000000.0,149444000000.0,,81859000000.0,-6000000.0,2550000000.0,236000000.0,,,0.0,,,,2007000000.0,,1035000000.0,522000000.0,99000000.0,,16000000.0,-54000000.0,,,3585000000.0,45565000000.0,,99540000000.0,10164000000.0,,,,,-102000000.0,,273199509.0,,0.58,,,2920000000.0,-1712000000.0,1019000000.0,,,,,,3585000000.0,-895000000.0,,,,86000000.0,39720000000.0,,,,6579000000.0,90020000000.0,,4666000000.0,9520000000.0,,,-7000000.0,29526000000.0,,582000000.0,,,,,,,-3475000000.0,,0.0,,,0.57,,2607000000.0,,,,,,,,,,,,,,,,,,,,,,,,,,,,,,,,,,,,,,,,,,,,,,,,,,,,,,,,
1970-01-01 00:00:01.498780800,,,,0.0,,,-466000000.0,-60000000.0,,,2945000000.0,1347000000.0,195000000.0,,139000000.0,-14691000000.0,-1801000000.0,-3328000000.0,,,,,26574000000.0,364000000.0,63248000000.0,0.0,2795000000.0,243000000.0,32948000000.0,,,,48000000.0,,6627000000.0,1489000000.0,,,,,-2226000000.0,,,,2920000000.0,1144000000.0,,144396000000.0,263460911.0,,,,,,694000000.0,694000000.0,,,,139000000.0,146960000000.0,,80547000000.0,-4000000.0,2595000000.0,-175000000.0,,,0.0,,,,0.0,,1052000000.0,584000000.0,72000000.0,,26000000.0,187000000.0,,,3847000000.0,32948000000.0,,100527000000.0,10357000000.0,,,,,-86000000.0,,267309261.0,,0.53,,,694000000.0,-1843000000.0,1158000000.0,,,,,,3647000000.0,-3328000000.0,,,,85000000.0,36628000000.0,,,,6510000000.0,92404000000.0,,2564000000.0,8123000000.0,,,-42000000.0,29554000000.0,,65000000.0,,,,,,,-2054000000.0,,0.0,,,0.52,,2582000000.0,,,,,,,,,,,,,,,,,,,,,,,,,,,,,,,,,,,,,,,,,,,,,,,,,,,,,,,,
1970-01-01 00:00:01.506729600,,,,0.0,,,-574000000.0,-148000000.0,,,2908000000.0,686000000.0,92000000.0,,48000000.0,-16375000000.0,-2314000000.0,890000000.0,,,,,26576000000.0,405000000.0,66064000000.0,-405000000.0,2701000000.0,118000000.0,33300000000.0,,,,26000000.0,,6782000000.0,1652000000.0,,,,,1470000000.0,,,,694000000.0,594000000.0,,144096000000.0,253923805.0,,,,,,2164000000.0,2164000000.0,,,,48000000.0,148228000000.0,,80556000000.0,-2000000.0,2701000000.0,-162000000.0,,,0.0,,,,2068000000.0,,1054000000.0,572000000.0,36000000.0,,11000000.0,138000000.0,,,3755000000.0,49675000000.0,,105650000000.0,10458000000.0,,,,,-2000000.0,,258341851.0,,0.19,,,2164000000.0,-2328000000.0,1206000000.0,,,,,,3755000000.0,-3525000000.0,,,,70000000.0,33229000000.0,,,,6703000000.0,95231000000.0,,4132000000.0,10419000000.0,,,-14000000.0,29554000000.0,,17000000.0,,,,,,,-5000000.0,,0.0,,,0.19,,2591000000.0,,,,,,,,,,,,,,,,,,,,,,,,,,,,,,,,,,,,,,,,,,,,,,,,,,,,,,,,
1970-01-01 00:00:01.514678400,,,-354000000.0,,10588000000.0,39084000000.0,-812000000.0,67000000.0,17314000000.0,-4770000000.0,3258000000.0,1356000000.0,9617000000.0,-8098000000.0,9553000000.0,-18077000000.0,-2050000000.0,-2586000000.0,296703956.0,,1635000000.0,0.0,17314000000.0,395000000.0,68186000000.0,0.0,2777000000.0,431000000.0,33888000000.0,310000000.0,79270000000.0,29554000000.0,-9186000000.0,,6245000000.0,1635000000.0,33888000000.0,11954000000.0,15301000000.0,11090000000.0,-1543000000.0,2502000000.0,14694000000.0,-16507000000.0,2164000000.0,1208000000.0,34.09,144068000000.0,240833636.0,-1000000.0,621000000.0,0.0,-123000000.0,-914000000.0,621000000.0,621000000.0,621000000.0,4106000000.0,1028000000.0,9553000000.0,146623000000.0,,79270000000.0,-1000000.0,2742000000.0,17000000.0,12000000.0,,0.0,-105000000.0,740000000.0,33888000000.0,2045000000.0,10115000000.0,1204000000.0,740000000.0,234000000.0,-11715000000.0,-9169000000.0,178000000.0,,11195000000.0,3981000000.0,33888000000.0,-9087000000.0,99092000000.0,10602000000.0,6245000000.0,621000000.0,-7870000000.0,2555000000.0,-164000000.0,41581000000.0,278257245.0,,39.66,-84000000.0,,621000000.0,-2215000000.0,3832000000.0,1356000000.0,38.55,-1940000000.0,9895000000.0,-9116000000.0,3946000000.0,-3967000000.0,-18077000000.0,88002000000.0,449000000.0,69000000.0,39084000000.0,441000000.0,,256720715.0,6621000000.0,88002000000.0,,2555000000.0,11090000000.0,146623000000.0,99092000000.0,-60000000.0,29554000000.0,3832000000.0,63000000.0,1535000000.0,68186000000.0,395000000.0,26280000000.0,0.0,2045000000.0,-10973000000.0,9895000000.0,0.0,261000000.0,4084000000.0,34.56,144068000000.0,2502000000.0,,,,,,,,,,,,,,,,,,,,,,,,,,,,,,,,,,,,,,,,,,,,,,,,,,,,,,,,
1970-01-01 00:00:01.522454400,,,,,,,-169000000.0,-9000000.0,,,2699000000.0,1563000000.0,223000000.0,,168000000.0,-19796000000.0,-2748000000.0,-6000000.0,,,,,17351000000.0,472000000.0,67609000000.0,,2782000000.0,251000000.0,34002000000.0,,,,28000000.0,,6654000000.0,1409000000.0,,,,,-45000000.0,,,,621000000.0,-49000000.0,,143753000000.0,237762295.0,,,,,,576000000.0,576000000.0,,,,168000000.0,146151000000.0,,78634000000.0,-1000000.0,2710000000.0,226000000.0,,,0.0,,,,3340000000.0,,1111000000.0,622000000.0,-205000000.0,,28000000.0,-300000000.0,,,3893000000.0,34002000000.0,,99026000000.0,10657000000.0,,,,,-71000000.0,,241420722.0,,0.71,,,576000000.0,-2738000000.0,4034000000.0,,,,,,3821000000.0,-617000000.0,,,,77000000.0,38768000000.0,,,,6764000000.0,87424000000.0,,2398000000.0,11602000000.0,,,10000000.0,29554000000.0,,72000000.0,,,,,,,-2185000000.0,,,,,0.7,,2464000000.0,,,,,,,,,,,,,,,,,,,,,,,,,,,,,,,,,,,,,,,,,,,,,,,,,,,,,,,,
1970-01-01 00:00:01.530316800,,,,,,,-257000000.0,-131000000.0,,,3096000000.0,1066000000.0,339000000.0,,273000000.0,-20051000000.0,-2292000000.0,-530000000.0,,,,,17376000000.0,486000000.0,66730000000.0,,2592000000.0,380000000.0,34411000000.0,,,,41000000.0,,6861000000.0,1619000000.0,,,,,197000000.0,,,,576000000.0,804000000.0,,143501000000.0,234241769.0,,,,,,773000000.0,773000000.0,,,,273000000.0,146251000000.0,,78470000000.0,-2000000.0,2592000000.0,-210000000.0,,,0.0,,,,5387000000.0,,1389000000.0,732000000.0,61000000.0,,29000000.0,231000000.0,,,3981000000.0,54462000000.0,,100609000000.0,10854000000.0,,,,,-70000000.0,,237073566.0,,1.17,,,773000000.0,-2369000000.0,4307000000.0,,,,,,3981000000.0,-1664000000.0,,,,70000000.0,37443000000.0,,,,6873000000.0,86585000000.0,,2750000000.0,14024000000.0,,,-77000000.0,29554000000.0,,769000000.0,,,,,,,-1315000000.0,,,,,1.15,,2479000000.0,,,,,,,,,,,,,,,,,,,,,,,,,,,,,,,,,,,,,,,,,,,,,,,,,,,,,,,,
1970-01-01 00:00:01.538265600,,,,,,,-304000000.0,196000000.0,,,2804000000.0,1133000000.0,584000000.0,,493000000.0,-21513000000.0,-2272000000.0,-594000000.0,,,,,17421000000.0,498000000.0,69135000000.0,,2482000000.0,693000000.0,34740000000.0,,,,109000000.0,,6834000000.0,1736000000.0,,,,,-113000000.0,,,,773000000.0,532000000.0,,143356000000.0,230554633.0,,,,,,612000000.0,612000000.0,,,,493000000.0,146085000000.0,,77929000000.0,-2000000.0,2482000000.0,-117000000.0,,,0.0,,,,3339000000.0,,1398000000.0,604000000.0,-134000000.0,,80000000.0,,,,3880000000.0,56253000000.0,,100857000000.0,10892000000.0,,,,,-20000000.0,,233607414.0,,2.14,,,660000000.0,-2323000000.0,4828000000.0,,,,,,3880000000.0,-933000000.0,,,,71000000.0,37105000000.0,,,,7012000000.0,89007000000.0,,2729000000.0,11850000000.0,,,-36000000.0,29554000000.0,,207000000.0,,,,,,,-5464000000.0,,,,,2.11,,2451000000.0,,,,,,,,,,,,,,,,,,,,,,,,,,,,,,,,,,,,,,,,,,,,,,,,,,,,,,,,
1970-01-01 00:00:01.546214400,,,-132000000.0,,10318000000.0,36285000000.0,-220000000.0,-167000000.0,17389000000.0,-1887000000.0,3168000000.0,1836000000.0,360000000.0,-9736000000.0,296000000.0,-23075000000.0,-2283000000.0,-757000000.0,235525226.0,,1733000000.0,0.0,17389000000.0,494000000.0,69537000000.0,,2725000000.0,362000000.0,35126000000.0,290000000.0,76884000000.0,29554000000.0,2000000.0,,7027000000.0,1733000000.0,35126000000.0,11767000000.0,16059000000.0,12095000000.0,105000000.0,2837000000.0,15539000000.0,-10769000000.0,660000000.0,885000000.0,5.22,143400000000.0,227005966.0,-2000000.0,551000000.0,,-120000000.0,144000000.0,551000000.0,551000000.0,765000000.0,5221000000.0,1686000000.0,296000000.0,146130000000.0,,76884000000.0,-2000000.0,2534000000.0,3000000.0,5000000.0,,0.0,,758000000.0,35126000000.0,3290000000.0,1506000000.0,1439000000.0,758000000.0,35000000.0,-4399000000.0,-27000000.0,,,10838000000.0,4164000000.0,35126000000.0,180000000.0,101858000000.0,11231000000.0,7027000000.0,551000000.0,-9595000000.0,2730000000.0,29000000.0,43634000000.0,230131933.0,,1.31,-98000000.0,0.0,765000000.0,-2306000000.0,2780000000.0,1836000000.0,5.29,-950000000.0,1230000000.0,110000000.0,3973000000.0,-1185000000.0,-23075000000.0,89763000000.0,,72000000.0,36285000000.0,-243000000.0,,232356665.0,7067000000.0,89763000000.0,,2730000000.0,12095000000.0,146130000000.0,101858000000.0,-17000000.0,29554000000.0,2780000000.0,72000000.0,621000000.0,69537000000.0,494000000.0,27575000000.0,,3290000000.0,-1805000000.0,1230000000.0,,285000000.0,2172000000.0,1.29,143400000000.0,2837000000.0,,,,,,,,,,,,,,,,,,,,,,,,,,,,,,,,,,,,,,,,,,,,,,,,,,,,,,,,
1970-01-01 00:00:01.553990400,,,,,,,-161000000.0,-64000000.0,,,2686000000.0,1676000000.0,317000000.0,,253000000.0,-24609000000.0,-2041000000.0,255000000.0,,,,,17473000000.0,487000000.0,70567000000.0,205000000.0,2630000000.0,436000000.0,35960000000.0,,,,119000000.0,,6575000000.0,1578000000.0,,,,,861000000.0,,,,765000000.0,645000000.0,,143506000000.0,224630122.0,,,,,,1451000000.0,1451000000.0,,,,253000000.0,147257000000.0,,76316000000.0,-2000000.0,2550000000.0,155000000.0,,,0.0,,,,3532000000.0,,1425000000.0,661000000.0,-344000000.0,,81000000.0,,,,4055000000.0,35960000000.0,,103614000000.0,11206000000.0,,,,,43000000.0,,227595365.0,,1.13,,,1626000000.0,-2080000000.0,3033000000.0,,,,,,3975000000.0,-940000000.0,,,,85000000.0,35734000000.0,,,,7151000000.0,91664000000.0,,3751000000.0,11950000000.0,,,,29554000000.0,,85000000.0,,,,,,,-5572000000.0,,,,,1.11,,2643000000.0,,,,,,,,,,,,,,,,,,,,,,,,,,,,,,,,,,,,,,,,,,,,,,,,,,,,,,,,
1970-01-01 00:00:01.561852800,,,,,,,-330000000.0,-188000000.0,,,2761000000.0,1316000000.0,386000000.0,,314000000.0,-25004000000.0,-1649000000.0,-1875000000.0,,,,,17522000000.0,389000000.0,71784000000.0,,2500000000.0,470000000.0,35641000000.0,,,,84000000.0,,6423000000.0,2070000000.0,,,,,-780000000.0,,,,1626000000.0,1112000000.0,,142745000000.0,222392274.0,,,,,,696000000.0,696000000.0,,,,314000000.0,146085000000.0,,76234000000.0,-2000000.0,2500000000.0,-492000000.0,,,0.0,,,,1522000000.0,,1603000000.0,790000000.0,-409000000.0,,56000000.0,,,,4103000000.0,60645000000.0,,102991000000.0,11347000000.0,,,,,36000000.0,,225942172.0,,1.41,,,846000000.0,-1666000000.0,3347000000.0,,,,,,4103000000.0,-861000000.0,,,,82000000.0,35286000000.0,,,,7244000000.0,93116000000.0,,3340000000.0,9875000000.0,,,,29554000000.0,,9000000.0,,,,,,,-4551000000.0,,,,,1.39,,2758000000.0,,,,,,,,,,,,,,,,,,,,,,,,,,,,,,,,,,,,,,,,,,,,,,,,,,,,,,,,
1970-01-01 00:00:01.569801600,,,,,,,-399000000.0,-44000000.0,,,2943000000.0,1273000000.0,467000000.0,,387000000.0,-26365000000.0,-1672000000.0,-1461000000.0,,,,,17609000000.0,526000000.0,71390000000.0,,2415000000.0,593000000.0,35321000000.0,,,,126000000.0,,6499000000.0,2284000000.0,,,,,-249000000.0,,,,846000000.0,1271000000.0,,141879000000.0,218499213.0,,,,,,508000000.0,508000000.0,,,,387000000.0,145267000000.0,,75731000000.0,-2000000.0,2415000000.0,-227000000.0,,,0.0,,,,3509000000.0,,1600000000.0,663000000.0,-111000000.0,,96000000.0,,,,4015000000.0,61686000000.0,,104745000000.0,11450000000.0,,,,,-20000000.0,,222355867.0,,1.77,,,597000000.0,-1731000000.0,3734000000.0,,,,,,4015000000.0,-2767000000.0,,,,71000000.0,32974000000.0,,,,7435000000.0,92763000000.0,,3388000000.0,11982000000.0,,,2000000.0,29554000000.0,,,,,,,,,-763000000.0,,,,,1.74,,2773000000.0,,,,,,,,,,,,,,,,,,,,,,,,,,,,,,,,,,,,,,,,,,,,,,,,,,,,,,,,
1970-01-01 00:00:01.577750400,,,52000000.0,,9926000000.0,31445000000.0,-364000000.0,-63000000.0,17711000000.0,-1633000000.0,3358000000.0,1705000000.0,822000000.0,-7331000000.0,714000000.0,-27656000000.0,-1778000000.0,1448000000.0,,,2227000000.0,0.0,17711000000.0,460000000.0,75578000000.0,,2570000000.0,932000000.0,35683000000.0,315000000.0,74775000000.0,29554000000.0,110000000.0,,6888000000.0,2227000000.0,35683000000.0,11748000000.0,16855000000.0,12385000000.0,2952000000.0,2724000000.0,16437000000.0,-13309000000.0,597000000.0,1580000000.0,,141717000000.0,212648072.0,0.0,3483000000.0,,-43000000.0,2784000000.0,3483000000.0,3483000000.0,3549000000.0,6511000000.0,2431000000.0,714000000.0,148188000000.0,,74775000000.0,0.0,2461000000.0,59000000.0,-283000000.0,,0.0,,786000000.0,35683000000.0,3500000000.0,1992000000.0,1959000000.0,786000000.0,-141000000.0,-6873000000.0,87000000.0,,,10344000000.0,4529000000.0,35683000000.0,439000000.0,109377000000.0,11761000000.0,6888000000.0,3483000000.0,-7140000000.0,6471000000.0,-7000000.0,45764000000.0,217778099.0,,3.36,-505000000.0,,3549000000.0,-1854000000.0,40000000.0,1705000000.0,,-1254000000.0,1668000000.0,320000000.0,4420000000.0,-2305000000.0,-27656000000.0,96992000000.0,,77000000.0,31445000000.0,-1005000000.0,,,7232000000.0,96992000000.0,,6471000000.0,12385000000.0,148188000000.0,109377000000.0,-53000000.0,29554000000.0,40000000.0,77000000.0,765000000.0,75578000000.0,460000000.0,28909000000.0,,3500000000.0,-2423000000.0,1668000000.0,,315000000.0,4608000000.0,3.28,141717000000.0,2724000000.0,,,,,,,,,,,,,,,,,,,,,,,,,,,,,,,,,,,,,,,,,,,,,,,,,,,,,,,,
