date,trailingOperatingCashFlow,trailingOtherIncomeExpense,annualCapitalStock,quarterlyOperatingExpense,quarterlyPretaxIncome,quarterlyPurchaseOfBusiness,quarterlyRepaymentOfDebt,quarterlyOtherIntangibleAssets,annualInventory,quarterlyNetPPE,trailingCashFlowFromContinuingFinancingActivities,trailingRepaymentOfDebt,annualOtherIntangibleAssets,quarterlyTaxProvision,annualGrossProfit,quarterlyBeginningCashPosition,annualCurrentLiabilities,annualOtherIncomeExpense,quarterlyCapitalStock,annualEbitda,annualNetPPE,annualTotalNonCurrentAssets,quarterlyCashCashEquivalentsAndMarketableSecurities,annualOperatingCashFlow,quarterlyCashAndCashEquivalents,quarterlyCommonStockIssuance,quarterlyCapitalExpenditure,trailingDepreciationAndAmortization,quarterlyCurrentDebt,annualPurchaseOfBusiness,annualOtherNonCurrentLiabilities,quarterlyInterestExpense,quarterlyChangesInAccountReceivables,quarterlyNetOtherFinancingCharges,trailingPurchaseOfBusiness,annualCashCashEquivalentsAndMarketableSecurities,trailingOtherNonCashItems,quarterlyAccumulatedDepreciation,quarterlyCashFlowFromContinuingFinancingActivities,quarterlyOtherNonCurrentAssets,trailingDeferredIncomeTax,quarterlySaleOfInvestment,quarterlyOperatingCashFlow,trailingOperatingExpense,annualInvestingCashFlow,annualDeferredIncomeTax,annualInterestExpense,annualChangesInAccountReceivables,trailingBeginningCashPosition,quarterlyGrossPPE,trailingCashDividendsPaid,annualPretaxIncome,trailingChangesInAccountReceivables,quarterlyDeferredIncomeTax,annualAccumulatedDepreciation,annualNonCurrentDeferredRevenue,quarterlyAccountsPayable,quarterlyGainsLossesNotAffectingRetainedEarnings,trailingPurchaseOfInvestment,quarterlyRepurchaseOfCapitalStock,trailingNetIncomeContinuousOperations,quarterlyChangeInCashSupplementalAsReported,quarterlyOtherCurrentLiabilities,trailingChangeInCashSupplementalAsReported,trailingInvestingCashFlow,annualGrossPPE,annualOtherCurrentLiabilities,trailingNetOtherFinancingCharges,annualNetOtherFinancingCharges,trailingStockBasedCompensation,annualStockBasedCompensation,annualGoodwill,annualCashFlowFromContinuingFinancingActivities,trailingChangeInWorkingCapital,annualCapitalExpenditure,annualChangeInCashSupplementalAsReported,annualPurchaseOfInvestment,trailingGrossProfit,annualRepaymentOfDebt,trailingOperatingIncome,annualTotalRevenue,annualCostOfRevenue,annualOtherCurrentAssets,annualTotalNonCurrentLiabilitiesNetMinorityInterest,annualChangeInAccountPayable,trailingTotalRevenue,quarterlySellingGeneralAndAdministration,annualOperatingIncome,quarterlyCurrentLiabilities,trailingFreeCashFlow,trailingCommonStockIssuance,quarterlyCashDividendsPaid,trailingCostOfRevenue,annualCommonStockIssuance,annualFreeCashFlow,annualEndCashPosition,annualCurrentDebt,quarterlyCurrentAssets,quarterlyDepreciationAndAmortization,trailingEndCashPosition,trailingTaxProvision,quarterlyRetainedEarnings,quarterlyEbitda,quarterlyStockBasedCompensation,annualAccountsPayable,annualChangeInWorkingCapital,quarterlyOtherNonCashItems,annualCashAndCashEquivalents,quarterlyFreeCashFlow,quarterlyTotalRevenue,annualNetOtherInvestingChanges,quarterlyPurchaseOfInvestment,quarterlyTotalNonCurrentAssets,quarterlyOperatingIncome,quarterlyNonCurrentDeferredRevenue,quarterlyChangeInWorkingCapital,annualInvestmentsAndAdvances,trailingNetIncome,quarterlyTotalAssets,quarterlyNetIncomeCommonStockholders,annualTotalLiabilitiesNetMinorityInterest,annualNetIncome,trailingPretaxIncome,trailingSellingGeneralAndAdministration,annualGainsLossesNotAffectingRetainedEarnings,quarterlyTotalLiabilitiesNetMinorityInterest,annualOperatingExpense,annualNetIncomeContinuousOperations,annualAccountsReceivable,annualCurrentAssets,annualBeginningCashPosition,annualLongTermDebt,quarterlyNetIncomeContinuousOperations,annualCashDividendsPaid,annualSaleOfInvestment,quarterlyOtherCurrentAssets,annualRepurchaseOfCapitalStock,quarterlyOtherNonCurrentLiabilities,annualSellingGeneralAndAdministration,annualOtherNonCashItems,annualOtherNonCurrentAssets,trailingNetIncomeCommonStockholders,annualDepreciationAndAmortization,quarterlyStockholdersEquity,annualNetIncomeCommonStockholders,quarterlyGoodwill,annualStockholdersEquity,quarterlyNetOtherInvestingChanges,quarterlyTotalNonCurrentLiabilitiesNetMinorityInterest,quarterlyCurrentAccruedExpenses,quarterlyAccountsReceivable,quarterlyEndCashPosition,quarterlyCostOfRevenue,quarterlyInvestingCashFlow,annualTotalAssets,annualTaxProvision,quarterlyChangeInAccountPayable,quarterlyOtherIncomeExpense,trailingSaleOfInvestment,quarterlyInvestmentsAndAdvances,quarterlyGrossProfit,quarterlyInventory,annualCurrentAccruedExpenses,quarterlyNetIncome,quarterlyLongTermDebt,annualRetainedEarnings,annualDilutedEPS,trailingChangeInAccountPayable,quarterlyCurrentDeferredRevenue,quarterlyIncomeTaxPayable,trailingBasicAverageShares,quarterlyResearchAndDevelopment,annualChangeInInventory,quarterlyBasicAverageShares,quarterlyDilutedEPS,annualIncomeTaxPayable,annualDilutedAverageShares,trailingResearchAndDevelopment,quarterlyBasicEPS,quarterlyNonCurrentDeferredTaxesLiabilities,trailingDilutedEPS,trailingNetOtherInvestingChanges,annualResearchAndDevelopment,annualBasicEPS,quarterlyOtherShortTermInvestments,trailingDilutedAverageShares,annualNonCurrentDeferredTaxesLiabilities,annualCurrentDeferredRevenue,trailingCapitalExpenditure,annualOtherShortTermInvestments,quarterlyDilutedAverageShares,annualBasicAverageShares,trailingInterestExpense,trailingRepurchaseOfCapitalStock,trailingChangeInInventory,quarterlyChangeInInventory,trailingBasicEPS
1970-01-01 00:00:01.569801600,420708000.0,-6929000.0,,,,,,,,,-5412000.0,-874735000.0,,,,,,,,,213800000.0,,,7400000.0,,,,166773000.0,,,,,,,-29798000.0,45200000.0,44190000.0,,,,-3450000.0,,,234297000.0,-214500000.0,,,,96184000.0,,-359428000.0,,4255000.0,,,,,,-117158000.0,,219977000.0,,,25584000.0,-389434000.0,,,-46260000.0,-20100000.0,17387000.0,,,252300000.0,-3743000.0,-214500000.0,45200000.0,,637472000.0,,403175000.0,2500000.0,,,,,691589000.0,,1500000.0,,420708000.0,285491000.0,,54117000.0,,-207100000.0,0.0,,,,122046000.0,-2397000.0,,,,,3400000.0,,45200000.0,,,0.0,,,,,,,219977000.0,,,8300000.0,1400000.0,217580000.0,47705000.0,,,,1400000.0,,,0.0,,,,,,,,,1900000.0,,195841000.0,700000.0,,1400000.0,,251200000.0,,,,,,,,259500000.0,,,,273926000.0,,,,,,,-1100000.0,,,,,,,,,,,,,,,,,,,,,,,,,,,,,,,
,,,,,,,,,,307900000.0,,,,,,45200000.0,,,,,,,1800000.0,,1800000.0,,-99200000.0,,,,,,,0.0,,,,,54500000.0,,,,1300000.0,,,,,,,,,,,,,,,,,,,-43400000.0,,,,,,,,,,,,,,,,,,,,,,,,,600000.0,,,,,-2500000.0,,,,,,,1400000.0,,,-2000000.0,,,,,500000.0,,-97900000.0,6300000.0,,,,4400000.0,,-5200000.0,,,315900000.0,4600000.0,,,,,,65600000.0,,,,,,,4600000.0,,,,,,,,,,,250300000.0,,,,0.0,,,,0.0,,-99200000.0,,,,,,,,,,4600000.0,57000000.0,,,,,,,,,,,,,,,,,,,,,,,,,,,,,,,,
,,,,,,,,,,363300000.0,,,,,,0.0,,,,,,,17200000.0,,17200000.0,,-53300000.0,,,,,1500000.0,,0.0,,,,,63500000.0,,,,5200000.0,,,,,,,,,,,,,,,,,,,15400000.0,,,,,,,,,,,,,,,,,,,,,,,,,600000.0,,,,,-5500000.0,,,,,,,1800000.0,,,-2900000.0,,,,,200000.0,,-48100000.0,7100000.0,,,,4700000.0,,-1500000.0,,,385600000.0,4700000.0,,,,,,136000000.0,,,,,,,4700000.0,,,,,,,,,,,249600000.0,,,,0.0,,,,0.0,,-53300000.0,,,,,,,,,,4700000.0,126000000.0,,,,,,,,,,,,,,,,,,,,,,,,,,,,,,,,
,,,,,,,,,,381000000.0,,,,,,0.0,,,,,,,6800000.0,,6800000.0,,-25600000.0,,,,,2400000.0,,-100000.0,,,,,5500000.0,,,,9800000.0,,,,,,,,,,,,,,,,,,,-10400000.0,,,,,,,,,,,,,,,,,,,,,,,,,600000.0,,,,,-8600000.0,,,,,,,2000000.0,,,-1000000.0,,,,,600000.0,,-15800000.0,7400000.0,,,,4800000.0,,2300000.0,,,398500000.0,4900000.0,,,,,,149500000.0,,,,,,,4900000.0,,,,,,,,,,,249000000.0,,,,0.0,,,,0.0,,-25600000.0,,,,,,,,,,4900000.0,140200000.0,,,,,,,,,,,,,,,,,,,,,,,,,,,,,,,,
,,,,,,,,,,438300000.0,,,,,,0.0,,,,,438300000.0,,2300000.0,19400000.0,2300000.0,,-71100000.0,,,,,2700000.0,,0.0,,2300000.0,,,63400000.0,,,,3100000.0,,-249200000.0,,6500000.0,,,,,,,,,,,,,,,-4500000.0,,,,,,,-100000.0,,,,186900000.0,,-249200000.0,-42900000.0,,,-400000.0,,28500000.0,,,,,,300000.0,19100000.0,,,,-2500000.0,,,-229800000.0,0.0,,,2100000.0,,,-4000000.0,,,,-7200000.0,-1200000.0,2300000.0,-68000000.0,7600000.0,0.0,,,5000000.0,,-2800000.0,,,464400000.0,5000000.0,215800000.0,19200000.0,,,,215800000.0,,19200000.0,,,45200000.0,206000000.0,5000000.0,-19100000.0,,,,,2100000.0,100000.0,,,7300000.0,248600000.0,19200000.0,,248600000.0,0.0,,,,0.0,,-71100000.0,464400000.0,,,,,,,,,5000000.0,206000000.0,-4000000.0,,,,,,,,,,,,,,,,,,,,,,,,,,,,,,,
,,,,,,,-200000.0,,,443700000.0,,,,,,2300000.0,,,,,,,4300000.0,,4300000.0,,-9200000.0,,,,,3200000.0,,-100000.0,,,,,2200000.0,,,,9000000.0,,,,,,,,,,,,,,,,,,,2000000.0,,,,,,,,,,,,,,,,,,,,,,,,,600000.0,,,,,-5500000.0,,,,,,,2300000.0,,,-4400000.0,,,,,400000.0,,-200000.0,8300000.0,,,,5400000.0,,900000.0,,,472800000.0,5400000.0,,,,,,224600000.0,,,,,,,5400000.0,,,,,,,,,,,248200000.0,,,,0.0,,,,0.0,,-9200000.0,,,,,,,,,,5400000.0,213700000.0,,,,,,,,,,,,,,,,,,,,,,,,,,,,,,,,
,,,,,,,-400000.0,,,463500000.0,,,,,,0.0,,,,,,,4000000.0,,4000000.0,,-23000000.0,,,,,3400000.0,,21200000.0,,,,,14900000.0,,,,7700000.0,,,,,,,,,,,,,,,,,,,-400000.0,,,,,,,,,,,,,,,,,,,,,,,,,600000.0,,,,,-5900000.0,,,,,,,2500000.0,,,-5200000.0,,,,,-500000.0,,-15300000.0,8600000.0,,,,5600000.0,,100000.0,,,493700000.0,5500000.0,,,,,,225100000.0,,,,,,,5500000.0,,,,,,,,,,,268600000.0,,,,0.0,,,,0.0,,-23000000.0,,,,,,,,,,5500000.0,213500000.0,,,,,,,,,,,,,,,,,,,,,,,,,,,,,,,,
,,,,,,,-300000.0,,,476800000.0,,,,,,0.0,,,200000.0,,,,4300000.0,,4300000.0,,-4300000.0,,,,,3300000.0,,100000.0,,,,,-3500000.0,,,,8100000.0,,,,,,,,,,,,,,,-3300000.0,,,,300000.0,,,,,,,,,,,,,,,,,,,,,,,,,500000.0,,,,,-6300000.0,,,,,,,2500000.0,,,-5300000.0,,,,,,,3800000.0,9200000.0,,,,6200000.0,,-600000.0,,,496000000.0,6200000.0,,,,,,227400000.0,,,,,,,6200000.0,,,,,,,,,,,268600000.0,,,,0.0,,,,4300000.0,,-4300000.0,,,,,,,,,,6200000.0,216200000.0,,,,,,,,,,,,,,,,,,,,,,,,,,,,,,,,
,,,200000.0,,,,-200000.0,,,466400000.0,,,,,,4300000.0,,,200000.0,,466400000.0,,22300000.0,33400000.0,22300000.0,,-4700000.0,,,,,3400000.0,,-200000.0,,22300000.0,,,14100000.0,,,,8600000.0,,-41200000.0,,13300000.0,,,,,,,,,,,-3200000.0,,,,18000000.0,,,,,,,-100000.0,,,,27700000.0,,-41200000.0,19900000.0,,,-1100000.0,,35400000.0,,,,,,500000.0,23200000.0,,,,-6300000.0,,,-7800000.0,22300000.0,,,2700000.0,,,-5500000.0,,,,-100000.0,,22300000.0,3900000.0,9300000.0,0.0,,,6100000.0,,-500000.0,9100000.0,,516300000.0,6100000.0,249900000.0,23200000.0,,,-3200000.0,249900000.0,,23200000.0,,,2300000.0,238700000.0,6100000.0,-24000000.0,,,,,2200000.0,300000.0,,,10000000.0,266400000.0,23200000.0,,266400000.0,0.0,,,,22300000.0,,-4700000.0,516300000.0,,,,,9100000.0,,,,6100000.0,238700000.0,-5500000.0,,,,,,,,,,,,,,,,,,,,,,,,,,,,,,,
,,,,,,,-310000.0,,,498317000.0,,,,,,22265000.0,,,152000.0,,,,7384000.0,,7384000.0,,,,,,,4437000.0,,0.0,,,,,13684000.0,,,,8442000.0,,,,,,,,,,,,,,,-4438000.0,,,,-14881000.0,,,,,,,,,,,,,,,,,,,,,,,,,494000.0,,,,,-6273000.0,,,,,,,2696000.0,,,-5920000.0,,,,,-111000.0,,8442000.0,9439000.0,,,,6249000.0,,-392000.0,,,536135000.0,6249000.0,,,,,,269961000.0,,,,,,,6249000.0,,,,,,,,,,,266174000.0,,,,-3156000.0,,,,7384000.0,,-37007000.0,,,,,,,,,,6249000.0,258602000.0,,,,,,,,,,,,,,,,,,,,,,,,,,,,,,,,
,,,,,,,-5337000.0,,,465535000.0,,,,,,7384000.0,,,152000.0,,,,17789000.0,,17789000.0,,,,,,,4619000.0,,0.0,,,,,-15055000.0,,,,10068000.0,,,,,,,,,,,,,,,-4325000.0,,,,10405000.0,,,,,,,,,,,,,,,,,,,,,,,,,495000.0,,,,,-6620000.0,,,,,,,2619000.0,,,-5991000.0,,,,,,,-26959000.0,9560000.0,,,,6446000.0,,893000.0,,,527970000.0,6446000.0,,,,,,264852000.0,,,,,,,6446000.0,,,,,,,,,,,263118000.0,,,,18568000.0,,,,17789000.0,,15392000.0,,,,,,27274000.0,,,,6446000.0,253265000.0,,,,,,,,,,,,,,,,,,,,,,,,,,,,,,,,
,,,,,,,-9344000.0,,,463037000.0,,,,,,17789000.0,,,152000.0,,,,7619000.0,,7619000.0,,,,,,,4840000.0,,0.0,,,,,-17171000.0,,,,8251000.0,,,,,,,,,,,,,,,-4213000.0,,,,-10170000.0,,,,,,,,,,,,,,,,,,,,,,,,,393000.0,,,,,-6520000.0,,,,,,,2571000.0,,,-6617000.0,,,,,,,45278000.0,8820000.0,,,,5856000.0,,-176000.0,,,517466000.0,5856000.0,,,,,,256169000.0,,,,,,,5856000.0,,,,,,,,,,,261297000.0,,,,-816000.0,,,,7619000.0,,-1250000.0,,,,,,28090000.0,,,,5856000.0,243921000.0,,,,,,,,,,,,,,,,,,,,,,,,,,,,,,,,
,,,152000.0,,,,626000.0,,,460537000.0,,,,,,7619000.0,,,152000.0,,460537000.0,,5948000.0,30682000.0,5948000.0,,,,,,,5013000.0,,0.0,,5948000.0,,,-5936000.0,,,,3921000.0,,-22521000.0,,18909000.0,,,,,,,,,,,-4100000.0,,,,-1671000.0,,,,,,,0.0,,,,-24478000.0,,-37816000.0,-16317000.0,,,-14365000.0,,36482000.0,,,,,,468000.0,24172000.0,,,,-6478000.0,,,-7134000.0,5948000.0,,,2574000.0,,,-7474000.0,,,,-1088000.0,,5948000.0,-33895000.0,8664000.0,0.0,,,5622000.0,,-1413000.0,27391000.0,,513534000.0,5622000.0,252915000.0,24172000.0,,,-4100000.0,252915000.0,,24172000.0,,,22265000.0,244547000.0,5622000.0,-25891000.0,15295000.0,,,,1850000.0,-2862000.0,,,10460000.0,260619000.0,24172000.0,,260619000.0,-14596000.0,,,,5948000.0,,344000.0,513534000.0,,,,,27391000.0,,,,5622000.0,244547000.0,-7474000.0,,,,,,,,,,,,,,,,,,,,,,,,,,,,,,,
,,,,,,,-119628000.0,,,458924000.0,,,,,,5948000.0,,,152000.0,,,,5781000.0,,5781000.0,,,,,,,4998000.0,,-6495000.0,,,,,-7601000.0,,,,6689000.0,,,,,,,,,,,,,,,-4017000.0,,,,-167000.0,,,,,,,,,,,,,,,,,,,,,,,,,563000.0,,,,,-6478000.0,,,,,,,2574000.0,,,-8292000.0,,,,,,,6689000.0,8945000.0,,,,5808000.0,,-1693000.0,,,518869000.0,5808000.0,,,,,,258985000.0,,,,,,,5808000.0,,,,,,,,,,,259884000.0,,,,,,,,5781000.0,,745000.0,,,,,,26193000.0,,,,5808000.0,249919000.0,,,,,,,,,,,,,,,,,,,,,,,,,,,,,,,,
,,,,,,,-4349000.0,,,473850000.0,,,,,,5781000.0,,,152000.0,,,,4430000.0,,4430000.0,,,,,,,4849000.0,,79000.0,,,,,9105000.0,,,,6860000.0,,,,,,,,,,,,,,,-3935000.0,,,,-1351000.0,,,,,,,,,,,,,,,,,,,,,,,,,1010000.0,,,,,-6625000.0,,,,,,,2574000.0,,,-9350000.0,,,,,,,6860000.0,9153000.0,,,,5569000.0,,-1283000.0,,,532430000.0,5569000.0,,,,,,273443000.0,,,,,,,5569000.0,,,,,,,,,,,258987000.0,,,,,,,,4430000.0,,-17316000.0,,,,,,27590000.0,,,,5569000.0,265570000.0,,,,,,,,,,,,,,,,,,,,,,,,,,,,,,,,
,,,,,,,753000.0,,,471351000.0,,,,,,4430000.0,,,153000.0,,,,10066000.0,,10066000.0,,,,,,,5102000.0,,0.0,,,,,-835000.0,,,,8758000.0,,,,,,,,,,,,,,,-4685000.0,,,,5636000.0,,,,,,,,,,,,,,,,,,,,,,,,,493000.0,,,,,-6628000.0,,,,,,,2574000.0,,,-9955000.0,,,,,,,-8657000.0,9121000.0,,,,6054000.0,,466000.0,,,535913000.0,6054000.0,,,,,,277341000.0,,,,,,,6054000.0,,,,,,,,,,,258572000.0,,,,-2287000.0,,,,10066000.0,,-2287000.0,,,,,,27698000.0,,,,6054000.0,269505000.0,,,,,,,,,,,,,,,,,,,,,,,,,,,,,,,,
,,,153000.0,,,,-2926000.0,,,515972000.0,,,,,,10066000.0,,,153000.0,,515972000.0,,24590000.0,32829000.0,24590000.0,,-4961000.0,,,,,5385000.0,,0.0,,24590000.0,,,19411000.0,,,,10522000.0,,-34267000.0,,20334000.0,,,,,,,,,,,-4630000.0,,,,14524000.0,,,,,,,-6495000.0,,,,20080000.0,,-22376000.0,18642000.0,,,-126150000.0,,36536000.0,,,,,,440000.0,23580000.0,,,,-6662000.0,,,10453000.0,24590000.0,,,2727000.0,,,-10465000.0,,,,-1254000.0,390000.0,24590000.0,5561000.0,9316000.0,-13336000.0,,,6149000.0,,1256000.0,12479000.0,,583351000.0,6149000.0,325223000.0,23580000.0,,,-4630000.0,325223000.0,,23580000.0,,,5948000.0,314766000.0,6149000.0,-26393000.0,1445000.0,,,,2507000.0,54000.0,,,10449000.0,258128000.0,23580000.0,,258128000.0,-11893000.0,,,,24590000.0,,-15409000.0,583351000.0,,,,,12479000.0,,,,6149000.0,314766000.0,-10465000.0,,,,,,,,,,,,,,,,,,,,,,,,,,,,,,,
,,,,,,,-1299000.0,,,580724000.0,,,,,,24590000.0,,,176000.0,,,,13877000.0,,13877000.0,,-52483000.0,,,,,5733000.0,,0.0,,,,,34854000.0,,,,6829000.0,,,,,,,,,,,,,,,-4451000.0,,,,-10713000.0,,,,,,,,,,,,,,,,,,,,,,,,,522000.0,,,,,-6659000.0,,,,,,,2898000.0,,,-11742000.0,,,,,-305000.0,,-45654000.0,10438000.0,,,,6947000.0,,-2641000.0,,,638763000.0,6877000.0,,,,,,323851000.0,,,,,,,6877000.0,,,,,,,,,,,299842000.0,,,,87000.0,,,,13877000.0,,-52396000.0,,,,,,12398000.0,,,,6877000.0,313467000.0,,,,,,,,,,,,,,,,,,,,,,,,,,,,,,,,
,,,,,,,-1241000.0,,,630795000.0,,,,,,13877000.0,,,199000.0,,,,16007000.0,,16007000.0,,,,,,,5883000.0,,55435000.0,,,,,46185000.0,,,,8997000.0,,,,,,,,,,,,,,,-1526000.0,,,,2130000.0,,,,,,,,,,,,,,,,,,,,,,,,,567000.0,,,,,-8125000.0,,,,,,,3248000.0,,,-13167000.0,,,,,-1892000.0,,61480000.0,11491000.0,,,,7601000.0,,415000.0,,,691949000.0,6732000.0,,,,,,322403000.0,,,,,,,7226000.0,,,,,,,,,,,354171000.0,,,,76000.0,,,,16007000.0,,-53052000.0,,,,,,10971000.0,,,,7226000.0,312226000.0,,,,,,,,,,,,,,,,,,,,,,,,,,,,,,,,
,,,,,,,-1279000.0,,,665556000.0,,,,,,16007000.0,,,200000.0,,,,19220000.0,,19220000.0,,,,,,,6278000.0,,-55523000.0,,,,,12124000.0,,,,11334000.0,,,,,,,,,,,,,,,-5264000.0,,,,3213000.0,,,,,,,,,,,,,,,,,,,,,,,,,589000.0,,,,,-8650000.0,,,,,,,3658000.0,,,-14280000.0,,,,,2626000.0,,-120155000.0,13060000.0,,,,8788000.0,,-3160000.0,,,712997000.0,7047000.0,,,,,,344165000.0,,,,,,,8413000.0,,,,,,,,,,,353457000.0,,,,5633000.0,,,,19220000.0,,-20245000.0,,,,,,,,,,8413000.0,332947000.0,,,,,,,,,,,,,,,,,,,,,,,,,,,,,,,,
,,,200000.0,,,,-1330000.0,,,679937000.0,,,,,,19220000.0,,,200000.0,,679937000.0,,10091000.0,45855000.0,10091000.0,,-32185000.0,,,,,6580000.0,,-1614000.0,,10091000.0,,,1824000.0,,,,18695000.0,,-155341000.0,,24475000.0,,,,,,,,,,,-4801000.0,,,,-9129000.0,,,,,,,-1702000.0,,,,94987000.0,,-163674000.0,-14499000.0,,,-5149000.0,,48758000.0,,,,,,614000.0,32354000.0,,,,-10346000.0,,,-117819000.0,10091000.0,,,4106000.0,,,-15135000.0,,,,1159000.0,-601000.0,10091000.0,-13490000.0,13769000.0,5268000.0,,,9019000.0,,6545000.0,1109000.0,,730387000.0,7279000.0,361834000.0,31159000.0,,,-4801000.0,361834000.0,,31159000.0,,,24590000.0,346617000.0,8644000.0,-33780000.0,3065000.0,,,,2293000.0,-172000.0,,,13910000.0,353178000.0,27934000.0,,353178000.0,-528000.0,,,,10091000.0,,-29648000.0,730387000.0,,,,,1109000.0,,,,8644000.0,346617000.0,-15135000.0,,,,,,,,,,,,,,,,,,,,,,,,,,,,,,,
,,,,,,,-92737000.0,,,688477000.0,,,,,,10091000.0,,,200000.0,,,,82767000.0,,82767000.0,,-10447000.0,,,,,7234000.0,,-6906000.0,,,,,65702000.0,,,,18449000.0,,,,,,,,,,,,,,,-5844000.0,,,,72676000.0,,,,,,,,,,,,,,,,,,,,,,,,,856000.0,,,,,-10278000.0,,,,,,,3687000.0,,,-16493000.0,,,,,-3289000.0,,8002000.0,13902000.0,,,,9033000.0,,9393000.0,,,808586000.0,7292000.0,,,,,,441376000.0,,,,,,,8658000.0,,,,,,,,,,,352210000.0,,,,-113000.0,,,,82767000.0,,-11475000.0,,,,,,,,,,8658000.0,429380000.0,,,,,,,,,,,,,,,,,,,,,,,,,,,,,,,,
,,,,,,,-2434000.0,,,746628000.0,,,,,,82767000.0,,,201000.0,,,,21982000.0,,21982000.0,,-58189000.0,,,,,7477000.0,,-220000.0,,,,,-11719000.0,,,,15132000.0,,,,,,,,,,,,,,,-5613000.0,,,,-60785000.0,,,,,,,,,,,,,,,,,,,,,,,,,1150000.0,,,,,-9988000.0,,,,,,,3870000.0,,,-17639000.0,,,,,4377000.0,,-43057000.0,14564000.0,,,,9242000.0,,-1982000.0,,,807384000.0,7501000.0,,,,,,439722000.0,,,,,,,8867000.0,,,,,,,,,,,352287000.0,,,,-222000.0,,,,21982000.0,,-64198000.0,,,,,,,,,,8867000.0,426946000.0,,,,,,,,,,,,,,,,,,,,,,,,,,,,,,,,
,,,,,,,-2494000.0,,,742658000.0,,,,,,21982000.0,,,224000.0,,,,107314000.0,,107314000.0,,-8662000.0,,,,,7653000.0,,-288000.0,,,,,73705000.0,,,,13860000.0,,,,,,,,,,,,,,,-5381000.0,,,,85332000.0,,,,,,,,,,,,,,,,,,,,,,,,,929000.0,,,,,-10387000.0,,,,,,,4074000.0,,,-19201000.0,,,,,514000.0,,5198000.0,15472000.0,,,,10006000.0,,-359000.0,,,890447000.0,8265000.0,,,,,,451933000.0,,,,,,,9631000.0,,,,,,,,,,,423139000.0,,,,-273000.0,,,,107314000.0,,-2233000.0,,,,,,,,,,9631000.0,439152000.0,,,,,,,,,,,,,,,,,,,,,,,,,,,,,,,,
,,,224000.0,,,,-2598000.0,,,870944000.0,,,,,,107314000.0,,,224000.0,,870944000.0,,30527000.0,51002000.0,30527000.0,,-48377000.0,,,,,8207000.0,,-136000.0,,30527000.0,,,-14515000.0,,,,3561000.0,,-143739000.0,,30570000.0,,,,,,,,,,,-5150000.0,,,,-76787000.0,,,,,,,-7550000.0,,,,113173000.0,,-125675000.0,20436000.0,,,-100263000.0,,60991000.0,,,,,,924000.0,39149000.0,,,,-11942000.0,,,-74673000.0,30527000.0,,,4728000.0,,,-19957000.0,,,,-5118000.0,565000.0,30527000.0,-44816000.0,17052000.0,3923000.0,,,10868000.0,,-12170000.0,,,965918000.0,9072000.0,521509000.0,37594000.0,,,-5150000.0,521509000.0,,37594000.0,,,10091000.0,506555000.0,10438000.0,-42595000.0,,,,,3859000.0,2167000.0,,,16359000.0,422779000.0,32131000.0,,422779000.0,4531000.0,,,,30527000.0,,-65833000.0,965918000.0,,,,,,,,,10438000.0,506555000.0,-19957000.0,,,,,,,,,,,,,,,,,,,,,,,,,,,,,,,
,,,,,,,-68584000.0,,,1093192000.0,,,,,,30527000.0,,,232000.0,,,,31784000.0,,31784000.0,,-204325000.0,,,,,8818000.0,,-2525000.0,,,,,190722000.0,,,,29451000.0,,,,,,,,,,,,,,,-6872000.0,,,,1257000.0,,,,,,,,,,,,,,,,,,,,,,,,,1120000.0,,,,,-12076000.0,,,,,,,5060000.0,,,-21505000.0,,,,,648000.0,,-174874000.0,18921000.0,,,,11760000.0,,12413000.0,,,1164327000.0,9964000.0,,,,,,694264000.0,,,,,,,11330000.0,,,,,,,,,,,448884000.0,,,,311000.0,,,,31784000.0,,-218916000.0,,,,,,,,,,11330000.0,669997000.0,,,,,,,,,,,,,,,,,,,,,,,,,,,,,,,,
,,,,,,,-107498000.0,10349000.0,,1087911000.0,,,,,,31784000.0,,,268000.0,,,,23688000.0,,23688000.0,,-15065000.0,,,,,10026000.0,,-2539000.0,,,,,-6123000.0,,,,14808000.0,,,,,,,,,,,,,,,-6558000.0,,,,-1333000.0,,,,,,,,,,,,,,,,,,,,,,,,,1486000.0,,,,,-12957000.0,,,,,,,5956000.0,,,-24690000.0,,,,,1477000.0,,-257000.0,21605000.0,,,,12206000.0,,-4340000.0,,,1171818000.0,10350000.0,,,,,,587253000.0,,,,,,,11716000.0,,,,,,,,,,,562975000.0,,,,-9855000.0,,,,36946000.0,,-10018000.0,,,,,,,,,,11716000.0,562499000.0,,,,,,,,,,,,,,,,,,,,,,,,,,,,,,,,
,,,,,,,-3460000.0,10624000.0,,1124859000.0,,,,,,36946000.0,,,277000.0,,,,10252000.0,,10252000.0,,-51313000.0,,,,,9457000.0,,-22000.0,,,,,6394000.0,,,,14282000.0,,,,,,,,,,,,,,,-2596000.0,,,,-14147000.0,,,,,,,,,,,,,,,,,,,,,,,,,1078000.0,,,,,-15410000.0,,,,,,,6020000.0,,,-24724000.0,,,,,312000.0,,-37031000.0,23320000.0,,,,15416000.0,,-7404000.0,,,1201219000.0,13988000.0,,,,,,612916000.0,,,,,,,15354000.0,,,,,,,,,,,582159000.0,,,,16490000.0,,,,23115000.0,,-34823000.0,,,,,,,,,,15354000.0,589127000.0,,,,,,,,,,,,,,,,,,,,,,,,,,,,,,,,
,,,279000.0,,,,88619000.0,23630000.0,,1144553000.0,,,23630000.0,,,23115000.0,,,279000.0,,1144553000.0,,11255000.0,84416000.0,11255000.0,,,,,,,9753000.0,,-47000.0,,11255000.0,,,-42993000.0,,,,25875000.0,,-251790000.0,,38054000.0,,,,,,,,,,,1617000.0,,,,-5151000.0,,,,,,,-5133000.0,,,,148000000.0,,,-19374000.0,,,-90923000.0,,87580000.0,,,,,,1031000.0,54666000.0,,,,-15454000.0,,,84416000.0,11255000.0,,,9628000.0,,,-24873000.0,,,,1421000.0,181000.0,11255000.0,296578000.0,23733000.0,-517731000.0,,,15285000.0,,752000.0,,,1213448000.0,13948000.0,620059000.0,53713000.0,,,1617000.0,620059000.0,,53713000.0,,,30527000.0,592892000.0,15314000.0,-55897000.0,,,,,4716000.0,2618000.0,,,26664000.0,587340000.0,48250000.0,,587340000.0,-524677000.0,,,,11255000.0,,11967000.0,1213448000.0,,,,,,,,,15314000.0,592892000.0,-24873000.0,,,,,,,,,,,,,,,,,,,,,,,,,,,,,,,
,,,,,,,-61425000.0,10796000.0,,1212327000.0,,,,,,11255000.0,,,311000.0,,,,8026000.0,,8026000.0,,-78400000.0,,,,,9522000.0,,-23000.0,,,,,51610000.0,,,,23419000.0,,,,,,,,,,,,,,,941000.0,,,,-3164000.0,,,,,,,,,,,,,,,,,,,,,,,,,1280000.0,,,,,-15663000.0,,,,,,,7274000.0,,,-27323000.0,,,,,309000.0,,-54981000.0,28595000.0,,,,15813000.0,,23000.0,,,1277989000.0,13207000.0,,,,,,611176000.0,,,,,,,15813000.0,,,,,,,,,,,660964000.0,,,,207000.0,,,,8026000.0,,-78193000.0,,,,,,,,,,15813000.0,581991000.0,,,,,,,,,,,,,,,,,,,,,,,,,,,,,,,,
,,,,,,,-33556000.0,10489000.0,,1236930000.0,,,,,,8026000.0,,,314000.0,,,,7214000.0,,7214000.0,,-30394000.0,,,,,10239000.0,,-1387000.0,,,,,43854000.0,,,,22491000.0,,,,,,,,,,,,,,,-872000.0,,,,-788000.0,,,,,,,,,,,,,,,,,,,,,,,,,1899000.0,,,,,-18446000.0,,,,,,,7632000.0,,,-28680000.0,,,,,393000.0,,-7903000.0,30723000.0,,,,17322000.0,,-2856000.0,,,1340718000.0,14406000.0,,,,,,675195000.0,,,,,,,17322000.0,,,,,,,,,,,659857000.0,,,,-36739000.0,,,,7214000.0,,-67133000.0,,,,,,,,,,17322000.0,644894000.0,,,,,,,,,,,,,,,,,,,,,,,,,,,,,,,,
,,,,,,,-10748000.0,10733000.0,,1254024000.0,,,,,,7214000.0,,,314000.0,,,,8364000.0,,8364000.0,,-17931000.0,,,,,11005000.0,,-723000.0,,,,,-5124000.0,,,,23844000.0,,,,,,,,,,,,,,,6244000.0,,,,954000.0,,,,,,,,,,,,,,,,,,,,,,,,,1115000.0,,,,,-18879000.0,,,,,,,7880000.0,,,-29550000.0,,,,,263000.0,,5913000.0,31004000.0,,,,17814000.0,,-2112000.0,,,1364188000.0,14898000.0,,,,,,692369000.0,,,,,,,17814000.0,,,,,,,,,,,666353000.0,,,,165000.0,,,,8364000.0,,-17766000.0,,,,,,,,,,17814000.0,664606000.0,,,,,,,,,,,,,,,,,,,,,,,,,,,,,,,,
,,,314000.0,,,,-90980000.0,10461000.0,,1303758000.0,,,10461000.0,,,8364000.0,,,314000.0,,1303758000.0,,6546000.0,94531000.0,6546000.0,,-57033000.0,,,,,11661000.0,,-798000.0,,6546000.0,,,30331000.0,,,,24777000.0,,-219914000.0,,42427000.0,,,,,,,,,,,6618000.0,,,,-1714000.0,,,,,,,-2931000.0,,,,120671000.0,,-183758000.0,-4712000.0,,,-196709000.0,,123116000.0,,,,,,1251000.0,69094000.0,,,,-18100000.0,,,-89227000.0,6546000.0,,,8156000.0,,,-30124000.0,,,,-6788000.0,352000.0,6546000.0,-32256000.0,32795000.0,-36156000.0,,,18146000.0,,-1843000.0,,,1414165000.0,15196000.0,742509000.0,69060000.0,,,6618000.0,742509000.0,,69060000.0,,,11255000.0,714591000.0,18112000.0,-71088000.0,,,,,5544000.0,1317000.0,,,30942000.0,666421000.0,57707000.0,,666421000.0,211000.0,,,,6546000.0,,-56822000.0,1414165000.0,,,,,,,,,18112000.0,714591000.0,-30124000.0,,,,,,,,,,,,,,,,,,,,,,,,,,,,,,,
,,,,,,,-121912000.0,10159000.0,,1340884000.0,,,,,,6546000.0,,,326000.0,,,,5788000.0,,5788000.0,,-45559000.0,,,,,11239000.0,,-2247000.0,,,,,37821000.0,,,,25022000.0,,,,,,,,,,,,,,,9113000.0,,,,-732000.0,,,,,,,,,,,,,,,,,,,,,,,,,2481000.0,,,,,-18686000.0,,,,,,,8265000.0,,,-32525000.0,,,,,769000.0,,-20537000.0,35157000.0,,,,18698000.0,,-2710000.0,,,1465844000.0,15782000.0,,,,,,751391000.0,,,,,,,18698000.0,,,,,,,,,,,709351000.0,,,,-18619000.0,,,61157000.0,5788000.0,,-63575000.0,,,,,,2268000.0,,,,18698000.0,721015000.0,,,,,,,,,,,,,,,,,,,,,,,,,,,,,,,,
,,,,,,,-51014000.0,10299000.0,,1356386000.0,,,,,,5788000.0,,,326000.0,,,,7477000.0,,7477000.0,,-14066000.0,,,,,11706000.0,,-450000.0,,,,,-13848000.0,,,,29916000.0,,,,,,,,,,,,,,,15917000.0,,,,1619000.0,,,,,,,,,,,,,,,,,,,,,,,,,5295000.0,,,,,-21098000.0,,,,,,,8431000.0,,,-32836000.0,,,,,3571000.0,,15850000.0,39666000.0,,,,20795000.0,,-2535000.0,,,1488193000.0,17879000.0,,,,,,763602000.0,,,,,,,20795000.0,,,,,,,,,,,719556000.0,,,,220000.0,,,65740000.0,7477000.0,,-14449000.0,,,,,,2240000.0,,,,20795000.0,733265000.0,,,,,,,,,,,,,,,,,,,,,,,,,,,,,,,,
,,,,,,,-63188000.0,10007000.0,,1384633000.0,,,,,,7477000.0,,,326000.0,,,,7675000.0,,7675000.0,,-36006000.0,,,,,12234000.0,,-537000.0,,,,,11981000.0,,,,24009000.0,,,,,,,,,,,,,,,15696000.0,,,,203000.0,,,,,,,,,,,,,,,,,,,,,,,,,2253000.0,,,,,-21105000.0,,,,,,,8544000.0,,,-33580000.0,,,,,789000.0,,-11997000.0,36297000.0,,,,20373000.0,,-5131000.0,,,1520812000.0,17457000.0,,,,,,796783000.0,,,,,,,20373000.0,,,,,,,,,,,719261000.0,,,,219000.0,,,68069000.0,7675000.0,,-35787000.0,,,,,,2211000.0,,,,20373000.0,766520000.0,,,,,,,,,,,,,,,,,,,,,,,,,,,,,,,,
,,,381000.0,,,,-156828000.0,9366000.0,,1415175000.0,,,9366000.0,,,7675000.0,,,381000.0,,1415175000.0,,9414000.0,105562000.0,9414000.0,,-39198000.0,,,,,12259000.0,,-506000.0,,9414000.0,,,22626000.0,,,,26615000.0,,-161152000.0,,47438000.0,,,,,,,,,,,8976000.0,,,,1900000.0,,,,,,,-3740000.0,,,,58580000.0,,-134829000.0,2990000.0,,,-392942000.0,,149166000.0,,,,,,,82289000.0,,,,-21118000.0,,,-29267000.0,9414000.0,,,8628000.0,,,-24814000.0,,,,-15033000.0,413000.0,9414000.0,-12583000.0,38047000.0,-26323000.0,,,22424000.0,,-4657000.0,2182000.0,,1571279000.0,19314000.0,714123000.0,82289000.0,,,8976000.0,714123000.0,,82289000.0,76093000.0,,6546000.0,675305000.0,22424000.0,-82007000.0,,,,,,5542000.0,,,33868000.0,852682000.0,70432000.0,,852682000.0,-8143000.0,,,76093000.0,9414000.0,,-47341000.0,1571279000.0,,,,,2182000.0,,,,22424000.0,675305000.0,-24814000.0,,,,,,,,,,,,,,,,,,,,,,,,,,,,,,,
,,,,,,,-42095000.0,9165000.0,,1426241000.0,,,,,,9414000.0,,,383000.0,,,,6755000.0,,6755000.0,,-24158000.0,,,,,10952000.0,,-275000.0,,,,,34645000.0,,,,27502000.0,,,,,,,,,,,,,,,10201000.0,,,,-2708000.0,,,,,,,,,,,,,,,,,,,,,,,,,3232000.0,,,,,-21314000.0,,,,,,,8959000.0,,,-27013000.0,,,,,583000.0,,3344000.0,39656000.0,,,,22910000.0,,-4950000.0,,,1624326000.0,18054000.0,,,,,,768287000.0,,,,,,,22910000.0,,,,,,,,,,,851698000.0,,,,-40697000.0,,,,6755000.0,,-64855000.0,,,,,,2156000.0,,,,22910000.0,734456000.0,,,,,,,,,,,,,,,,,,,,,,,,,,,,,,,,
,,,,,,,-187316000.0,17003000.0,,1608121000.0,,,,,,6755000.0,,,407000.0,,,,8937000.0,,8937000.0,,-19291000.0,,,,,14632000.0,,-832000.0,,,,,143975000.0,,,,30186000.0,,,,,,,,,,,,,,,22933000.0,,,,1952000.0,,,,,,,,,,,,,,,,,,,,,,,,,2828000.0,,,,,-26004000.0,,,,,,,9805000.0,,,-26340000.0,,,,,-2116000.0,,10895000.0,42655000.0,,,,24276000.0,,-5778000.0,,,1964107000.0,20940000.0,,,,,,1022620000.0,,,,,,,24276000.0,,,,,,,,,,,921903000.0,,,,-121974000.0,,,,8937000.0,,-172209000.0,,,,,,2131000.0,,,,28275000.0,980084000.0,,,,,,,,,,,,,,,,,,,,,,,,,,,,,,,,
,,,,,,,-65656000.0,17058000.0,,1670812000.0,,,,,,8937000.0,,,407000.0,,,,10758000.0,,10758000.0,,-58056000.0,,,,,16085000.0,,-1185000.0,,,,,48047000.0,,,,35772000.0,,,,,,,,,,,,,,,29119000.0,,,,1438000.0,,,,,,,,,,,,,,,,,,,,,,,,,3023000.0,,,,,-24606000.0,,,,,,,10630000.0,,,-25880000.0,,,,,-136000.0,,-22284000.0,45124000.0,,-347000.0,,25362000.0,,-1072000.0,,,2062355000.0,20739000.0,,,,,,1114126000.0,,,,,,,26350000.0,,,,,,,,,,,929645000.0,,,,-23978000.0,,,,10758000.0,,-82381000.0,,,,,,2312000.0,,,,26350000.0,1060607000.0,,,,,,,,,,,,,,,,,,,,,,,,,,,,,,,,
,,,421000.0,,,,-178922000.0,16528000.0,,1673313000.0,,,16528000.0,,,10758000.0,,,421000.0,,1673313000.0,,15170000.0,131590000.0,15170000.0,,-11281000.0,,,,,19213000.0,,-1132000.0,,15170000.0,,,67672000.0,,,,38130000.0,,-420648000.0,,60882000.0,,,,,,,,,,,32469000.0,,,,4599000.0,,,,,,,-3424000.0,,,,294339000.0,,-112786000.0,5281000.0,-71002000.0,,-473989000.0,,176910000.0,,,,,,3887000.0,99211000.0,,,,-25891000.0,,,18804000.0,15170000.0,,,10933000.0,,,-25706000.0,,,,-11559000.0,-44000.0,15170000.0,26849000.0,49578000.0,-236860000.0,-39711000.0,,26681000.0,,241000.0,42331000.0,,2171633000.0,21518000.0,1145599000.0,104664000.0,,,32469000.0,1145599000.0,,100647000.0,32000.0,,9414000.0,1081264000.0,27129000.0,-97815000.0,,,,,12970000.0,-1713000.0,,,40327000.0,1007893000.0,81251000.0,,1007893000.0,-50211000.0,,,32000.0,15170000.0,,-101203000.0,2171633000.0,,,,,42331000.0,,,,27129000.0,1081264000.0,-25706000.0,,,,,,,,,,,,,,,,,,,,,,,,,,,,,,,
,,,,,,,-22102000.0,15677000.0,,1662196000.0,,,,,,15170000.0,,,422000.0,,,,10571000.0,,10571000.0,,-8458000.0,,,,,17468000.0,,-833000.0,,,,,430000.0,,,,26064000.0,,,,,,,,,,,,,,,26065000.0,,,,-4413000.0,,,,,,,,,,,,,,,,,,,,,,,,,4413000.0,,,,,-26955000.0,,,,,,,11472000.0,,,-27892000.0,,,,,669000.0,,17606000.0,49673000.0,,,,26591000.0,,-13199000.0,,,2181411000.0,21511000.0,,,,,,1162380000.0,,,,,,,27122000.0,,,,,,,,,,,1001421000.0,,,,-22449000.0,,,,10571000.0,,-30907000.0,,,,,,42165000.0,,,,27122000.0,1106336000.0,,,,,,,,,,,,,,,,,,,,,,,,,,,,,,,,
,,,,,,,-10933000.0,15178000.0,,1795132000.0,,,,,,10571000.0,,,482000.0,,,,12201000.0,,12201000.0,,,,,,,16960000.0,,-138000.0,,,,,239451000.0,,,,37439000.0,,,,,,,,,,,,,,,27605000.0,,,,1619000.0,,,,,,,,,,,,,,,,,,,,,,,,,3938000.0,,,,,-29307000.0,,,,,,,11164000.0,,,-29768000.0,,,,,463000.0,,45897000.0,52040000.0,,,,30830000.0,,-5598000.0,,,2461776000.0,23859000.0,,,,,,1247447000.0,,,,,,,31308000.0,,,,,,,,,,,1197198000.0,,,,-133126000.0,,,,12201000.0,,-275271000.0,,,,,,164469000.0,,,,31411000.0,1181157000.0,,,,,,,,,,,,,,,,,,,,,,,,,,,,,,,,
,,,,,,,-299289000.0,14308000.0,,1793744000.0,,,,,,12201000.0,,,504000.0,,,,11125000.0,,11125000.0,,,,,,,17689000.0,,-417000.0,,,,,119788000.0,,,,46874000.0,,,,,,,,,,,,,,,25847000.0,,,,-800000.0,,,,,,,,,,,,,,,,,,,,,,,,,3718000.0,,,,,-33588000.0,,,,,,,9548000.0,,,-28876000.0,,,,,2926000.0,,-121831000.0,57500000.0,,,,35570000.0,,-1658000.0,,,2613482000.0,28506000.0,,,,,,1286884000.0,,,,,,,36058000.0,,,,,,,,,,,1309936000.0,,,,-149360000.0,,,,11125000.0,,-167462000.0,,,,,,2412000.0,,,,36058000.0,1217569000.0,,,,,,,,,,,,,,,,,,,,,,,,,,,,,,,,
,,,504000.0,,,,-13832000.0,12400000.0,,1766452000.0,,,12400000.0,,,11125000.0,,,504000.0,,1766452000.0,,50082000.0,146256000.0,50082000.0,,-9194000.0,,,-117000.0,,20541000.0,,-1548000.0,,50082000.0,,-214078000.0,21527000.0,,,,35879000.0,,-491952000.0,,72658000.0,,,1980530000.0,,,,,-214078000.0,,,-6169000.0,,,,38506000.0,,,,1766452000.0,,,-2936000.0,,3965000.0,,381196000.0,,-177899000.0,34912000.0,,,-346156000.0,,359053000.0,,,,,,4844000.0,269432000.0,,,,-35080000.0,,224214000.0,-31643000.0,50082000.0,,,11645000.0,,,-28417000.0,,,,-32632000.0,-1796000.0,50082000.0,26685000.0,55982000.0,-124043000.0,,,32544000.0,,-12177000.0,168582000.0,,2633925000.0,27834000.0,1341274000.0,129976000.0,,,-6169000.0,1341274000.0,,129883000.0,73312000.0,,15170000.0,1262368000.0,35385000.0,-124930000.0,,,-777000.0,,16914000.0,2262000.0,,,43829000.0,1277434000.0,101710000.0,,1277434000.0,180892000.0,,35665000.0,,50082000.0,,-18312000.0,2633925000.0,,,,,168582000.0,,,35665000.0,35386000.0,1262368000.0,-28417000.0,,,,,,,,,,,,,,,,,,,,,,,,,,,,,,,
,,,,,,,-62123000.0,10746000.0,,1754748000.0,,,,,,50082000.0,,,525000.0,,,,13504000.0,,13504000.0,44354000.0,-6464000.0,,,,,17437000.0,,-318000.0,,,,-223503000.0,-50522000.0,,,,35321000.0,,,,,,,1978251000.0,,,,,,,,-2202000.0,,-1202000.0,,-36578000.0,,,,,,,,,,,,,,,,,,,,,,,,,4125000.0,,,,,-35239000.0,,,,,,,12629000.0,,,-33593000.0,,1077000.0,,,243000.0,,28857000.0,49267000.0,,,,24095000.0,,-3260000.0,,,2602098000.0,17777000.0,,,,,,1265402000.0,,,,,,,24095000.0,,,,,,,,,,,1322814000.0,,,,-14714000.0,,27684000.0,,13504000.0,,-21178000.0,,,,,,169485000.0,,,,25329000.0,1201117000.0,,,,,,,,,,,,,,,,,,,,,,,,,,,,,,,,
,,,,,,,-22160000.0,10188000.0,,1767847000.0,,,,,,13504000.0,,,390000.0,,,,16202000.0,,16202000.0,54000.0,-8323000.0,,,,,17482000.0,,-4608000.0,,,,-235472000.0,-17854000.0,,,,41696000.0,,,,,,,1767847000.0,,,,,,,,9951000.0,,0.0,,2698000.0,,,,,,,,,,,,,,,,,,,,,,,,,4278000.0,,,,,-30140000.0,,,,,,,11834000.0,,,,,1078000.0,,,250000.0,,33373000.0,49235000.0,,,,25770000.0,,1954000.0,,,2641577000.0,20152000.0,,,,,,1283464000.0,,,,,,,25995000.0,,,,,,,,,,,1345979000.0,,,,-13181000.0,,27122000.0,,16202000.0,,-21504000.0,,,,,,170402000.0,,,,25995000.0,1225356000.0,,,,,,,,,,,,,,,,,,,,,,,,,,,,,,,,
,,,,,,0.0,-74296000.0,6908000.0,,1746711000.0,,,,,,16202000.0,,,541000.0,,,,11196000.0,,11196000.0,49904000.0,-6090000.0,,,,,19355000.0,-989000.0,-220000.0,,,,-247425000.0,-29866000.0,,,,35849000.0,,,,,,,1746711000.0,,,,,,,,16985000.0,,0.0,,-5006000.0,,,,,,,,,,,,,,,,,,,,,,,,,3557000.0,,,,,-30254000.0,,,,,,,11920000.0,,,,,1083000.0,,,250000.0,,29759000.0,48767000.0,,,,-75591000.0,,-4475000.0,,,2553537000.0,-66843000.0,,,,,,1256324000.0,,,,,,,-75362000.0,,,,,,,,,,,1301206000.0,,,,-5269000.0,,28608000.0,31714000.0,11196000.0,,-11359000.0,,,,,,171319000.0,,,,-59291000.0,1184139000.0,,,,,,,,,,,,,,,,,,,,,,,,,,,,,,,,
,,,605000.0,,,-1664000.0,-108595000.0,6727000.0,,1867358000.0,,,6727000.0,,,11196000.0,,,605000.0,,1867358000.0,,23138000.0,148817000.0,23138000.0,190653000.0,-133907000.0,,,-1677000.0,,18516000.0,-1394000.0,129000.0,,23138000.0,,-258638000.0,113900000.0,,,,35951000.0,,-192002000.0,,72715000.0,1583000.0,,2125996000.0,,,,,-258638000.0,,,18961000.0,,1000.0,,11942000.0,,,,1867358000.0,,,-5017000.0,,4307000.0,,15658000.0,,-154784000.0,-26944000.0,,,-267174000.0,,198096000.0,,,,,,6537000.0,-12801000.0,,,,-31483000.0,,284965000.0,-5967000.0,23138000.0,,,11337000.0,,,-147927000.0,,1069000.0,,-8287000.0,360000.0,23138000.0,-97956000.0,50826000.0,-35541000.0,,,13026000.0,,-2506000.0,173930000.0,,2680732000.0,6713000.0,1212775000.0,8007000.0,,,18961000.0,1212775000.0,,-11906000.0,33289000.0,,50082000.0,1141423000.0,13365000.0,-127116000.0,,,-1201000.0,,18498000.0,1103000.0,,,47720000.0,1472862000.0,-22199000.0,,1472862000.0,-2390000.0,,28411000.0,33289000.0,23138000.0,,-137961000.0,2680732000.0,,,,,173930000.0,,,28411000.0,14264000.0,1141423000.0,-147927000.0,,,,,,,,,,,,,,,,,,,,,,,,,,,,,,,
,,,,,,,-29753000.0,38451000.0,,2058429000.0,,,,,,23138000.0,,,607000.0,,,,21029000.0,,21029000.0,41000.0,-112785000.0,,,,,19327000.0,-2246000.0,-3019000.0,,,,-272993000.0,121377000.0,,,,33492000.0,,,,,,,2331422000.0,,,,,,,,24027000.0,,-2182000.0,,-2109000.0,,,,,,,,,,,,,,,,,,,,,,,,,12613000.0,,,,,-35404000.0,,,,,,,12403000.0,,,-153278000.0,,1163000.0,,,269000.0,,-79293000.0,56241000.0,,-44232000.0,,28858000.0,,-2690000.0,,,2862505000.0,22523000.0,,,,,,1397512000.0,,,,,,,29091000.0,,,,,,,,,,,1470871000.0,,,,-591000.0,,48375000.0,37391000.0,21029000.0,,-157608000.0,,,,,,219552000.0,,,,30075000.0,1308623000.0,,,,,,,,,,,,,,,,,,,,,,,,,,,,,,,,
,,,,,,,-598853000.0,35534000.0,,2210278000.0,,,,,,21029000.0,,,643000.0,,,,20144000.0,,20144000.0,141014000.0,-126745000.0,,,,,18726000.0,-1142000.0,-10769000.0,,,,-273286000.0,112219000.0,,,,41151000.0,,,,,,,2210278000.0,,,,,,,,21188000.0,,0.0,,-885000.0,,,,,,,,,,,,,,,,,,,,,,,,,4744000.0,,,,,-35399000.0,,,,,,,12305000.0,,,-175463000.0,,1171000.0,,,6544000.0,,-85594000.0,58835000.0,,0.0,,16684000.0,,9000.0,,,2910654000.0,8036000.0,,,,,,1292737000.0,,,,,,,17107000.0,,,,,,,,,,,1589903000.0,,,,-19973000.0,,37190000.0,37195000.0,20144000.0,,-146718000.0,,,,,,235842000.0,,,,15588000.0,1208567000.0,,,,,,,,,,,,,,,,,,,,,,,,,,,,,,,,
,,,,,,-466000.0,-38801000.0,35642000.0,,2212552000.0,,,,,,20144000.0,,,644000.0,,,,14860000.0,,14860000.0,40000.0,-4301000.0,,,,,19274000.0,-2296000.0,-854000.0,,,,-286392000.0,-49007000.0,,,,52497000.0,,,,,,,2498944000.0,,,,,,,,29988000.0,,0.0,,-5284000.0,,,,,,,,,,,,,,,,,,,,,,,,,4087000.0,,,,,-37746000.0,,,,,,,13457000.0,,,-178255000.0,,1188000.0,,,796000.0,,48196000.0,100258000.0,,-7601000.0,,72701000.0,,1714000.0,,,2922251000.0,27457000.0,,,,,,1297801000.0,,,,,,,34859000.0,,,,,,,,,,,1596403000.0,,,,0.0,,44673000.0,36364000.0,14860000.0,,-11213000.0,,,,,,244521000.0,,,,35009000.0,1202180000.0,,,,,,,,,,,,,,,,,,,,,,,,,,,,,,,,
,,,644000.0,,,-1044000.0,-44473000.0,34951000.0,,2217047000.0,,,34951000.0,,,14860000.0,,,644000.0,,2217047000.0,,11776000.0,180391000.0,11776000.0,39000.0,-3286000.0,,,-16691000.0,,19335000.0,-2918000.0,-31000.0,,11776000.0,,-297068000.0,-51792000.0,,,,53251000.0,,-320318000.0,,74839000.0,-8602000.0,,2514115000.0,,,,,-297068000.0,6691000.0,,38842000.0,,0.0,,-3084000.0,,,,2514115000.0,,,-14673000.0,,4710000.0,693000.0,132797000.0,,-247117000.0,-11362000.0,-51833000.0,,-711880000.0,,238262000.0,,,,,,-3216000.0,106612000.0,,,,-37775000.0,,141134000.0,-66726000.0,11776000.0,,,13934000.0,,,-181856000.0,,1188000.0,,1898000.0,831000.0,11776000.0,49965000.0,62338000.0,-4586000.0,0.0,,23013000.0,6691000.0,2865000.0,248443000.0,,2923420000.0,26651000.0,1292162000.0,114874000.0,,,38842000.0,1292162000.0,,117773000.0,39814000.0,,23138000.0,1191179000.0,34174000.0,-146324000.0,,,-2182000.0,,18227000.0,8440000.0,,,52099000.0,1603239000.0,84668000.0,693000.0,1603239000.0,0.0,,56488000.0,39814000.0,11776000.0,,-4779000.0,2923420000.0,,,,,248443000.0,,,56488000.0,34202000.0,1191179000.0,-181856000.0,,,,,,,,,,,,,,,,,,,,,,,,,,,,,,,
,,,,,20881000.0,,-310305000.0,5625000.0,,2060189000.0,,,,,,11776000.0,,,646000.0,,,,15164000.0,,15164000.0,66000.0,-38628000.0,,,,,18845000.0,-1440000.0,-619000.0,,,,-305751000.0,-189205000.0,,,,35004000.0,,,,,,,2365940000.0,,,,,,,,25940000.0,,-3070000.0,,3388000.0,,,,,,,,,,,,,,,,,,,,,,,,,6741000.0,,,,,-37778000.0,,,,,,,12062000.0,,,-180326000.0,51788000.0,1367000.0,,,2411000.0,,-3624000.0,54777000.0,,-4859000.0,,20881000.0,5995000.0,-8105000.0,,,2758057000.0,34179000.0,,,,,,1138428000.0,,,,,,,21655000.0,,,,,,,,,,,1591608000.0,,,,-1524000.0,,41612000.0,38204000.0,15164000.0,,157439000.0,,,,,,253371000.0,,,,41731000.0,1050621000.0,,,,,,,,,,,,,,,,,,,,,,,,,,,,,,,,
,,,,,,,-35047000.0,48174000.0,,2024944000.0,,,,,,15164000.0,,,167000.0,,,,15740000.0,,15740000.0,79000.0,-296000.0,,90000000.0,,,17287000.0,2836000.0,-315000.0,,,,-316899000.0,-43456000.0,,,,57326000.0,,,,,,,2341843000.0,,,,,,,,25904000.0,,0.0,,576000.0,,,,,,,,,,,,,,,,,,,,,,,,,5181000.0,,,,,-40173000.0,,,,,,,12073000.0,,,-220535000.0,,1474000.0,,,652000.0,,57030000.0,57151000.0,,2746000.0,,-1765000.0,10055000.0,9332000.0,,,2729716000.0,-7549000.0,,,,,,1148371000.0,,,,,,,-984000.0,,,,,,,,,,,1553324000.0,,,,-7296000.0,,49982000.0,34983000.0,15740000.0,,-13395000.0,,,,,,255237000.0,,,,2000.0,1048122000.0,,,,,,,,,,,,,,,,,,,,,,,,,,,,,,,,
,,,,,,-461000.0,-34076000.0,4670000.0,,1998479000.0,,,,,,15740000.0,,,615000.0,,,,14302000.0,,14302000.0,50000.0,-7503000.0,,,,,17911000.0,-548000.0,-68000.0,,,,-322736000.0,-20872000.0,,,,43121000.0,,,,,,,2321215000.0,,,,,,,,22699000.0,,-80030000.0,,-1438000.0,,,,,,,,,,,,,,,,,,,,,,,,,4703000.0,,,,,-41213000.0,,,,,,,11752000.0,,,-227493000.0,,1370000.0,,,872000.0,,35618000.0,58084000.0,,-23680000.0,,34756000.0,13599000.0,-7410000.0,,,2725897000.0,25749000.0,,,,,,1229176000.0,,,,,,,35432000.0,,,,,,,,,,,1468689000.0,,,,-5472000.0,,38029000.0,34389000.0,14302000.0,,-22900000.0,,,,,,278011000.0,,,,35552000.0,1138839000.0,,,,,,,,,,,,,,,,,,,,,,,,,,,,,,,,
,,,135000.0,,,-725000.0,-46431000.0,3792000.0,,2026394000.0,,,45179000.0,,,14302000.0,,,615000.0,,2031090000.0,,14625000.0,195799000.0,14625000.0,58000.0,-6748000.0,,,-3970000.0,,17691000.0,-242000.0,-2729000.0,,14625000.0,,-335116000.0,-28782000.0,,,0.0,60348000.0,,89682000.0,,71679000.0,606000.0,,2361510000.0,,,,,-335435000.0,6850000.0,,23463000.0,,0.0,,323000.0,,,,2366525000.0,,,-3731000.0,,5610000.0,693000.0,-282315000.0,,-53175000.0,2849000.0,-2113000.0,,-425859000.0,,229980000.0,,,,,,5279000.0,99716000.0,,,,-38680000.0,,253000.0,142624000.0,14625000.0,223000000.0,,12040000.0,,,-228261000.0,,1399000.0,,-1494000.0,672000.0,14625000.0,53600000.0,59949000.0,-19688000.0,-15809000.0,,36006000.0,6850000.0,4689000.0,258672000.0,,2733995000.0,31940000.0,1235892000.0,115228000.0,,,23463000.0,1235892000.0,,102563000.0,35005000.0,,11776000.0,1154295000.0,36622000.0,-157844000.0,1700000.0,,-83100000.0,,21903000.0,4607000.0,,,47927000.0,1470049000.0,84319000.0,693000.0,1470049000.0,-8180000.0,,36036000.0,35005000.0,14625000.0,,-31462000.0,2733995000.0,,,,,258672000.0,,,36036000.0,37942000.0,1154295000.0,-228261000.0,,,,,,,,,,,,,,,,,,,,,,,,,,,,,,,
,,,,,21890000.0,,-251328000.0,4247000.0,,2050806000.0,,,,,,14625000.0,,,617000.0,,,,11474000.0,,11474000.0,56000.0,-31507000.0,,,,,18141000.0,-403000.0,-1852000.0,,,,-347586000.0,24506000.0,,,,41959000.0,,,,,,,2398392000.0,,,,,,,,23761000.0,,-3209000.0,,-3151000.0,,,,,,,,,,,,,,,,,,,,,,,,,6625000.0,,,,,-38681000.0,,,,,,,12457000.0,,,-248007000.0,52488000.0,1464000.0,,,354000.0,,10452000.0,59730000.0,,-442000.0,,21890000.0,16388000.0,-7494000.0,,,2790845000.0,15371000.0,,,,,,1312950000.0,,,,,,,21937000.0,,,,,,,,,,,1449823000.0,,,,-24451000.0,,30603000.0,35602000.0,11474000.0,,-69790000.0,,,,,,244987000.0,,,,21372000.0,1224840000.0,,,,,,,,,,,,,,,,,,,,,,,,,,,,,,,,
,,,,,,,-28335000.0,46462000.0,,2062908000.0,,,,,,11474000.0,,,617000.0,,,,12739000.0,,12739000.0,77000.0,-8917000.0,,112000000.0,,,18459000.0,860000.0,-249000.0,,,,-355945000.0,6410000.0,,,,61481000.0,,,,,,,2418853000.0,,,,,,,,20680000.0,,0.0,,1265000.0,,,,,,,,,,,,,,,,,,,,,,,,,5852000.0,,,,,-41083000.0,,,,,,,12616000.0,,,-252338000.0,,1534000.0,,,284000.0,,52564000.0,60480000.0,,-29483000.0,,36439000.0,11982000.0,7576000.0,,,2833667000.0,30797000.0,,,,,,1361157000.0,,,,,,,36439000.0,,,,,,,,,,,1472204000.0,,,,-40771000.0,,37485000.0,33138000.0,12739000.0,,-66484000.0,,,,,,246734000.0,,,,36799000.0,1270560000.0,,,,,,,,,,,,,,,,,,,,,,,,,,,,,,,,
,,,,,,-470000.0,-336737000.0,3667000.0,,2114118000.0,,,,,,12739000.0,,,617000.0,,,,25007000.0,,25007000.0,46000.0,-1670000.0,,,,,19994000.0,-2277000.0,-3696000.0,,,,-369854000.0,20493000.0,,,,41963000.0,,,,,,,2483972000.0,,,,,,,,20629000.0,,-23000.0,,12268000.0,,,,,,,,,,,,,,,,,,,,,,,,,5670000.0,,,,,-41092000.0,,,,,,,13276000.0,,,-259318000.0,,1418000.0,,,189000.0,,40293000.0,62842000.0,,-45368000.0,,33868000.0,14181000.0,-11176000.0,,,2915372000.0,28149000.0,,,,,,1448518000.0,,,,,,,34210000.0,,,,,,,,,,,1466524000.0,,,,-7347000.0,,54086000.0,35704000.0,25007000.0,,-50361000.0,,,,,,244254000.0,,,,34151000.0,1339118000.0,,,,,,,,,,,,,,,,,,,,,,,,,,,,,,,,
,,,623000.0,,,-669000.0,-42171000.0,3321000.0,2788000.0,2110646000.0,,,3321000.0,,296503000.0,25007000.0,106667000.0,-10249000.0,623000.0,256625000.0,2110646000.0,2379706000.0,10664000.0,207255000.0,10664000.0,52000.0,-31094000.0,,,-1800000.0,,20062000.0,-4528000.0,-3000.0,,10664000.0,,-375684000.0,-6989000.0,,,0.0,61852000.0,,-255783000.0,0.0,72505000.0,-6348000.0,,2486330000.0,,133866000.0,,,-375684000.0,11333000.0,65481000.0,20622000.0,,-115013000.0,,-14343000.0,,,,2486330000.0,,,-5800000.0,,5833000.0,,44420000.0,,-73188000.0,-3961000.0,-113823000.0,,-658571000.0,,321786000.0,25283000.0,,1380165000.0,8726000.0,,5023000.0,221398000.0,106667000.0,,,-41919000.0,,231000.0,207255000.0,10664000.0,,567024000.0,11905000.0,,,-275643000.0,,1417000.0,65481000.0,-5387000.0,3831000.0,10664000.0,103946000.0,138755000.0,-113823000.0,-24634000.0,2379706000.0,36864000.0,11333000.0,5707000.0,246060000.0,,2946730000.0,18843000.0,1486832000.0,121556000.0,,,20622000.0,1486832000.0,75105000.0,133866000.0,40270000.0,567024000.0,14625000.0,1368832000.0,37223000.0,-162775000.0,4494000.0,,-118245000.0,,23170000.0,4658000.0,,,50254000.0,1459521000.0,93160000.0,,1459521000.0,-41915000.0,1380165000.0,65481000.0,40270000.0,10664000.0,,-69148000.0,2946730000.0,0.0,,,,246060000.0,,2788000.0,65481000.0,29234000.0,1368832000.0,-275643000.0,,,,,,,,,,,,,,,,,,,,,,,,,,,,,,,
,,,,19623000.0,40876000.0,-433000.0,-48950000.0,,,2097101000.0,,,,,,10664000.0,,,1775792000.0,,,,11763000.0,,11763000.0,84000.0,-8174000.0,,59000000.0,,,19989000.0,-1309000.0,-67000.0,,,,-383651000.0,-24016000.0,55922000.0,,,40172000.0,,,,,,,2480752000.0,,,,,,,47798000.0,20114000.0,,-3245000.0,,1099000.0,,,,,,,,,,,,,,,,,,,,,,,,,6652000.0,,90911000.0,,,-41146000.0,,,,,,551180000.0,12822000.0,,,-277551000.0,69115000.0,1548000.0,,,999000.0,,40172000.0,82951000.0,,-12769000.0,2400612000.0,56293000.0,19984000.0,-13067000.0,,,2951792000.0,35254000.0,,,,,,1494287000.0,,,,,,,40876000.0,,,,,,,,,,,1457128000.0,,,,-12769000.0,1403376000.0,47798000.0,38246000.0,11763000.0,7035000.0,-14949000.0,,,-10460000.0,4572000.0,,247589000.0,75916000.0,,,41206000.0,1383392000.0,,,,,,,,,,,,,,,,,,,,,,,,,,,,,,,,
,,,,20070000.0,31796000.0,-189000.0,-272430000.0,2590000.0,,2137163000.0,,,,,,11763000.0,,,627000.0,,,,20030000.0,,20030000.0,5055000.0,-10719000.0,,,,,20000000.0,-1689000.0,-9465000.0,,,,-394872000.0,19366000.0,64893000.0,,,72554000.0,,,,,,,2532035000.0,,,,,,,51722000.0,20392000.0,,-1000.0,,8267000.0,,,,,,,,,,,,,,,,,,,,,,,,,6051000.0,,70092000.0,,,-67823000.0,,,,,,602580000.0,14392000.0,,,-288225000.0,71889000.0,1618000.0,,,6931000.0,,72554000.0,83557000.0,,-18631000.0,2413705000.0,57497000.0,16821000.0,18491000.0,,,3016285000.0,26524000.0,,,,,,1561648000.0,,,,,,,31796000.0,,,,,,,,,,,1454260000.0,,,,-15369000.0,1491556000.0,51722000.0,41825000.0,20030000.0,5990000.0,-83352000.0,,,10218000.0,242000.0,,252765000.0,77567000.0,2788000.0,,32476000.0,1474735000.0,,,,,,,,,,,,,,,,,,,,,,,,,,,,,,,,
,,,,20109000.0,40529000.0,-399000.0,-63451000.0,2704000.0,,2220155000.0,,,,,,20030000.0,,,636000.0,,,,24141000.0,,24141000.0,38520000.0,-8306000.0,,,,,20435000.0,-1544000.0,-4364000.0,,,,-398037000.0,44088000.0,,,-796000.0,45649000.0,,,,,,,2618192000.0,,,,,,,58273000.0,17536000.0,,0.0,,4111000.0,,,,,,,,,,,,,,,,,,,,,,,,,6764000.0,,76860000.0,,,-43226000.0,,,,,,633423000.0,11926000.0,,,-288204000.0,74294000.0,1659000.0,,,1233000.0,,45649000.0,87841000.0,,-30004000.0,2501850000.0,61153000.0,18979000.0,-10574000.0,,,3135273000.0,37551000.0,,,,,,1641812000.0,,,,,,,40529000.0,,,,,,,,,,,1493084000.0,,,,-27143000.0,1564952000.0,58273000.0,42162000.0,24141000.0,6579000.0,-85701000.0,,,-9085000.0,34000.0,,254673000.0,81262000.0,2788000.0,,43502000.0,1545973000.0,,,,,,,,,,,,,,,,,,,,,,,,,,,,,,,,
,,,673000.0,21101000.0,48209000.0,-586000.0,-167637000.0,6811000.0,,2394966000.0,,,6811000.0,-14176000.0,317048000.0,24141000.0,91880000.0,11852000.0,673000.0,292446000.0,2394966000.0,2672608000.0,7958000.0,234120000.0,7958000.0,177126000.0,-96298000.0,,0.0,-1607000.0,,20632000.0,-2621000.0,-27000.0,,7958000.0,,-409643000.0,60733000.0,83276000.0,,66000.0,75745000.0,,-336458000.0,-14787000.0,77039000.0,-7163000.0,,2804609000.0,,161461000.0,,,-409643000.0,17046000.0,72327000.0,17193000.0,,0.0,,-16183000.0,,,,2804609000.0,,,-13923000.0,,6516000.0,,100171000.0,,-123497000.0,-2706000.0,-65108000.0,,-552468000.0,,343064000.0,26016000.0,,1492382000.0,7816000.0,,6145000.0,236831000.0,91880000.0,,,-45729000.0,,220785000.0,234120000.0,7958000.0,,599668000.0,14806000.0,,,-271915000.0,78312000.0,1691000.0,72327000.0,12694000.0,-1925000.0,7958000.0,75745000.0,89350000.0,-58919000.0,-3704000.0,2672608000.0,61837000.0,17046000.0,17844000.0,247487000.0,,3272276000.0,57092000.0,1584262000.0,180226000.0,,,17193000.0,1584262000.0,80217000.0,175637000.0,44413000.0,599668000.0,10664000.0,1475336000.0,62385000.0,-197924000.0,2927000.0,,-3246000.0,,25613000.0,7238000.0,,,53946000.0,1687637000.0,156420000.0,,1687637000.0,-3638000.0,1492382000.0,72327000.0,44413000.0,7958000.0,6412000.0,-152456000.0,3272276000.0,-14176000.0,17143000.0,7004000.0,,247487000.0,82938000.0,,72327000.0,63043000.0,1475336000.0,-271915000.0,,,,,,,,,,,,,,,,,,,,,,,,,,,,,,,
,,,,22887000.0,41067000.0,,-39728000.0,6336000.0,,2431071000.0,,,,925000.0,,7958000.0,,,691000.0,,,,20406000.0,,20406000.0,79579000.0,-62885000.0,,,,,19899000.0,371000.0,-449000.0,,,,-422463000.0,33851000.0,87121000.0,,5801000.0,41530000.0,,,,,,,2853534000.0,,,,,,,47526000.0,15129000.0,,-2892000.0,,12448000.0,,,,,,,,,,,,,,,,,,,,,,,,,7462000.0,,68710000.0,,,-49638000.0,,,,,,630437000.0,15327000.0,,,-279694000.0,75848000.0,2328000.0,,,1063000.0,,41530000.0,89857000.0,,-6679000.0,2708676000.0,60521000.0,27281000.0,-16813000.0,,,3339113000.0,37581000.0,,,,,,1578599000.0,,,,,,,40142000.0,,,,,,,,,,,1760137000.0,,,,-6603000.0,1509889000.0,47526000.0,44206000.0,20406000.0,6449000.0,-62848000.0,,,-14712000.0,445000.0,,248491000.0,83408000.0,,,43533000.0,1482608000.0,,,,,,,,,,,,,,,,,,,,,,,,,,,,,,,,
,,,,23300000.0,42124000.0,,-3248000.0,9345000.0,,2659809000.0,,,,1360000.0,,20406000.0,,,691000.0,,,,13589000.0,,13589000.0,90000.0,18545000.0,,79000000.0,,,20555000.0,-904000.0,-185000.0,,,,-439242000.0,24043000.0,86496000.0,,46192000.0,72824000.0,,,,,,,3099051000.0,,,,,,,70383000.0,14225000.0,,0.0,,-6817000.0,,,,,,,,,,,,,,,,,,,,,,,,,7079000.0,,91574000.0,,,-51611000.0,,,,,,637923000.0,16002000.0,,,-290597000.0,78950000.0,2343000.0,,,1109000.0,,72824000.0,91787000.0,,-19571000.0,2894929000.0,62948000.0,29507000.0,13098000.0,,,3532852000.0,34808000.0,,,,,,1780882000.0,,,,,,,40764000.0,,,,,,,,,,,1751593000.0,,,,-19471000.0,1689308000.0,70383000.0,45642000.0,13589000.0,5539000.0,-103799000.0,,,14710000.0,-269000.0,,203873000.0,86248000.0,,,40760000.0,1659801000.0,,,,,,,,,,,,,,,,,,,,,,,,,,,,,,,,
,,,,28165000.0,43755000.0,0.0,-177590000.0,8915000.0,,2763890000.0,,,,1047000.0,,13589000.0,,,728000.0,,,,8386000.0,,8386000.0,184339000.0,-12045000.0,,,,,20801000.0,-2052000.0,-174000.0,,,,-453284000.0,93947000.0,85516000.0,,141000.0,53854000.0,,,,,,,3217174000.0,,,,,,,71511000.0,13557000.0,,0.0,,-5203000.0,,,,,,,,,,,,,,,,,,,,,,,,,6719000.0,,93751000.0,,,-51625000.0,,,,,,681538000.0,17421000.0,,,-300611000.0,82046000.0,2313000.0,,,1130000.0,,53854000.0,98738000.0,,-36059000.0,2997693000.0,64625000.0,36551000.0,-13994000.0,,,3679231000.0,36753000.0,,,,,,1751513000.0,,,,,,,42708000.0,,,,,,,,,,,1927341000.0,,,,-35918000.0,1657762000.0,71511000.0,45133000.0,8386000.0,5948000.0,-152794000.0,,,-8093000.0,-69000.0,,203894000.0,92790000.0,,,42705000.0,1621211000.0,,,,,,,,,,,,,,,,,,,,,,,,,,,,,,,,
,,,728000.0,24500000.0,53035000.0,0.0,-89687000.0,8506000.0,,2839333000.0,,,8506000.0,896000.0,360154000.0,8386000.0,104413000.0,250000.0,728000.0,323768000.0,2839333000.0,3072818000.0,3336000.0,250295000.0,3336000.0,150000.0,-28820000.0,,,0.0,,,-2629000.0,-31000.0,,3336000.0,,-465660000.0,-30254000.0,86000000.0,,77689000.0,82087000.0,,-376226000.0,1796000.0,77049000.0,-5214000.0,,3304993000.0,,179980000.0,,,-465660000.0,25623000.0,82180000.0,12566000.0,,0.0,,-5050000.0,,,,3304993000.0,,,-839000.0,,8902000.0,,121587000.0,,-85205000.0,-4622000.0,-98264000.0,,-310253000.0,,385051000.0,24897000.0,,1671146000.0,4586000.0,,6306000.0,261301000.0,104413000.0,,,-54763000.0,,264158000.0,250295000.0,3336000.0,62000000.0,629230000.0,17989000.0,,,-302776000.0,86926000.0,1918000.0,82180000.0,-9663000.0,230000.0,3336000.0,82087000.0,104670000.0,-20258000.0,-35955000.0,3072818000.0,73209000.0,25623000.0,8046000.0,205070000.0,,3702048000.0,46685000.0,1775559000.0,179633000.0,,,12566000.0,1775559000.0,98853000.0,175752000.0,48234000.0,629230000.0,7958000.0,1645523000.0,52139000.0,-207637000.0,129823000.0,,-2892000.0,,27566000.0,3532000.0,,,66739000.0,1926112000.0,155826000.0,,1926112000.0,41734000.0,1671146000.0,82180000.0,48234000.0,3336000.0,6961000.0,-56785000.0,3702048000.0,4228000.0,12681000.0,143000.0,,205070000.0,97709000.0,,82180000.0,52636000.0,1645523000.0,-302776000.0,,,,,,,,,,,,,,,,,,,,,,,,,,,,,,,
,,,,45717000.0,51257000.0,,-251100000.0,8385000.0,,2891673000.0,,,,8426000.0,,3336000.0,,,730000.0,,,,102206000.0,,102206000.0,123000.0,-118402000.0,,0.0,,,,-2330000.0,-2878000.0,,,,-471057000.0,135008000.0,97300000.0,,148000.0,57518000.0,,,,,,,3362730000.0,,,,6888000.0,,,78499000.0,8711000.0,,-8222000.0,,98870000.0,,,,,,,,,,,,,,,,,,,,,,,,,26260000.0,,101747000.0,,,-56796000.0,,,,,,774299000.0,19355000.0,,,-317814000.0,66717000.0,8349000.0,,,1144000.0,,57518000.0,99436000.0,,-18698000.0,3129003000.0,47362000.0,42628000.0,2584000.0,,,3903302000.0,36869000.0,,,,,,1993799000.0,,,,,,,42831000.0,,,,,,,,,,,1909126000.0,,,,-18550000.0,1892052000.0,78499000.0,49131000.0,102206000.0,6357000.0,-93162000.0,,,2529000.0,22482000.0,,206168000.0,93079000.0,,,42821000.0,1849424000.0,,,,,,,,,,,,,,,,,,,,,,,,,,,,,,,,
,,,,29815000.0,41192000.0,,-8559000.0,8957000.0,,3061100000.0,,,,-7506000.0,,102206000.0,,,731000.0,,,,6146000.0,,6146000.0,117000.0,-181774000.0,,100000000.0,,,,-6984000.0,-3976000.0,,,,-492602000.0,34775000.0,102815000.0,,4901000.0,62889000.0,,,,,,,3553702000.0,,,,-6711000.0,,,80855000.0,8290000.0,,-1000.0,,-96060000.0,,,,,,,,,,,,,,,,,,,,,,,,,7756000.0,,104115000.0,,,-57804000.0,,,,,,700694000.0,21849000.0,,,-326914000.0,87522000.0,2085000.0,,,1465000.0,,62889000.0,101258000.0,,-16891000.0,3290698000.0,65673000.0,39270000.0,-4370000.0,,,3991392000.0,42814000.0,,,,,,2089249000.0,,,,,,,48698000.0,,,,,,,,,,,1901766000.0,,,,-16731000.0,1985134000.0,80855000.0,53817000.0,6146000.0,5770000.0,-193764000.0,,,3506000.0,-4231000.0,,195304000.0,95488000.0,,,48766000.0,1945864000.0,,,,,,,,,,,,,,,,,,,,,,,,,,,,,,,,
,,,,31201000.0,50552000.0,,-153410000.0,9043000.0,,3343913000.0,,,,498000.0,,6146000.0,,,754000.0,,,,14614000.0,,14614000.0,99520000.0,164147000.0,,196000000.0,,,,988000.0,-98000.0,,,,-511949000.0,129530000.0,112825000.0,,667000.0,64415000.0,,,,,,,3855862000.0,,,,52000.0,,,98736000.0,5410000.0,,1000.0,,8468000.0,,,,,,,,,,,,,,,,,,,,,,,,,7482000.0,,122583000.0,,,-58326000.0,,,,,,627420000.0,23498000.0,,,-335690000.0,95136000.0,2161000.0,,,1222000.0,,64415000.0,108335000.0,,-27347000.0,3573685000.0,71638000.0,51996000.0,-12316000.0,,,4201105000.0,44244000.0,,,,,,2212034000.0,,,,,,,50054000.0,,,,,,,,,,,1988694000.0,,,,-26680000.0,2089451000.0,98736000.0,59150000.0,14614000.0,5496000.0,-185190000.0,,,-8729000.0,-539000.0,,196468000.0,102839000.0,,,50195000.0,2037455000.0,,,,,,,,,,,,,,,,,,,,,,,,,,,,,,,,
,,,771000.0,33131000.0,51814000.0,,-90245000.0,8636000.0,,3427729000.0,,,8636000.0,-936000.0,397584000.0,14614000.0,116530000.0,17280000.0,771000.0,359784000.0,3427729000.0,3638307000.0,4283000.0,278460000.0,4283000.0,90398000.0,-43791000.0,,196000000.0,,,,-3297000.0,-95000.0,,4283000.0,,-534303000.0,-7291000.0,94751000.0,,39981000.0,93638000.0,,-568539000.0,-1136000.0,75352000.0,-11623000.0,,3962032000.0,,194815000.0,,-1365000.0,-534303000.0,44952000.0,92178000.0,5622000.0,,0.0,,-10331000.0,,,,3962032000.0,,,-7047000.0,,14885000.0,693000.0,292022000.0,,-179820000.0,947000.0,-72698000.0,,-503314000.0,,421017000.0,23433000.0,,2026872000.0,5711000.0,,8101000.0,257720000.0,116530000.0,,,-60147000.0,,190158000.0,278460000.0,4283000.0,,578963000.0,24915000.0,,,-343642000.0,110409000.0,2290000.0,92178000.0,-539000.0,1219000.0,4283000.0,93638000.0,111988000.0,-31742000.0,-9762000.0,3638307000.0,73047000.0,44952000.0,13563000.0,197048000.0,,4217270000.0,46799000.0,2143402000.0,194532000.0,,,5622000.0,2143402000.0,139864000.0,194333000.0,62335000.0,578963000.0,3336000.0,1981920000.0,52750000.0,-233073000.0,45697000.0,,-8222000.0,,49599000.0,5050000.0,,,89617000.0,2073868000.0,170726000.0,693000.0,2073868000.0,30219000.0,2026872000.0,92178000.0,62335000.0,4283000.0,5810000.0,-96423000.0,4217270000.0,482000.0,8405000.0,-432000.0,,197048000.0,106178000.0,,92178000.0,52750000.0,1981920000.0,-343642000.0,,,,,,,,,,,,,,,,,,,,,,,,,,,,,,,
,,,,35178000.0,54036000.0,,-148586000.0,8269000.0,,3503451000.0,,,,-144000.0,,4283000.0,,,797000.0,,,,10980000.0,,10980000.0,125199000.0,-98672000.0,,,,,,-2968000.0,-508000.0,,,,-562195000.0,68439000.0,,,19496000.0,69077000.0,,,,,,,4065646000.0,,,,-602000.0,,,77523000.0,3708000.0,,-4208000.0,,6697000.0,,,,,,,,,,,,,,,,,,,,,,,,,9218000.0,,103744000.0,,,-64823000.0,,,,,,634231000.0,25955000.0,,,-356208000.0,104064000.0,2765000.0,,,1772000.0,,69077000.0,118768000.0,,-53659000.0,3709309000.0,78109000.0,56627000.0,-15292000.0,,,4343540000.0,48228000.0,,,,,,2156502000.0,,,,,,,54180000.0,,,,,,,,,,,2187038000.0,,,,-34163000.0,2052758000.0,77523000.0,65597000.0,10980000.0,5481000.0,-130915000.0,,,-6878000.0,-232000.0,,197589000.0,113287000.0,,,54180000.0,1996131000.0,,,,,,,,,,,,,,,,,,,,,,,,,,,,,,,,
,,,,34666000.0,55558000.0,,-54530000.0,14681000.0,,3655916000.0,,,,423000.0,,10980000.0,,,801000.0,,,,8462000.0,,8462000.0,17080000.0,,,,,,,-1359000.0,-133000.0,,,,-583848000.0,51457000.0,,,47225000.0,83455000.0,,,,,,,4239764000.0,,,,-18000.0,,,91130000.0,3485000.0,,0.0,,-2518000.0,,,,,,,,,,,,,,,,,,,,,,,,,9000000.0,,117442000.0,,,-66878000.0,,,,,,595286000.0,25666000.0,,,-368097000.0,103453000.0,2739000.0,,,1550000.0,,83455000.0,118033000.0,,-11849000.0,3864938000.0,77787000.0,49798000.0,2751000.0,,,4460224000.0,49183000.0,,,,,,2265505000.0,,,,,,,55135000.0,,,,,,,,,,,2194719000.0,,,,78013000.0,2148063000.0,91130000.0,62516000.0,8462000.0,5580000.0,-137285000.0,,,5947000.0,866000.0,,194341000.0,112453000.0,,,55135000.0,2098265000.0,,,,,,,,,,,,,,,,,,,,,,,,,,,,,,,,
,,,,36692000.0,57884000.0,,-383993000.0,15253000.0,,3776554000.0,,,,358000.0,,8462000.0,,,801000.0,,,,7311000.0,,7311000.0,173000.0,,,,,,,-14739000.0,-2888000.0,,,,-609103000.0,82672000.0,,,1016000.0,63241000.0,,,,,,,4385657000.0,,,,-44000.0,,,101019000.0,4698000.0,,-3000.0,,-1151000.0,,,,,,,,,,,,,,,,,,,,,,,,,9091000.0,,127331000.0,,,-66977000.0,,,,,,633852000.0,27601000.0,,,-377604000.0,110893000.0,2778000.0,,,1243000.0,,63241000.0,125610000.0,,-15344000.0,3987118000.0,83292000.0,55636000.0,-22220000.0,,,4620970000.0,51575000.0,,,,,,2431543000.0,,,,,,,57526000.0,,,,,,,,,,,2189427000.0,,,,-14328000.0,2304212000.0,101019000.0,67692000.0,7311000.0,5626000.0,-147051000.0,,,-4329000.0,-1129000.0,,195311000.0,119984000.0,,,57526000.0,2248576000.0,,,,,,,,,,,,,,,,,,,,,,,,,,,,,,,,
,,,802000.0,38585000.0,58057000.0,,-278157000.0,14779000.0,,3915402000.0,,,14779000.0,-84000.0,470640000.0,7311000.0,146076000.0,-1935000.0,802000.0,425465000.0,3915402000.0,4038851000.0,19335000.0,306202000.0,19335000.0,176000.0,,,,,,,-18561000.0,-11338000.0,,19335000.0,,-635535000.0,168566000.0,,,29896000.0,90429000.0,,-662147000.0,-1065000.0,92357000.0,-37627000.0,,4550937000.0,,225535000.0,,-401000.0,-635535000.0,47420000.0,119758000.0,7734000.0,,0.0,,12024000.0,,,,4550937000.0,,,-14867000.0,,11164000.0,,371134000.0,,-413848000.0,15052000.0,-194085000.0,,-865266000.0,,493242000.0,22602000.0,,2533045000.0,17025000.0,,10234000.0,325519000.0,146076000.0,,,-66984000.0,,142628000.0,306202000.0,19335000.0,0.0,826171000.0,28351000.0,,,-386509000.0,107055000.0,2882000.0,119758000.0,-30937000.0,-278000.0,19335000.0,90429000.0,130831000.0,-73941000.0,-113233000.0,4038851000.0,86331000.0,47420000.0,3824000.0,108670000.0,,4865022000.0,52190000.0,2679121000.0,224982000.0,,,7734000.0,2679121000.0,145121000.0,224982000.0,75182000.0,826171000.0,4283000.0,2485625000.0,58141000.0,-265662000.0,97633000.0,,-4211000.0,,37543000.0,4287000.0,,,107573000.0,2185901000.0,201176000.0,,2185901000.0,-103463000.0,2533045000.0,119758000.0,75182000.0,19335000.0,5915000.0,-246896000.0,4865022000.0,553000.0,22285000.0,-1440000.0,,108670000.0,124916000.0,,119758000.0,58141000.0,2485625000.0,-386509000.0,,,,,,,,,,,,,,,,,,,,,,,,,,,,,,,
,,,,39134000.0,54870000.0,,-45331000.0,14404000.0,,4027594000.0,,,,954000.0,,19335000.0,,,814000.0,,,,14446000.0,,14446000.0,68141000.0,,,150000000.0,,,,2720000.0,-34000.0,,,,-661029000.0,121053000.0,,,9739000.0,74771000.0,,,,,,,4688623000.0,,,,634000.0,,,101438000.0,8606000.0,,-6729000.0,,-4889000.0,,,,,,,,,,,,,,,,,,,,,,,,,11057000.0,,129412000.0,,,-69856000.0,,,,,,896167000.0,28077000.0,,,-404164000.0,111705000.0,3458000.0,,,1506000.0,,74771000.0,129112000.0,,-67611000.0,4150615000.0,83628000.0,61579000.0,-11266000.0,,,5046782000.0,47964000.0,,,,,,2807373000.0,,,,,,,53916000.0,,,,,,,,,,,2239409000.0,,,,-57872000.0,2677961000.0,101438000.0,80140000.0,14446000.0,6350000.0,-200715000.0,,,-12492000.0,1939000.0,,108617000.0,122762000.0,,,53916000.0,2616382000.0,,,,,,,,,,,,,,,,,,,,,,,,,,,,,,,,
,,,,43808000.0,81010000.0,,-556631000.0,22025000.0,,4594249000.0,,,,475000.0,,14446000.0,,,903000.0,,,,70872000.0,,70872000.0,211000.0,,,0.0,,,32967000.0,786000.0,-7014000.0,,,,-676364000.0,98715000.0,,,7470000.0,105499000.0,,,,,,,5270613000.0,,,,50000.0,,,142526000.0,9698000.0,,0.0,,56426000.0,,,,,,,,,,,,,,,,,,,,,,,,,10660000.0,,173522000.0,,,-77989000.0,,,,,,1223724000.0,33148000.0,,,-404708000.0,131050000.0,3503000.0,,,1503000.0,,105499000.0,147782000.0,,-35497000.0,4715162000.0,97902000.0,71098000.0,3668000.0,,,5938886000.0,74583000.0,,,,,,3037540000.0,,,,,,,80535000.0,,,,,,,,,,,2901346000.0,,,,-28027000.0,2864018000.0,142526000.0,87747000.0,70872000.0,6072000.0,-147909000.0,,,212000.0,16084000.0,,98888000.0,141710000.0,,,80535000.0,2792920000.0,,,,,,,,,,,,,,,,,,,,,,,,,,,,,,,,
,,,,46764000.0,63541000.0,,-65129000.0,29530000.0,,4853879000.0,,,,587000.0,,70872000.0,,,902000.0,,,,11412000.0,,11412000.0,200000.0,,,,,,34194000.0,6714000.0,-7166000.0,,,,-711384000.0,106889000.0,,,1577000.0,120038000.0,,,,,,,5565263000.0,,,,227000.0,,,140582000.0,10919000.0,,0.0,,-59460000.0,,,,,,,,,,,,,,,,,,,,,,,,,12070000.0,,171579000.0,,,-81016000.0,,,,,,1186287000.0,34694000.0,,,-422841000.0,132987000.0,3605000.0,,,3020000.0,,120038000.0,151397000.0,,-28836000.0,4946723000.0,98293000.0,85198000.0,16570000.0,,,6133010000.0,57003000.0,,,,,,3244702000.0,,,,,,,62954000.0,,,,,,,,,,,2888308000.0,,,,-27259000.0,3073123000.0,140582000.0,89634000.0,11412000.0,6340000.0,-286428000.0,,,-1689000.0,919000.0,,63314000.0,145057000.0,,,62954000.0,2987925000.0,,,,,,,,,,,,,,,,,,,,,,,,,,,,,,,,
,,,917000.0,46865000.0,65946000.0,,-156197000.0,28869000.0,291321000.0,4895552000.0,,,28869000.0,383000.0,544338000.0,11412000.0,167114000.0,32273000.0,917000.0,525462000.0,4895552000.0,4987926000.0,41917000.0,391100000.0,41917000.0,30517000.0,,,210000000.0,,0.0,27291000.0,-1354000.0,-111000.0,,41917000.0,,-741334000.0,6809000.0,109008000.0,,5203000.0,90792000.0,,-702213000.0,812000.0,127149000.0,8866000.0,,5636886000.0,,265367000.0,,-99000.0,-741334000.0,68227000.0,136929000.0,12483000.0,,-125025000.0,,30505000.0,240185000.0,,,5636886000.0,0.0,,-14325000.0,,14142000.0,,333466000.0,,-384449000.0,22582000.0,-135625000.0,,-823288000.0,,575991000.0,31653000.0,0.0,3097054000.0,-4920000.0,,9596000.0,367767000.0,167114000.0,,,-82860000.0,,99069000.0,391100000.0,41917000.0,,1203567000.0,37027000.0,,,-443470000.0,149720000.0,3576000.0,136929000.0,5583000.0,1580000.0,41917000.0,90792000.0,147700000.0,-111636000.0,-3681000.0,4987926000.0,87944000.0,68227000.0,-3389000.0,63505000.0,,6191493000.0,54668000.0,3264168000.0,262968000.0,,,12483000.0,3264168000.0,176571000.0,262968000.0,82528000.0,1203567000.0,19335000.0,3028827000.0,65563000.0,-311721000.0,23989000.0,0.0,-125025000.0,35375000.0,43383000.0,7609000.0,0.0,,132946000.0,2927325000.0,234218000.0,,2927325000.0,1522000.0,3097054000.0,,82528000.0,41917000.0,12891000.0,-67161000.0,6191493000.0,2399000.0,9049000.0,13331000.0,,63505000.0,134809000.0,291321000.0,,65563000.0,3028827000.0,-443470000.0,,,,,,,,,,,,,,,,,,,,,,,,,,,,,,,
,,,,50008000.0,30558000.0,,-281684000.0,28655000.0,,,,,,1020000.0,,58986000.0,,,920000.0,,,,24514000.0,,24514000.0,303000.0,,,,,,,3597000.0,-28688000.0,,,,,-20798000.0,,,11555000.0,108964000.0,,,,,,,,,,,428000.0,,,117583000.0,16481000.0,,-7116000.0,,-18832000.0,,,,,,,,,,,,,,,,,,,,,,,,,12324000.0,,150374000.0,,,-83613000.0,,,,,,1047811000.0,37684000.0,,,-500230000.0,135080000.0,3791000.0,,,32924000.0,,108964000.0,154968000.0,,-23900000.0,5191055000.0,97396000.0,81461000.0,4534000.0,,,6238866000.0,23502000.0,,,,,,3363272000.0,,,,,,,29538000.0,,,,,,,,,,,2875594000.0,,,,-12345000.0,3212898000.0,,81845000.0,40154000.0,7564000.0,-106916000.0,,,-9118000.0,-558000.0,,63639000.0,147404000.0,283624000.0,,29538000.0,3131437000.0,,,,,,,,,,,,,,,,,,,,,,,,,,,,,,,,
,,,,50558000.0,92223000.0,,-600000000.0,38946000.0,,,,,,642000.0,,40154000.0,,,920000.0,,,,3017000.0,,3017000.0,227000.0,,,,,,,-9222000.0,-8519000.0,,,,,-234550000.0,,,191983000.0,140784000.0,,,,,,,,,,,235000.0,,,122359000.0,17497000.0,,-40000.0,,-25854000.0,,,,,,,,,,,,,,,,,,,,,,,,,12976000.0,,155160000.0,,,-86218000.0,,,,,,849620000.0,37582000.0,,,-494962000.0,182557000.0,3817000.0,,,1399000.0,,140784000.0,202867000.0,,-4918000.0,5254604000.0,144975000.0,79121000.0,-10444000.0,,,6104224000.0,85545000.0,,,,,,3218256000.0,,,,,,,91581000.0,,,,,,,,,,,2885968000.0,,,,187065000.0,3063096000.0,,85669000.0,14300000.0,7334000.0,67920000.0,,,2360000.0,-18658000.0,,63304000.0,195533000.0,299166000.0,,91581000.0,2983975000.0,,,,,,,,,,,,,,,,,,,,,,,,,,,,,,,,
,,,,50165000.0,92348000.0,,-60000000.0,38177000.0,,,,,,515000.0,,14300000.0,,,920000.0,,,,74153000.0,,74153000.0,204000.0,,,,,,,-7995000.0,-86000.0,,,,,-116130000.0,,,150209000.0,151134000.0,,,,,,,,,,,92000.0,,,138829000.0,19246000.0,,,,81884000.0,,,,,,,,,,,,,,,,,,,,,,,,,11424000.0,,171626000.0,,,-86243000.0,,,,,,838121000.0,38623000.0,,,-489453000.0,157899000.0,3687000.0,,,1415000.0,,151134000.0,176409000.0,,-6702000.0,5275949000.0,119276000.0,90287000.0,23233000.0,,,6114070000.0,85797000.0,,,,,,3216875000.0,,,,,,,91833000.0,,,,,,,,,,,2897195000.0,,,,,3045249000.0,,88556000.0,96184000.0,6968000.0,46868000.0,,,,6648000.0,,25513000.0,169441000.0,,,91833000.0,2954962000.0,,,,,,,,,,,,,,,,,,,,,,,,,,,,,,,,
,,,920000.0,52031000.0,54139000.0,,-8000000.0,42491000.0,,,,,42491000.0,108000.0,669975000.0,96184000.0,201262000.0,-30480000.0,920000.0,552775000.0,,5443315000.0,5872000.0,484328000.0,5872000.0,222000.0,,,,-29473000.0,,,-8680000.0,1000.0,,5872000.0,,,-56075000.0,,,63164000.0,83446000.0,,-96812000.0,573000.0,130077000.0,-22300000.0,,,,269268000.0,,-182000.0,,79051000.0,168463000.0,12085000.0,,,,-77677000.0,,,,,,,-37292000.0,,18329000.0,,-427553000.0,,,-40479000.0,-43968000.0,,-949684000.0,,700731000.0,30756000.0,,3065105000.0,,,12165000.0,467213000.0,201262000.0,,,-86241000.0,,956000.0,484328000.0,18507000.0,,688075000.0,39541000.0,,,-521748000.0,77239000.0,7034000.0,168463000.0,-11482000.0,1436000.0,5872000.0,83446000.0,166487000.0,,-8448000.0,5443315000.0,105566000.0,79051000.0,-28805000.0,55044000.0,,6131390000.0,47997000.0,3266367000.0,266983000.0,,,12085000.0,3266367000.0,202762000.0,266983000.0,88389000.0,688075000.0,58986000.0,2986054000.0,54031000.0,-342315000.0,416911000.0,,0.0,,48889000.0,37174000.0,,,153430000.0,2865023000.0,242841000.0,,2865023000.0,,3065105000.0,,88389000.0,18507000.0,8890000.0,-104684000.0,6131390000.0,2285000.0,,-17912000.0,,55044000.0,157597000.0,,,54031000.0,2986054000.0,-521748000.0,,,,,,,,,,,,,,,,,,,,,,,,,,,,,,,
,,,,51873000.0,64744000.0,-325000.0,-66150000.0,41487000.0,,211299000.0,,,,-605000.0,,18507000.0,,,934000.0,,,,11116000.0,,11116000.0,74323000.0,,,,,,,14669000.0,-40000.0,,,,,9154000.0,211299000.0,,973000.0,122384000.0,,,,,,,211299000.0,,,,-609000.0,,,117746000.0,8397000.0,,,,3775000.0,,,,,,,,,,,,,,,,,,,,,,,,,12130000.0,,152086000.0,,,-88748000.0,,,,,,707026000.0,39743000.0,,,-546776000.0,136619000.0,3280000.0,,,1443000.0,,122384000.0,164542000.0,,-11059000.0,5724205000.0,96876000.0,85012000.0,19883000.0,,,6431231000.0,59315000.0,,,,,,3518452000.0,,,,,,,65349000.0,,,,,235612000.0,,,,,,2912779000.0,,,,,3366366000.0,,105151000.0,22282000.0,15793000.0,-127833000.0,,,,1694000.0,,55804000.0,148749000.0,,,65349000.0,3045742000.0,,,,,,,,,,,,,,,,,,,,,,,,,,,,,,,,
,,,,62676000.0,65294000.0,0.0,-152000000.0,42000000.0,,220758000.0,,,,-1300000.0,,22282000.0,,,955000.0,,,,6927000.0,,6927000.0,157084000.0,,,,,,,-2234000.0,-236000.0,,,,,235607000.0,220758000.0,,4555000.0,87372000.0,,,,,,,220758000.0,,,,-1675000.0,,,126015000.0,5174000.0,,,,-10345000.0,,,,,,,,,,,,,,,,,,,,,,,,,12230000.0,,161133000.0,,,-91241000.0,,,,,,720543000.0,42355000.0,,,-572313000.0,140606000.0,3283000.0,,,1459000.0,,87372000.0,175698000.0,,-31083000.0,6026112000.0,98251000.0,78629000.0,-14400000.0,,,6746655000.0,60560000.0,,,,,,3701757000.0,,,,,,,66594000.0,,,,,245372000.0,,,,,,3044898000.0,,,,,3540624000.0,,102050000.0,11937000.0,14771000.0,-333363000.0,,,,3321000.0,,56333000.0,160927000.0,,,66594000.0,3216623000.0,,,,,,,,,,,,,,,,,,,,,,,,,,,,,,,,
,,,,68137000.0,33403000.0,0.0,-648585000.0,41116000.0,,219459000.0,,,,-600000.0,,11937000.0,,,961000.0,,,,115839000.0,,115839000.0,53862000.0,,,,,,,500000.0,-45985000.0,,,,,-194098000.0,,,205234000.0,127506000.0,,,,,,,219459000.0,,,,-984000.0,,,121351000.0,4659000.0,,,,109831000.0,,,,,,,,,,,,,,,,,,,,,,,,,11600000.0,,156725000.0,,,-93198000.0,,,,,,687551000.0,45134000.0,,,-631851000.0,147196000.0,3790000.0,,,39852000.0,,127506000.0,184862000.0,,-66568000.0,5945739000.0,102062000.0,89797000.0,19579000.0,,,6633290000.0,27969000.0,,,,,,3592491000.0,,,,,,,34003000.0,,,,,,,,,,,3040799000.0,,,,,3435766000.0,,93884000.0,121768000.0,14663000.0,176446000.0,,,,6388000.0,,55949000.0,170199000.0,,,34003000.0,3101611000.0,,,,,,,,,,,,,,,,,,,,,,,,,,,,,,,,
