date,quarterlyOperatingExpense,annualNetPPE,annualOtherIncomeExpense,annualTotalNonCurrentAssets,annualOtherIntangibleAssets,annualCashCashEquivalentsAndMarketableSecurities,trailingGrossProfit,quarterlyCashAndCashEquivalents,quarterlyCurrentDeferredRevenue,quarterlyCashCashEquivalentsAndMarketableSecurities,annualOperatingCashFlow,annualGrossProfit,quarterlyBeginningCashPosition,quarterlyRepaymentOfDebt,trailingRepaymentOfDebt,annualEbitda,quarterlyCapitalStock,annualCashFlowFromContinuingFinancingActivities,quarterlyPurchaseOfBusiness,quarterlyNetPPE,annualDilutedAverageShares,quarterlyPretaxIncome,trailingChangeInCashSupplementalAsReported,quarterlyChangesInAccountReceivables,quarterlyCapitalExpenditure,quarterlyCashFlowFromContinuingFinancingActivities,annualGrossPPE,quarterlyInterestExpense,trailingCashFlowFromContinuingFinancingActivities,trailingDepreciationAndAmortization,quarterlyAccumulatedDepreciation,quarterlyNetOtherFinancingCharges,quarterlyOtherNonCurrentAssets,annualBeginningCashPosition,quarterlyOtherIntangibleAssets,annualPurchaseOfBusiness,trailingOtherIncomeExpense,annualOtherNonCurrentLiabilities,quarterlyNetIncome,quarterlyNetIncomeContinuousOperations,annualOtherNonCurrentAssets,annualBasicAverageShares,quarterlyOtherNonCurrentLiabilities,annualSellingGeneralAndAdministration,annualStockholdersEquity,annualCurrentAssets,annualOtherNonCashItems,annualTotalAssets,annualRepurchaseOfCapitalStock,quarterlyOtherCurrentAssets,annualLongTermDebt,quarterlyAccountsReceivable,annualCurrentLiabilities,annualNetIncomeCommonStockholders,quarterlyNetOtherInvestingChanges,annualDepreciationAndAmortization,quarterlyCostOfRevenue,trailingNetOtherInvestingChanges,trailingNetIncomeCommonStockholders,annualRetainedEarnings,quarterlyStockholdersEquity,quarterlyInvestmentsAndAdvances,annualAccountsReceivable,trailingOperatingCashFlow,quarterlyLongTermDebt,quarterlyGrossProfit,quarterlyDilutedEPS,trailingRepurchaseOfCapitalStock,quarterlyOtherIncomeExpense,quarterlyInvestingCashFlow,quarterlyEndCashPosition,quarterlyChangeInAccountPayable,trailingCommonStockIssuance,annualGainsLossesNotAffectingRetainedEarnings,quarterlyCashDividendsPaid,quarterlyCurrentLiabilities,trailingFreeCashFlow,annualOperatingIncome,quarterlyCurrentAssets,annualCommonStockIssuance,annualOtherShortTermInvestments,quarterlyDepreciationAndAmortization,quarterlyOtherNonCashItems,annualAccountsPayable,quarterlySellingGeneralAndAdministration,quarterlyBasicEPS,annualTotalNonCurrentLiabilitiesNetMinorityInterest,annualChangeInAccountPayable,annualEndCashPosition,annualTotalLiabilitiesNetMinorityInterest,annualChangeInWorkingCapital,annualOtherCurrentAssets,quarterlyRetainedEarnings,trailingTotalRevenue,trailingCostOfRevenue,quarterlyTotalNonCurrentLiabilitiesNetMinorityInterest,quarterlyTotalRevenue,trailingEndCashPosition,annualNetIncomeContinuousOperations,annualCashAndCashEquivalents,trailingPretaxIncome,annualNetOtherInvestingChanges,quarterlyBasicAverageShares,quarterlyPurchaseOfInvestment,annualPretaxIncome,annualCurrentDeferredRevenue,quarterlyFreeCashFlow,quarterlyTotalLiabilitiesNetMinorityInterest,annualCostOfRevenue,quarterlyTotalAssets,quarterlyNetIncomeCommonStockholders,trailingOperatingIncome,annualInvestmentsAndAdvances,annualFreeCashFlow,quarterlyTotalNonCurrentAssets,annualNetIncome,annualCashDividendsPaid,trailingSellingGeneralAndAdministration,annualInvestingCashFlow,annualCapitalExpenditure,trailingOperatingExpense,annualOperatingExpense,trailingCapitalExpenditure,quarterlyGrossPPE,trailingInvestingCashFlow,quarterlyOperatingCashFlow,quarterlyChangeInCashSupplementalAsReported,annualBasicEPS,quarterlyRepurchaseOfCapitalStock,annualAccumulatedDepreciation,trailingBeginningCashPosition,annualDilutedEPS,quarterlyOperatingIncome,quarterlyOtherCurrentLiabilities,trailingNetIncomeContinuousOperations,trailingCashDividendsPaid,quarterlyDilutedAverageShares,trailingInterestExpense,trailingNetIncome,quarterlyAccountsPayable,quarterlyGainsLossesNotAffectingRetainedEarnings,quarterlyChangeInWorkingCapital,quarterlyNonCurrentDeferredRevenue,annualChangesInAccountReceivables,annualNonCurrentDeferredRevenue,quarterlyStockBasedCompensation,trailingStockBasedCompensation,quarterlyEbitda,trailingNetOtherFinancingCharges,annualOtherCurrentLiabilities,annualNetOtherFinancingCharges,quarterlyCommonStockIssuance,quarterlyOtherShortTermInvestments,annualChangeInCashSupplementalAsReported,annualInterestExpense,annualRepaymentOfDebt,trailingChangeInWorkingCapital,annualPurchaseOfInvestment,annualTotalRevenue,annualCapitalStock,annualStockBasedCompensation,annualCurrentAccruedExpenses,quarterlyCurrentAccruedExpenses,trailingChangeInAccountPayable,trailingOtherNonCashItems,quarterlyIncomeTaxPayable,trailingBasicAverageShares,quarterlyResearchAndDevelopment,annualGoodwill,annualChangeInInventory,trailingTaxProvision,trailingPurchaseOfBusiness,annualIncomeTaxPayable,annualInventory,trailingDeferredIncomeTax,annualSaleOfInvestment,trailingResearchAndDevelopment,quarterlyDeferredIncomeTax,trailingSaleOfInvestment,quarterlyNonCurrentDeferredTaxesLiabilities,trailingDilutedEPS,trailingChangesInAccountReceivables,trailingPurchaseOfInvestment,annualResearchAndDevelopment,quarterlyInventory,quarterlySaleOfInvestment,annualCurrentDebt,quarterlyTaxProvision,trailingDilutedAverageShares,annualNonCurrentDeferredTaxesLiabilities,annualDeferredIncomeTax,quarterlyCurrentDebt,annualTaxProvision,trailingChangeInInventory,quarterlyChangeInInventory,quarterlyGoodwill,trailingBasicEPS
2008-12-31,,810920000.0,-12943000.0,972417000.0,134623000.0,128331000.0,474066000.0,,,,20677000.0,52244000.0,,,-1214574000.0,42806000.0,,628662000.0,,,112164500.0,,-222341000.0,,,,835570000.0,,-243621000.0,271283000.0,,,,5467000.0,,,-18806000.0,12710000.0,,,1762000.0,112075500.0,,9438000.0,599320000.0,141506000.0,12912000.0,1113923000.0,-1077000.0,,460762000.0,,24982000.0,-28448000.0,,35617000.0,,730000.0,36565000.0,-74786000.0,,,5428000.0,335027000.0,,,,-63047000.0,,,,,51804000.0,,,,258760000.0,5408000.0,,528816000.0,,,,3063000.0,,,487670000.0,-176000.0,128331000.0,512652000.0,-15000.0,0.0,,687532000.0,213466000.0,,,17816000.0,-28409000.0,128331000.0,37327000.0,-18359000.0,,,,,,,28174000.0,,,152698000.0,,-487439000.0,,-28448000.0,,40072000.0,-526475000.0,-508116000.0,321368000.0,46836000.0,-76267000.0,,-313747000.0,,,-0.253829,,-24650000.0,240157000.0,-0.253829,,,37327000.0,-255090000.0,,97058000.0,36565000.0,,,,,-4261000.0,,,9753000.0,,-34641000.0,0.0,-73139000.0,,,122864000.0,21343000.0,-59633000.0,-5504000.0,,80418000.0,755000.0,130000.0,,,,,,,,,,,,,,,,,,,,,,,,,,,,,,,,,,,,
2009-03-31,16874000.0,,,,,,,,,,,,128331000.0,-8922000.0,,,,,,,,,,-1731000.0,-2030000.0,159764000.0,,7500000.0,,,,-25345000.0,,,,,,,-6870000.0,-6800000.0,,,,,,,,,,,,,,,-304000.0,,11801000.0,,,,,,,,,18015000.0,-0.059898,,-569000.0,-38922000.0,255068000.0,-67000.0,,,,,,,,,,12400000.0,-937000.0,,3575000.0,-0.059898,,,,,,,,,,,29816000.0,,,,,,114695500.0,-36588000.0,,,3865000.0,,,,-6870000.0,,,,,,,,,,,,,,,5895000.0,126737000.0,,-1310000.0,,,,1141000.0,,,,114784000.0,,,,,825000.0,,,,58000.0,,14440000.0,,,,193645000.0,,,,,,,,,,,,,,,,,,,,,,,,,,,,,,,,,,,,,,,,,,,,,
2009-06-30,16750000.0,,,,,,,,,,,,255068000.0,-720000.0,,,,,,,,,,-292000.0,-81037000.0,171612000.0,,7428000.0,,,,-30368000.0,,,,,,,-3637000.0,-3535000.0,,,,,,,,,,,,,,,-107000.0,,10560000.0,,,,,,,,,19918000.0,-0.03171,,681000.0,-44556000.0,390479000.0,416000.0,,,,,,,,,,11711000.0,-2350000.0,,4105000.0,-0.03171,,,,,,,,,,,30478000.0,,,,,,114695500.0,,,,-72682000.0,,,,-3637000.0,,,,,,,,,,,,,,,8355000.0,135411000.0,,-2542000.0,,,,3168000.0,,,,114784000.0,,,,,1891000.0,,,,59000.0,,15813000.0,,,,205242000.0,,,,,,,,,,,,,,,,,,,,,,,,,,,,,,,,,,,,,,,,,,,,,
2009-09-30,18462000.0,,,,,,,,,,,,390479000.0,-982000.0,,,,,,,,,,-783000.0,-164921000.0,101372000.0,,7072000.0,,,,-28386000.0,,,,,,,-10144000.0,-10074000.0,,,,,,,,,,,,,,,-6857000.0,,10494000.0,,,,,,,,,21254000.0,-0.088443,,-5854000.0,-171778000.0,321791000.0,-142000.0,,,,,,,,,,11977000.0,-64000.0,,5175000.0,-0.088443,,,,,,,,,,,31748000.0,,,,,,114695500.0,,,,-163203000.0,,,,-10144000.0,,,,,,,,,,,,,,,1718000.0,-68688000.0,,-3676000.0,,,,2792000.0,,,,114784000.0,,,,,-833000.0,,,,543000.0,,16079000.0,,,,134416000.0,,,,,,,,,,,,,,,,,,,,,,,,,,,,,,,,,,,,,,,,,,,,,
2009-12-31,17577000.0,1149789000.0,-10474000.0,1429649000.0,203222000.0,219001000.0,,219001000.0,,219001000.0,21001000.0,84462000.0,321791000.0,-1047000.0,,68394000.0,1405000.0,524524000.0,,1149789000.0,112164500.0,,,-2361000.0,-163340000.0,91776000.0,1206478000.0,7346000.0,,,-56689000.0,-23788000.0,4276000.0,128331000.0,203222000.0,,,14769000.0,-4427000.0,-4364000.0,4276000.0,112075500.0,14769000.0,16068000.0,1071317000.0,243886000.0,-5517000.0,1673535000.0,-16266000.0,0.0,540028000.0,10820000.0,35247000.0,-25077000.0,-36259000.0,48808000.0,12170000.0,,,-182084000.0,1071317000.0,,10820000.0,,540028000.0,25274000.0,,,-4731000.0,-199599000.0,219001000.0,3424000.0,,,,35247000.0,,14799000.0,243886000.0,622652000.0,,12720000.0,-2166000.0,4776000.0,3213000.0,,563422000.0,3631000.0,219001000.0,598669000.0,702000.0,0.0,-182084000.0,,,563422000.0,37444000.0,,-24773000.0,219001000.0,,-43527000.0,,,,,-158307000.0,598669000.0,45024000.0,1673535000.0,-4427000.0,,,-390327000.0,1429649000.0,-25077000.0,,,-454855000.0,-411328000.0,,69663000.0,,1206478000.0,,5033000.0,-102790000.0,-0.223751,-8738000.0,-56689000.0,,-0.223751,7697000.0,0.0,,,,,,4776000.0,,-1181000.0,,-5167000.0,,156000.0,,22061000.0,,0.0,-107887000.0,89349000.0,,90670000.0,29347000.0,-11671000.0,,,129486000.0,1405000.0,816000.0,,,,,,,,,,,,,,,,,,,,,,,,,,,,,,,,,,,,
2010-03-31,20499000.0,,,,,,,128404000.0,,128404000.0,,,219001000.0,-26205000.0,,,1515000.0,,,1258896000.0,,,,-312000.0,-4828000.0,52459000.0,,9142000.0,,,-67423000.0,-30411000.0,4653000.0,,221163000.0,,,,-546000.0,-482000.0,,,15716000.0,,,,,,,0.0,,10802000.0,,,-17135000.0,,15088000.0,,,,1140197000.0,,,,533339000.0,30665000.0,-0.00476,,-1522000.0,-155602000.0,128404000.0,-3769000.0,,,,32821000.0,,,170265000.0,,,19880000.0,-1702000.0,,3188000.0,-0.00476,,,,,,,-208361000.0,,,555783000.0,45753000.0,,,,,,114695500.0,-133639000.0,,,7718000.0,588604000.0,,1728997000.0,-546000.0,,,,1558732000.0,,,,,,,,,1326319000.0,,12546000.0,-90597000.0,,-8533000.0,,,,10166000.0,0.0,,,114784000.0,,,1007000.0,,-5365000.0,,,,156000.0,,30046000.0,,,,104608000.0,,,,,,,,,,,,,,,,,,,,,,,,,,,,,,,,,,,,,,,,,,,,,
2010-06-30,22089000.0,,,,,,,176886000.0,,176886000.0,,,128404000.0,-1521000.0,,,1626000.0,,,1342915000.0,,,,-928000.0,-199540000.0,100072000.0,,8849000.0,,,-79127000.0,-25408000.0,5290000.0,,232531000.0,,,,244000.0,245000.0,,,26715000.0,,,,,,,0.0,,11259000.0,,,-4919000.0,,15672000.0,,,,1208808000.0,,,,598567000.0,31656000.0,0.002126,,-507000.0,-70820000.0,176886000.0,0.0,,,,38816000.0,,,221280000.0,,,12674000.0,-2941000.0,,3487000.0,0.002127,,,,,,,-236385000.0,,,629687000.0,47328000.0,,,,,,114695500.0,,,,-180310000.0,668503000.0,,1881514000.0,244000.0,,,,1660234000.0,,,,,,,,,1422042000.0,,19230000.0,48482000.0,,-10625000.0,,,,9567000.0,0.0,,,114784000.0,,,1007000.0,,9005000.0,,,,209000.0,,28169000.0,,,,104751000.0,,,,,,,,,,,,,,,,,,,,,,,,,,,,,,,,,,,,,,,,,,,,,
2010-09-30,24950000.0,,,,,,,221186000.0,,221186000.0,,,176886000.0,-56084000.0,,,1807000.0,,,1410137000.0,,,,-1451000.0,-87331000.0,104144000.0,,8480000.0,,,-91641000.0,-31903000.0,5381000.0,,240303000.0,,,,1133000.0,1008000.0,,,16018000.0,,,,,,,0.0,,12590000.0,,,9640000.0,,17837000.0,,,,1336905000.0,,,,594428000.0,34659000.0,0.009871,,-245000.0,-77691000.0,221186000.0,0.0,,,,42881000.0,,,258182000.0,,,18560000.0,72000.0,,5096000.0,0.009878,,,,,,,-266387000.0,,,613072000.0,52496000.0,,,,,,114695500.0,,,,-69484000.0,655953000.0,,1996907000.0,1133000.0,,,,1738725000.0,,,,,,,,,1501778000.0,,17847000.0,44300000.0,,-12015000.0,,,,9709000.0,0.0,,,114784000.0,,,1007000.0,,-2589000.0,,,,514000.0,,29563000.0,,,,170896000.0,,,,,,,,,,,,,,,,,,,,,,,,,,,,,,,,,,,,,,,,,,,,,
2010-12-31,34828000.0,1797463000.0,-5363000.0,2199461000.0,300587000.0,29270000.0,,29270000.0,,29270000.0,58503000.0,134541000.0,221186000.0,-39307000.0,,108503000.0,2026000.0,378615000.0,,1797463000.0,112164500.0,,,-4411000.0,-320286000.0,121940000.0,1900425000.0,8865000.0,,,-102962000.0,-39492000.0,9327000.0,219001000.0,300587000.0,,,29596000.0,-8734000.0,-10186000.0,9327000.0,112075500.0,29596000.0,26038000.0,1487246000.0,72334000.0,-6095000.0,2271795000.0,-51856000.0,0.0,706526000.0,16385000.0,43033000.0,-7903000.0,-2450000.0,72678000.0,17751000.0,,,-310193000.0,1487246000.0,,16385000.0,,706526000.0,36551000.0,,,-3089000.0,-322736000.0,29270000.0,-1007000.0,,,,43033000.0,,31165000.0,72334000.0,594677000.0,,21564000.0,-1524000.0,,13257000.0,,737649000.0,-4776000.0,29270000.0,780682000.0,-2496000.0,0.0,-310193000.0,,,737649000.0,54302000.0,,-9415000.0,29270000.0,,-14864000.0,,,,,-311406000.0,780682000.0,65338000.0,2271795000.0,-8734000.0,,,-553482000.0,2199461000.0,-7903000.0,,,-626849000.0,-611985000.0,,103376000.0,,1900425000.0,,8880000.0,-191916000.0,-0.070515,-20683000.0,-102962000.0,,-0.070515,1723000.0,0.0,,,,,,,,-3547000.0,,-7102000.0,,434000.0,,23294000.0,,0.0,-127214000.0,214422000.0,,-189731000.0,35336000.0,-123117000.0,,,199879000.0,2026000.0,1313000.0,,,,,,,,,,,,,,,,,,,,,,,,,,,,,,,,,,,,
2011-03-31,34058000.0,,,,,,,207405000.0,,207405000.0,,,29270000.0,-110496000.0,,,2251000.0,,,1811307000.0,,,,866000.0,-32281000.0,181497000.0,,10346000.0,,,-118851000.0,-35801000.0,10390000.0,,298330000.0,,,,2150000.0,1446000.0,,,29609000.0,,,,,,,0.0,,15221000.0,,,3809000.0,,23772000.0,,,,1656705000.0,,,,728101000.0,46290000.0,0.018731,,-558000.0,-28472000.0,207405000.0,,,,,44555000.0,,,247996000.0,,,23998000.0,-504000.0,,7308000.0,0.018745,,,,,,,-346574000.0,,,758921000.0,70062000.0,,,,,,114695500.0,,,,-7171000.0,803476000.0,,2464070000.0,2150000.0,,,,2216074000.0,,,,,,,,,1930158000.0,,25110000.0,178135000.0,,-7916000.0,,,,12232000.0,0.0,,,114784000.0,,,,,-1808000.0,,,,897000.0,,38982000.0,,,,210210000.0,,,,,,,,,,,,,,,,,,,,,,,,,,,,,,,,,,,,,,,,,,,,,
2011-06-30,33456000.0,,,,,,,154287000.0,,154287000.0,,,207405000.0,-60411000.0,,,2267000.0,,,1774259000.0,,,,1932000.0,-3338000.0,-94720000.0,,10319000.0,,,-135012000.0,-25961000.0,35361000.0,,286957000.0,,,,1171000.0,467000.0,,,32426000.0,,,,,,,0.0,,13190000.0,,,9264000.0,,21629000.0,,,,1628393000.0,,,,667540000.0,45655000.0,0.010202,,-1439000.0,5926000.0,154287000.0,,,,,46509000.0,,,182583000.0,,,27075000.0,1078000.0,,6755000.0,0.01021,,,,,,,-386322000.0,,,701651000.0,67284000.0,,,,,,114695500.0,,,,32338000.0,748160000.0,,2380328000.0,1171000.0,,,,2197745000.0,,,,,,,,,1909271000.0,,35676000.0,-53118000.0,,-9768000.0,,,,12199000.0,0.0,,,114784000.0,,,,,5599000.0,,,,645000.0,,39274000.0,,,,1420000.0,,,,,,,,,,,,,,,,,,,,,,,,,,,,,,,,,,,,,,,,,,,,,
2011-09-30,35520000.0,,,,,,,122303000.0,,122303000.0,,,154287000.0,-17329000.0,,,2278000.0,,,1785287000.0,,,,-1918000.0,-3410000.0,-50212000.0,,10916000.0,,,-148473000.0,-22853000.0,7527000.0,,279294000.0,,,,225000.0,234000.0,,,32511000.0,,,,,,,0.0,,14838000.0,,,-3836000.0,,22883000.0,,,,1597139000.0,,,,650111000.0,47057000.0,0.00196,,-404000.0,-7246000.0,122303000.0,,,,,48425000.0,,,155083000.0,,,25359000.0,589000.0,,8160000.0,0.001962,,,,,,,-427537000.0,,,684726000.0,69940000.0,,,,,,114695500.0,,,,22064000.0,733151000.0,,2334074000.0,225000.0,,,,2178991000.0,,,,,,,,,1933760000.0,,25474000.0,-31984000.0,,-10033000.0,,,,11537000.0,0.0,,,114784000.0,,,,,-2207000.0,,,,1137000.0,,38897000.0,,,,3000.0,,,,,,,,,,,,,,,,,,,,,,,,,,,,,,,,,,,,,,,,,,,,,
2011-12-31,33203000.0,1806471000.0,-2130000.0,2192762000.0,272390000.0,69491000.0,,69491000.0,,69491000.0,111807000.0,185678000.0,122303000.0,-10847000.0,,156983000.0,2284000.0,-5628000.0,,1806471000.0,114784000.0,,,1544000.0,-38390000.0,-42193000.0,1971254000.0,9737000.0,,,-164783000.0,-24391000.0,8921000.0,29270000.0,272390000.0,,,31762000.0,1995000.0,2007000.0,8921000.0,114695500.0,31762000.0,28695000.0,1567340000.0,98867000.0,856000.0,2291629000.0,-37680000.0,0.0,639149000.0,12658000.0,47801000.0,5541000.0,2224000.0,104045000.0,20295000.0,,,-467249000.0,1567340000.0,,12658000.0,,639149000.0,45237000.0,,,-303000.0,-36166000.0,69491000.0,0.0,,,,47801000.0,,49441000.0,98867000.0,214641000.0,,27613000.0,-307000.0,,6472000.0,,672703000.0,0.0,69491000.0,720504000.0,-3355000.0,0.0,-467249000.0,,,672703000.0,65532000.0,,5593000.0,69491000.0,,11461000.0,,,,,-12843000.0,720504000.0,88760000.0,2291629000.0,1995000.0,,,34388000.0,2192762000.0,5541000.0,,,-65958000.0,-77419000.0,,136237000.0,,1971254000.0,,25547000.0,-52812000.0,0.048311,-9963000.0,-164783000.0,,0.048273,12034000.0,0.0,,,,,,,,-4939000.0,,2424000.0,,542000.0,,39647000.0,,0.0,-109006000.0,3008000.0,,40221000.0,41892000.0,-199083000.0,,,274438000.0,2284000.0,3221000.0,,,,,,,,,,,,,,,,,,,,,,,,,,,,,,,,,,,,
2012-03-31,35507000.0,,,,,,,35120000.0,,35120000.0,,,69491000.0,-184563000.0,,,2295000.0,,,1973458000.0,,,,84000.0,-220595000.0,160338000.0,,11033000.0,,,-181719000.0,-27183000.0,9438000.0,,296731000.0,,,,-315000.0,-307000.0,,,36169000.0,,,,,,,0.0,,12388000.0,,,-219000.0,,22716000.0,,,,1535757000.0,,,,836466000.0,48527000.0,-0.002748,,-2321000.0,-220814000.0,35120000.0,,,,,43244000.0,,,65435000.0,,,26716000.0,508000.0,,8150000.0,-0.002748,,,,,,,-509066000.0,,,874905000.0,71243000.0,,,,,,114612147.0,,,,-194490000.0,918149000.0,,2457596000.0,-315000.0,,,,2392161000.0,,,,,,,,,2155177000.0,,26105000.0,-34371000.0,,-9916000.0,,,,13020000.0,0.0,,,114612147.0,,,,,-2039000.0,,,,,,40377000.0,,,,0.0,,,,,,,,,,,,,,,,,,,,,,,,,,,,,,,,,,,,,,,,,,,,,
2012-06-30,50120000.0,,,,,,,23977000.0,,23977000.0,,,35120000.0,-163211000.0,,,2291000.0,,,2001932000.0,,,,863000.0,-5654000.0,-28523000.0,,15932000.0,,,-199601000.0,-29293000.0,67347000.0,,295665000.0,,,,-19322000.0,-19314000.0,,,32688000.0,,,,,,,0.0,,11297000.0,,,1278000.0,,24730000.0,,,,1475005000.0,,,,859318000.0,51531000.0,-0.16,,-4856000.0,-4376000.0,23977000.0,,,,,59217000.0,,,51923000.0,,,30250000.0,4787000.0,,17452000.0,-0.16,,,,,,,-567211000.0,,,899004000.0,76261000.0,,,,,,114718000.0,,,,16102000.0,958221000.0,,2436867000.0,-19322000.0,,,,2384944000.0,,,,,,,,,2201533000.0,,21756000.0,-11143000.0,,-22019000.0,,,,1411000.0,0.0,,,114718000.0,,,,,-864000.0,,,,,,32375000.0,,,,0.0,,,,,,,,,,,,,,,,,,,,,,,,,,,,,,,,,,,,,,,,,,,,,
2012-09-30,39723000.0,,,,,,,8340000.0,,8340000.0,,,23977000.0,-26758000.0,,,2143000.0,,,1985675000.0,,,,-2854000.0,-22728000.0,-24532000.0,,14132000.0,,,-217397000.0,-15312000.0,2988000.0,,287741000.0,,,,-2952000.0,-2931000.0,,,30598000.0,,,,,,,0.0,,14220000.0,,,-4319000.0,,25809000.0,,,,1286589000.0,,,,1000479000.0,52289000.0,-0.02,,-1341000.0,-27047000.0,8340000.0,,,,,67260000.0,,,60193000.0,,,28975000.0,2520000.0,,10265000.0,-0.02,,,,,,,-601002000.0,,,1040595000.0,78098000.0,,,,,,109132000.0,,,,13214000.0,1107855000.0,,2403913000.0,-2952000.0,,,,2343720000.0,,,,,,,,,2203072000.0,,35942000.0,-15637000.0,,-150462000.0,,,,12566000.0,0.0,,,109132000.0,,,,,2633000.0,,,,4643000.0,,42024000.0,,,,0.0,,,,,,,,,,,,,,,,,,,,,,,,,,,,,,,,,,,,,,,,,,,,,
2012-12-31,34444000.0,1992607000.0,-10640000.0,2347194000.0,282934000.0,15956000.0,,15956000.0,,15956000.0,116785000.0,200033000.0,8340000.0,-42069000.0,,145043000.0,2147000.0,113225000.0,,1992607000.0,111356500.0,-1817000.0,,584000.0,-31318000.0,5942000.0,2227764000.0,11896000.0,,,-235157000.0,62489000.0,71653000.0,69491000.0,282934000.0,,,11309000.0,-1836000.0,-1817000.0,71653000.0,111356500.0,11309000.0,26081000.0,1254266000.0,66896000.0,25075000.0,2414090000.0,-182602000.0,0.0,1037359000.0,13317000.0,63443000.0,-24424000.0,-990000.0,114575000.0,22053000.0,,,-633717000.0,1254266000.0,,13317000.0,,1037359000.0,51368000.0,-0.02,,-2188000.0,-31308000.0,15956000.0,,,,,63443000.0,,57534000.0,66896000.0,0.0,,28634000.0,5118000.0,,5805000.0,-0.02,1086052000.0,2684000.0,15956000.0,1149495000.0,439000.0,0.0,-633717000.0,,,1086052000.0,73421000.0,,-24368000.0,15956000.0,,-4250000.0,107206000.0,,-24368000.0,,259050000.0,1149495000.0,95307000.0,2414090000.0,-1836000.0,,,93876000.0,2347194000.0,-24424000.0,-93273000.0,,-283545000.0,-22909000.0,,142499000.0,,2227764000.0,,32982000.0,7616000.0,-0.22,-205000.0,-235157000.0,,-0.22,16924000.0,0.0,,,107206000.0,,,,,709000.0,24450000.0,-1323000.0,24450000.0,5118000.0,,38718000.0,,0.0,-9299000.0,0.0,,-53535000.0,52993000.0,-416601000.0,,,295340000.0,2147000.0,17408000.0,,,,,,,,,,,,,,,,,,,,,,,,,,,,,,,,,,,,
2013-03-31,34838000.0,,,,,,,120958000.0,,120958000.0,,,15956000.0,-302175000.0,,,2243000.0,,,2294639000.0,,1347000.0,,-5428000.0,-3739000.0,169190000.0,,10916000.0,,,-368460000.0,-3814000.0,-23312000.0,,408827000.0,,,,1351000.0,1347000.0,,,11211000.0,,,,,,,802000.0,,17861000.0,,,143000.0,,23904000.0,,,,1328853000.0,,,,1135693000.0,51903000.0,0.02,,-1017000.0,-92125000.0,120958000.0,,,,-30856000.0,66929000.0,,,229328000.0,,,28564000.0,-1606000.0,,6448000.0,0.02,,,,,,,-664607000.0,,,1179619000.0,75807000.0,,,,,,108551500.0,,,,24198000.0,1246548000.0,,2590204000.0,1351000.0,,,,2360876000.0,,,,,,,,,2663099000.0,,27937000.0,105002000.0,,-272000.0,,,,17065000.0,0.0,,,109452000.0,,,,,-4554000.0,24237000.0,,,4323000.0,,40827000.0,,,,105749000.0,,,,,,,,,,,,,,,,,,,,,,,,,,,,,,,,,,,,,,,,,,,,,
2013-06-30,35800000.0,,,,,,,120871000.0,,120871000.0,,,120958000.0,-21497000.0,,,2261000.0,,,2275029000.0,,13925000.0,,931000.0,-2371000.0,-35199000.0,,4314000.0,,,-392102000.0,-1295000.0,1059000.0,,403174000.0,,,,14025000.0,13925000.0,,,10823000.0,,,,,,,5761000.0,,97289000.0,,,-788000.0,,22557000.0,,,,1330518000.0,,,,1114204000.0,54068000.0,0.12,,-648000.0,-8769000.0,120871000.0,,,,-32242000.0,71661000.0,,,257487000.0,,,29013000.0,-8922000.0,,6217000.0,0.12,,,,,,,-683076000.0,,,1159481000.0,76625000.0,,,,,,112805000.0,,,,41510000.0,1231142000.0,,2574753000.0,14025000.0,,,,2317266000.0,,,,,,,,,2667131000.0,,43881000.0,-87000.0,,0.0,,,,18268000.0,0.0,,,113890000.0,,,,,9033000.0,28966000.0,,,340000.0,,47822000.0,,,,19835000.0,0.0,,,,,,,,,,,,,,,,,,,,,,,,,,,,,,,,,,,,,,,,,,,,
2013-09-30,35561000.0,,,,,,,82181000.0,,82181000.0,,,120871000.0,-6630000.0,,,2358000.0,,,2402952000.0,,4625000.0,,-9072000.0,-10376000.0,64850000.0,,15188000.0,,,-415615000.0,80000.0,1009000.0,,428595000.0,,,,4823000.0,4625000.0,,,11262000.0,,,,,,,3656000.0,,64456000.0,,,-10321000.0,,25774000.0,,,,1405806000.0,,,,1125792000.0,56132000.0,0.04,,-1393000.0,-150397000.0,82181000.0,,,,-32499000.0,86795000.0,,,209500000.0,,,29077000.0,1955000.0,,5980000.0,0.04,,,,,,,-712148000.0,,,1176014000.0,81906000.0,,,,,,116257000.0,,,,36481000.0,1262809000.0,,2681520000.0,4823000.0,,,,2472020000.0,,,,,,,,,2818567000.0,,46857000.0,-38690000.0,,-15000.0,,,,20571000.0,0.0,,,117511500.0,,,,,10257000.0,32327000.0,,,466000.0,,49394000.0,,,,103914000.0,0.0,,,,,,,,,,,,,,,,,,,,,,,,,,,,,,,,,,,,,,,,,,,,
2013-12-31,39725000.0,2526991000.0,3315000.0,2577334000.0,459699000.0,18081000.0,,18081000.0,,18081000.0,147824000.0,220288000.0,82181000.0,-1661000.0,,197308000.0,2369000.0,229001000.0,,2526991000.0,114969500.0,3680000.0,,-2362000.0,-8896000.0,30160000.0,2968160000.0,13264000.0,,,-441169000.0,-340000.0,948000.0,15956000.0,459699000.0,,,11797000.0,4062000.0,3680000.0,948000.0,114037500.0,11797000.0,24448000.0,1387206000.0,175000000.0,-10796000.0,2752334000.0,-522000.0,759000.0,1214241000.0,109337000.0,82893000.0,24261000.0,1955000.0,119904000.0,24818000.0,,,-742060000.0,1387206000.0,,109337000.0,,1214241000.0,58185000.0,0.04,,-2200000.0,-123409000.0,18081000.0,,,,-33763000.0,82893000.0,,74364000.0,175000000.0,240657000.0,0.0,33250000.0,-2223000.0,,5803000.0,0.04,1269692000.0,,18081000.0,1352585000.0,7931000.0,759000.0,-742060000.0,,,1269692000.0,83003000.0,,23577000.0,18081000.0,,-9011000.0,118402500.0,,23577000.0,,20253000.0,1352585000.0,97053000.0,2752334000.0,4062000.0,,,122442000.0,2577334000.0,24261000.0,-129360000.0,,-374700000.0,-25382000.0,,145924000.0,,2968160000.0,,29149000.0,-64100000.0,0.2,-235000.0,-441169000.0,,0.2,18460000.0,0.0,,,119669500.0,,,,,-6805000.0,35339000.0,-15931000.0,35339000.0,519000.0,,50866000.0,,0.0,-5369000.0,11159000.0,0.0,2125000.0,52255000.0,-331963000.0,,,317341000.0,2369000.0,5648000.0,,,,,,,,,,,,,,,,,,,,,,,,,,,,,,,,,,,,
2014-03-31,41241000.0,,,,,,,27359000.0,,27359000.0,,,18081000.0,-11901000.0,,,2373000.0,,,2498989000.0,,5434000.0,,-1739000.0,-5570000.0,-18205000.0,,13249000.0,,,-477487000.0,-1680000.0,0.0,,459353000.0,,,,5292000.0,5434000.0,,,11399000.0,,,,,,,708000.0,,112591000.0,,,-396000.0,,29589000.0,,,,1359204000.0,,,,1232282000.0,60863000.0,0.04,,-1791000.0,-5966000.0,27359000.0,,,,-34052000.0,78973000.0,,,186980000.0,,,34111000.0,841000.0,,6299000.0,0.04,,,,,,,-770878000.0,,,1284777000.0,90452000.0,,,,,,118643500.0,,,,27879000.0,1363750000.0,,2735246000.0,5292000.0,,,,2548266000.0,,,,,,,,,2976476000.0,,33449000.0,9278000.0,,-572000.0,,,,19622000.0,0.0,,,119911500.0,,,,,-8424000.0,32802000.0,,,1388000.0,,53625000.0,,,,0.0,0.0,,,,,,,,,,,,,,,,,,,,,,,,,,,,,,,,,,,,,,,,,,,,
2014-06-30,39505000.0,,,,,,,132719000.0,,132719000.0,,,27359000.0,-223313000.0,,,2389000.0,,,2685472000.0,,2883000.0,,-1125000.0,-4694000.0,179317000.0,,13149000.0,,,-509042000.0,-1892000.0,0.0,,474044000.0,,,,2855000.0,2883000.0,,,11686000.0,,,,,,,857000.0,,114459000.0,,,14160000.0,,27064000.0,,,,1346568000.0,,,,1520445000.0,61882000.0,0.02,,-7070000.0,-113720000.0,132719000.0,,,,-34109000.0,81198000.0,,,280048000.0,,,32879000.0,866000.0,,5903000.0,0.02,,,,,,,-802366000.0,,,1575112000.0,88946000.0,,,,,,119012500.0,,,,35069000.0,1656310000.0,,3014571000.0,2855000.0,,,,2734523000.0,,,,,,,,,3194514000.0,,39763000.0,105360000.0,,0.0,,,,22377000.0,0.0,,,120275500.0,,,,,1059000.0,34032000.0,,,866000.0,,49634000.0,,,,18016000.0,0.0,,,,,,,,,,,,,,,,,,,,,,,,,,,,,,,,,,,,,,,,,,,,
2014-09-30,41737000.0,,,,,,,18415000.0,,18415000.0,,,132719000.0,-88175000.0,,,2389000.0,,,2721684000.0,,16220000.0,,-1579000.0,-13903000.0,-67347000.0,,15552000.0,,,-518647000.0,-4827000.0,22930000.0,,455765000.0,,,,16032000.0,16220000.0,,,11520000.0,,,,,,,807000.0,,141561000.0,,,-23082000.0,,28526000.0,,,,1329099000.0,,,,1497136000.0,66751000.0,0.14,,6501000.0,-103295000.0,18415000.0,,,,-34345000.0,98163000.0,,,222755000.0,,,34178000.0,-1539000.0,,5935000.0,0.14,,,,,,,-820978000.0,,,1547976000.0,95277000.0,,,,,,119484000.0,,,,42435000.0,1646139000.0,,2986801000.0,16032000.0,,,,2764046000.0,,,,,,,,,3240331000.0,,56338000.0,-114304000.0,,0.0,,,,25014000.0,0.0,,,120716000.0,,,,,13692000.0,31935000.0,,,1025000.0,,67574000.0,,,,0.0,0.0,,,,,,,,,,,,,,,,,,,,,,,,,,,,,,,,,,,,,,,,,,,,
2014-12-31,42896000.0,2822844000.0,10865000.0,2866332000.0,462776000.0,10413000.0,,10413000.0,,10413000.0,168499000.0,256063000.0,18415000.0,-181847000.0,,243915000.0,1251000.0,83535000.0,,2822844000.0,121168000.0,21457000.0,,-4809000.0,-4870000.0,-10230000.0,3372820000.0,15539000.0,,,-549976000.0,-8245000.0,0.0,18081000.0,462776000.0,,,12425000.0,21192000.0,21457000.0,0.0,119904000.0,12425000.0,24947000.0,1447139000.0,175318000.0,2870000.0,3041650000.0,-1056000.0,0.0,1412461000.0,144106000.0,101042000.0,45371000.0,7070000.0,137188000.0,28329000.0,,,-836044000.0,1447139000.0,,144106000.0,,1412461000.0,66567000.0,0.17,,13225000.0,-36721000.0,10413000.0,,,,-34652000.0,101042000.0,,90684000.0,175318000.0,152014000.0,0.0,36020000.0,1104000.0,,6810000.0,0.17,1464187000.0,,10413000.0,1565229000.0,983000.0,0.0,-836044000.0,,,1464187000.0,94896000.0,,45994000.0,10413000.0,,-2248000.0,122439000.0,,45994000.0,,34079000.0,1565229000.0,113508000.0,3041650000.0,21192000.0,,,139462000.0,2866332000.0,45371000.0,-137158000.0,,-259702000.0,-29037000.0,,165379000.0,,3372820000.0,,38949000.0,-8002000.0,0.38,-484000.0,-549976000.0,,0.37,23671000.0,0.0,,,123732000.0,,,,,-5344000.0,32687000.0,-9252000.0,32687000.0,1104000.0,,73082000.0,,0.0,-16644000.0,133998000.0,0.0,-7668000.0,57489000.0,-505236000.0,,,369571000.0,1251000.0,4383000.0,,,,,,,,,,,,,,,,,,,,,,,,,,,,,,,,,,,,
2015-03-31,43170000.0,,,,,,,13517000.0,,13517000.0,,,10413000.0,-100960000.0,,,1252000.0,,,2825410000.0,,6942000.0,,-723000.0,-6524000.0,8054000.0,,14359000.0,,,-583166000.0,-419000.0,0.0,,465325000.0,,,,6804000.0,6942000.0,,,12464000.0,,,,,,,34201000.0,,75537000.0,,,-321000.0,,30697000.0,,,,1418256000.0,,,,1458598000.0,67755000.0,0.05,,-3352000.0,-42145000.0,13517000.0,,,,-36275000.0,84823000.0,,,144244000.0,,,35788000.0,2010000.0,,6575000.0,0.05,,,,,,,-865549000.0,,,1517184000.0,98452000.0,,,,,,125175000.0,,,,30671000.0,1602007000.0,,3049086000.0,6804000.0,,,,2904842000.0,,,,,,,,,3408576000.0,,37195000.0,3104000.0,,-1292000.0,,,,24585000.0,0.0,,,127105000.0,,,,,-9605000.0,38947000.0,,,1914000.0,,57896000.0,,,,,0.0,,,,,,,,,,,,,,,,,,,,,,,,,,,,,,,,,,,,,,,,,,,,
2015-06-30,44290000.0,,,,,,,16577000.0,,16577000.0,,,13517000.0,-133211000.0,,,1252000.0,,,2989817000.0,,9488000.0,,-3162000.0,-6607000.0,143870000.0,,14979000.0,,,-617105000.0,-604000.0,0.0,,482344000.0,,,,9292000.0,9488000.0,,,23585000.0,,,,,,,0.0,,148343000.0,,,4871000.0,,29237000.0,,,,1392446000.0,,,,1639001000.0,70006000.0,0.07,,-1317000.0,-190781000.0,16577000.0,,,,-36309000.0,85003000.0,,,181169000.0,,,37117000.0,-1314000.0,,6224000.0,0.07,,,,,,,-892543000.0,,,1712227000.0,99243000.0,,,,,,125194000.0,,,,43364000.0,1797230000.0,,3218112000.0,9292000.0,,,,3036943000.0,,,,,,,,,3606922000.0,,49971000.0,3060000.0,,-6000.0,,,,25716000.0,0.0,,,127124000.0,,,,,1813000.0,43176000.0,,,1190000.0,,62533000.0,,,,,0.0,,,,,,,,,,,,,,,,,,,,,,,,,,,,,,,,,,,,,,,,,,,,
2015-09-30,46948000.0,,,,,,,11146000.0,,11146000.0,,,16577000.0,-88978000.0,,,1270000.0,,,2959086000.0,,6554000.0,,-2136000.0,-4199000.0,-55686000.0,,14439000.0,,,-641619000.0,-701000.0,0.0,,473871000.0,,,,6463000.0,6554000.0,,,26970000.0,,,,,,,32319000.0,,72066000.0,,,-1556000.0,,32921000.0,,,,1406416000.0,,,,1575965000.0,70954000.0,0.05,,-3080000.0,-1238000.0,11146000.0,,,,-36307000.0,95029000.0,,,144988000.0,,,39806000.0,1358000.0,,6430000.0,0.05,,,,,,,-923556000.0,,,1650206000.0,103875000.0,,,,,,126863000.0,,,,47294000.0,1745235000.0,,3179586000.0,6463000.0,,,,3034598000.0,,,,,,,,,3600705000.0,,51493000.0,-5431000.0,,-24000.0,,,,24006000.0,0.0,,,128793000.0,,,,,1076000.0,39261000.0,,,1358000.0,,61511000.0,,,,44324000.0,0.0,,,,,,,,,,,,,,,,,,,,,,,,,,,,,,,,,,,,,,,,,,,,
2015-12-31,45304000.0,2959468000.0,-9056000.0,3001635000.0,472916000.0,13070000.0,,13070000.0,,13070000.0,191095000.0,280163000.0,11146000.0,-43707000.0,,245798000.0,1270000.0,80826000.0,,2959468000.0,128004000.0,10573000.0,,-1487000.0,-11940000.0,-15412000.0,3635612000.0,14330000.0,,,-676144000.0,-879000.0,0.0,10413000.0,472916000.0,,,26611000.0,10372000.0,10573000.0,0.0,126074000.0,26611000.0,25578000.0,1379424000.0,170665000.0,9074000.0,3172300000.0,-1667000.0,0.0,1590696000.0,141703000.0,94933000.0,32931000.0,1717000.0,151614000.0,30535000.0,,,-950652000.0,1379424000.0,,141703000.0,,1590696000.0,71448000.0,0.08,,-1307000.0,-35100000.0,13070000.0,,,,-37481000.0,94933000.0,,100451000.0,170665000.0,44324000.0,0.0,38903000.0,-122000.0,,6349000.0,0.08,1670409000.0,,13070000.0,1765342000.0,-3703000.0,0.0,-950652000.0,,,1670409000.0,101983000.0,,33557000.0,13070000.0,,4711000.0,127035000.0,,33557000.0,,40496000.0,1765342000.0,123390000.0,3172300000.0,10372000.0,,,161825000.0,3001635000.0,32931000.0,-146372000.0,,-269264000.0,-29270000.0,,179712000.0,,3635612000.0,,52436000.0,1924000.0,0.26,-345000.0,-676144000.0,,0.26,26144000.0,0.0,,,128965000.0,,,,,3013000.0,46295000.0,-7508000.0,46295000.0,1262000.0,,63858000.0,,0.0,-2603000.0,0.0,0.0,2657000.0,58107000.0,-366856000.0,,,403553000.0,1270000.0,5724000.0,,,,,,,,,,,,,,,,,,,,,,,,,,,,,,,,,,,,
2016-03-31,44601000.0,,,,,,,13827000.0,,13827000.0,,,13070000.0,-89761000.0,,,1307000.0,,,3093825000.0,,10036000.0,,-1438000.0,-8824000.0,128614000.0,,14773000.0,,,-712381000.0,-8000.0,0.0,,489679000.0,,,,9860000.0,10036000.0,,,31538000.0,,,,,,,0.0,,143012000.0,,,-799000.0,,33353000.0,,,,1444113000.0,,,,1667320000.0,73897000.0,0.08,,-4552000.0,-168309000.0,13827000.0,,,,-37473000.0,85453000.0,,,173526000.0,,,37091000.0,1803000.0,,6773000.0,0.08,,,,,,,-979332000.0,,,1756015000.0,107250000.0,,,,,,129336000.0,,,,31628000.0,1841468000.0,,3310519000.0,9860000.0,,,,3136993000.0,,,,,,,,,3806206000.0,,40452000.0,757000.0,,-1901000.0,,,,29296000.0,0.0,,,131240000.0,,,,,-11362000.0,47993000.0,,,1803000.0,,62637000.0,,,,91757000.0,0.0,,,,,,,,,,,,,,,,,,,,,,,,,,,,,,,,,,,,,,,,,,,,
2016-06-30,51551000.0,,,,,,,8148000.0,,8148000.0,,,13827000.0,-226030000.0,,,1378000.0,,,3316885000.0,,13516000.0,,771000.0,-13002000.0,105708000.0,,14648000.0,,,-741186000.0,-558000.0,0.0,,504627000.0,,,,13074000.0,13516000.0,,,37226000.0,,,,,,,0.0,,145851000.0,,,373000.0,,35061000.0,,,,1619759000.0,,,,1631642000.0,78083000.0,0.09,,1542000.0,-167335000.0,8148000.0,,,,-38545000.0,90123000.0,,,170267000.0,,,44271000.0,1230000.0,,6813000.0,0.1,,,,,,,-1006888000.0,,,1729964000.0,113144000.0,,,,,,136528000.0,,,,42946000.0,1820087000.0,,3532289000.0,13074000.0,,,,3362022000.0,,,,,,,,,4058071000.0,,55948000.0,-5679000.0,,-386000.0,,,,26532000.0,0.0,,,140512000.0,,,,,169000.0,46241000.0,,,1230000.0,,72902000.0,,,,201227000.0,0.0,,,,,,,,,,,,,,,,,,,,,,,,,,,,,,,,,,,,,,,,,,,,
2016-09-30,55157000.0,,,,,,,17938000.0,,17938000.0,,,8148000.0,-641662000.0,,,1417000.0,,,3475698000.0,,6639000.0,,-13384000.0,-12238000.0,163369000.0,,16938000.0,,,-779378000.0,-4826000.0,0.0,,514162000.0,,,,6427000.0,6639000.0,,,36928000.0,,,,,,,0.0,,160837000.0,,,2569000.0,,36885000.0,,,,1712006000.0,,,,1712598000.0,81367000.0,0.04,,-2721000.0,-205436000.0,17938000.0,,,,-40637000.0,104202000.0,,,192464000.0,,,47366000.0,2103000.0,,7293000.0,0.05,,,,,,,-1042977000.0,,,1808435000.0,118252000.0,,,,,,138807000.0,,,,39619000.0,1912637000.0,,3715890000.0,6427000.0,,,,3523426000.0,,,,,,,,,4255076000.0,,51857000.0,9790000.0,,-138000.0,,,,26210000.0,0.0,,,143138000.0,,,,,-6067000.0,44828000.0,,,2103000.0,,71441000.0,,,,125907000.0,0.0,,,,,,,,,,,,,,,,,,,,,,,,,,,,,,,,,,,,,,,,,,,,
2016-12-31,54330000.0,3503020000.0,-2047000.0,3549338000.0,513889000.0,11231000.0,,11231000.0,,11231000.0,203695000.0,316812000.0,17938000.0,-12482000.0,,286357000.0,1417000.0,400781000.0,,3503020000.0,140259000.0,17154000.0,,-8029000.0,-8930000.0,3090000.0,4320613000.0,15787000.0,,,-817593000.0,-2692000.0,0.0,13070000.0,513889000.0,,,37056000.0,16551000.0,17154000.0,0.0,136620000.0,37056000.0,28773000.0,1687274000.0,198506000.0,8807000.0,3747844000.0,-2642000.0,0.0,1768905000.0,173461000.0,105034000.0,45912000.0,-65000.0,175285000.0,38452000.0,,,-1068961000.0,1687274000.0,,173461000.0,,1768905000.0,83465000.0,0.11,,3684000.0,-65235000.0,11231000.0,,,,-42519000.0,105034000.0,,111173000.0,198506000.0,418891000.0,0.0,46557000.0,-1553000.0,,7894000.0,0.12,1862393000.0,,11231000.0,1967427000.0,-22647000.0,0.0,-1068961000.0,,,1862393000.0,121917000.0,,47345000.0,11231000.0,,2078000.0,141727000.0,,47345000.0,,46508000.0,1967427000.0,143751000.0,3747844000.0,16551000.0,,,160701000.0,3549338000.0,45912000.0,-159174000.0,,-606315000.0,-42994000.0,,205639000.0,,4320613000.0,,55438000.0,-6707000.0,0.34,-217000.0,-817593000.0,,0.33,29135000.0,0.0,,,146050000.0,,,,,-5387000.0,49859000.0,-22080000.0,49859000.0,1935000.0,,79498000.0,,0.0,-8084000.0,0.0,0.0,-1839000.0,62146000.0,-969935000.0,,,460563000.0,1417000.0,7071000.0,,,,,,,,,,,,,,,,,,,,,,,,,,,,,,,,,,,,
2017-03-31,55479000.0,,,,,,,16034000.0,,16034000.0,,,11231000.0,-50155000.0,,,1418000.0,,,3503920000.0,,14000000.0,,-7771000.0,-12894000.0,-5127000.0,,16382000.0,,,-856986000.0,-1318000.0,0.0,,512860000.0,,,,13545000.0,14000000.0,,,36009000.0,,,,,,,0.0,,179719000.0,,,5771000.0,,39020000.0,,,,1657001000.0,,,,1811208000.0,84973000.0,0.09,,534000.0,-37083000.0,16034000.0,,,,-42536000.0,98222000.0,,,203796000.0,,,46213000.0,1691000.0,,8423000.0,0.1,,,,,,,-1098561000.0,,,1904940000.0,123993000.0,,,,,,141780000.0,,,,34119000.0,2003162000.0,,3753017000.0,13545000.0,,,,3549221000.0,,,,,,,,,4360906000.0,,47013000.0,4803000.0,,-3118000.0,,,,29494000.0,0.0,,,146117000.0,,,,-85000.0,-15023000.0,51409000.0,,,2530000.0,,77438000.0,,,,0.0,0.0,,,,,,,,,,,,,,,,,,,,,,,,,,,,,,,,,,,,,,,,,,,,
2017-06-30,63825000.0,,,,,,,91444000.0,,91444000.0,,,16034000.0,-417164000.0,,,2006000.0,,,5889161000.0,,-5852000.0,,4802000.0,-13128000.0,2257459000.0,,17945000.0,,,-907728000.0,-19231000.0,0.0,,744066000.0,,,,-5918000.0,-5852000.0,,,78779000.0,,,,,,,0.0,,175340000.0,,,-25133000.0,,43523000.0,,,,3221066000.0,68901000.0,,,2784162000.0,96002000.0,-0.03,,-20438000.0,-2275557000.0,91444000.0,,,,-43147000.0,135214000.0,,,299960000.0,,,54323000.0,1264000.0,,8472000.0,-0.03,,,,,,,-1164607000.0,,,2924459000.0,139525000.0,,,,,,176464000.0,,,,80380000.0,3059673000.0,,6366758000.0,-5918000.0,,,,6066798000.0,,,,,,,,,6796889000.0,,93508000.0,75410000.0,,-221000.0,,,,32177000.0,0.0,,,176464000.0,,,,-816000.0,28233000.0,55286000.0,,,1309000.0,,67446000.0,,,,1624222000.0,0.0,,,,,,,,,,,,,,,,,,,,,,,,,,,,,,,,,,,,,,,,,,,,
2017-09-30,78774000.0,,,,,,,9410000.0,,9410000.0,,,91444000.0,-136125000.0,,,2007000.0,,0.0,6004285000.0,,13957000.0,,-17520000.0,-16968000.0,4776000.0,,26188000.0,,,-973566000.0,-8831000.0,0.0,,756616000.0,,,,13763000.0,13957000.0,,,69852000.0,,,,,,,0.0,,206030000.0,,,15707000.0,,56331000.0,,,,3175565000.0,68303000.0,,,2856758000.0,119100000.0,0.07,,-744000.0,-174831000.0,9410000.0,,,,-60194000.0,159070000.0,,,232909000.0,,,68521000.0,1654000.0,,8283000.0,0.07,,,,,,,-1212051000.0,,,2994145000.0,175431000.0,,,,,,200674000.0,0.0,,,71053000.0,3153215000.0,,6413522000.0,13763000.0,,,,6180613000.0,,,,,,,,,6977851000.0,,88021000.0,-82034000.0,,-74000.0,,,,40326000.0,0.0,,,204795000.0,,,,-615000.0,3025000.0,61402000.0,,,1654000.0,,110636000.0,,,,0.0,0.0,,,,,,,,,,,,,,,,,,,,,,,,,,,,,,,,,,,,,,,,,,,,
2017-12-31,80311000.0,5947874000.0,8498000.0,6123165000.0,745913000.0,100356000.0,,100356000.0,61222000.0,100356000.0,307543000.0,420409000.0,9410000.0,-131580000.0,,396938000.0,2049000.0,2241068000.0,0.0,5947874000.0,185278000.0,43472000.0,,-13244000.0,-21843000.0,-16040000.0,6969565000.0,25860000.0,,,-1021691000.0,-984000.0,0.0,25045000.0,745913000.0,-68839000.0,,68203000.0,42526000.0,43472000.0,0.0,181064000.0,68203000.0,33403000.0,3278782000.0,326417000.0,750000.0,6449582000.0,-3413000.0,0.0,2781031000.0,207857000.0,167852000.0,63916000.0,10363000.0,239044000.0,53273000.0,,,-1232069000.0,3278782000.0,68577000.0,207857000.0,,2781031000.0,120334000.0,0.2,,29146000.0,32375000.0,118560000.0,,,274000.0,-61210000.0,167852000.0,,142020000.0,326417000.0,1746956000.0,0.0,69987000.0,10206000.0,,8225000.0,0.21,2918282000.0,,118560000.0,3086134000.0,9218000.0,0.0,-1232069000.0,,,2918282000.0,173607000.0,,65577000.0,100356000.0,,6708000.0,204434000.0,0.0,65577000.0,61222000.0,57158000.0,3086134000.0,192147000.0,6449582000.0,42526000.0,,68577000.0,242710000.0,6123165000.0,63916000.0,-207087000.0,,-2455096000.0,-64833000.0,,278389000.0,,6969565000.0,,79001000.0,95336000.0,0.35,0.0,-1021691000.0,,0.34,40023000.0,0.0,,,208626000.0,,,,274000.0,-7017000.0,61222000.0,-33733000.0,61222000.0,1377000.0,,141418000.0,,0.0,-30364000.0,122734000.0,0.0,93515000.0,86375000.0,-735024000.0,,-68839000.0,612556000.0,2049000.0,6870000.0,,,,,,,,,,,,,,,,,,,,,,,,,,,,,,,,,,,,
2018-03-31,79178000.0,,,,,,,56243000.0,59530000.0,56243000.0,,,118560000.0,-1598000.0,,,2052000.0,,,,,10016000.0,,9274000.0,-17417000.0,-68135000.0,,26253000.0,,,,-1282000.0,,,742927000.0,,,,9802000.0,10016000.0,,,66665000.0,,,,,,,,,203686000.0,,,172000.0,,56022000.0,,,,3230119000.0,69147000.0,,,2780291000.0,119545000.0,0.05,,-4192000.0,-42367000.0,68938000.0,,,,-62546000.0,134574000.0,,,272624000.0,,,68303000.0,,,8786000.0,0.05,,,,,,,-1284826000.0,,,2913998000.0,175567000.0,,,,,,205069000.0,,,,43463000.0,3048572000.0,,6359835000.0,9802000.0,,,,6087211000.0,,,,,,,,,,,60880000.0,-49622000.0,,-2709000.0,,,,40367000.0,,,,209177000.0,,,,1157000.0,-24985000.0,59530000.0,,,3507000.0,,106661000.0,,,,,,,,,,,,,,,,,,,,,,,,,,,,,,,,,,,,,,,,,,,,,,,,,
2018-06-30,77829000.0,,,,,,,26191000.0,,26191000.0,,,68938000.0,-182620000.0,,,2075000.0,,,,,15657000.0,,-12230000.0,-16693000.0,-97417000.0,,26305000.0,,,,-1185000.0,,,737022000.0,,,,15346000.0,15657000.0,,,64964000.0,,,,,,,,,109782000.0,,,175000.0,,53553000.0,,,,3251056000.0,67870000.0,,,2683531000.0,119668000.0,0.07,,12000.0,-27144000.0,39605000.0,,,,-62582000.0,152677000.0,,,225029000.0,,,66874000.0,,,8725000.0,0.07,,,,,,,-1332759000.0,,,2820699000.0,173221000.0,,,,,,205241000.0,,,,78535000.0,2973376000.0,,6302130000.0,15346000.0,,,,6077101000.0,,,,,,,,,,,95228000.0,-29333000.0,,-8844000.0,,,,41839000.0,161000.0,,,209259000.0,,,,1367000.0,9932000.0,65012000.0,,,2196000.0,,111066000.0,,,,,,,,,,,,,,,,,,,,,,,,,,,,,,,,,,,,,,,,,,,,,,,,,
2018-09-30,79338000.0,,,,,,,225518000.0,,225518000.0,,,39605000.0,-133994000.0,,,2072000.0,,0.0,,,176348000.0,,-4864000.0,-27026000.0,-148448000.0,,24834000.0,,,,-3290000.0,,,704690000.0,,,,172986000.0,176348000.0,,,62887000.0,,,,,,,,,213482000.0,,,177000.0,,55789000.0,,,,3353627000.0,67592000.0,,,2609659000.0,119249000.0,0.82,,161174000.0,264357000.0,240157000.0,,,,-63286000.0,160246000.0,,,453639000.0,,,68373000.0,,,8770000.0,0.83,,,,,,,-1224006000.0,,,2734909000.0,175038000.0,,,,,,207513000.0,,,,57617000.0,2895155000.0,,6328684000.0,172986000.0,,,,5875045000.0,,,,,,,,,,,84643000.0,200552000.0,,-7878000.0,,,,39911000.0,,,,211444000.0,,,,648000.0,-1479000.0,55753000.0,,,2127000.0,,271750000.0,,,,0.0,,,,,,,,,,,,,,,,,,,,,,,,,,,,,,,,,,,,,,,,,,,,,
2018-12-31,78481000.0,,158492000.0,5831531000.0,698602000.0,126221000.0,,126221000.0,,126221000.0,337396000.0,475413000.0,240157000.0,-67809000.0,,599105000.0,2053000.0,-498735000.0,0.0,,210061000.0,15605000.0,,-9738000.0,-16734000.0,-184735000.0,,24457000.0,,,,-1801000.0,,118560000.0,698602000.0,0.0,,61146000.0,15329000.0,15605000.0,,206065000.0,61146000.0,35196000.0,3256024000.0,356945000.0,,6188476000.0,-70319000.0,,2541232000.0,223415000.0,185073000.0,213463000.0,179000.0,271441000.0,55253000.0,,,-1272305000.0,3256024000.0,67172000.0,223415000.0,,2541232000.0,116951000.0,0.07,,1498000.0,-18537000.0,133530000.0,,,307000.0,-64237000.0,185073000.0,,160587000.0,356945000.0,72814000.0,,67891000.0,,,8915000.0,0.07,2668489000.0,,133530000.0,2853562000.0,-5024000.0,,-1272305000.0,,,2668489000.0,172204000.0,,217626000.0,126221000.0,,703000.0,206409000.0,,217626000.0,,79911000.0,2853562000.0,220617000.0,6188476000.0,15329000.0,,67172000.0,259526000.0,5831531000.0,213463000.0,-252651000.0,,176309000.0,-77870000.0,,314826000.0,,,,96645000.0,-106627000.0,1.04,-50888000.0,,,1.02,38470000.0,,,,210338000.0,,,,307000.0,11508000.0,59567000.0,-17558000.0,59567000.0,1925000.0,,109628000.0,,,-7558000.0,0.0,,14970000.0,101849000.0,-386021000.0,,,696030000.0,2053000.0,9755000.0,,,,,,,,,,,,,,,,,,,,,,,,,,,,,,,,,,,,
2019-03-31,80771000.0,,,,,,,61073000.0,,61073000.0,,,133530000.0,-587000.0,,,2051000.0,,,243446000.0,,13701000.0,,,-16815000.0,-77563000.0,,23970000.0,,,,-1364000.0,243446000.0,,609025000.0,,,,13440000.0,13701000.0,,,40820000.0,,,,,,,,,221202000.0,,,181000.0,,51468000.0,,,,3197494000.0,67072000.0,,,2541619000.0,117407000.0,0.06,,944000.0,-36047000.0,68475000.0,,,,-63686000.0,139462000.0,,,289677000.0,,,66528000.0,,,11290000.0,0.07,,,,,,,-1322443000.0,,,2828316000.0,168875000.0,,,,,,205080000.0,,,,31740000.0,2967778000.0,,6242554000.0,13440000.0,,,,5952877000.0,,,,,,,,,243446000.0,,48555000.0,-65055000.0,,-11926000.0,,,,36636000.0,,,,208999000.0,,,,-75000.0,-35364000.0,42044000.0,,,3389000.0,,107152000.0,,,,,,,,,,,,,,,,,,,,,,,,,,,,,,,,,,,,,,,,,,,,,,,,,
2019-06-30,78508000.0,,,,,,,23194000.0,,23194000.0,,,68475000.0,-110586000.0,,,2051000.0,,,245495000.0,,16598000.0,,,-20948000.0,-40873000.0,,24006000.0,,,,-1417000.0,,,609899000.0,,,,16259000.0,16598000.0,,,40529000.0,,,,,,,,,225681000.0,,,184000.0,,52938000.0,,,,3152942000.0,66731000.0,,,2567008000.0,118671000.0,0.08,,293000.0,-98640000.0,29144000.0,,,,-63701000.0,159853000.0,,,254825000.0,,,66403000.0,,,10079000.0,0.08,,,,,,,-1369763000.0,,,2849620000.0,171609000.0,,,,,,205108000.0,,,,79234000.0,3009473000.0,,6240475000.0,16259000.0,,,,5985650000.0,,,,,,,,,245495000.0,,100182000.0,-39331000.0,,-169000.0,,,,40163000.0,,,,209005000.0,,,,-449000.0,15042000.0,41241000.0,,,2102000.0,,109033000.0,,,,,,,,,,,,,,,,,,,,,,,,,,,,,,,,,,,,,,,,,,,,,,,,,
2019-09-30,83608000.0,,,,,,,12748000.0,,12748000.0,,,29144000.0,-1035592000.0,,,2072000.0,,,244024000.0,,-8577000.0,,,-21770000.0,59550000.0,,24625000.0,,,,-30059000.0,,,619122000.0,,,,-8463000.0,-8577000.0,,,39766000.0,,,,,,,,,230163000.0,,,186000.0,,53807000.0,,,,3141686000.0,66348000.0,,,2665691000.0,121037000.0,-0.04,,-21541000.0,-160523000.0,17816000.0,,,,-63466000.0,157939000.0,,,247979000.0,,,70461000.0,,,9788000.0,-0.04,,,,,,,-1443360000.0,,,2950590000.0,174844000.0,,,,,,205277000.0,,,,67875000.0,3108529000.0,,6322998000.0,-8463000.0,,,,6075019000.0,,,,,,,,,244024000.0,,89645000.0,-11328000.0,,-64000.0,,,,37429000.0,,,,205277000.0,,,,1798000.0,3310000.0,43036000.0,,,2337000.0,,89868000.0,,,,51804000.0,,,,,,,,,,,,,,,,,,,,,,,,,,,,,,,,,,,,,,,,,,,,,
