,annualOperatingIncome,quarterlyCashDividendsPaid,annualDilutedAverageShares,annualTotalNonCurrentLiabilitiesNetMinorityInterest,annualAccountsPayable,trailingOperatingIncome,annualFreeCashFlow,quarterlyCurrentAssets,quarterlySellingGeneralAndAdministration,annualCommonStockIssuance,quarterlyDepreciationAndAmortization,quarterlyCurrentLiabilities,trailingCommonStockIssuance,annualTotalLiabilitiesNetMinorityInterest,trailingFreeCashFlow,quarterlyTotalNonCurrentLiabilitiesNetMinorityInterest,annualEndCashPosition,trailingCostOfRevenue,trailingTotalRevenue,quarterlyOtherNonCashItems,annualChangeInWorkingCapital,quarterlyRetainedEarnings,annualOtherCurrentAssets,quarterlyPurchaseOfInvestment,annualNetOtherInvestingChanges,annualCashAndCashEquivalents,quarterlyDilutedEPS,annualDilutedEPS,quarterlyTotalNonCurrentAssets,trailingNetIncome,trailingTaxProvision,trailingPretaxIncome,trailingEndCashPosition,quarterlyTotalRevenue,quarterlyOperatingIncome,annualCurrentDebt,quarterlyTotalLiabilitiesNetMinorityInterest,annualPretaxIncome,annualNetIncome,quarterlyNetIncomeCommonStockholders,quarterlyTotalAssets,annualCashDividendsPaid,annualOperatingExpense,annualNetIncomeContinuousOperations,annualCostOfRevenue,trailingSellingGeneralAndAdministration,annualGainsLossesNotAffectingRetainedEarnings,quarterlyFreeCashFlow,quarterlyNetIncomeContinuousOperations,quarterlyNetIncome,annualSellingGeneralAndAdministration,trailingSaleOfInvestment,annualBasicAverageShares,annualSaleOfInvestment,annualRepurchaseOfCapitalStock,annualStockholdersEquity,quarterlyOtherCurrentAssets,quarterlyOtherNonCurrentLiabilities,annualOtherNonCashItems,annualOtherNonCurrentAssets,annualLongTermDebt,annualCurrentAssets,quarterlyCurrentAccruedExpenses,quarterlyBasicAverageShares,quarterlyCostOfRevenue,annualNetIncomeCommonStockholders,trailingNetIncomeCommonStockholders,annualRetainedEarnings,annualCurrentAccruedExpenses,annualCurrentLiabilities,quarterlyStockholdersEquity,annualTotalAssets,quarterlyEndCashPosition,quarterlyInvestingCashFlow,quarterlyNetOtherInvestingChanges,annualDepreciationAndAmortization,annualTaxProvision,quarterlyAccountsReceivable,quarterlyChangeInInventory,trailingRepurchaseOfCapitalStock,trailingOperatingCashFlow,annualAccountsReceivable,quarterlyOtherIncomeExpense,quarterlyNonCurrentDeferredTaxesLiabilities,quarterlyGrossProfit,quarterlyInventory,quarterlyLongTermDebt,trailingGrossProfit,annualNetPPE,quarterlyOperatingExpense,annualTotalNonCurrentAssets,annualOperatingCashFlow,trailingOtherIncomeExpense,quarterlyPretaxIncome,annualGrossProfit,annualCashCashEquivalentsAndMarketableSecurities,quarterlyRepaymentOfDebt,trailingRepaymentOfDebt,quarterlyCapitalStock,annualInventory,quarterlyCashCashEquivalentsAndMarketableSecurities,quarterlyNetPPE,annualEbitda,quarterlyBasicEPS,quarterlyTaxProvision,quarterlyCashAndCashEquivalents,quarterlyBeginningCashPosition,annualOtherIncomeExpense,trailingChangeInCashSupplementalAsReported,annualGrossPPE,quarterlyCapitalExpenditure,quarterlyCurrentDebt,trailingCashFlowFromContinuingFinancingActivities,trailingDepreciationAndAmortization,quarterlyInterestExpense,quarterlyChangesInAccountReceivables,annualChangeInInventory,quarterlyOtherNonCurrentAssets,quarterlyNetOtherFinancingCharges,trailingOtherNonCashItems,quarterlyCashFlowFromContinuingFinancingActivities,quarterlyAccumulatedDepreciation,annualOtherNonCurrentLiabilities,annualBeginningCashPosition,quarterlyIncomeTaxPayable,quarterlySaleOfInvestment,quarterlyOperatingCashFlow,trailingOperatingExpense,annualInvestingCashFlow,annualDeferredIncomeTax,quarterlyRepurchaseOfCapitalStock,trailingDeferredIncomeTax,trailingInvestingCashFlow,annualCapitalExpenditure,annualAccumulatedDepreciation,annualNonCurrentDeferredTaxesLiabilities,quarterlyGrossPPE,annualIncomeTaxPayable,quarterlyNonCurrentDeferredRevenue,quarterlyChangeInWorkingCapital,quarterlyAccountsPayable,annualNonCurrentDeferredRevenue,quarterlyDeferredIncomeTax,annualChangesInAccountReceivables,quarterlyChangeInCashSupplementalAsReported,trailingBeginningCashPosition,quarterlyCommonStockIssuance,quarterlyGainsLossesNotAffectingRetainedEarnings,trailingCapitalExpenditure,trailingNetIncomeContinuousOperations,trailingPurchaseOfInvestment,quarterlyOtherCurrentLiabilities,trailingNetOtherFinancingCharges,annualOtherCurrentLiabilities,trailingChangeInInventory,quarterlyEbitda,annualChangeInCashSupplementalAsReported,quarterlyStockBasedCompensation,annualStockBasedCompensation,annualNetOtherFinancingCharges,trailingStockBasedCompensation,trailingInterestExpense,annualCashFlowFromContinuingFinancingActivities,trailingChangeInWorkingCapital,trailingChangesInAccountReceivables,quarterlyDilutedAverageShares,annualInterestExpense,annualPurchaseOfInvestment,annualRepaymentOfDebt,annualCapitalStock,annualBasicEPS,annualTotalRevenue,quarterlyInvestmentsAndAdvances,annualPurchaseOfBusiness,trailingChangeInAccountPayable,quarterlyCurrentDeferredRevenue,trailingCashDividendsPaid,trailingBasicAverageShares,quarterlyResearchAndDevelopment,annualGoodwill,trailingPurchaseOfBusiness,annualInvestmentsAndAdvances,trailingResearchAndDevelopment,quarterlyChangeInAccountPayable,annualChangeInAccountPayable,trailingDilutedEPS,trailingNetOtherInvestingChanges,annualResearchAndDevelopment,quarterlyOtherShortTermInvestments,trailingDilutedAverageShares,quarterlyPurchaseOfBusiness,annualCurrentDeferredRevenue,annualOtherShortTermInvestments,quarterlyOtherIntangibleAssets,annualOtherIntangibleAssets,quarterlyGoodwill,trailingBasicEPS
0,,,,,,,,,,,,,,,,,,,,,,,,,,,,,,,,,,,,,,,,,,,,,,,,,,,,,,,,,,,,,,,,,,,,,,,,,,,,,,,,,,,,,,,,,,,,,,,,,,,,,,,,,,,,,,,,,,,,,,,,,,,,,,,,,,,,,,,,,,,,,,,,,,,,,,,,,,,,,,,,,,,,,,,,,,,,,,,,,,,,,,,,,,,,,,,,,,,,,
857088000,-9700000.0,,43720000.0,2600000.0,28300000.0,,-115800000.0,,,412300000.0,,,,35400000.0,,,0.0,,,,-19400000.0,,4100000.0,,-48200000.0,170400000.0,,-0.005,,,,,,,,,,-15900000.0,-9300000.0,,,,54800000.0,-9300000.0,465100000.0,,,,,,53100000.0,,43720000.0,,,391800000.0,,,-100000.0,1700000.0,,333300000.0,,,,-9300000.0,,,,32800000.0,,427200000.0,,,,1700000.0,-6600000.0,,,,,,,,,,,,92200000.0,,93900000.0,-25400000.0,,,45100000.0,170400000.0,,,,82300000.0,,,-8000000.0,,,,,100000.0,,95000000.0,,,,,,,-23900000.0,,,,,,,2200000.0,,,,,-122100000.0,1700000.0,,,,-90400000.0,-2800000.0,,,,,,,,,,,,,,,,,,,4500000.0,,,168200000.0,,,100000.0,,,315800000.0,,,,6300000.0,,,,-0.005,510200000.0,,,,,,,,,,,,,,,,,,,,,,,,,
865036800,,,,,,,,388200000.0,18200000.0,,900000.0,117800000.0,,,,2900000.0,,,,100000.0,,-1200000.0,,,,,-0.005,,123100000.0,,,,,177600000.0,-1500000.0,,120700000.0,,,-1200000.0,511300000.0,,,,,,,-33600000.0,-1200000.0,-1200000.0,,,,,,,4500000.0,,,,,,,43720000.0,160000000.0,,,,,,390600000.0,,0.0,-41700000.0,-11000000.0,,,,4300000.0,,,,0.0,,17600000.0,77500000.0,,,,19100000.0,,,,-2000000.0,,,,,,,211400000.0,122000000.0,,-0.005,-800000.0,211400000.0,170400000.0,,,,-43400000.0,72900000.0,,,500000.0,,,1100000.0,0.0,,72900000.0,-3700000.0,,,,,9800000.0,,,,,,,,,,125700000.0,,,9900000.0,38700000.0,,100000.0,,41000000.0,,,,,,,6200000.0,,,,-600000.0,,,,,,,,,,43720000.0,,,,,,,,,,,,,,,,,,,,,,,,,,,,,,,
872985600,,,,,,,,410300000.0,21400000.0,,1000000.0,184200000.0,,,,3100000.0,,,,0.0,,-3000000.0,,,,,-0.01,,165800000.0,,,,,206400000.0,-2600000.0,,187300000.0,,,-1700000.0,576100000.0,,,,,,,-121900000.0,-1700000.0,-1700000.0,,,,,,,7600000.0,,,,,,,43952000.0,186600000.0,,,,,,388800000.0,,0.0,-80700000.0,-38900000.0,,,,-54200000.0,,,,100000.0,,19800000.0,128800000.0,,,,22400000.0,,,,-2800000.0,,,,,,,130000000.0,162800000.0,,-0.01,-1100000.0,130000000.0,0.0,,,,-70200000.0,123900000.0,,,300000.0,,,3000000.0,0.0,,51000000.0,-4700000.0,,,,,-51700000.0,,,,,,,,,,167500000.0,,,-50600000.0,53500000.0,,-300000.0,,-81400000.0,,,,,,,6800000.0,,,,-1600000.0,,,,,,,,,,43952000.0,,,,,,,,,,,,,,,,,,,,,,,,,,,,,,,
880848000,,,,,,,,335900000.0,30000000.0,,1500000.0,167900000.0,,,,3300000.0,,,,,,,,,,,-0.045,,215100000.0,,,,,227100000.0,-14600000.0,,171200000.0,,,-9100000.0,551000000.0,,,,,,,-79600000.0,-9100000.0,-9100000.0,,,,,,,8300000.0,,,,,,,44320000.0,210200000.0,,,,,,379800000.0,,0.0,-91100000.0,-39000000.0,,,,,,,,0.0,,16900000.0,127200000.0,,,,31500000.0,,,,-14900000.0,,,,,,,11300000.0,213400000.0,,-0.045,-5800000.0,11300000.0,0.0,,,,-52100000.0,123700000.0,,,300000.0,,,1700000.0,100000.0,,-100000.0,-6200000.0,,,,,-27500000.0,,,,,,,,,,219600000.0,,,-21600000.0,36100000.0,,1800000.0,,-118800000.0,,,,,,,8100000.0,,,,-13100000.0,,,,,,,,,,44320000.0,,,,,,,,,,,,,,,,,,,,,,,,,,,,,,,
888624000,-54300000.0,,44408000.0,32800000.0,51200000.0,,-320400000.0,232600000.0,58200000.0,2400000.0,1200000.0,55600000.0,,88400000.0,,32800000.0,0.0,,,,-66000000.0,,1300000.0,,48200000.0,26400000.0,,-0.175,215700000.0,,,,,263100000.0,-35600000.0,400000.0,88400000.0,-56100000.0,-34200000.0,-22100000.0,448300000.0,,132400000.0,-34200000.0,796100000.0,,,-85300000.0,-22100000.0,-22100000.0,127800000.0,,44408000.0,,,359900000.0,1300000.0,5300000.0,-100000.0,1600000.0,27400000.0,232600000.0,,,239300000.0,-34200000.0,,,,55600000.0,359900000.0,448300000.0,0.0,125500000.0,137100000.0,4600000.0,-21900000.0,,,,,,0.0,100000.0,23800000.0,144000000.0,27400000.0,,214100000.0,59400000.0,215700000.0,-86100000.0,,-36300000.0,78100000.0,26400000.0,,,,144000000.0,26400000.0,214100000.0,-49700000.0,,-14200000.0,26400000.0,0.0,0.0,,221500000.0,-68600000.0,400000.0,,,700000.0,,-58900000.0,1600000.0,-100000.0,,-93700000.0,-7400000.0,5300000.0,170400000.0,,,-16700000.0,,-88000000.0,-1900000.0,,,,-234300000.0,-7400000.0,100000.0,221500000.0,,,-3700000.0,51200000.0,,-3500000.0,,15200000.0,,2300000.0,,,,,4000000.0,,4000000.0,,-34400000.0,-144000000.0,,,-100000.0,,,30100000.0,,,,1800000.0,,,,-0.175,874200000.0,,,,,,,,,,,,,,,,,,,,,,,,,
896572800,,,,,,,,286600000.0,44900000.0,,2100000.0,74500000.0,,,,59100000.0,,,,,,,,,,,-0.015,,204900000.0,,,,,346400000.0,-5000000.0,,133600000.0,,,-3200000.0,491500000.0,,,,,,,-100400000.0,-3200000.0,-3200000.0,,,,,,,4600000.0,5500000.0,,,,,,45216000.0,304400000.0,,,,,,357900000.0,,0.0,9000000.0,0.0,,,,-54100000.0,,,,-100000.0,1500000.0,42000000.0,195900000.0,52100000.0,,,47000000.0,,,,-5300000.0,,,,,,,15500000.0,203100000.0,,-0.015,-2100000.0,15500000.0,26400000.0,,,,-54300000.0,800000.0,,,200000.0,,,1800000.0,0.0,,26200000.0,-7400000.0,,,,,-46100000.0,,,,,,,,,,210500000.0,,,-45300000.0,65800000.0,,-100000.0,,-10900000.0,,1100000.0,,,,,7900000.0,,,,-2900000.0,,,,,,,,,,45216000.0,,,,,,,,,,,,,,,,,,,,,,,,,,,,,,,
904521600,,,,,,,,293400000.0,49700000.0,,2200000.0,66200000.0,,,,115200000.0,,,,,,,,,,,-0.015,,243400000.0,,,,,400000000.0,-3500000.0,,181400000.0,,,-3000000.0,536800000.0,,,,,,,-57700000.0,-3000000.0,-3000000.0,,,,,,,4400000.0,6100000.0,,,,,,45574000.0,351600000.0,,,,,,355400000.0,,0.0,-39500000.0,100000.0,,,,15400000.0,,,,-100000.0,1700000.0,48400000.0,180800000.0,107400000.0,,,51900000.0,,,,-4900000.0,,,,,,,18800000.0,240400000.0,,-0.015,-1900000.0,18800000.0,0.0,,,,-39600000.0,5800000.0,,,1300000.0,,,3000000.0,-1100000.0,,60900000.0,-11400000.0,,,,,-18100000.0,,,,,,,,,,251800000.0,,,-17100000.0,53400000.0,,,,3300000.0,,,,,,,7000000.0,,,,-1300000.0,,,,,,,,,,45574000.0,,,,,,,,,,,,,,,,,,,,,,,,,,,,,,,
912384000,,,,,,,,282300000.0,50000000.0,,2400000.0,132300000.0,,,,69400000.0,,,,,,,,,,,-0.035,,268200000.0,,,,,345900000.0,-10300000.0,,201700000.0,,,-7300000.0,550500000.0,,,,,,,-38700000.0,-7300000.0,-7300000.0,,,,,,,3400000.0,6500000.0,,,,,,45760000.0,303800000.0,,,,,,348800000.0,,0.0,-23000000.0,-100000.0,,,,,,,,100000.0,1800000.0,42100000.0,174300000.0,61100000.0,,,52400000.0,,,,-12000000.0,,,,,,,5600000.0,253500000.0,,-0.035,-4700000.0,5600000.0,0.0,,,,-38100000.0,66900000.0,,,1800000.0,,,14700000.0,2300000.0,,10400000.0,-13700000.0,,,,,-600000.0,,,,,,,,,,267200000.0,,,-600000.0,52200000.0,,,,-13200000.0,,,,,,,13200000.0,,,,-7900000.0,,,,,,,,,,45760000.0,,,,,,,,,,,,,,,,,,,,,,,,,,,,,,,
920160000,-32100000.0,,46654000.0,148900000.0,59800000.0,,-261900000.0,341100000.0,59700000.0,4000000.0,3300000.0,81900000.0,,230800000.0,,148900000.0,0.0,,,,-79800000.0,,500000.0,,100000.0,17700000.0,,-0.12,230100000.0,,,,,374000000.0,-13200000.0,5900000.0,230800000.0,-38500000.0,-23500000.0,-10000000.0,571200000.0,,214400000.0,-23500000.0,1284000000.0,,,-65100000.0,-10000000.0,-10000000.0,204400000.0,,46654000.0,,,340400000.0,500000.0,5100000.0,,26200000.0,139700000.0,341100000.0,,,324200000.0,-23500000.0,,,,81900000.0,340400000.0,571200000.0,0.0,13000000.0,100000.0,10000000.0,-15000000.0,,,,,,-200000.0,4100000.0,49800000.0,225500000.0,139700000.0,,203900000.0,63000000.0,230100000.0,-82000000.0,,-16400000.0,182300000.0,17700000.0,,,,225500000.0,17700000.0,203900000.0,-22100000.0,,-6400000.0,17700000.0,0.0,0.0,,219700000.0,-47900000.0,5900000.0,,,3000000.0,,-55800000.0,26200000.0,0.0,,16300000.0,-15800000.0,5100000.0,26400000.0,,,-17200000.0,,-40500000.0,11300000.0,,,,-179900000.0,-15800000.0,4100000.0,219700000.0,,,-16800000.0,59800000.0,,6300000.0,,12100000.0,,1700000.0,,,,,16200000.0,,16200000.0,,-9900000.0,-8700000.0,,,0.0,,,113800000.0,,,,6400000.0,,,,-0.12,1466300000.0,,,,,,,,,,,,,,,,,,,,,,,,,
928108800,,,,,,,,404600000.0,55900000.0,,2600000.0,193100000.0,,,,121600000.0,,,,100000.0,,,,,,,0.015,,254300000.0,,,,,486100000.0,6200000.0,,314700000.0,,,2700000.0,658900000.0,,,,,,,-62200000.0,2700000.0,2700000.0,,,,,,,900000.0,5500000.0,,,,,,46796000.0,421400000.0,,,,,,344200000.0,,0.0,-43700000.0,0.0,,,,-19900000.0,,,,-100000.0,4700000.0,64700000.0,261800000.0,111400000.0,,,58500000.0,,,,4400000.0,,,,,,,14200000.0,214600000.0,,0.015,1700000.0,14200000.0,17700000.0,,,,-45300000.0,90300000.0,,,1700000.0,,,39700000.0,-100000.0,,57100000.0,-17800000.0,,,,,-16900000.0,,,,,,,,,,232400000.0,,,-23500000.0,76400000.0,,1200000.0,,-3500000.0,,1100000.0,,,,,26400000.0,,,,8800000.0,,,,,,,,,,46796000.0,,,,,,,,,,,,,,,,,,,,,,,,,,,,,,,
936057600,,,,,,,,466300000.0,55900000.0,,4200000.0,232400000.0,,,,151000000.0,,,,,,,,,,,0.015,,266100000.0,,,,,535700000.0,7900000.0,,383400000.0,,,3200000.0,732400000.0,,,,,,,-27300000.0,3200000.0,3200000.0,,,,,,,1000000.0,6100000.0,,,,,,47920000.0,467700000.0,,,,,,349000000.0,,35700000.0,-17800000.0,0.0,,,,-22400000.0,,,,-100000.0,5200000.0,68000000.0,286000000.0,139700000.0,,,60100000.0,,,,5200000.0,,,,,,,35700000.0,225500000.0,,0.015,2000000.0,35700000.0,0.0,,,,-17800000.0,109200000.0,,,2600000.0,,,40600000.0,100000.0,,48800000.0,-21000000.0,,,,,-9500000.0,,,,,,,,,,246500000.0,,,-17400000.0,100400000.0,,500000.0,,21500000.0,,1500000.0,349000000.0,,,,22800000.0,,,,12100000.0,,,,,,,,,,47920000.0,,,,,,,,,,,,,,,,,,,,,,,,,,,,,,,
943920000,,,,,,,,418300000.0,55000000.0,,4400000.0,244900000.0,,,,92700000.0,,,,,,,,,,,-0.015,,266000000.0,,,,,489000000.0,-2200000.0,,337600000.0,,,-3100000.0,684300000.0,,,,,,,-26200000.0,-3100000.0,-3100000.0,,,,,,,3000000.0,6500000.0,,,,,,48282000.0,431800000.0,,,,,,346700000.0,,7000000.0,-5000000.0,-100000.0,,,,5800000.0,,,,0.0,5600000.0,57200000.0,280200000.0,80600000.0,,,59400000.0,,,,-5000000.0,,,,,,,7000000.0,227200000.0,,-0.015,-1900000.0,7000000.0,35700000.0,,,,-11700000.0,158200000.0,,,2800000.0,,,38800000.0,900000.0,,-9200000.0,-24500000.0,,,,,-14500000.0,,,,,,,,,,251700000.0,,,-15300000.0,61800000.0,,-300000.0,,-28700000.0,,,346700000.0,,,,24900000.0,,,,2200000.0,,,,,,,,,,48282000.0,,,,,,,,,,,,,,,,,,,,,,,,,,,,,,,
951782400,12165000.0,,51576000.0,134383000.0,75959000.0,,-70488000.0,425670000.0,61400000.0,3456000.0,4041000.0,196123000.0,,330506000.0,,134383000.0,9981000.0,,,,-46612000.0,,2844000.0,,0.0,9981000.0,,0.005,249825000.0,,,,,504284000.0,465000.0,93161000.0,330506000.0,1803000.0,1118000.0,-1682000.0,675495000.0,,243441000.0,1118000.0,1759378000.0,,344989000.0,45212000.0,-1682000.0,-1682000.0,228200000.0,,47556000.0,,,344989000.0,2844000.0,7249000.0,,37969000.0,121257000.0,425670000.0,,,438378000.0,1118000.0,,,,196123000.0,344989000.0,675495000.0,9981000.0,11596000.0,-34749000.0,15241000.0,685000.0,,-3409000.0,,,,100000.0,5877000.0,65906000.0,283592000.0,121257000.0,,211856000.0,65441000.0,249825000.0,-25093000.0,,-2697000.0,255606000.0,9981000.0,,,,283592000.0,9981000.0,211856000.0,27406000.0,,-1015000.0,9981000.0,7000000.0,0.0,,239569000.0,29405000.0,93161000.0,,,3262000.0,,-39909000.0,37969000.0,-44000.0,,-24401000.0,-27713000.0,7249000.0,17679000.0,,,15807000.0,,-54904000.0,1225000.0,,,,-45395000.0,-27713000.0,5877000.0,239569000.0,,,9588000.0,75959000.0,,-175000.0,,3002000.0,,,344989000.0,,,,27003000.0,,27003000.0,,4506000.0,-7698000.0,,,0.0,,,72299000.0,,,,10362000.0,,,,0.005,2014984000.0,,,,,,,,,,,,,,,,,,,,,,,,,
959731200,,,,,,,,469904000.0,59444000.0,,4576000.0,120570000.0,,,,238437000.0,,,,,,,,,,,0.065,,249182000.0,,,,,625741000.0,26018000.0,,359007000.0,,,13944000.0,719086000.0,,,,,,,-13096000.0,13944000.0,13944000.0,,,,,,,3125000.0,7183000.0,,,,,,51038000.0,535703000.0,,,,,,360079000.0,,11370000.0,-3933000.0,0.0,,,,-29883000.0,,,,0.0,6121000.0,90038000.0,313475000.0,225133000.0,,,64020000.0,,,,22490000.0,,,,,,,11370000.0,212083000.0,,0.07,8546000.0,11370000.0,9981000.0,,,,-3933000.0,2624000.0,,,3528000.0,,,37099000.0,0.0,,14485000.0,-31419000.0,,,,,-9163000.0,,,,,,,,,,243502000.0,,,-28460000.0,93015000.0,,777000.0,,1389000.0,,1146000.0,360079000.0,,,,24931000.0,,,,30594000.0,,,,,,,,,,53836000.0,,,,,,,,,,,,,,,,,,,,,,,,,,,,,,,
967680000,,,,,,,,408245000.0,61348000.0,,4570000.0,190442000.0,,,,76979000.0,,,,,,,,,,,0.075,,235548000.0,,,,,673561000.0,29201000.0,,267421000.0,,,16271000.0,643793000.0,,,,,,,66381000.0,16271000.0,16271000.0,,,,,,,3019000.0,7097000.0,,,,,,51100000.0,578442000.0,,,,,,376372000.0,,6890000.0,8091000.0,-1325000.0,,,,26672000.0,,,,0.0,6121000.0,95119000.0,287603000.0,63761000.0,,,65918000.0,,,,26243000.0,,,,,,,6890000.0,198794000.0,,0.08,9972000.0,6890000.0,11370000.0,,,,-2620000.0,82402000.0,,,2958000.0,,,36754000.0,22000.0,,-81572000.0,-34793000.0,,,,,69001000.0,,,,,,,,,,233587000.0,,,44935000.0,76987000.0,,3052000.0,,-4480000.0,,,376372000.0,,,,31053000.0,,,,33771000.0,,,,,,,,,,53912000.0,,,,,,,,,,,,,,,,,,,,,,,,,,,,,,,
975542400,,,,,,,,440355000.0,56809000.0,,4904000.0,227802000.0,,,,57189000.0,,,,,,,,,,,0.035,,228638000.0,,,,,561693000.0,14870000.0,,284991000.0,,,7568000.0,668993000.0,,,,,,,-12856000.0,7568000.0,7568000.0,,,,,,,2813000.0,6934000.0,,,,,,51140000.0,485110000.0,,,,,,384002000.0,,7509000.0,1873000.0,0.0,,,,-34550000.0,,,,0.0,7519000.0,76583000.0,322153000.0,42736000.0,,,61713000.0,,,,12206000.0,,,,,,,7509000.0,192766000.0,,0.04,4638000.0,7509000.0,6890000.0,,,,-1599000.0,114469000.0,,,2664000.0,,,35872000.0,-1039000.0,,10003000.0,-34793000.0,,,,,-11257000.0,,,,,,,,,,227559000.0,,,-26767000.0,79989000.0,,2906000.0,,619000.0,,,384002000.0,,,,33344000.0,,,,19774000.0,,,,,,,,,,54040000.0,,,,,,,,,,,,,,,,,,,,,,,,,,,,,,,
983318400,85592000.0,,53960000.0,93513000.0,82483000.0,,6972000.0,492907000.0,66566000.0,,4066000.0,225937000.0,,319450000.0,,93513000.0,8802000.0,,,,-63724000.0,,0.0,,0.0,8802000.0,,0.215,218046000.0,,,,,639996000.0,15503000.0,109138000.0,319450000.0,73482000.0,45564000.0,7781000.0,710953000.0,,262283000.0,45564000.0,2153116000.0,,391503000.0,-33457000.0,7781000.0,7781000.0,244167000.0,,51108000.0,,-109000.0,391503000.0,0.0,6836000.0,,25888000.0,83057000.0,492907000.0,16154000.0,,553861000.0,45564000.0,,,16154000.0,225937000.0,391503000.0,710953000.0,8802000.0,-2684000.0,0.0,18116000.0,27918000.0,134662000.0,-24984000.0,,,134662000.0,18116000.0,3620000.0,86135000.0,347137000.0,83057000.0,,192158000.0,70632000.0,218046000.0,17806000.0,,12543000.0,347875000.0,8802000.0,,,,347137000.0,8802000.0,192158000.0,103708000.0,,4762000.0,8802000.0,7509000.0,18116000.0,,234024000.0,-2682000.0,109138000.0,,,2960000.0,,-62745000.0,25888000.0,0.0,,34752000.0,-41866000.0,6836000.0,9981000.0,,,-30775000.0,,3347000.0,8758000.0,,,,-10834000.0,-41866000.0,3620000.0,234024000.0,,,-53432000.0,82483000.0,,2023000.0,,1293000.0,,,391503000.0,,,,0.0,,0.0,,19569000.0,-1179000.0,,,0.0,,,-22332000.0,,,,12110000.0,,,,0.225,2500991000.0,,,,,,,,,,,,,,,,,,,,,,,,,
991267200,,,,,,,,578697000.0,58550000.0,,4693000.0,271112000.0,,,,103357000.0,,,,,,,,,,,0.125,,216705000.0,,,,,796820000.0,45410000.0,,374469000.0,,,26572000.0,795402000.0,,,,,,,-22437000.0,26572000.0,26572000.0,,,,,,,0.0,6854000.0,,,,,19565000.0,53288000.0,688167000.0,,,,,,420933000.0,,10515000.0,-3347000.0,0.0,,,164676000.0,-55838000.0,,,,4693000.0,3573000.0,108653000.0,402975000.0,92930000.0,,,63243000.0,,,,42859000.0,,,,,,,10515000.0,191515000.0,,0.13,16287000.0,10515000.0,8802000.0,,,,-3347000.0,123602000.0,,,2551000.0,,,25190000.0,-187000.0,,24150000.0,-41866000.0,,,,,-19090000.0,,,,,,,,,,233381000.0,,,-51636000.0,108455000.0,,1281000.0,,1713000.0,,,420933000.0,,,,0.0,,,,50103000.0,,,,,,,,,,53288000.0,,,,,,,,,,,,,,,,,,,,,,,,,,,,,,,
999216000,,,,,,,,574042000.0,62262000.0,,4612000.0,234118000.0,,,,11324000.0,,,,,,,,,,,0.125,,120411000.0,,,,,851363000.0,46264000.0,,245442000.0,,,27391000.0,694453000.0,,,,,,,43576000.0,27391000.0,27391000.0,,,,,,,0.0,6971000.0,,,,,24450000.0,54782000.0,742837000.0,,,,,,449011000.0,,24557000.0,90961000.0,0.0,,,160624000.0,16072000.0,,,,0.0,3527000.0,108526000.0,386903000.0,826000.0,,,62262000.0,,,,44178000.0,,,,,,,24557000.0,96630000.0,,0.135,16787000.0,24557000.0,10515000.0,,,,-5383000.0,89141000.0,,,2086000.0,,,23781000.0,687000.0,,-125878000.0,-41866000.0,,,,,48959000.0,,,,,,,,,,138496000.0,,,15141000.0,99176000.0,,1815000.0,,14042000.0,,,449011000.0,,,,0.0,,,,50876000.0,,,,,,,,,,54782000.0,,,,,,,,,,,,,,,,,,,,,,,,,,,,,,,
1007078400,,,,,,,,531281000.0,61215000.0,,3934000.0,181539000.0,,,,12345000.0,,,,,,,,,,,0.085,,130601000.0,,,,,774324000.0,29811000.0,,193884000.0,,,18443000.0,661882000.0,,,,,,,29922000.0,18443000.0,18443000.0,,,,,,,0.0,7806000.0,,,,,24360000.0,72584000.0,683298000.0,,,,,,467998000.0,,10014000.0,-14181000.0,0.0,,,168198000.0,35893000.0,,,,0.0,3713000.0,91026000.0,351010000.0,826000.0,,,61215000.0,,,,29747000.0,,,,,,,10014000.0,107535000.0,,0.09,11304000.0,10014000.0,24557000.0,,,,-14181000.0,44121000.0,,,64000.0,,,23066000.0,555000.0,,-44465000.0,-41866000.0,,,,,44103000.0,,,,,,,,,,149401000.0,,,23052000.0,93219000.0,,-1326000.0,,-14543000.0,,,467998000.0,,,,0.0,,,,33745000.0,,,,,,,,,,76632000.0,,,,,,,,,,,,,,,,,,,,,,,,,,,,,,,
1014854400,151414000.0,,68244000.0,11351000.0,87160000.0,,1224000.0,577703000.0,70262000.0,,3101000.0,223392000.0,,234743000.0,,11351000.0,3286000.0,,,,-67763000.0,,0.0,,0.0,3286000.0,,0.41,142519000.0,,,,,779158000.0,29929000.0,88448000.0,234743000.0,146456000.0,90802000.0,18396000.0,720222000.0,,252289000.0,90802000.0,2797962000.0,,485479000.0,-49837000.0,18396000.0,18396000.0,252289000.0,,64280000.0,,,485479000.0,0.0,8416000.0,,21543000.0,,577703000.0,25775000.0,,678967000.0,90802000.0,,,25775000.0,223392000.0,485479000.0,720222000.0,3286000.0,-15885000.0,0.0,16340000.0,55654000.0,173268000.0,-48074000.0,,,173268000.0,0.0,2935000.0,100191000.0,399084000.0,,,120976000.0,70262000.0,142519000.0,42641000.0,,29672000.0,403703000.0,3286000.0,,,,399084000.0,3286000.0,120976000.0,167754000.0,,11276000.0,3286000.0,10014000.0,0.0,,171063000.0,-18506000.0,88448000.0,,,257000.0,,-51947000.0,21543000.0,-3013000.0,,40488000.0,-50087000.0,8416000.0,8802000.0,,,-31331000.0,,57548000.0,3162000.0,,,,-41417000.0,-50087000.0,2935000.0,171063000.0,,,-54320000.0,87160000.0,,1392000.0,,-6728000.0,,,485479000.0,,,,0.0,,0.0,,33030000.0,-5516000.0,,,-1958000.0,,,-105705000.0,,,,4958000.0,,,,0.435,3201665000.0,,,,,,,,,,,,,,,,,,,,,,,,,
1022803200,,,,,,,,663319000.0,68550000.0,,4156000.0,201172000.0,,,,111630000.0,,,,,,,,,,,0.135,,166899000.0,,,,,1001564000.0,49353000.0,,312802000.0,,,29238000.0,830218000.0,,,,,,,-19391000.0,29238000.0,29238000.0,,,,,,,0.0,9186000.0,,,,,22694000.0,73924000.0,883661000.0,,,,,,517416000.0,,61445000.0,-28527000.0,0.0,,,54907000.0,-18377000.0,,,,0.0,2444000.0,117903000.0,417461000.0,100000000.0,,,68550000.0,,,,48327000.0,,,,,,,61445000.0,145572000.0,,0.14,19089000.0,61445000.0,3286000.0,,,,-28533000.0,65085000.0,,,1026000.0,,,21327000.0,907000.0,,77544000.0,-50087000.0,,,,,9142000.0,,,,,,,,,,195659000.0,,,-23676000.0,91479000.0,,-586000.0,,58159000.0,,,517416000.0,,,,0.0,,,,53509000.0,,,,,,,,,,77652000.0,,,,,,,,,,,,,,,,,,,,,,,,,,,,,,,
1030752000,,,,,,,,650994000.0,70836000.0,,4291000.0,159643000.0,,,,112127000.0,,,,,,,,,,,0.15,,174928000.0,,,,,1076083000.0,53377000.0,,271770000.0,,,31714000.0,825922000.0,,,,,,,72461000.0,31714000.0,31714000.0,,,,,,,0.0,10286000.0,,,,,33206000.0,205976000.0,951870000.0,,,,,,554152000.0,,74690000.0,-11529000.0,0.0,,,80774000.0,56615000.0,,,,0.0,1841000.0,124213000.0,360846000.0,100000000.0,,,70836000.0,,,,52420000.0,,,,,,,74690000.0,152946000.0,,0.155,20706000.0,74690000.0,61445000.0,,,,-11529000.0,6032000.0,,,957000.0,,,21982000.0,-163000.0,,-59216000.0,-50087000.0,,,,,83990000.0,,,,,,,,,,203033000.0,,,47427000.0,97388000.0,,500000.0,,13245000.0,,,554152000.0,,,,0.0,,,,57668000.0,,,,,,,,,,209084000.0,,,,,,,,,,,,,,,,,,,,,,,,,,,,,,,
1038614400,,,,,,,,654933000.0,101810000.0,,3548000.0,167161000.0,,,,114044000.0,,,,,,11149000.0,,,,,0.07,,166453000.0,,,,,936819000.0,5130000.0,,281205000.0,,,14717000.0,821386000.0,,,,,,,-51647000.0,14717000.0,14717000.0,,,,,,,0.0,10800000.0,,,,,30920000.0,206094000.0,829879000.0,,,,,,540181000.0,,31654000.0,6664000.0,0.0,,,59559000.0,-40750000.0,,,,19220000.0,3244000.0,106940000.0,401596000.0,100000000.0,,,101810000.0,,,,24325000.0,,,,,51550000.0,,31654000.0,142840000.0,,0.07,9608000.0,31654000.0,74690000.0,,,,-31256000.0,5311000.0,,,299000.0,,,23613000.0,-28400000.0,,-29309000.0,-50087000.0,,,,,-20391000.0,,,,,,,,,,192927000.0,,,-40019000.0,108003000.0,,1313000.0,,-43036000.0,,-188000.0,,,,,0.0,,,,8678000.0,,,,,,,,,,209032000.0,,,,,,,,,,,,,,,,,,,,,,,,,,,,,,,
1046390400,75822000.0,0.0,209140000.0,114945000.0,117587000.0,,-50065000.0,708745000.0,99573000.0,570000.0,2955000.0,248103000.0,,363048000.0,,114945000.0,34615000.0,,,,-46695000.0,30282000.0,0.0,,0.0,34615000.0,,0.455,208872000.0,,,,,946640000.0,10772000.0,56051000.0,363048000.0,156697000.0,94802000.0,19133000.0,917617000.0,-28400000.0,392417000.0,94802000.0,3501705000.0,,,-51488000.0,19133000.0,19133000.0,392417000.0,,205966000.0,,,554569000.0,0.0,10904000.0,,21714000.0,100000000.0,708745000.0,44682000.0,,836295000.0,94802000.0,,30282000.0,44682000.0,248103000.0,554569000.0,917617000.0,34615000.0,-47019000.0,0.0,14950000.0,61895000.0,56449000.0,-64854000.0,,,56449000.0,9731000.0,4041000.0,110345000.0,466450000.0,100000000.0,,187158000.0,99573000.0,208872000.0,71967000.0,,31625000.0,468239000.0,34615000.0,,,51542000.0,466450000.0,34615000.0,187158000.0,90772000.0,,12492000.0,34615000.0,31654000.0,70899000.0,,248270000.0,-50714000.0,56051000.0,,,547000.0,,-67366000.0,21714000.0,0.0,,50754000.0,-61112000.0,10904000.0,3286000.0,,,-774000.0,,-80411000.0,8880000.0,,,,-122032000.0,-61112000.0,4041000.0,248270000.0,,,-30427000.0,117587000.0,,7653000.0,,2961000.0,,14000.0,,,,,0.0,,0.0,,13727000.0,31329000.0,,,0.0,,,39773000.0,,,,2261000.0,,,51542000.0,0.46,3969944000.0,,,,,,,,,,,,,,,,,,,,,,,,,
1054339200,,,,,,,,710267000.0,115553000.0,,4095000.0,247565000.0,,,,111984000.0,,,,,,65542000.0,,,,,0.17,,241385000.0,,,,,1172835000.0,32218000.0,,359549000.0,,,35260000.0,951652000.0,,,,,,,37731000.0,35260000.0,35260000.0,,,,,,,0.0,11984000.0,,,,,63261000.0,206312000.0,1025064000.0,,,,,,592103000.0,,32029000.0,-34901000.0,0.0,,,73940000.0,36064000.0,,,,25748000.0,,147771000.0,430386000.0,100000000.0,,,115553000.0,,,,57334000.0,,,,,51646000.0,,32029000.0,218069000.0,,0.17,22074000.0,32029000.0,34615000.0,,,,-34901000.0,14532000.0,,,754000.0,,,20218000.0,1202000.0,,-40317000.0,-61112000.0,,,,,72632000.0,,,,,,,,,,279181000.0,,,40251000.0,139824000.0,,-6974000.0,,-2586000.0,,,,,,,0.0,,,,36313000.0,,,,,,,,,,209524000.0,,,,,,,,,,,,,,,,,,,,,,,,,,,,,,,
1062288000,,,,,,,,705424000.0,121174000.0,,4343000.0,215698000.0,,,,112921000.0,,,,,,105153000.0,,,,,0.185,,260212000.0,,,,,1236457000.0,41931000.0,,328619000.0,,,39610000.0,965636000.0,,,,,,,-2426000.0,39610000.0,39610000.0,,,,,,,0.0,12921000.0,,,,,68067000.0,206968000.0,1073352000.0,,,,,,637017000.0,,45328000.0,-22851000.0,0.0,,,71008000.0,20909000.0,,,,22677000.0,,163105000.0,409477000.0,100000000.0,,,121174000.0,,,,64407000.0,,,,,51812000.0,,45328000.0,236606000.0,,0.19,24797000.0,45328000.0,32029000.0,,,,-47761000.0,3353000.0,,,383000.0,,,20398000.0,1994000.0,,-9185000.0,-61112000.0,,,,,45335000.0,,,,,,,,,,297718000.0,,,2512000.0,115366000.0,,-1146000.0,,13299000.0,,,,,,,0.0,,,,46274000.0,,,,,,,,,,211728000.0,,,,,,,,,,,,,,,,,,,,,,,,,,,,,,,
1070150400,,,,,,,,729888000.0,114282000.0,,3909000.0,222182000.0,,,,113319000.0,,,,,,124205000.0,,,,,0.09,,263418000.0,,,,,1071534000.0,11960000.0,,335501000.0,,,19053000.0,993306000.0,,,,,,,-41468000.0,19053000.0,19053000.0,,,,,,,0.0,13319000.0,,,,,59339000.0,207294000.0,945292000.0,,,,,,657805000.0,,54962000.0,-6953000.0,0.0,,,60853000.0,-40267000.0,,,,18856000.0,,126242000.0,449744000.0,100000000.0,,,114282000.0,,,,30980000.0,,,,,51864000.0,,54962000.0,239553000.0,,0.09,11927000.0,54962000.0,45328000.0,,,,-54539000.0,6267000.0,,,,,,20360000.0,0.0,,3516000.0,-61112000.0,,,,,13071000.0,,,,,,,,,,300665000.0,,,-8755000.0,127899000.0,,-532000.0,,9634000.0,,602000.0,,,,,0.0,,,,15869000.0,,,,,,,,,,211910000.0,,,,,,,,,,,,,,,,,,,,,,,,,,,,,,,
1078012800,102514000.0,,211256000.0,113866000.0,145517000.0,,-32874000.0,773481000.0,117825000.0,4014000.0,3956000.0,242398000.0,,356264000.0,,113866000.0,61643000.0,,,,18471000.0,146732000.0,0.0,,0.0,61643000.0,,0.55,263536000.0,,,,,1116865000.0,15945000.0,4446000.0,356264000.0,189350000.0,116450000.0,22527000.0,1037017000.0,,468374000.0,116450000.0,4026803000.0,,,-26711000.0,22527000.0,22527000.0,468374000.0,,207006000.0,,,680753000.0,0.0,13866000.0,,19287000.0,100000000.0,773481000.0,59724000.0,,983095000.0,116450000.0,,146732000.0,59724000.0,242398000.0,680753000.0,1037017000.0,61643000.0,-9140000.0,0.0,16303000.0,72900000.0,72358000.0,-16317000.0,,,72358000.0,20470000.0,,133770000.0,466061000.0,100000000.0,,244064000.0,117825000.0,263536000.0,148464000.0,,36630000.0,570888000.0,61643000.0,,,51889000.0,466061000.0,61643000.0,244064000.0,118817000.0,,14103000.0,61643000.0,54962000.0,87290000.0,,313297000.0,-44137000.0,4446000.0,,,0.0,,389000.0,19287000.0,0.0,,-1605000.0,-69233000.0,13866000.0,34615000.0,,,17426000.0,,-73845000.0,-1298000.0,,,,-181338000.0,-69233000.0,,313297000.0,,,-15537000.0,145517000.0,,7354000.0,,6681000.0,,216000.0,,,,,0.0,,0.0,,19901000.0,27028000.0,,,0.0,,,-47591000.0,,,,1137000.0,,,51889000.0,0.565,4597691000.0,,,,,,,,,,,,,,,,,,,,,,,,,
1085961600,,,,,,,,836493000.0,130688000.0,,4313000.0,288664000.0,,,,115089000.0,,,,,,182062000.0,,,,,0.165,,286764000.0,,,,,1324990000.0,36542000.0,,403753000.0,,,35330000.0,1123257000.0,,,,,,,-43831000.0,35330000.0,35330000.0,,,,,,,0.0,14713000.0,,,,,72117000.0,207728000.0,1157760000.0,,,,,,719504000.0,,61676000.0,-27665000.0,0.0,,,92624000.0,-57605000.0,,,,21816000.0,376000.0,167230000.0,523666000.0,100000000.0,,,130688000.0,,,,57918000.0,,,,,51986000.0,,61676000.0,267509000.0,,0.17,22588000.0,61676000.0,61643000.0,,,,-46455000.0,28182000.0,,,493000.0,,,19255000.0,0.0,,25074000.0,-69233000.0,,,,,2624000.0,,,,,,,,,,336742000.0,,,-36764000.0,156408000.0,,-193000.0,,33000.0,,1338000.0,,,,,0.0,,,,40855000.0,,,,,,,,,,211548000.0,,,,,,,,,,,,,,,,,,,,,,,,,,,,,,,
1093910400,,,,,,,,766575000.0,134737000.0,,4582000.0,232062000.0,,,,115179000.0,,,,,,211921000.0,,,,,0.14,,331119000.0,,,,,1323507000.0,28463000.0,,347241000.0,,,29859000.0,1097694000.0,,,,,,,-7069000.0,29859000.0,29859000.0,,,,,,,0.0,15179000.0,,,,,62367000.0,208004000.0,1160307000.0,,,,,,750453000.0,,56607000.0,-47300000.0,0.0,,,69795000.0,31655000.0,,,,20744000.0,,163200000.0,492011000.0,100000000.0,,,134737000.0,,,,48949000.0,,,,,52030000.0,,56607000.0,310268000.0,,0.145,19090000.0,56607000.0,61676000.0,,,,-72169000.0,4644000.0,,,324000.0,,,19216000.0,0.0,,-22869000.0,-69233000.0,,,,,65100000.0,,,,,,,,,,379501000.0,,,31092000.0,131495000.0,,-412000.0,,-5069000.0,,669000.0,,,,,0.0,,,,33045000.0,,,,,,,,,,211024000.0,,,,,,,,,,,,,,,,,,,,,,,,,,,,,,,
1101772800,,,,,,,,737547000.0,137170000.0,,4518000.0,228245000.0,,,,127578000.0,,,,,,229966000.0,,,,,0.085,,387512000.0,,,,,1215711000.0,8276000.0,,355823000.0,,,18045000.0,1125059000.0,,,,,,,-41836000.0,18045000.0,18045000.0,,,,,,,0.0,15638000.0,,,,,57869000.0,208140000.0,1070265000.0,,,,,,769236000.0,,25762000.0,-48719000.0,0.0,,,63694000.0,-11671000.0,,,,21131000.0,,145446000.0,503682000.0,111940000.0,,,137170000.0,,,,29582000.0,,,,,52065000.0,,25762000.0,368203000.0,,0.085,11537000.0,25762000.0,56607000.0,,,,-57717000.0,6331000.0,,,,,,18642000.0,0.0,,1993000.0,-69233000.0,,,,,15881000.0,,,,,,,,,,437436000.0,,,-4397000.0,133015000.0,,-1558000.0,,-30845000.0,,306000.0,,,,,0.0,,,,12794000.0,,,,,,,,,,211470000.0,,,,,,,,,,,,,,,,,,,,,,,,,,,,,,,
1109548800,103619000.0,,211558000.0,162706000.0,170646000.0,,-185344000.0,864956000.0,143993000.0,3559000.0,6840000.0,329331000.0,,492037000.0,,162706000.0,29099000.0,,,,-85775000.0,259660000.0,0.0,,0.0,29099000.0,,0.535,428057000.0,,,,,1396054000.0,30327000.0,65527000.0,492037000.0,184523000.0,112928000.0,29694000.0,1293013000.0,,546577000.0,112928000.0,4610066000.0,,,-92608000.0,29694000.0,29694000.0,546577000.0,,208072000.0,,,800976000.0,0.0,29260000.0,,21756000.0,128419000.0,864956000.0,66843000.0,,1221734000.0,112928000.0,,259660000.0,66843000.0,329331000.0,800976000.0,1293013000.0,29099000.0,-17397000.0,0.0,20253000.0,71595000.0,76167000.0,-72885000.0,,,76167000.0,19609000.0,5027000.0,174320000.0,576567000.0,128419000.0,,406301000.0,143993000.0,428057000.0,44736000.0,,48074000.0,650196000.0,29099000.0,,,52152000.0,576567000.0,29099000.0,406301000.0,123872000.0,,18380000.0,29099000.0,25762000.0,83289000.0,,494465000.0,-53739000.0,65527000.0,,,1989000.0,,-110506000.0,21756000.0,0.0,,59603000.0,-88164000.0,29260000.0,61643000.0,,,-38869000.0,,-141081000.0,-1184000.0,,,,-230080000.0,-88164000.0,5027000.0,494465000.0,,,-75706000.0,170646000.0,,979000.0,,3337000.0,,1246000.0,,,,,0.0,,0.0,,37167000.0,-32544000.0,,,0.0,,,63801000.0,,,,2806000.0,,,52152000.0,0.545,5260262000.0,,,,,,,,,,,,,,,,,,,,,,,,,
1117497600,,,,,,,,881674000.0,159235000.0,,5946000.0,434776000.0,,,,62955000.0,,,,,,299478000.0,,,,,0.185,,460823000.0,,,,,1578360000.0,38524000.0,,497731000.0,,,39818000.0,1342497000.0,,,,,,,9826000.0,39818000.0,39818000.0,,,,,,,0.0,30325000.0,,,,,90443000.0,208774000.0,1380601000.0,,,,,,844766000.0,,33518000.0,-38351000.0,0.0,,,79970000.0,-6722000.0,,,,27071000.0,4315000.0,197759000.0,583289000.0,28315000.0,,,159235000.0,,,,64536000.0,,,,,52245000.0,,33518000.0,439091000.0,,0.19,24718000.0,33518000.0,29099000.0,,,,-55056000.0,141779000.0,,,1194000.0,,,21732000.0,0.0,,-22112000.0,-88164000.0,,,,,64882000.0,,,,,,,,,,527255000.0,,,21531000.0,177952000.0,,-2425000.0,,4419000.0,,1740000.0,,,,,0.0,,,,44470000.0,,,,,,,,,,212370000.0,,,,,,,,,,,,,,,,,,,,,,,,,,,,,,,
1125446400,,,,,,,,869647000.0,165274000.0,,6292000.0,374307000.0,,,,68167000.0,,,,,,340900000.0,,,,,0.195,,461622000.0,,,,,1633853000.0,43310000.0,,442474000.0,,,41422000.0,1331269000.0,,,,,,,-6183000.0,41422000.0,41422000.0,,,,,,,0.0,28776000.0,,,,,96262000.0,209056000.0,1425269000.0,,,,,,888795000.0,,53800000.0,1284000.0,0.0,,,62037000.0,-1959000.0,,,,23824000.0,4112000.0,208584000.0,585248000.0,35279000.0,,,165274000.0,,,,66950000.0,,,,,52323000.0,,53800000.0,434835000.0,,0.2,25528000.0,53800000.0,33518000.0,,,,-60184000.0,106152000.0,,,375000.0,,,26787000.0,0.0,,-35003000.0,-88164000.0,,,,,54001000.0,,,,,,,,,,522999000.0,,,8381000.0,148341000.0,,-1253000.0,,20282000.0,,1524000.0,,,,,0.0,,,,49602000.0,,,,,,,,,,212434000.0,,,,,,,,,,,,,,,,,,,,,,,,,,,,,,,
1133308800,,,,,,,,868797000.0,161727000.0,,7008000.0,334499000.0,,,,114358000.0,,,,,,367312000.0,,,,,0.125,,498343000.0,,,,,1423980000.0,15446000.0,,448857000.0,,,26412000.0,1367140000.0,,,,,,,-8444000.0,26412000.0,26412000.0,,,,,,,0.0,29322000.0,,,,,96837000.0,209454000.0,1246807000.0,,,,,,918283000.0,,34977000.0,-38206000.0,0.0,,,55616000.0,-21118000.0,,,,27971000.0,,177173000.0,606366000.0,85036000.0,,,161727000.0,,,,43249000.0,,,,,52421000.0,,34977000.0,465990000.0,,0.125,16837000.0,34977000.0,53800000.0,,,,-38250000.0,44749000.0,,,430000.0,,,26484000.0,0.0,,-10423000.0,-88164000.0,,,,,29806000.0,,,,,,,,,,554154000.0,,,10295000.0,173341000.0,,-13961000.0,,-18823000.0,,1223000.0,,,,,0.0,,,,22454000.0,,,,,,,,,,212884000.0,,,,,,,,,,,,,,,,,,,,,,,,,,,,,,,
1141084800,138726000.0,,212688000.0,166194000.0,188614000.0,,-72138000.0,941738000.0,165752000.0,6035000.0,7500000.0,363315000.0,,529509000.0,,166194000.0,21759000.0,,,,-39751000.0,407715000.0,0.0,,0.0,21759000.0,,0.695,547509000.0,,,,,1623774000.0,41446000.0,60225000.0,529509000.0,239983000.0,148055000.0,40403000.0,1489247000.0,,651988000.0,148055000.0,5469253000.0,,,-67337000.0,40403000.0,40403000.0,651988000.0,,209270000.0,,-804000.0,959738000.0,0.0,31407000.0,,44000000.0,134787000.0,941738000.0,90914000.0,,1416576000.0,148055000.0,,407715000.0,90914000.0,363315000.0,959738000.0,1489247000.0,21759000.0,-40820000.0,0.0,26746000.0,91928000.0,76621000.0,-63334000.0,,,76621000.0,25461000.0,,207198000.0,669700000.0,134787000.0,,499298000.0,165752000.0,547509000.0,122295000.0,,65248000.0,790714000.0,21759000.0,,,52477000.0,669700000.0,21759000.0,499298000.0,165472000.0,,24845000.0,21759000.0,34977000.0,104327000.0,,603545000.0,-40943000.0,60225000.0,,,2094000.0,,-93133000.0,44000000.0,0.0,,65971000.0,-104247000.0,31407000.0,17124000.0,,,-26394000.0,,-116093000.0,-11991000.0,,,,-194433000.0,-104247000.0,,603545000.0,,,-79958000.0,188614000.0,,5648000.0,,-1243000.0,,1548000.0,,,,,0.0,,0.0,,48946000.0,4635000.0,,,0.0,,,-1567000.0,,,,4093000.0,,,52477000.0,0.705,6259967000.0,,,,,,,,,,,,,,,,,,,,,,,,,
1149033600,,,,,,,,1027004000.0,186966000.0,,8075000.0,395094000.0,,,,167471000.0,,,,6686000.0,,430326000.0,,,,,0.265,,589128000.0,,,,,1885139000.0,61289000.0,,562565000.0,,,56776000.0,1616132000.0,,,,,,,22946000.0,56776000.0,56776000.0,,,,,,,0.0,32937000.0,,,,,130083000.0,210530000.0,1636884000.0,,,,,,1053567000.0,,26043000.0,-25080000.0,0.0,,,70400000.0,-69005000.0,,,,32394000.0,,248255000.0,738705000.0,134534000.0,,,186966000.0,,,,92003000.0,,,,,52998000.0,,26043000.0,516305000.0,,0.27,35227000.0,26043000.0,21759000.0,,,,-25139000.0,31889000.0,,,1947000.0,,,44218000.0,3555000.0,,-18721000.0,-104247000.0,,,,,48085000.0,,,,,,,,,,620552000.0,,,-4680000.0,224301000.0,,-18770000.0,,4284000.0,,6313000.0,,,,,0.0,,,,69364000.0,,,,,,,,,,214112000.0,,,,,,,,,,,,,,,,,,,,,,,,,,,,,,,
1156982400,,,,,,,,1030745000.0,200049000.0,,8652000.0,436512000.0,,,,68505000.0,,,,12950000.0,,484590000.0,,,,,0.25,,605973000.0,,,,,1929542000.0,53316000.0,,505017000.0,,,54264000.0,1636718000.0,,,,,,,9488000.0,54264000.0,54264000.0,,,,,,,0.0,34229000.0,,,,,132196000.0,211832000.0,1676177000.0,,,,,,1131701000.0,,23781000.0,-25770000.0,0.0,,,66690000.0,4341000.0,,,,36512000.0,,253365000.0,734364000.0,34276000.0,,,200049000.0,,,,87793000.0,,,,,53304000.0,,23781000.0,533335000.0,,0.255,33529000.0,23781000.0,26043000.0,,,,-29178000.0,105317000.0,,,2335000.0,,,43856000.0,4057000.0,,-15158000.0,-104247000.0,,,,,38666000.0,,,,,,,,,,637582000.0,,,-37121000.0,190168000.0,,-167000.0,,-2262000.0,,7615000.0,,,,,0.0,,,,61968000.0,,,,,,,,,,215302000.0,,,,,,,,,,,,,,,,,,,,,,,,,,,,,,,
1164844800,,,,,,,,1045954000.0,187318000.0,,8450000.0,436660000.0,,,,69102000.0,,,,5912000.0,,530009000.0,,,,,0.21,,658714000.0,,,,,1768147000.0,41291000.0,,505762000.0,,,45419000.0,1704668000.0,,,,,,,-9588000.0,45419000.0,45419000.0,,,,,,,0.0,35090000.0,,,,,116898000.0,213022000.0,1539538000.0,,,,,,1198906000.0,,12352000.0,-60397000.0,0.0,,,53092000.0,-26452000.0,,,,31974000.0,,228609000.0,760816000.0,34012000.0,,,187318000.0,,,,73504000.0,,,,,53615000.0,,12352000.0,585109000.0,,0.215,28085000.0,12352000.0,23781000.0,,,,-60402000.0,87406000.0,,,167000.0,,,47817000.0,2808000.0,,-1846000.0,-104247000.0,,,,,50814000.0,,,,,,,,,,689356000.0,,,-13454000.0,222205000.0,,4314000.0,,-11429000.0,,13521000.0,,,,,0.0,,,,49741000.0,,,,,,,,,,217766000.0,,,,,,,,,,,,,,,,,,,,,,,,,,,,,,,
1172620800,194894000.0,,216739000.0,126176000.0,254895000.0,,-54960000.0,1150516000.0,201835000.0,35411000.0,9374000.0,512022000.0,,638198000.0,,126176000.0,19455000.0,,,11169000.0,-118984000.0,572147000.0,0.0,,0.0,19455000.0,,0.92,735057000.0,,,,,1882828000.0,38998000.0,151733000.0,638198000.0,323349000.0,198597000.0,42138000.0,1885573000.0,,776168000.0,198597000.0,6494594000.0,,-20332000.0,-77806000.0,42138000.0,42138000.0,776168000.0,,212454000.0,16765000.0,,1247375000.0,0.0,92432000.0,36717000.0,43033000.0,33744000.0,1150516000.0,92262000.0,,1641995000.0,198597000.0,,572147000.0,92262000.0,512022000.0,1247375000.0,1885573000.0,19455000.0,-75944000.0,0.0,34551000.0,124752000.0,71413000.0,-75300000.0,,,71413000.0,31745000.0,,240833000.0,836116000.0,33744000.0,,651850000.0,201835000.0,735057000.0,136800000.0,,70049000.0,971062000.0,19455000.0,,,108014000.0,836116000.0,19455000.0,651850000.0,229445000.0,,27911000.0,19455000.0,12352000.0,132625000.0,,789222000.0,-77041000.0,151733000.0,,,924000.0,,-166416000.0,43033000.0,11791000.0,,83812000.0,-137372000.0,92432000.0,21759000.0,,,-765000.0,,-187191000.0,-14169000.0,,,,-191760000.0,-137372000.0,,789222000.0,,,-63729000.0,254895000.0,,454000.0,,7103000.0,,7962000.0,-20332000.0,,,,0.0,,0.0,,48372000.0,-2304000.0,,,22211000.0,,,48087000.0,,,,5373000.0,-16765000.0,,108014000.0,0.93,7465656000.0,,,,,,,,,,,,,,,,,,,,,,,,,
1180569600,,,,,,,,1188327000.0,213814000.0,,10835000.0,502942000.0,,,,145839000.0,,,,9332000.0,,638298000.0,,-4000000.0,,,0.3,,788823000.0,,,,,2147134000.0,70407000.0,,648781000.0,,,65355000.0,1977150000.0,,,,,,,14516000.0,65355000.0,65355000.0,,,,,,,0.0,112370000.0,,,,,108304000.0,215293000.0,1862913000.0,,,,,,1328369000.0,,22029000.0,-60879000.0,0.0,,,68367000.0,-27395000.0,,,,37068000.0,,284221000.0,863511000.0,33469000.0,,,213814000.0,,,,105837000.0,,,,,108652000.0,,22029000.0,702431000.0,,0.3,40482000.0,22029000.0,19455000.0,,,,-60883000.0,134944000.0,,,2016000.0,,,42698000.0,1393000.0,,-11946000.0,-137372000.0,,,,4000000.0,75399000.0,,,,,,,,,,839803000.0,,,-3683000.0,249327000.0,,-6486000.0,,2574000.0,,3725000.0,-19950000.0,,,,0.0,,,,81242000.0,,,,,,,,,,220130000.0,,,,,,,,,,,,,,,,,,,,,,,,,,,,,,,
1188518400,,,,,,,,1132716000.0,214196000.0,,11191000.0,423614000.0,,,,143343000.0,,,,8412000.0,,703294000.0,,0.0,,,0.29,,845074000.0,,,,,2122530000.0,73998000.0,,566957000.0,,,64995000.0,1977790000.0,,,,,,,21417000.0,64995000.0,64995000.0,,,,,,,0.0,115982000.0,,,,,71235000.0,215891000.0,1834336000.0,,,,,,1410833000.0,,7589000.0,-69941000.0,0.0,,,56165000.0,43340000.0,,,,34152000.0,,288194000.0,820171000.0,27361000.0,,,214196000.0,,,,107445000.0,,,,,108940000.0,,7589000.0,755276000.0,,0.3,42450000.0,7589000.0,22029000.0,,,,-71209000.0,88937000.0,,,950000.0,,,47331000.0,2214000.0,,-37125000.0,-137372000.0,,,,0.0,92626000.0,,,,,,,,,,892648000.0,,,2940000.0,248762000.0,,5162000.0,,-14440000.0,,6222000.0,-19303000.0,,,,0.0,,,,85189000.0,,,,,,,,,,220580000.0,,,,,,,,,,,,,,,,,,,,,,,,,,,,,,,
1196380800,,,,,,,,1212237000.0,210508000.0,,12142000.0,510088000.0,,,,144975000.0,,,,8112000.0,,732752000.0,,-6000000.0,,,0.14,,897155000.0,,,,,1885300000.0,32375000.0,,655063000.0,,,29846000.0,2109392000.0,,,,,,,-74456000.0,29846000.0,29846000.0,,,,,,,0.0,117695000.0,,,,,69345000.0,216301000.0,1642417000.0,,,,,,1454329000.0,,8380000.0,-60163000.0,0.0,,,52769000.0,-72057000.0,,,,16347000.0,,242883000.0,892228000.0,27280000.0,,,210508000.0,,,,48963000.0,,,,,109153000.0,,8380000.0,804545000.0,,0.14,19117000.0,8380000.0,7589000.0,,,,-60348000.0,158678000.0,,,44000.0,,,47003000.0,2191000.0,,75062000.0,-137372000.0,,,,6000000.0,-14108000.0,,,,,,,,,,941917000.0,,,-62263000.0,265933000.0,,-2008000.0,,791000.0,,3210000.0,-18755000.0,,,,0.0,,,,44517000.0,,,,,,,,,,220558000.0,,,,,,,,,,,,,,,,,,,,,,,,,,,,,,,
1204243200,214053000.0,,220522000.0,354211000.0,306013000.0,,-173586000.0,1356925000.0,219854000.0,14730000.0,12447000.0,490024000.0,,844235000.0,,354211000.0,12965000.0,,,7611000.0,-159586000.0,754580000.0,0.0,-16665000.0,0.0,12965000.0,,0.83,976236000.0,,,,,2044607000.0,37273000.0,100678000.0,844235000.0,297069000.0,182025000.0,21829000.0,2333161000.0,,858372000.0,182025000.0,7127146000.0,,-16728000.0,-135063000.0,21829000.0,21829000.0,858372000.0,,216045000.0,21665000.0,,1488926000.0,0.0,127058000.0,33467000.0,46673000.0,227153000.0,1356925000.0,65623000.0,,1787480000.0,182025000.0,,754580000.0,65623000.0,490024000.0,1488926000.0,2333161000.0,12965000.0,-66034000.0,-5000000.0,46615000.0,115044000.0,73228000.0,-83549000.0,,,73228000.0,-962000.0,,257127000.0,975777000.0,227153000.0,,862497000.0,219854000.0,976236000.0,79520000.0,,34824000.0,1072425000.0,12965000.0,,,109308000.0,975777000.0,12965000.0,862497000.0,260668000.0,,12995000.0,12965000.0,8380000.0,86605000.0,,1037791000.0,-60666000.0,100678000.0,,,1945000.0,,-139661000.0,46673000.0,1571000.0,,145016000.0,-175294000.0,127058000.0,19455000.0,,11665000.0,-74397000.0,,-257017000.0,-24405000.0,,,,-253106000.0,-175294000.0,,1037791000.0,,,-96580000.0,306013000.0,,-21073000.0,,4585000.0,,1573000.0,-16728000.0,,,,0.0,,0.0,,49720000.0,-6490000.0,,,7369000.0,,,171007000.0,,,,4955000.0,-26665000.0,,109308000.0,0.84,8199571000.0,,,,,,,,,,,,,,,,,,,,,,,,,
1212192000,,,,,,,,1323187000.0,242984000.0,,13248000.0,478091000.0,,,,361141000.0,,,,9921000.0,,784138000.0,,-863000.0,,,0.13,,1052886000.0,,,,,2208763000.0,39730000.0,,839232000.0,,,29558000.0,2376073000.0,,,,,,,3624000.0,29558000.0,29558000.0,,,,,,,0.0,134124000.0,,,,,99336000.0,217094000.0,1926049000.0,,,,,,1536841000.0,,11891000.0,-76370000.0,0.0,,,75393000.0,41820000.0,,,,9819000.0,,282714000.0,933957000.0,227017000.0,,,242984000.0,,,,47755000.0,,,,,110147000.0,,11891000.0,926348000.0,,0.14,18197000.0,11891000.0,12965000.0,,,,-75732000.0,88391000.0,,,2058000.0,,,47186000.0,134000.0,,-4060000.0,-175294000.0,,,,,79356000.0,,,,,,,,,,1101642000.0,,,40400000.0,274560000.0,,-14290000.0,,-1074000.0,,8229000.0,-16559000.0,,,,0.0,,,,52978000.0,,,,,,,,,,221346000.0,,,,,,,,,,,,,,,,,,,,,,,,,,,,,,,
1220140800,,,,,,,,1163311000.0,225148000.0,,14246000.0,392293000.0,,,,310913000.0,,,,9174000.0,,798144000.0,,-3146000.0,,,0.06,,1100841000.0,,,,,1839054000.0,30765000.0,,703206000.0,,,14006000.0,2264152000.0,,,,,,,77758000.0,14006000.0,14006000.0,,,,,,,0.0,134049000.0,,,,,85418000.0,217600000.0,1583141000.0,,,,,,1560946000.0,,10917000.0,-63904000.0,0.0,,,59149000.0,197826000.0,,,,-7141000.0,,255913000.0,736131000.0,176864000.0,,,225148000.0,,,,22501000.0,,,,,110190000.0,,10917000.0,960524000.0,,0.06,8495000.0,10917000.0,11891000.0,,,,-61787000.0,60829000.0,,,1477000.0,,,50897000.0,229000.0,,-76615000.0,-175294000.0,,,,,139545000.0,,,,,,,,,,1135818000.0,,,109578000.0,228578000.0,,-8487000.0,,-974000.0,,871000.0,-16347000.0,,,,0.0,,,,45011000.0,,,,,,,,,,220944000.0,,,,,,,,,,,,,,,,,,,,,,,,,,,,,,,
1228003200,,,,,,,,1130256000.0,217482000.0,,13885000.0,379493000.0,,,,274986000.0,,,,7943000.0,,776270000.0,,0.0,,,-0.1,,1087926000.0,,,,,1455632000.0,-18246000.0,,654479000.0,,,-21874000.0,2218182000.0,,,,,,,61282000.0,-21874000.0,-21874000.0,,,,,,,0.0,98303000.0,,,,,88455000.0,217712000.0,1256396000.0,,,,,,1563703000.0,,138144000.0,656000.0,0.0,,,45816000.0,134625000.0,,,,-15360000.0,,199236000.0,601506000.0,176683000.0,,,217482000.0,,,,-34396000.0,,,,,110206000.0,,138144000.0,948106000.0,,-0.1,-12522000.0,138144000.0,10917000.0,,,,-26445000.0,98968000.0,,,1525000.0,,,50505000.0,24000.0,,38844000.0,-175294000.0,,,,,87727000.0,,,,,,,,,,1123400000.0,,,92884000.0,177144000.0,,-11827000.0,,127227000.0,,862000.0,-337000.0,,,,0.0,,,,-4361000.0,,,,,,,,,,217712000.0,,,,,,,,,,,,,,,,,,,,,,,,,,,,,,,
1235779200,85812000.0,,220513000.0,295350000.0,237312000.0,,78891000.0,1287752000.0,196744000.0,10162000.0,13362000.0,490770000.0,,786120000.0,,295350000.0,140597000.0,,,8398000.0,145975000.0,813793000.0,0.0,22000.0,34341000.0,140597000.0,,0.27,1091435000.0,,,,,1470517000.0,33563000.0,158985000.0,786120000.0,96798000.0,59213000.0,37523000.0,2379187000.0,,882358000.0,59213000.0,6005796000.0,,-16860000.0,-63773000.0,37523000.0,37523000.0,882358000.0,,217537000.0,0.0,,1593067000.0,0.0,0.0,35436000.0,50013000.0,178062000.0,1287752000.0,55793000.0,,1240210000.0,59213000.0,,813793000.0,55793000.0,490770000.0,1593067000.0,2379187000.0,140597000.0,-15728000.0,-15750000.0,54741000.0,37585000.0,75876000.0,-101651000.0,,,75876000.0,27968000.0,,230307000.0,703157000.0,178062000.0,,938259000.0,196744000.0,1091435000.0,264591000.0,,60938000.0,968170000.0,140597000.0,,,110196000.0,703157000.0,140597000.0,938259000.0,157625000.0,,23415000.0,140597000.0,138144000.0,15286000.0,,1164427000.0,-21736000.0,158985000.0,,,1026000.0,,272620000.0,50013000.0,4000.0,,60218000.0,-226168000.0,0.0,12965000.0,26551000.0,,-42037000.0,,-155346000.0,-41502000.0,,,,-185700000.0,-226168000.0,,1164427000.0,26551000.0,117288000.0,-96887000.0,237312000.0,117288000.0,-6898000.0,-2648000.0,2453000.0,,200000.0,-16860000.0,,,,0.0,,0.0,,63997000.0,127632000.0,,35436000.0,391000.0,,,18387000.0,,,,6086000.0,-3987000.0,-781966000.0,110196000.0,0.27,6973966000.0,,,,,,,,,,,,,,,,,,,,,,,,,
1243728000,,,,,,,,1453504000.0,206225000.0,,15032000.0,640215000.0,,,,283995000.0,,,,12493000.0,,842541000.0,,,,,0.13,,1097172000.0,,,,,1834300000.0,91282000.0,,924210000.0,,,28748000.0,2550676000.0,,,,,,,-85079000.0,28748000.0,28748000.0,,,,,,,0.0,0.0,,,,,81841000.0,218004000.0,1558063000.0,,,,,,1626466000.0,,133580000.0,-5427000.0,50000.0,,,74692000.0,-77928000.0,,,,21636000.0,,276237000.0,781085000.0,177889000.0,,,184955000.0,,,,47493000.0,,,-175792000.0,,110104000.0,,133580000.0,922950000.0,,0.13,18745000.0,133580000.0,140597000.0,,,,-5662000.0,239683000.0,,,1066000.0,1184000.0,,49403000.0,39000.0,,77827000.0,,,,55159000.0,185000.0,-79417000.0,,,,-2737000.0,,,,,,,,106106000.0,-112982000.0,252702000.0,,-22949000.0,,-7017000.0,,,-16854000.0,,,,0.0,,,,63591000.0,,12493000.0,,,,,,,,218840000.0,,,,,,,,,,,,,,,,,,,,,,,,,,,,,,,
1251676800,,,,,,,,1521582000.0,218122000.0,,14547000.0,555735000.0,,,,287338000.0,,,,10161000.0,,945512000.0,,,,,0.46,,1065718000.0,,,,,2076671000.0,23917000.0,,843073000.0,,,102971000.0,2587300000.0,,,,,,,19462000.0,102971000.0,102971000.0,,,,,,,0.0,0.0,,,,,92925000.0,218747000.0,1762122000.0,,,,,,1744227000.0,,122347000.0,-8400000.0,0.0,,,79110000.0,-8996000.0,,,,-72130000.0,,314549000.0,790081000.0,177716000.0,,,290632000.0,,,,167399000.0,,,-168806000.0,,110435000.0,,122347000.0,916162000.0,,0.47,64428000.0,122347000.0,133580000.0,,,,-8666000.0,201792000.0,,,1348000.0,-4418000.0,,48857000.0,547000.0,,-30961000.0,,,,36183000.0,2015000.0,28128000.0,,,,,,,,,,,,109622000.0,-104824000.0,224835000.0,,5238000.0,,-11233000.0,,,-16854000.0,,,,0.0,,,,183294000.0,,10161000.0,,,,,,,,221334000.0,,,,,,,,,,,,,,,,,,,,,,,,,,,,,,,
1259539200,,,,,,,,1392341000.0,192140000.0,,14368000.0,427640000.0,,,,136653000.0,,,,8043000.0,,1020101000.0,,0.0,,,0.33,,1017926000.0,,,,,1725977000.0,50633000.0,,564293000.0,,,74589000.0,2410267000.0,,,,,,,103722000.0,74589000.0,74589000.0,,,,,,,0.0,0.0,,,,,100575000.0,220204000.0,1483114000.0,,,,,,1845974000.0,,15212000.0,-4015000.0,0.0,,,68314000.0,38784000.0,,,,-65806000.0,,242863000.0,751297000.0,27533000.0,,,192230000.0,,,,115900000.0,,,-286525000.0,,111226000.0,,15212000.0,905564000.0,,0.34,41311000.0,15212000.0,122347000.0,,,,-4044000.0,119391000.0,,,674000.0,10796000.0,,48719000.0,2199000.0,,-210886000.0,,,,16504000.0,0.0,107766000.0,,,,,,,,,,,,109120000.0,-27340000.0,191170000.0,,38023000.0,,-107135000.0,,19499000.0,-16854000.0,,,,0.0,,,,130942000.0,,8043000.0,,,,,,,,223879000.0,,,,,,,,,,,,,,,,,,,,,,,,,,,,,,,
1267315200,279059000.0,,222234000.0,145258000.0,253267000.0,,23386000.0,1556412000.0,202204000.0,31307000.0,14381000.0,477351000.0,,622609000.0,,145258000.0,18278000.0,,,7161000.0,-362167000.0,1095461000.0,0.0,0.0,662000.0,18278000.0,,1.26,999779000.0,,,,,1833245000.0,-113320000.0,123200000.0,622609000.0,452496000.0,281668000.0,75360000.0,2556191000.0,,819811000.0,281668000.0,6371323000.0,,-19546000.0,-10249000.0,75360000.0,75360000.0,818691000.0,,219527000.0,2200000.0,,1933582000.0,0.0,0.0,37858000.0,49092000.0,27371000.0,1556412000.0,94557000.0,,1568024000.0,281668000.0,,1095461000.0,94557000.0,477351000.0,1933582000.0,2556191000.0,18278000.0,-3479000.0,583000.0,58328000.0,170828000.0,99434000.0,-91836000.0,,,99434000.0,121854000.0,,265221000.0,843133000.0,27371000.0,,893453000.0,378541000.0,999779000.0,45820000.0,,121704000.0,1098870000.0,18278000.0,-162546000.0,,111533000.0,843133000.0,18278000.0,893453000.0,514284000.0,,46344000.0,18278000.0,15212000.0,179237000.0,,1171374000.0,-4062000.0,123200000.0,,,372000.0,-31120000.0,-139976000.0,49092000.0,1096000.0,,12732000.0,-277921000.0,0.0,140597000.0,6327000.0,0.0,-6187000.0,,-21321000.0,29761000.0,,,,-22434000.0,-277921000.0,,1171374000.0,6327000.0,117887000.0,-114606000.0,253267000.0,117887000.0,9449000.0,-23558000.0,3066000.0,,,-19546000.0,,,,0.0,,0.0,,136457000.0,-122319000.0,7161000.0,37858000.0,8351000.0,,,-146818000.0,,,,3460000.0,-2196000.0,-792981000.0,111533000.0,1.27,7470193000.0,,,,,,,,,,,,,,,,,,,,,,,,,
1275264000,,,,,,,,1155758000.0,226692000.0,,14432000.0,568446000.0,,,,3845217000.0,,,,880000.0,,1103346000.0,,,,,0.44,,5216192000.0,,,,,2261912000.0,164351000.0,,4413663000.0,,,101119000.0,6371950000.0,,,,,,,62096000.0,101119000.0,101119000.0,,,,,,,0.0,0.0,,,,,87872000.0,222221000.0,1928364000.0,,,,,,1958287000.0,,13708000.0,-11251000.0,-2098000.0,,,84898000.0,-51532000.0,,,,57495000.0,,333548000.0,894665000.0,3727044000.0,,,169197000.0,,,,164359000.0,,,-971462000.0,,111857000.0,,13708000.0,886652000.0,,0.45,63240000.0,13708000.0,18278000.0,,,,-9154000.0,177775000.0,,,72000.0,-5839000.0,,97851000.0,2238000.0,,-64569000.0,,,,51637000.0,1000.0,71250000.0,,,,,,,,,,,,118173000.0,-74089000.0,251162000.0,,15144000.0,,-4570000.0,,5355000.0,-20376000.0,,,,0.0,,,,178863000.0,,13461000.0,,,,,,,,226179000.0,,,,,,,,,,,,,,,,,,,,,,,,,,,,,,,
1283212800,,,,,,,,1234572000.0,225236000.0,,14616000.0,485838000.0,,,,4022338000.0,,,,9003000.0,,1211231000.0,,,,,0.48,,5342607000.0,,,,,2341880000.0,123678000.0,,4508176000.0,,,107885000.0,6577179000.0,,,,,,,-86794000.0,107885000.0,107885000.0,,,,,,,8854000.0,126546000.0,,,,,92144000.0,222857000.0,1992762000.0,,,,,,2069003000.0,,55163000.0,-9598000.0,-3520000.0,,,65982000.0,-34505000.0,,,,52604000.0,,349118000.0,929170000.0,3895792000.0,,,225440000.0,,,,175175000.0,,,-1086568000.0,,111909000.0,,55163000.0,880197000.0,,0.48,67290000.0,55163000.0,13708000.0,,,,-6078000.0,141198000.0,,,1413000.0,18916000.0,,99266000.0,305000.0,,131769000.0,,,,15499000.0,0.0,-80716000.0,,,,,,,,,,,,,-215889000.0,236997000.0,,-4840000.0,,41455000.0,,1032000.0,-25589000.0,,,,0.0,,,,191204000.0,,8496000.0,,,,,,,,226132000.0,,,,,,,,,,,,,,,,,,,,,,,,,,,,,,,
1291075200,,,,,,,,1337500000.0,219707000.0,,14609000.0,469254000.0,,,,4042653000.0,,,,8567000.0,,1293595000.0,,,,,0.36,,5357892000.0,,,,,2119129000.0,78203000.0,,4511907000.0,,,82364000.0,6695392000.0,,,,,,,-36326000.0,82364000.0,82364000.0,,,,,,,20031000.0,127257000.0,,,,,110436000.0,223953000.0,1821219000.0,,,,,,2183485000.0,,74391000.0,-16744000.0,2560000.0,,,66045000.0,-73812000.0,,,,55745000.0,,297910000.0,1002982000.0,3915396000.0,,,219707000.0,,,,133345000.0,,,-1055337000.0,,112752000.0,,74391000.0,893421000.0,,0.37,50981000.0,74391000.0,55163000.0,,,,-23304000.0,140257000.0,,,801000.0,-63000.0,,94799000.0,4773000.0,,48994000.0,,,,524000.0,4000000.0,-13022000.0,,,,,,,,,,,,,-134380000.0,218037000.0,,4048000.0,,19228000.0,,25558000.0,-29308000.0,,,,0.0,,,,148755000.0,,11643000.0,,,,,,,,228471000.0,,,,,,,,,,,,,,,,,,,,,,,,,,,,,,,
1298851200,396137000.0,,227601000.0,4040062000.0,269763000.0,,-93778000.0,1410098000.0,233456000.0,38277000.0,15764000.0,508217000.0,,4548279000.0,,4040062000.0,41121000.0,,,10006000.0,-549388000.0,1383105000.0,33660000.0,,367000.0,41121000.0,,1.67,5429811000.0,,,,,2252633000.0,87196000.0,134293000.0,4548279000.0,613490000.0,380878000.0,89510000.0,6839909000.0,,905091000.0,380878000.0,7674326000.0,,-25057000.0,-32754000.0,89510000.0,89510000.0,905091000.0,,223449000.0,4001000.0,,2291630000.0,33660000.0,130570000.0,43606000.0,96913000.0,3909492000.0,1410098000.0,103389000.0,,1931981000.0,380878000.0,,1383105000.0,103389000.0,508217000.0,2291630000.0,6839909000.0,41121000.0,-34619000.0,3425000.0,59421000.0,232612000.0,119597000.0,-46495000.0,,,119597000.0,54139000.0,,320652000.0,1049477000.0,3909492000.0,,920045000.0,233456000.0,5429811000.0,-17198000.0,,140611000.0,1301228000.0,41121000.0,-413193000.0,,112943000.0,1049477000.0,41121000.0,920045000.0,676021000.0,,51101000.0,41121000.0,74391000.0,219983000.0,,1246870000.0,-38044000.0,134293000.0,,,824000.0,-53552000.0,-206344000.0,96913000.0,1595000.0,,-3941000.0,-326825000.0,130570000.0,18278000.0,772000.0,0.0,5290000.0,,-72212000.0,19393000.0,,,,-76580000.0,-326825000.0,,1246870000.0,772000.0,,-125030000.0,269763000.0,,5041000.0,-40538000.0,-33270000.0,,6332000.0,-25057000.0,,,,0.0,,0.0,,157199000.0,22843000.0,10006000.0,43606000.0,8911000.0,,,112253000.0,,,,3110000.0,,-3526354000.0,112943000.0,1.7,8975554000.0,,,,,,,,,,,,,,,,,,,,,,,,,
1306800000,,,,,,,,1540953000.0,248205000.0,,15404000.0,563018000.0,,,,4166587000.0,,,,15010000.0,,1509393000.0,,,,,0.55,,5619078000.0,,,,,2679417000.0,134890000.0,,4729605000.0,,,126288000.0,7160031000.0,,,,,,,-8954000.0,126288000.0,126288000.0,,,,,,,9187000.0,137340000.0,,,,,93785000.0,225570000.0,2296322000.0,,,,,,2430426000.0,,156003000.0,-39479000.0,-8433000.0,,,85058000.0,-66864000.0,,,,69661000.0,,383095000.0,1116341000.0,4029247000.0,,,248205000.0,,,,203863000.0,,,-1105784000.0,,113018000.0,,156003000.0,949623000.0,,0.56,77575000.0,156003000.0,41121000.0,,,,-31046000.0,142924000.0,,,791000.0,34539000.0,,99250000.0,6015000.0,,132269000.0,,,,38236000.0,0.0,22092000.0,,,,,,,,,,,,,-142592000.0,288073000.0,,8838000.0,,114882000.0,,-2132000.0,-28007000.0,,,,0.0,,,,220058000.0,,15010000.0,,,,,,,,230278000.0,,,,,,,,,,,,,,,,,,,,,,,,,,,,,,,
1314748800,,,,,,,,1495819000.0,236435000.0,,15600000.0,490290000.0,,,,4316463000.0,,,,11293000.0,,1621288000.0,,,,,0.49,,5863156000.0,,,,,2587819000.0,117840000.0,,4806753000.0,,,111895000.0,7358975000.0,,,,,,,-152912000.0,111895000.0,111895000.0,,,,,,,21762000.0,119495000.0,,,,,107653000.0,226300000.0,2233544000.0,,,,,,2552222000.0,,181913000.0,-34658000.0,16685000.0,,,64849000.0,55032000.0,,,,-63826000.0,,354275000.0,1061309000.0,4196968000.0,,,236435000.0,,,,180989000.0,,,-478651000.0,,113213000.0,,181913000.0,976901000.0,,0.49,69094000.0,181913000.0,156003000.0,,,,-49179000.0,131713000.0,,,787000.0,20209000.0,,98730000.0,1297000.0,,164301000.0,,,,7451000.0,,-103733000.0,,,,,,,,,,,,,-249925000.0,243473000.0,,-4430000.0,,25910000.0,,6494000.0,-33416000.0,,,,0.0,,,,197376000.0,,11293000.0,,,,,,,,230681000.0,,,,,,,,,,,,,,,,,,,,,,,,,,,,,,,
1322611200,,,,,,,,1648399000.0,232304000.0,,17017000.0,531316000.0,,,,4465233000.0,,,,10845000.0,,1704082000.0,,-608000.0,,,0.36,,5985002000.0,,,,,2260514000.0,70915000.0,,4996549000.0,,,82794000.0,7633401000.0,,,,,,,53449000.0,82794000.0,82794000.0,,,,,,,9806000.0,119474000.0,,,,,123074000.0,226446000.0,1957295000.0,,,,,,2636852000.0,,383411000.0,-44398000.0,-18077000.0,,,54522000.0,48126000.0,,,,-94000.0,,303219000.0,1013183000.0,4345759000.0,,,232304000.0,,,,132666000.0,,,-1597811000.0,,113237000.0,,383411000.0,988300000.0,,0.37,49872000.0,383411000.0,181913000.0,,,,-25765000.0,148780000.0,,,780000.0,10327000.0,,101193000.0,147000.0,,166682000.0,,,,13069000.0,,79214000.0,,,,,,,,,,,,,-38407000.0,246393000.0,,-8266000.0,,201498000.0,,677000.0,-39257000.0,,,,0.0,,,,150463000.0,,10845000.0,,,,,,,,230632000.0,,,,,,,,,,,,,,,,,,,,,,,,,,,,,,,
1330473600,437975000.0,,230721000.0,5012118000.0,324827000.0,,-234780000.0,1853448000.0,223842000.0,15577000.0,34791000.0,646313000.0,,5658431000.0,,5012118000.0,442658000.0,,,10941000.0,-645244000.0,1744519000.0,17512000.0,-544000.0,-43522000.0,442658000.0,,1.79,6478095000.0,,,,,2475849000.0,114330000.0,175280000.0,5658431000.0,666910000.0,413795000.0,92818000.0,8331543000.0,,940786000.0,413795000.0,8624838000.0,,-62459000.0,-126363000.0,92818000.0,92818000.0,940786000.0,,226282000.0,52000.0,,2673112000.0,17512000.0,148800000.0,48089000.0,106392000.0,4509752000.0,1853448000.0,128973000.0,,2137677000.0,413795000.0,,1744519000.0,128973000.0,646313000.0,2673112000.0,8331543000.0,442658000.0,-100867000.0,-33697000.0,82812000.0,253115000.0,86434000.0,-79409000.0,,,86434000.0,66418000.0,,338172000.0,1092592000.0,4509752000.0,,1278722000.0,223842000.0,6478095000.0,-62164000.0,,149392000.0,1378761000.0,442658000.0,-1289886000.0,,113559000.0,1092592000.0,442658000.0,1278722000.0,783436000.0,,56574000.0,442658000.0,383411000.0,262649000.0,,1855363000.0,-66626000.0,175280000.0,,,31356000.0,-31912000.0,-43115000.0,106392000.0,2258000.0,,219851000.0,-576641000.0,148800000.0,41121000.0,3125000.0,0.0,-59737000.0,,-219402000.0,-872000.0,,,,-172616000.0,-576641000.0,,1855363000.0,3125000.0,,-214320000.0,324827000.0,,2986000.0,33163000.0,59247000.0,,10538000.0,-62459000.0,,,,0.0,,0.0,,215539000.0,401537000.0,10941000.0,48089000.0,9717000.0,,,683103000.0,,,,33714000.0,-3316000.0,-4472132000.0,113559000.0,1.83,10003599000.0,,,,,,,,,,,,,,,,,,,,,,,,,
1338422400,,,,,,,,1931007000.0,253603000.0,,22982000.0,618516000.0,,,,5159299000.0,,,,9176000.0,,1865265000.0,,-1096000.0,,,0.52,,6667156000.0,,,,,2774420000.0,128312000.0,,5777815000.0,,,120746000.0,8598163000.0,,,,,,,-163156000.0,120746000.0,120746000.0,,,,,,,10258000.0,136730000.0,,,,,108733000.0,227773000.0,2392505000.0,,,,,,2820348000.0,,456413000.0,-20419000.0,28144000.0,,,65705000.0,-117604000.0,,,,75464000.0,,381915000.0,1210196000.0,4672921000.0,,,253603000.0,,,,195633000.0,,,-560196000.0,,114153000.0,,456413000.0,1305462000.0,,0.53,74887000.0,456413000.0,442658000.0,,,,-47636000.0,167789000.0,,,8143000.0,20729000.0,,98948000.0,9513000.0,,149694000.0,,,,48070000.0,169000.0,-115520000.0,,,,,,,,,,,,,-291719000.0,293924000.0,,7511000.0,,13755000.0,,2529000.0,-60795000.0,,,,0.0,,,,226758000.0,,15592000.0,,,,,,,,231802000.0,,,,,,,,,,,,,,,,,,,,,,,,,,,,,,,
1346371200,,,,,,,,1961548000.0,254674000.0,,23460000.0,525839000.0,,,,5396014000.0,,,,14614000.0,,1976901000.0,,-2235000.0,,,0.48,,6909892000.0,,,,,2758004000.0,113319000.0,,5921853000.0,,,111636000.0,8871440000.0,,,,,,,-226694000.0,111636000.0,111636000.0,,,,,,,22106000.0,140684000.0,,,,,116167000.0,228366000.0,2390011000.0,,,,,,2949587000.0,,458567000.0,-82088000.0,-23720000.0,,,70426000.0,12183000.0,,,,75935000.0,,367993000.0,1198013000.0,5255330000.0,,,254674000.0,,,,181102000.0,,,-1394620000.0,,114222000.0,,458567000.0,1347313000.0,,0.49,69466000.0,458567000.0,456413000.0,,,,-56282000.0,187685000.0,,,8152000.0,-4721000.0,,103593000.0,317000.0,,254654000.0,,,,557000.0,149000.0,-170412000.0,,,,,,,,,,,,,-325703000.0,221430000.0,,-7587000.0,,2154000.0,,1680000.0,-53411000.0,,,,0.0,,,,212714000.0,,14614000.0,,,,,,,,231696000.0,,,,,,,,,,,,,,,,,,,,,,,,,,,,,,,
1354233600,,,,,,,,2085364000.0,257282000.0,,24279000.0,575692000.0,,,,5698322000.0,,,,16391000.0,,2019289000.0,,-282000.0,,,0.41,,7212319000.0,,,,,2602446000.0,87937000.0,,6274014000.0,,,94681000.0,9297683000.0,,,,,,,-294320000.0,94681000.0,94681000.0,,,,,,,24875000.0,145834000.0,,,,,116629000.0,228904000.0,2257227000.0,,,,,,3023669000.0,,445110000.0,-76708000.0,4598000.0,,,62660000.0,-141031000.0,,,,139000.0,,345219000.0,1339044000.0,5211064000.0,,,257282000.0,,,,152465000.0,,,-1369175000.0,,114108000.0,,445110000.0,1411588000.0,,0.41,57784000.0,445110000.0,458567000.0,,,,-81024000.0,170105000.0,,,8065000.0,7766000.0,,101125000.0,6898000.0,,276547000.0,,,,266000.0,0.0,-213296000.0,,,,,,,,,,,,,-361326000.0,272807000.0,,-6493000.0,,-13457000.0,,25277000.0,-51745000.0,,,,0.0,,,,184809000.0,,16391000.0,,,,,,,,232656000.0,,,,,,,,,,,,,,,,,,,,,,,,,,,,,,,
1362009600,433328000.0,,231823000.0,6185262000.0,336721000.0,,-1014148000.0,2310131000.0,265475000.0,63396000.0,24562000.0,684173000.0,,6869435000.0,,6185262000.0,449364000.0,,,15515000.0,-1432091000.0,1993772000.0,21513000.0,-30282000.0,-15990000.0,449364000.0,0.46,1.87,7578471000.0,,,,,2827948000.0,103760000.0,183270000.0,6869435000.0,701351000.0,434284000.0,107221000.0,9888602000.0,,1031034000.0,434284000.0,9498456000.0,,-59808000.0,-329978000.0,107221000.0,107221000.0,1031034000.0,,228095000.0,30318000.0,-203405000.0,3019167000.0,21513000.0,175635000.0,62062000.0,107708000.0,5672175000.0,2310131000.0,147821000.0,227329000.0,2458713000.0,434284000.0,,1993772000.0,147821000.0,684173000.0,3019167000.0,9888602000.0,449364000.0,-76059000.0,-25012000.0,95283000.0,267067000.0,91961000.0,-178769000.0,,,91961000.0,430000.0,,369235000.0,1517813000.0,5672175000.0,,1428970000.0,265475000.0,7578471000.0,-778441000.0,,172151000.0,1464362000.0,449364000.0,-1370091000.0,,112953000.0,1517813000.0,449364000.0,1428970000.0,828991000.0,0.47,64930000.0,449364000.0,445110000.0,1113000.0,,2073079000.0,-50765000.0,183270000.0,,,7997000.0,-29301000.0,-425221000.0,107708000.0,7372000.0,,359526000.0,-648981000.0,175635000.0,442658000.0,222000.0,30000000.0,-279213000.0,,-255274000.0,3858000.0,-152314000.0,,,-235707000.0,-648981000.0,,2073079000.0,222000.0,,-453343000.0,336721000.0,,10427000.0,-5527000.0,4254000.0,,33910000.0,-59808000.0,,,,0.0,,0.0,,204710000.0,6706000.0,15515000.0,62112000.0,24100000.0,,,1040421000.0,,,231136000.0,32357000.0,-33895000.0,-4694082000.0,112953000.0,1.9,10962818000.0,,,,,,,,,,,,,,,,,,,,,,,,,
1369958400,,,,,,,,2454773000.0,290189000.0,,24335000.0,710234000.0,,,,6664838000.0,,,,22941000.0,,2030041000.0,,-1161000.0,,,0.64,,7995681000.0,,,,,3311057000.0,157907000.0,,7375072000.0,,,146651000.0,10450454000.0,,,,,,,-119624000.0,146651000.0,146651000.0,,,,,,,15402000.0,171631000.0,,,,,109714000.0,224618000.0,2862961000.0,,,,,,3075382000.0,,725267000.0,-46512000.0,-4619000.0,,,70452000.0,119613000.0,,,,241000.0,,448096000.0,1398200000.0,6160242000.0,,,290189000.0,,,,237289000.0,,,-1265531000.0,,112073000.0,,725267000.0,1444128000.0,,0.65,90638000.0,725267000.0,449364000.0,,,,-42045000.0,208085000.0,,,7878000.0,21509000.0,,102949000.0,9919000.0,,399994000.0,,,,58965000.0,1313000.0,-77579000.0,,,,-130215000.0,,,,,,,,,-289322000.0,316640000.0,,6695000.0,,275903000.0,,11204000.0,-57510000.0,,,,0.0,,,,269502000.0,,22941000.0,,,,,,,,228552000.0,,,,,,,,,,,,,,,,,,,,,,,,,,,,,,,
1377907200,,,,,,,,2481410000.0,283206000.0,,24825000.0,729919000.0,,,,7019076000.0,,,,15061000.0,,2126765000.0,,-244000.0,,,0.62,,8452364000.0,,,,,3245552000.0,151537000.0,,7748995000.0,,,140274000.0,10933774000.0,,,,,,,-279996000.0,140274000.0,140274000.0,,,,,,,26173000.0,181256000.0,,,,,144949000.0,223610000.0,2810809000.0,,,,,,3184779000.0,,750032000.0,-102173000.0,-8020000.0,,,85549000.0,34184000.0,,,,-1073000.0,,434743000.0,1364016000.0,6512328000.0,,,283206000.0,,,,227125000.0,,,-1400059000.0,,111665000.0,,750032000.0,1535431000.0,,0.63,86851000.0,750032000.0,725267000.0,,,,-93966000.0,219843000.0,,,7761000.0,-15097000.0,,104781000.0,1774000.0,,312968000.0,,,,1808000.0,57000.0,-186030000.0,,,,-49063000.0,,,,,,,,,-375422000.0,346152000.0,,-9895000.0,,24765000.0,,3549000.0,-53909000.0,,,,0.0,,,,259711000.0,,15061000.0,,,,,,,,227634000.0,,,,,,,,,,,,,,,,,,,,,,,,,,,,,,,
1385769600,,,,,,,,2558794000.0,284366000.0,,24823000.0,748601000.0,,,,7266905000.0,,,,16946000.0,,2219943000.0,,-4296000.0,,,0.47,,8745081000.0,,,,,2941407000.0,97355000.0,,8015506000.0,,,106452000.0,11303875000.0,,,,,,,-306420000.0,106452000.0,106452000.0,,,,,,,20286000.0,190580000.0,,,,,138910000.0,223259000.0,2559686000.0,,,,,,3288369000.0,,664758000.0,-80014000.0,2470000.0,,,68027000.0,-192261000.0,,,,-411000.0,,381721000.0,1556277000.0,6755534000.0,,,284366000.0,,,,173200000.0,,,-1534394000.0,,111614000.0,,664758000.0,1588633000.0,,0.48,66748000.0,664758000.0,750032000.0,,,,-76889000.0,215822000.0,,,7649000.0,17522000.0,,112856000.0,1373000.0,,224271000.0,,,,8554000.0,-1299000.0,-229531000.0,,,,-17470000.0,,,,,,,,,-396965000.0,367478000.0,,-1376000.0,,-85274000.0,,5214000.0,-57127000.0,,,,0.0,,,,205672000.0,,16946000.0,,,,,,,,227417000.0,,,,,,,,,,,,,,,,,,,,,,,,,,,,,,,
1393545600,493486000.0,,227584000.0,7514663000.0,427492000.0,,-923480000.0,2643224000.0,297454000.0,39000000.0,27928000.0,875497000.0,,8390160000.0,,7514663000.0,627901000.0,,,11532000.0,-1408620000.0,2214216000.0,26811000.0,-11000.0,-21118000.0,627901000.0,0.44,2.16,9063933000.0,,,,,3076283000.0,86687000.0,224520000.0,8390160000.0,797322000.0,492586000.0,99209000.0,11707157000.0,,1155215000.0,492586000.0,10925598000.0,,-46271000.0,-217440000.0,99209000.0,99209000.0,1155215000.0,,223589000.0,466000.0,-307248000.0,3316997000.0,26811000.0,174232000.0,66530000.0,110909000.0,7024506000.0,2643224000.0,202588000.0,222850000.0,2692142000.0,492586000.0,,2214216000.0,202588000.0,875497000.0,3316997000.0,11707157000.0,627901000.0,-107982000.0,-10949000.0,101911000.0,304736000.0,79923000.0,-85147000.0,,,79923000.0,-254000.0,,384141000.0,1641424000.0,7024506000.0,,1652977000.0,297454000.0,9063933000.0,-613163000.0,,159708000.0,1648701000.0,627901000.0,-1333258000.0,,110843000.0,1641424000.0,627901000.0,1652977000.0,930067000.0,0.45,60499000.0,627901000.0,664758000.0,-1497000.0,,2382483000.0,-97417000.0,224520000.0,,,7546000.0,-11896000.0,-123611000.0,110909000.0,9578000.0,,191148000.0,-730556000.0,174232000.0,449364000.0,2438000.0,395000.0,-120023000.0,,-336681000.0,-17185000.0,-110500000.0,,,-310317000.0,-730556000.0,,2382483000.0,2438000.0,,-346911000.0,427492000.0,,-12609000.0,12038000.0,-36857000.0,,19033000.0,-46271000.0,,,,0.0,,0.0,,195182000.0,178537000.0,11532000.0,66480000.0,22644000.0,,,1128381000.0,,,226715000.0,30834000.0,-5712000.0,-5533242000.0,110843000.0,2.2,12574299000.0,,,,,,,,,,,,,,,,,,,,,,,,,
1401494400,,,,,,,,2636736000.0,313446000.0,,27343000.0,962158000.0,,,,7857430000.0,,,,15388000.0,,2229709000.0,,-5833000.0,,,0.76,,9512224000.0,,,,,3750196000.0,188285000.0,,8819588000.0,,,169653000.0,12148960000.0,,,,,,,-262789000.0,169653000.0,169653000.0,,,,,,,26202000.0,168665000.0,,,,,159298000.0,220268000.0,3248465000.0,,,,,,3329372000.0,,532191000.0,-94119000.0,-34609000.0,,,97810000.0,-40376000.0,,,,-277000.0,,501731000.0,1681800000.0,7373003000.0,,,313446000.0,,,,275022000.0,,,-1522673000.0,,109242000.0,,532191000.0,1696940000.0,,0.77,105369000.0,532191000.0,627901000.0,,,,-53709000.0,255214000.0,,,7601000.0,-17887000.0,,116714000.0,4306000.0,,207489000.0,,,,94816000.0,32000.0,-209080000.0,,,,-171924000.0,,,,,,,,,-459624000.0,433115000.0,,771000.0,,-95710000.0,,120000.0,-45776000.0,,,,0.0,,,,309966000.0,,15388000.0,,,,,,,,223632000.0,,,,,,,,,,,,,,,,,,,,,,,,,,,,,,,
1409443200,,,,,,,,2516442000.0,297638000.0,,28423000.0,906927000.0,,,,8134999000.0,,,,22390000.0,,2204785000.0,,-6027000.0,,,0.7,,9883471000.0,,,,,3599194000.0,165701000.0,,9041926000.0,,,154518000.0,12399913000.0,,,,,,,-309123000.0,154518000.0,154518000.0,,,,,,,38685000.0,176026000.0,,,,,205480000.0,218180000.0,3135855000.0,,,,,,3357987000.0,,354600000.0,-89674000.0,-2337000.0,,,108859000.0,-27155000.0,,,,-283000.0,,463339000.0,1708955000.0,7648284000.0,,,297638000.0,,,,250641000.0,,,-1628774000.0,,108352000.0,,354600000.0,1753992000.0,,0.71,96123000.0,354600000.0,532191000.0,,,,-81584000.0,262654000.0,,,7351000.0,-11049000.0,,128036000.0,25484000.0,,139622000.0,,,,244000.0,274000.0,-227539000.0,,,,-201438000.0,,,,,,,,,-463768000.0,418269000.0,,-7301000.0,,-177591000.0,,37363000.0,-44467000.0,,,,0.0,,,,286415000.0,,22390000.0,,,,,,,,221070000.0,,,,,,,,,,,,,,,,,,,,,,,,,,,,,,,
1417305600,,,,,,,,2573252000.0,316632000.0,,29228000.0,928182000.0,,,,8733072000.0,,,,19414000.0,,2042284000.0,,-212000.0,,,0.6,,10270154000.0,,,,,3405234000.0,129988000.0,,9661254000.0,,,130049000.0,12843406000.0,,,,,,,-451563000.0,130049000.0,130049000.0,,,,,,,48433000.0,182675000.0,,,,,202533000.0,214228000.0,2958614000.0,,,,,,3182152000.0,,189880000.0,-82375000.0,21377000.0,,,88180000.0,-255718000.0,,,,-1536000.0,,446620000.0,1964673000.0,8238626000.0,,,316632000.0,,,,210836000.0,,,-1811959000.0,,105459000.0,,189880000.0,1833600000.0,,0.61,80787000.0,189880000.0,354600000.0,,,,-103567000.0,244381000.0,,,7338000.0,20679000.0,,131436000.0,3675000.0,,265651000.0,,,,424000.0,27000.0,-347996000.0,,,,-315257000.0,,,,,,,,,-560806000.0,459929000.0,,-6817000.0,,-164720000.0,,9847000.0,-45858000.0,,,,0.0,,,,247402000.0,,19414000.0,,,,,,,,217025000.0,,,,,,,,,,,,,,,,,,,,,,,,,,,,,,,
1425081600,629802000.0,,218691000.0,9044243000.0,454810000.0,,-1277947000.0,2599038000.0,330009000.0,82463000.0,30179000.0,997173000.0,,10041416000.0,,9044243000.0,27606000.0,,,24688000.0,-1915424000.0,1994221000.0,44646000.0,-346000.0,-39164000.0,27606000.0,0.67,2.73,10599163000.0,,,,,3514092000.0,145828000.0,268948000.0,10041416000.0,969331000.0,597358000.0,143138000.0,13198201000.0,,1257725000.0,597358000.0,12381189000.0,,-65391000.0,-254472000.0,143138000.0,143138000.0,1257725000.0,,215617000.0,655000.0,-916981000.0,3156785000.0,44646000.0,225493000.0,81880000.0,133483000.0,8512466000.0,2599038000.0,250307000.0,209655000.0,3038255000.0,597358000.0,,1994221000.0,250307000.0,997173000.0,3156785000.0,13198201000.0,27606000.0,-94576000.0,-23595000.0,115173000.0,371973000.0,137690000.0,-122201000.0,,,137690000.0,-1196000.0,,475837000.0,2086874000.0,8512466000.0,,1862538000.0,330009000.0,10599163000.0,-968130000.0,,232831000.0,1887527000.0,27606000.0,-2290652000.0,,104435000.0,2086874000.0,27606000.0,1862538000.0,1108977000.0,0.68,89693000.0,27606000.0,189880000.0,-3292000.0,,2684053000.0,-70957000.0,268948000.0,,,2184000.0,-49510000.0,-445450000.0,133483000.0,15487000.0,,115817000.0,-822706000.0,225493000.0,627901000.0,1554000.0,322000.0,-183515000.0,,-360744000.0,-4299000.0,-228362000.0,,,-309817000.0,-822706000.0,,2684053000.0,1554000.0,,-431226000.0,454810000.0,,9048000.0,-57767000.0,-162274000.0,,35133000.0,-65391000.0,,,,0.0,,0.0,,265194000.0,-600295000.0,24688000.0,81880000.0,48952000.0,,,728579000.0,,,212899000.0,24473000.0,-12418000.0,-7254058000.0,104435000.0,2.77,14268716000.0,,,,,,,,,,,,,,,,,,,,,,,,,
1433030400,,,,,,,,2665825000.0,349779000.0,,32066000.0,999573000.0,,,,9396438000.0,,,,23409000.0,,2066753000.0,,-3942000.0,,,0.86,,11004852000.0,,,,,4014888000.0,194015000.0,,10396011000.0,,,181974000.0,13670677000.0,,,,,,,58117000.0,181974000.0,181974000.0,,,,,,,29088000.0,220185000.0,,,,,184277000.0,208698000.0,3471094000.0,,,,,,3274666000.0,,351698000.0,-97077000.0,-33852000.0,,,103663000.0,242797000.0,,,,-41000.0,,543794000.0,1844077000.0,8874773000.0,,,349779000.0,,,,295979000.0,,,-2690963000.0,,104341000.0,,351698000.0,1896348000.0,,0.87,114005000.0,351698000.0,27606000.0,,,,-59437000.0,288131000.0,,,7103000.0,34027000.0,,138895000.0,26680000.0,,303615000.0,,,,59089000.0,154000.0,117554000.0,,,,-117628000.0,,,,,,,,,-164375000.0,446453000.0,,10475000.0,,324092000.0,,17725000.0,-66458000.0,,,,0.0,,,,335148000.0,,23409000.0,,,,,,,,211652000.0,,,,,,,,,,,,,,,,,,,,,,,,,,,,,,,
1440979200,,,,,,,,2503725000.0,330784000.0,,33122000.0,1001977000.0,,,,9739604000.0,,,,10097000.0,,2012990000.0,,-6539000.0,,,0.82,,11448840000.0,,,,,3884913000.0,190586000.0,,10741581000.0,,,172228000.0,13952565000.0,,,,,,,-288588000.0,172228000.0,172228000.0,,,,,,,45459000.0,225552000.0,,,,,226371000.0,207249000.0,3363543000.0,,,,,,3210984000.0,,100477000.0,-102405000.0,-9523000.0,,,100832000.0,-67472000.0,,,,-1593000.0,,521370000.0,1911549000.0,9156227000.0,,,330784000.0,,,,279822000.0,,,-1773118000.0,,102465000.0,,100477000.0,2016520000.0,,0.83,107594000.0,100477000.0,351698000.0,,,,-86290000.0,298989000.0,,,7450000.0,2831000.0,,149139000.0,-1591000.0,,53482000.0,,,,1169000.0,-53000.0,-202298000.0,,,,-251582000.0,,,,,,,,,-456040000.0,453864000.0,,-11213000.0,,-251221000.0,,19432000.0,-66149000.0,,,,0.0,,,,320394000.0,,10097000.0,,,,,,,,209648000.0,,,,,,,,,,,,,,,,,,,,,,,,,,,,,,,
1448841600,,,,,,,,2634883000.0,337512000.0,,35316000.0,923554000.0,,,,10545856000.0,,,,11778000.0,,1743031000.0,,-384000.0,,,0.63,,11746282000.0,,,,,3544069000.0,126819000.0,,11469410000.0,,,128199000.0,14381165000.0,,,,,,,-391943000.0,128199000.0,128199000.0,,,,,,,32673000.0,229910000.0,,,,,211833000.0,201291000.0,3079738000.0,,,,,,2911755000.0,,33346000.0,-75137000.0,20355000.0,,,88530000.0,-241721000.0,,,,-1157000.0,,464331000.0,2153270000.0,9924090000.0,,,337512000.0,,,,207957000.0,,,-2698045000.0,,98781000.0,,33346000.0,2105807000.0,,0.64,79758000.0,33346000.0,100477000.0,,,,-95108000.0,275864000.0,,,10021000.0,12302000.0,,148103000.0,2945000.0,,304841000.0,,,,328000.0,0.0,-296835000.0,,,,-446971000.0,,,,,,,,,-515251000.0,420856000.0,,-7584000.0,,-67131000.0,,7698000.0,-66664000.0,,,,0.0,,,,253294000.0,,11778000.0,,,,,,,,203383000.0,,,,,,,,,,,,,,,,,,,,,,,,,,,,,,,
1456704000,666825000.0,,205540000.0,10571597000.0,441746000.0,,-464477000.0,2471781000.0,333860000.0,47038000.0,36856000.0,1005193000.0,,11576790000.0,,10571597000.0,37394000.0,,,5793000.0,-1169448000.0,1746804000.0,26358000.0,-598000.0,-52072000.0,37394000.0,0.71,3.03,12009795000.0,,,,,3705805000.0,155405000.0,301178000.0,11576790000.0,1009944000.0,623428000.0,141027000.0,14481576000.0,,1351935000.0,623428000.0,13130915000.0,,-70196000.0,157937000.0,141027000.0,141027000.0,1351935000.0,,203275000.0,324000.0,-983941000.0,2904786000.0,26358000.0,229274000.0,51077000.0,149343000.0,9942000000.0,2471781000.0,245909000.0,195764000.0,3216540000.0,623428000.0,,1746804000.0,245909000.0,1005193000.0,2904786000.0,14481576000.0,37394000.0,-104176000.0,-29052000.0,137360000.0,386516000.0,132171000.0,221241000.0,,,132171000.0,-9768000.0,,489265000.0,1932029000.0,9942000000.0,,2161698000.0,333860000.0,12009795000.0,-148893000.0,,226186000.0,2018760000.0,37394000.0,-3003075000.0,,97356000.0,1932029000.0,37394000.0,2161698000.0,1183662000.0,0.72,85159000.0,37394000.0,33346000.0,-12559000.0,,3087017000.0,-74749000.0,301178000.0,,,11784000.0,-43641000.0,154845000.0,149343000.0,998000.0,,-124462000.0,-925319000.0,229274000.0,27606000.0,2029000.0,223000.0,232686000.0,,-378795000.0,17237000.0,-167760000.0,,,-315584000.0,-925319000.0,,3087017000.0,2029000.0,,-33782000.0,441746000.0,,25559000.0,5519000.0,4048000.0,,2183000.0,-70196000.0,,,,0.0,,0.0,,274826000.0,9788000.0,5793000.0,51077000.0,29032000.0,,,537476000.0,,,197383000.0,36358000.0,-11463000.0,-10165201000.0,97356000.0,3.07,15149675000.0,,,,,,,,,,,,,,,,,,,,,,,,,
1464652800,,,,,,,,2416580000.0,380230000.0,,40801000.0,1083374000.0,,,,10734268000.0,,,,268000.0,,1806393000.0,,-2644000.0,,,0.9,,12373347000.0,,,,,4126386000.0,192407000.0,,11817642000.0,,,175360000.0,14789927000.0,,,,,,,-12099000.0,175360000.0,175360000.0,,,,,,,32317000.0,222936000.0,,,,,205426000.0,193531000.0,3553749000.0,,,,,,2972285000.0,,52575000.0,-123250000.0,-23387000.0,,,102541000.0,67038000.0,,,,616000.0,,572637000.0,1864991000.0,10091457000.0,,,380230000.0,,,,282693000.0,,,-3164268000.0,,96248000.0,,52575000.0,2234385000.0,,0.91,107333000.0,52575000.0,37394000.0,,,,-97463000.0,321024000.0,,,11088000.0,29630000.0,,133266000.0,-2437000.0,,53067000.0,,,,89991000.0,244000.0,85364000.0,,,,-137989000.0,,,,,,,,,-215159000.0,454522000.0,,7374000.0,,15181000.0,,4134000.0,-66825000.0,,,,0.0,,,,334582000.0,,31437000.0,,,,,,,,195253000.0,,,,,,,,,,,,,,,,,,,,,,,,,,,,,,,
1472601600,,,,,,,,2755347000.0,366126000.0,,42212000.0,1084363000.0,,,,11357624000.0,,,,34000.0,,1858221000.0,,-3658000.0,,,0.84,,12748985000.0,,,,,3997248000.0,179236000.0,,12441987000.0,,,162362000.0,15504332000.0,,,,,,,-242329000.0,162362000.0,162362000.0,,,,,,,45273000.0,226978000.0,,,,,246053000.0,191539000.0,3451886000.0,,,,,,3062345000.0,,316031000.0,-138907000.0,-18125000.0,,,94577000.0,-53812000.0,,,,435000.0,,545362000.0,1918803000.0,10703373000.0,,,366126000.0,,,,261736000.0,,,-2174654000.0,,95540000.0,,316031000.0,2326178000.0,,0.85,99374000.0,316031000.0,52575000.0,,,,-117124000.0,338017000.0,,,13904000.0,7964000.0,,138589000.0,260000.0,,527568000.0,,,,205000.0,0.0,-125205000.0,,,,-128036000.0,,,,,,,,,-411250000.0,486943000.0,,-646000.0,,263456000.0,,28892000.0,-66582000.0,,,,0.0,,,,317852000.0,,29124000.0,,,,,,,,193623000.0,,,,,,,,,,,,,,,,,,,,,,,,,,,,,,,
1480464000,,,,,,,,2684278000.0,356735000.0,,42641000.0,1027717000.0,,,,11716966000.0,,,,1816000.0,,1821359000.0,,-622000.0,,,0.72,,13075789000.0,,,,,3701524000.0,146400000.0,,12744683000.0,,,136645000.0,15760067000.0,,,,,,,-404241000.0,136645000.0,136645000.0,,,,,,,41347000.0,232439000.0,,,,,224585000.0,189200000.0,3198389000.0,,,,,,3015384000.0,,23713000.0,-76055000.0,25449000.0,,,92003000.0,-251372000.0,,,,-1027000.0,,503135000.0,2170175000.0,11017562000.0,,,356735000.0,,,,219661000.0,,,-2454187000.0,,93676000.0,,23713000.0,2449343000.0,,0.72,83016000.0,23713000.0,316031000.0,,,,-100956000.0,313738000.0,,,15071000.0,2574000.0,,137133000.0,-3311000.0,,87022000.0,,,,2071000.0,74000.0,-303285000.0,,,,-198327000.0,,,,,,,,,-546315000.0,476757000.0,,-7312000.0,,-292318000.0,,1528000.0,-60135000.0,,,,0.0,,,,277373000.0,,11465000.0,,,,,,,,190818000.0,,,,,,,,,,,,,,,,,,,,,,,,,,,,,,,
1488240000,694790000.0,,192215000.0,12064989000.0,494989000.0,,-886282000.0,2873630000.0,385413000.0,59869000.0,43221000.0,1105787000.0,,13170776000.0,,12064989000.0,38416000.0,,,2051000.0,-1576789000.0,1883283000.0,41910000.0,200000.0,-41435000.0,38416000.0,0.81,3.26,13405726000.0,,,,,4049960000.0,176747000.0,333775000.0,13170776000.0,1006405000.0,626970000.0,152603000.0,16279356000.0,,1488504000.0,626970000.0,13691824000.0,,-56555000.0,-227613000.0,152603000.0,152603000.0,1488504000.0,,190343000.0,730000.0,-564337000.0,3108580000.0,41910000.0,238551000.0,4169000.0,140295000.0,11339793000.0,2873630000.0,266128000.0,187020000.0,3487800000.0,626970000.0,,1883283000.0,266128000.0,1105787000.0,3108580000.0,16279356000.0,38416000.0,-127361000.0,-25372000.0,168875000.0,379435000.0,152388000.0,-90388000.0,,,152388000.0,-977000.0,,562160000.0,2260563000.0,11339793000.0,,2518393000.0,385413000.0,13405726000.0,-468138000.0,,242315000.0,2183294000.0,38416000.0,-3347668000.0,,93274000.0,2260563000.0,38416000.0,2518393000.0,1231696000.0,0.82,89712000.0,38416000.0,23713000.0,-953000.0,,3559770000.0,-102601000.0,333775000.0,,,16353000.0,-60385000.0,-328534000.0,140295000.0,1197000.0,,267076000.0,-1041377000.0,238551000.0,37394000.0,1404000.0,412000.0,-125012000.0,,-465573000.0,2324000.0,-99985000.0,,,-418144000.0,-1041377000.0,,3559770000.0,1404000.0,,-404065000.0,494989000.0,,2908000.0,-20217000.0,14703000.0,,25315000.0,-56555000.0,,,,0.0,,0.0,,301889000.0,1022000.0,19569000.0,91595000.0,-4291000.0,,,934733000.0,,,189082000.0,56416000.0,-6724000.0,-11140777000.0,93274000.0,3.29,15875118000.0,,,,,,,,,,,,,,,,,,,,,,,,,
1496188800,,,,,,,,2734544000.0,403503000.0,,43894000.0,1166670000.0,,,,12156891000.0,,,,621000.0,,1933760000.0,,-2879000.0,,,1.13,,13741145000.0,,,,,4542334000.0,245435000.0,,13323561000.0,,,211702000.0,16475689000.0,,,,,,,112077000.0,211702000.0,211702000.0,,,,,,,35780000.0,231021000.0,,,,,203211000.0,185200000.0,3893396000.0,,,,,,3152128000.0,,60080000.0,-90360000.0,-8303000.0,,,104745000.0,112316000.0,,,,93000.0,,648938000.0,2148247000.0,11441476000.0,,,403503000.0,,,,338053000.0,,,-3068403000.0,,91936000.0,,60080000.0,2557506000.0,,1.14,126351000.0,60080000.0,38416000.0,,,,-79416000.0,339525000.0,,,16838000.0,47643000.0,,145530000.0,-2920000.0,,-79469000.0,,,,103588000.0,238000.0,191493000.0,,,,-187385000.0,,,,,,,,,-135924000.0,510574000.0,,6782000.0,,21664000.0,,6608000.0,-58229000.0,,,,0.0,,,,398785000.0,,18726000.0,,,,,,,,186859000.0,,,,,,,,,,,,,,,,,,,,,,,,,,,,,,,
1504137600,,,,,,,,2803335000.0,405062000.0,,44184000.0,1201557000.0,,,,12473190000.0,,,,392000.0,,1975862000.0,,-597000.0,,,0.98,,14072398000.0,,,,,4386640000.0,198943000.0,,13674747000.0,,,181424000.0,16875733000.0,,,,,,,-186090000.0,181424000.0,181424000.0,,,,,,,41792000.0,239186000.0,,,,,251933000.0,182868000.0,3782635000.0,,,,,,3200986000.0,,25765000.0,-94696000.0,-18537000.0,,,99733000.0,-83522000.0,,,,189000.0,,604005000.0,2231769000.0,11740804000.0,,,405062000.0,,,,290232000.0,,,-3050995000.0,,90952000.0,,25765000.0,2602323000.0,,0.99,108808000.0,25765000.0,60080000.0,,,,-75694000.0,357388000.0,,,16836000.0,5012000.0,,147061000.0,-4703000.0,,170777000.0,,,,14898000.0,132000.0,-110396000.0,,,,-157400000.0,,,,,,,,,-400005000.0,568036000.0,,-4511000.0,,-34315000.0,,17297000.0,-59627000.0,,,,0.0,,,,351252000.0,,17859000.0,,,,,,,,184696000.0,,,,,,,,,,,,,,,,,,,,,,,,,,,,,,,
1512000000,,,,,,,,3004923000.0,399672000.0,,45097000.0,1111678000.0,,,,12891009000.0,,,,210000.0,,2028224000.0,,-5049000.0,,,0.81,,14298491000.0,,,,,4107017000.0,139516000.0,,14002687000.0,,,148840000.0,17303414000.0,,,,,,,-346668000.0,148840000.0,148840000.0,,,,,,,53299000.0,239672000.0,,,,,233397000.0,181888000.0,3567829000.0,,,,,,3300727000.0,,26287000.0,-62446000.0,14860000.0,,,95841000.0,-208782000.0,,,,279000.0,,539188000.0,2440551000.0,12160369000.0,,,399672000.0,,,,225200000.0,,,-3770366000.0,,90745000.0,,26287000.0,2634442000.0,,0.82,76360000.0,26287000.0,25765000.0,,,,-72449000.0,348707000.0,,,17405000.0,3892000.0,,154051000.0,-3901000.0,,337187000.0,,,,0.0,96000.0,-274219000.0,,,,-110175000.0,,,,,,,,,-550136000.0,519984000.0,,12113000.0,,522000.0,,42644000.0,-51304000.0,,,,0.0,,,,287702000.0,,15778000.0,,,,,,,,184033000.0,,,,,,,,,,,,,,,,,,,,,,,,,,,,,,,
1519776000,711808000.0,,184470000.0,12995365000.0,529733000.0,,-377366000.0,3061444000.0,408814000.0,73520000.0,46767000.0,1174058000.0,,14169423000.0,,12995365000.0,44525000.0,,,75000.0,-1269128000.0,2047240000.0,93462000.0,-124000.0,-23111000.0,44525000.0,0.67,3.6,14424828000.0,,,,,4084218000.0,127914000.0,355560000.0,14169423000.0,1063608000.0,664112000.0,122146000.0,17486272000.0,,1617051000.0,664112000.0,14791350000.0,,-54312000.0,43315000.0,122146000.0,122146000.0,1617051000.0,,182660000.0,1692000.0,-579570000.0,3316849000.0,93462000.0,242553000.0,1298000.0,158807000.0,12262443000.0,3061444000.0,278771000.0,180630000.0,3547490000.0,664112000.0,,2047240000.0,278771000.0,1174058000.0,3316849000.0,17486272000.0,44525000.0,-79285000.0,-11131000.0,179942000.0,399496000.0,133321000.0,49857000.0,,,133321000.0,802000.0,,536728000.0,2390694000.0,12262443000.0,,2667061000.0,408814000.0,14424828000.0,-80550000.0,,210123000.0,2328859000.0,44525000.0,-3576656000.0,,89874000.0,2390694000.0,44525000.0,2667061000.0,1314295000.0,0.68,87977000.0,44525000.0,26287000.0,1363000.0,,3831310000.0,-69257000.0,355560000.0,,,19666000.0,-37480000.0,-130131000.0,158807000.0,-4737000.0,,-15049000.0,-1164249000.0,242553000.0,38416000.0,0.0,1226000.0,112572000.0,,-326787000.0,81007000.0,-124610000.0,,,-296816000.0,-1164249000.0,,3831310000.0,0.0,,-183063000.0,529733000.0,,66623000.0,19067000.0,18238000.0,,6971000.0,-54312000.0,,,,,,,,276556000.0,6109000.0,9516000.0,61879000.0,-16261000.0,,,413446000.0,,,182239000.0,70745000.0,-8649000.0,-13466420000.0,89874000.0,3.64,17120209000.0,,,,,,,,,,,,,,,,,,,,,,,,,
1527724800,,,,,,,,2957494000.0,438234000.0,,45343000.0,1288202000.0,,,,13084204000.0,,,,1468000.0,,2115834000.0,,-5094000.0,,,1.33,,14798673000.0,,,,,4792592000.0,223106000.0,,14372406000.0,,,238656000.0,17756167000.0,,,,,,,151129000.0,238656000.0,238656000.0,,,,,,,88359000.0,223052000.0,,,,,252633000.0,178139000.0,4131252000.0,,,,,,3383761000.0,,621236000.0,-84417000.0,,,,101351000.0,130665000.0,,,,-963000.0,,661340000.0,2260029000.0,12363736000.0,,,438234000.0,,,,319684000.0,,,-3360789000.0,,88360000.0,,76348000.0,2714495000.0,,1.34,81028000.0,76348000.0,554898000.0,,,,-79720000.0,382691000.0,,,18052000.0,31970000.0,,185935000.0,-3647000.0,,-80094000.0,,,,55991000.0,77000.0,230849000.0,,,,-211050000.0,,,,,,,,,-138179000.0,586337000.0,,3602000.0,,66338000.0,,9052000.0,-55045000.0,,,,,,,,383079000.0,,28998000.0,,,,,,,,179421000.0,,,,,,,,,,,,,,,,,,,,,,,,,,,,,,,
1535673600,,,,,,,,3022087000.0,453554000.0,,44968000.0,1283461000.0,,,,13410926000.0,,,,-110000.0,,2182978000.0,,-212000.0,,,1.24,,15154418000.0,,,,,4766035000.0,197082000.0,,14694387000.0,,,220890000.0,18176505000.0,,,,,,,-211355000.0,220890000.0,220890000.0,,,,,,,75060000.0,233605000.0,,,,,266214000.0,176284000.0,4115399000.0,,,,,,3482118000.0,,599179000.0,-90531000.0,,,,104883000.0,-97326000.0,,,,686000.0,,650636000.0,2357355000.0,12672154000.0,,,453554000.0,,,,289485000.0,,,-2979104000.0,,87645000.0,,37147000.0,2766902000.0,,1.25,68595000.0,37147000.0,621236000.0,,,,-91391000.0,401133000.0,,,17950000.0,-3532000.0,,190707000.0,-4542000.0,,188438000.0,,,,0.0,827000.0,-119964000.0,,,,-170297000.0,,,,,,,,,-468486000.0,605535000.0,,-1063000.0,,-22057000.0,,38450000.0,-54435000.0,,,,,,,,352403000.0,,25236000.0,,,,,,,,178200000.0,,,,,,,,,,,,,,,,,,,,,,,,,,,,,,,
1543536000,,,,,,,,3057419000.0,409520000.0,,45298000.0,1224873000.0,,,,13736826000.0,,,,2746000.0,,2147391000.0,,-164000.0,,,1.09,,15339393000.0,,,,,4295871000.0,159717000.0,,14961699000.0,,,190311000.0,18396812000.0,,,,,,,-68455000.0,190311000.0,190311000.0,,,,,,,59901000.0,242644000.0,,,,,280104000.0,173816000.0,3726634000.0,,,,,,3435113000.0,,569348000.0,-72049000.0,,,,111156000.0,-67345000.0,,,,-2820000.0,,569237000.0,2424700000.0,12989406000.0,,,409520000.0,,,,247808000.0,,,-3864182000.0,,85893000.0,,35049000.0,2800051000.0,,1.09,57497000.0,35049000.0,599179000.0,,,,-72200000.0,373719000.0,,,18814000.0,-6273000.0,,182179000.0,-4140000.0,,38473000.0,-1263168000.0,,,1634000.0,200000.0,3745000.0,,,,-251823000.0,,,,,,4063219000.0,,,-297242000.0,558324000.0,,-1630000.0,,-29831000.0,,7078000.0,-54137000.0,,,,,,,,311920000.0,,7169000.0,,,,,,,,175321000.0,,,,,,,,,,,,,,,,,,,,,,,,,,,,,,,
1551312000,750316000.0,,175884000.0,14049330000.0,593171000.0,,-141665000.0,3214013000.0,428967000.0,58130000.0,46638000.0,1311509000.0,,15360839000.0,,14049330000.0,595377000.0,,,-1279000.0,-1159610000.0,2104146000.0,67101000.0,-677000.0,,46938000.0,1.13,4.79,15503854000.0,,,,,4318602000.0,170411000.0,386173000.0,15360839000.0,1112806000.0,842413000.0,192556000.0,18717867000.0,,1730275000.0,842413000.0,15692509000.0,,-68010000.0,-12984000.0,192556000.0,192556000.0,1730275000.0,,174463000.0,1578000.0,-904726000.0,3357028000.0,67101000.0,243005000.0,2825000.0,185963000.0,13291085000.0,3214013000.0,316215000.0,169500000.0,3719224000.0,842413000.0,,2104146000.0,316215000.0,1311509000.0,3357028000.0,18717867000.0,595377000.0,-61516000.0,,182247000.0,270393000.0,139850000.0,-94755000.0,,,139850000.0,2689000.0,,599378000.0,2519455000.0,13291085000.0,,2828058000.0,428967000.0,15503854000.0,162971000.0,,255829000.0,2480591000.0,46938000.0,-3954249000.0,,83739000.0,2519455000.0,46938000.0,2828058000.0,1370845000.0,1.14,63273000.0,46938000.0,569348000.0,-408000.0,,4125451000.0,-61325000.0,386173000.0,,,20976000.0,-28694000.0,-128761000.0,185963000.0,-4734000.0,,39204000.0,-1297393000.0,243005000.0,554898000.0,3784000.0,474000.0,48341000.0,,-308513000.0,2300000.0,-271556000.0,,,-304636000.0,-1297393000.0,,4125451000.0,3784000.0,,-255703000.0,593171000.0,,1391000.0,-6529000.0,26029000.0,,3550000.0,-68010000.0,,,,,,,,323443000.0,40479000.0,13608000.0,75011000.0,-17063000.0,,,186021000.0,,,170480000.0,75792000.0,-6147000.0,-14158324000.0,83739000.0,4.83,18173100000.0,,,,,,,,,,,,,,,,,,,,,,,,,
1559260800,,,,,,,,3283745000.0,489660000.0,,51506000.0,1485402000.0,,,,14776319000.0,,,,1736000.0,,2189522000.0,,-7224000.0,,,1.59,,16430731000.0,,,,,5366318000.0,252723000.0,,16261721000.0,,,266744000.0,19714476000.0,,,,,,,-35769000.0,266744000.0,266744000.0,,,,,,,77090000.0,289817000.0,,,,,288136000.0,166324000.0,4623935000.0,,,,,,3452755000.0,,633350000.0,-86111000.0,,,,133879000.0,-31688000.0,,,,359000.0,,742383000.0,2551143000.0,14027714000.0,,,489660000.0,,,,351257000.0,,,-4302733000.0,,82697000.0,,42197000.0,3392972000.0,,1.6,84513000.0,42197000.0,595377000.0,,,,-78970000.0,432342000.0,,,17784000.0,5971000.0,,203794000.0,-3416000.0,,80883000.0,,,,78200000.0,81000.0,43201000.0,,,,-211961000.0,,,,,,3392972000.0,,,-394819000.0,656902000.0,,9392000.0,,37973000.0,,33251000.0,-81206000.0,,,,,,,,420547000.0,,45025000.0,,,,,,,,167643000.0,,,,,,,,,,,,,,,,,,,,,,,,,,,,,,,
1567209600,,,,,,,,3384939000.0,480831000.0,,51962000.0,1396704000.0,,,,15131993000.0,,,,1982000.0,,2307455000.0,,-1020000.0,,,1.4,,16755315000.0,,,,,5201151000.0,212622000.0,,16528697000.0,,,233599000.0,20140254000.0,,,,,,,-261034000.0,233599000.0,233599000.0,,,,,,,114987000.0,299224000.0,,,,,301503000.0,165354000.0,4507698000.0,,,,,,3611557000.0,,637608000.0,-92757000.0,,,,141091000.0,-53607000.0,,,,-143000.0,,693453000.0,2604750000.0,14384129000.0,,,480831000.0,,,,305537000.0,,,-4125728000.0,,82442000.0,,40737000.0,3437709000.0,,1.41,71938000.0,40737000.0,633350000.0,,,,-92377000.0,435239000.0,,,21073000.0,-7212000.0,,185599000.0,-7446000.0,,265672000.0,-1199375000.0,,,1389000.0,639000.0,-168657000.0,,,,-129968000.0,,,,,,3437709000.0,,,-540029000.0,628507000.0,,-5580000.0,,4258000.0,,53270000.0,-91630000.0,,,,,,,,378572000.0,,23862000.0,,,,,,,,167272000.0,,,,,,,,,,,,,,,,,,,,,,,,,,,,,,,
1575072000,,,,,,764555000.0,,3450244000.0,484848000.0,,54758000.0,1421041000.0,99917000.0,,-380067000.0,15368136000.0,,17027238000.0,19676099000.0,-3790000.0,,2376596000.0,,-194000.0,,,1.04,,17036986000.0,866055000.0,274127000.0,1140182000.0,630029000.0,4790028000.0,128799000.0,,16789177000.0,,,173156000.0,20487230000.0,,,,,1884306000.0,,-70280000.0,173156000.0,173156000.0,,1499000.0,,,,,109857000.0,317580000.0,,,,,340475000.0,164273000.0,4176381000.0,,866055000.0,,,,3698053000.0,,630029000.0,-77719000.0,,,,142737000.0,-77824000.0,-730143000.0,-69565000.0,,6570000.0,,613647000.0,2682574000.0,14604254000.0,2648861000.0,,484848000.0,,,9475000.0,227559000.0,,,-4088117000.0,-16470827000.0,81897000.0,,56583000.0,3491371000.0,,1.05,54403000.0,56583000.0,637608000.0,,60681000.0,,-77830000.0,406822000.0,448349000.0,204864000.0,21843000.0,-1646000.0,,201799000.0,-3987000.0,-1351000.0,62590000.0,-1239443000.0,,,1497000.0,305000.0,7550000.0,1884306000.0,,,-116658000.0,647000.0,-318103000.0,,,,3491371000.0,,,-309960000.0,641434000.0,,-4556000.0,,-7579000.0,569348000.0,9846000.0,-82007000.0,-310502000.0,866055000.0,-9115000.0,,-19583000.0,,-257874000.0,304160000.0,,29290000.0,,,111785000.0,81676000.0,,-1500511000.0,-31581000.0,166534000.0,,,,,,,,,,,,,,,,,,,,,,,,,,,,,,,
