date,quarterlyCurrentAssets,annualCommonStockIssuance,annualFreeCashFlow,annualGainsLossesNotAffectingRetainedEarnings,quarterlyCashDividendsPaid,trailingCommonStockIssuance,quarterlyCurrentLiabilities,trailingFreeCashFlow,quarterlyDepreciationAndAmortization,annualOtherShortTermInvestments,annualAccountsPayable,annualTotalLiabilitiesNetMinorityInterest,annualResearchAndDevelopment,quarterlyOtherNonCashItems,annualTotalNonCurrentLiabilitiesNetMinorityInterest,annualChangeInAccountPayable,trailingTotalRevenue,trailingCostOfRevenue,quarterlySellingGeneralAndAdministration,annualChangeInWorkingCapital,quarterlyBasicAverageShares,trailingNetOtherInvestingChanges,quarterlyOtherShortTermInvestments,annualOtherCurrentAssets,annualOperatingIncome,annualEndCashPosition,quarterlyRetainedEarnings,quarterlyTotalNonCurrentLiabilitiesNetMinorityInterest,quarterlyTotalNonCurrentAssets,trailingNetIncome,trailingEndCashPosition,annualNetOtherInvestingChanges,quarterlyTotalRevenue,trailingPretaxIncome,annualCashAndCashEquivalents,quarterlyPurchaseOfInvestment,annualNetIncomeContinuousOperations,annualCostOfRevenue,annualPretaxIncome,annualCurrentDeferredRevenue,quarterlyFreeCashFlow,quarterlyTotalLiabilitiesNetMinorityInterest,annualNetIncome,annualCurrentDebt,quarterlyNetIncomeCommonStockholders,trailingOperatingIncome,annualInvestmentsAndAdvances,quarterlyTotalAssets,annualCashDividendsPaid,annualOtherNonCurrentAssets,annualSaleOfInvestment,quarterlyOtherNonCurrentAssets,quarterlyNetIncome,quarterlyNetIncomeContinuousOperations,annualSellingGeneralAndAdministration,annualCurrentAssets,quarterlyOtherNonCurrentLiabilities,annualLongTermDebt,quarterlyDilutedEPS,annualStockholdersEquity,annualOtherNonCashItems,annualRepurchaseOfCapitalStock,quarterlyOtherCurrentAssets,annualRetainedEarnings,quarterlyNetOtherInvestingChanges,quarterlyInventory,quarterlyOtherIncomeExpense,quarterlyInvestingCashFlow,quarterlyEndCashPosition,quarterlyAccountsReceivable,annualTotalAssets,quarterlyCurrentAccruedExpenses,quarterlyCostOfRevenue,annualTaxProvision,annualDepreciationAndAmortization,annualNetIncomeCommonStockholders,trailingNetIncomeCommonStockholders,annualCurrentLiabilities,annualCurrentAccruedExpenses,quarterlyStockholdersEquity,annualAccountsReceivable,trailingOperatingCashFlow,quarterlyCurrentDeferredRevenue,quarterlyLongTermDebt,quarterlyChangeInAccountPayable,quarterlyInvestmentsAndAdvances,quarterlyGrossProfit,quarterlyOperatingExpense,trailingRepurchaseOfCapitalStock,quarterlyOtherIntangibleAssets,annualTotalNonCurrentAssets,annualOtherIntangibleAssets,quarterlyPurchaseOfBusiness,annualNetPPE,annualOtherIncomeExpense,trailingGrossProfit,annualCashCashEquivalentsAndMarketableSecurities,annualOperatingCashFlow,annualGrossProfit,annualEbitda,quarterlyCashCashEquivalentsAndMarketableSecurities,quarterlyBeginningCashPosition,quarterlyCashAndCashEquivalents,quarterlyCapitalStock,quarterlyRepaymentOfDebt,trailingRepaymentOfDebt,annualBasicAverageShares,quarterlyPretaxIncome,trailingChangeInCashSupplementalAsReported,quarterlyChangesInAccountReceivables,annualGrossPPE,quarterlyCurrentDebt,quarterlyAccumulatedDepreciation,quarterlyCapitalExpenditure,annualBasicEPS,trailingCashFlowFromContinuingFinancingActivities,quarterlyInterestExpense,trailingDepreciationAndAmortization,quarterlyCashFlowFromContinuingFinancingActivities,annualOtherNonCurrentLiabilities,trailingOtherNonCashItems,annualPurchaseOfBusiness,annualBeginningCashPosition,quarterlyDilutedAverageShares,quarterlyNetOtherFinancingCharges,quarterlyGainsLossesNotAffectingRetainedEarnings,annualOperatingExpense,quarterlyRepurchaseOfCapitalStock,trailingSellingGeneralAndAdministration,quarterlyGrossPPE,quarterlyOperatingCashFlow,trailingInvestingCashFlow,quarterlySaleOfInvestment,annualInvestingCashFlow,annualCapitalExpenditure,annualAccumulatedDepreciation,quarterlyOperatingIncome,quarterlyChangeInCashSupplementalAsReported,quarterlyOtherCurrentLiabilities,trailingNetIncomeContinuousOperations,quarterlyCommonStockIssuance,trailingCapitalExpenditure,trailingInterestExpense,quarterlyAccountsPayable,trailingCashDividendsPaid,quarterlyChangeInWorkingCapital,trailingOperatingExpense,trailingBeginningCashPosition,quarterlyNonCurrentDeferredRevenue,annualChangesInAccountReceivables,annualNonCurrentDeferredRevenue,annualStockBasedCompensation,quarterlyNetPPE,trailingStockBasedCompensation,annualCashFlowFromContinuingFinancingActivities,annualNetOtherFinancingCharges,annualOtherCurrentLiabilities,trailingNetOtherFinancingCharges,quarterlyBasicEPS,quarterlyStockBasedCompensation,annualInventory,quarterlyEbitda,annualChangeInCashSupplementalAsReported,annualPurchaseOfInvestment,annualRepaymentOfDebt,annualCapitalStock,annualTotalRevenue,annualDilutedAverageShares,annualDilutedEPS,trailingChangeInWorkingCapital,annualInterestExpense,trailingChangeInInventory,quarterlyDeferredIncomeTax,annualIncomeTaxPayable,trailingPurchaseOfBusiness,annualGoodwill,quarterlyNonCurrentDeferredTaxesLiabilities,annualNonCurrentDeferredTaxesLiabilities,quarterlyResearchAndDevelopment,annualDeferredIncomeTax,quarterlyTaxProvision,trailingBasicAverageShares,trailingOtherIncomeExpense,trailingSaleOfInvestment,trailingBasicEPS,trailingDeferredIncomeTax,quarterlyChangeInInventory,trailingChangesInAccountReceivables,trailingPurchaseOfInvestment,annualChangeInInventory,quarterlyIncomeTaxPayable,trailingDilutedEPS,trailingDilutedAverageShares,trailingResearchAndDevelopment,trailingTaxProvision,trailingChangeInAccountPayable,quarterlyGoodwill
1970-01-01 00:00:00.851990400,,,766000.0,,,353853000.0,,665490000.0,,,6641000.0,242116000.0,650000.0,,,3500000.0,808061000.0,227341000.0,,1971000.0,,-34998000.0,,,15025000.0,,,,,283163000.0,303920000.0,2400000.0,,304197000.0,,,-6828000.0,,,,,,13267000.0,,,200442000.0,,,-5218000.0,,,,,,2383000.0,,,223297000.0,,-113777000.0,1266000.0,,,-113777000.0,,,,,,,128339000.0,,,,9111000.0,13267000.0,281069000.0,,973000.0,,,394218000.0,,,,,,,-14269000.0,,,,,117669000.0,,580720000.0,,5520000.0,,24136000.0,,,,,,-1418581000.0,14475000.0,,217403000.0,,227337000.0,,,,0.916546,553884000.0,,268931000.0,,,-18517000.0,,,,,,24151000.0,,112830000.0,,,-730699000.0,,-2354000.0,-4754000.0,-109668000.0,,,,304197000.0,,-33133000.0,47041000.0,,-190584000.0,,380278000.0,86517000.0,,-1600000.0,,,,-8342000.0,-3166000.0,2052000.0,,-25165000.0,,,,,,,-19091000.0,,39176000.0,14475000.0,0.916546,32137000.0,21853000.0,,,,,,,,,,,,,,,,,,,,,,,,,,
1970-01-01 00:00:00.859766400,,,,,,,,,2500000.0,,,,,5200000.0,,,,,700000.0,,15000000.0,,,,,,169800000.0,,,,,,8900000.0,,,,,,,,-59400000.0,109500000.0,,,2700000.0,,,310400000.0,,,,,2700000.0,2700000.0,,,,,0.18,,,,,,,,,-59600000.0,,,,700000.0,,,,,,,,169800000.0,,,,95900000.0,-5300000.0,,,-3500000.0,,,,,,,,,,,,,,,,,-218900000.0,,,,,200000.0,,,,-59600000.0,,,1500000.0,,175500000.0,,,,,15000000.0,-4400000.0,,,,,,200000.0,,,,,,12400000.0,116200000.0,,,302800000.0,,,,,-10200000.0,,,,,,,173600000.0,,,,,,0.18,,,14900000.0,,,,,,,,,,,,,,,,,,,,,,,,,,,,,,,,,,,
1970-01-01 00:00:00.867628800,,,,,,,,,3000000.0,,,,,3500000.0,,,,,1500000.0,,14642857.0,,,,,,166900000.0,,,,,,14800000.0,,,,,,,,-154100000.0,210800000.0,,,4100000.0,,,410200000.0,,,,,4100000.0,4100000.0,,,,,0.28,,,,,,,,,-177000000.0,,,,,,,,,,,,166900000.0,,,,187700000.0,2900000.0,,,-5900000.0,,,,,,,,,,,,,,,,,-200000.0,,,,,-5400000.0,,,,-159700000.0,,,2500000.0,,89600000.0,,,,,14642857.0,1500000.0,,,,,,5600000.0,,,,,,20700000.0,-81900000.0,,,0.0,,,,,-5000000.0,,,,,,,336300000.0,,,,,,0.28,,,23700000.0,,,,,,,,,,,,,,,,,,,,,,,,,,,,,,,,,,,
1970-01-01 00:00:00.875577600,,,,,-7400000.0,,,,3700000.0,,,,,1600000.0,,,,,1500000.0,,19117647.0,,,,,,392100000.0,,,,,,19100000.0,,,,,,,,-119400000.0,135300000.0,,,6500000.0,,,572500000.0,,,,,6500000.0,6500000.0,,,,,0.34,,,,,,15700000.0,,,-114200000.0,,,,,,,,,,,,392100000.0,,,,104100000.0,4300000.0,,,-7600000.0,,,,,,,,,,,,,,,,,-300000.0,,,,,-4900000.0,,,,-129900000.0,,,2600000.0,,144300000.0,,,,,19117647.0,1000000.0,,,,,,10500000.0,,,,,,26700000.0,40600000.0,,,241000000.0,,,,,-1200000.0,,,,,,,469600000.0,,,,,,0.34,,,30400000.0,,,,,,,,,,,,,,,,,,,,,,,,,,,,,,,,,,,
1970-01-01 00:00:00.883526400,,543700000.0,-1064614000.0,,-10602000.0,,,,4823000.0,,,305319000.0,46000.0,-6038000.0,,4500000.0,,,1327000.0,-10915000.0,,,,,36581000.0,8929000.0,-6258000.0,,,,,541586000.0,26282000.0,,8929000.0,,21558000.0,,,,-731714000.0,305319000.0,24762000.0,,11562000.0,,,757654000.0,-21702000.0,,,,11562000.0,8358000.0,5027000.0,,,273363000.0,,397150000.0,4262000.0,-22000.0,,-6258000.0,543186000.0,,,-201156000.0,,,757654000.0,10804000.0,,,14023000.0,24762000.0,,,10804000.0,397150000.0,,,,273363000.0,2600000.0,,,49601000.0,,,,,,712910000.0,,,8929000.0,28928000.0,,50604000.0,8929000.0,,8929000.0,245000.0,-7149000.0,,18445149.0,,,-1600000.0,834690000.0,,-121780000.0,-744342000.0,1.2,,4933000.0,,122557000.0,,,,0.0,,-1570000.0,,32601000.0,,,834690000.0,12628000.0,,,-551956000.0,-1093542000.0,-121780000.0,-23319000.0,-65971000.0,,,-100000.0,,,,,5485000.0,,,,-11700000.0,,,712910000.0,,531957000.0,-3470000.0,,,,,,-18496000.0,8929000.0,,-226549000.0,245000.0,69182000.0,18539299.0,1.19,,11633000.0,,,,,,,,,,,,,,,,,,,,,,,,,,
1970-01-01 00:00:00.891302400,,,,,-10800000.0,,,,5900000.0,,,,,2600000.0,,,,,1600000.0,,25428571.0,,,,,,-8200000.0,,,,,,29000000.0,,,,,,,,-114500000.0,331300000.0,,,8900000.0,,,912700000.0,,,,,8900000.0,8900000.0,,,,,0.35,,,,,,-11300000.0,,,-142200000.0,,,,,,,,,,,,456000000.0,,,,297000000.0,800000.0,,,-11800000.0,,,,,,,,,,,,,,8900000.0,,,-1400000.0,,,,,-1300000.0,,,,-130900000.0,,,4800000.0,,130300000.0,,,,,25428571.0,58500000.0,,,,,,16400000.0,,,,,,40800000.0,4600000.0,,,59000000.0,,,,,-1000000.0,,,,,,,851900000.0,,,,,,0.35,,,46700000.0,,,,,,,,,,,,,,,,,,,,,,,,,,,,,,,,,,,
1970-01-01 00:00:00.899164800,,,,,-12400000.0,,,,6500000.0,,,,,4200000.0,,,,,2100000.0,,27222222.0,,,,,,-9600000.0,,,,,,33600000.0,,,,,,,,-102200000.0,394000000.0,,,9800000.0,,,1015100000.0,,,,,9800000.0,9800000.0,,,,,0.36,,,,,,12100000.0,,,-107600000.0,,,,,,,,,,,,477600000.0,,,,357400000.0,1800000.0,,,-14000000.0,,,,,,,,,,,,,,,,,-1700000.0,,,,,-3300000.0,,,,-119700000.0,,,4600000.0,,84600000.0,,,,,27222222.0,97000000.0,,,,,,17500000.0,,,,,,47600000.0,-5700000.0,,,23200000.0,,,,,-3000000.0,,,,,,,968200000.0,,,,,,0.36,,,54100000.0,,,,,,,,,,,,,,,,,,,,,,,,,,,,,,,,,,,
1970-01-01 00:00:00.907113600,,,,,-12800000.0,,,,6800000.0,,,,,-2300000.0,,,,,1800000.0,,27777778.0,,,,,,-10800000.0,,,,,,34500000.0,,,,,,,,-10400000.0,444900000.0,,,10000000.0,,,1063700000.0,,,,,10000000.0,10000000.0,,,,,0.36,,,,,,-3000000.0,,,-34000000.0,,,,,,,,,,,,476400000.0,,,,403900000.0,4400000.0,,,-14500000.0,,,,,,,,,,,,,,,,,700000.0,,,,,-1300000.0,,,,-31000000.0,,,5300000.0,,32800000.0,,,,,27777778.0,45600000.0,,,,,,20600000.0,,,,,,49000000.0,19500000.0,,,0.0,,,,,6200000.0,,,,,,,993000000.0,,,,,,0.36,,,55800000.0,,,,,,,,,,,,,,,,,,,,,,,,,,,,,,,,,,,
1970-01-01 00:00:00.915062400,,81813000.0,-607996000.0,,-12843000.0,,,,7000000.0,,,449529000.0,0.0,5272000.0,,9200000.0,,,2239000.0,-1365000.0,,,,,70562000.0,6443000.0,-11844000.0,,,,,346506000.0,39284000.0,,6443000.0,,38822000.0,,,,-380896000.0,449529000.0,38822000.0,2200000.0,4622000.0,,,1105928000.0,-48843000.0,,,,10222000.0,10222000.0,7739000.0,,,405383000.0,,475899000.0,9772000.0,,,-11844000.0,348706000.0,,,-59917000.0,,8800000.0,1105928000.0,12895000.0,,,26200000.0,33222000.0,,,12895000.0,475899000.0,8800000.0,,,405383000.0,2200000.0,,,106222000.0,,,,,,1048847000.0,,,6443000.0,73429000.0,,96762000.0,6443000.0,,6443000.0,276000.0,-579000.0,,26989422.0,,,-4700000.0,1194284000.0,2200000.0,-145437000.0,-399825000.0,1.44,,5968000.0,,20102000.0,,,,8929000.0,,-2089000.0,,65722000.0,,,1194284000.0,18929000.0,,,-343717000.0,-681425000.0,-145437000.0,-66938000.0,-20886000.0,,,-387000.0,,,,,-3565000.0,,,,-10600000.0,,,1048847000.0,,267802000.0,-4189000.0,,,,,,-59938000.0,-2486000.0,,-2979000.0,276000.0,136284000.0,27059988.0,1.43,,20568000.0,,,,,,,,,,,,,,,,,,,,,,,,,,
1970-01-01 00:00:00.922838400,,,,,-12900000.0,,,,7200000.0,,,,,2500000.0,,,,,2300000.0,,27500000.0,,,,,,-13500000.0,,,,,,37600000.0,,,-1200000.0,,,,,-43900000.0,505200000.0,,,9900000.0,,,1178800000.0,,,,,9900000.0,9900000.0,,,,,0.36,,,,,,1400000.0,,,-61700000.0,,15800000.0,,,,,,,,,,475300000.0,,,,459800000.0,1500000.0,,,-15700000.0,,,,,,,,,,,,,,6400000.0,,,-40500000.0,,,,,-2300000.0,,,,-61900000.0,,,5800000.0,,39700000.0,,,,,27500000.0,-1900000.0,,,,,,18000000.0,,,,,,53300000.0,-4000000.0,,,,,,,,-1600000.0,,,,,,,1131300000.0,,,,,,0.36,,,60500000.0,,,,,,,,,,,,,,,,,,,,,,,,,,,,,,,,,,,
1970-01-01 00:00:00.930700800,,,,,-13600000.0,,,,7500000.0,,,,,5400000.0,,,,,2200000.0,,27692308.0,,,,,,-14300000.0,,,,,,39300000.0,,,,,,,,-16700000.0,535600000.0,,,10800000.0,,,1208500000.0,,,,,10800000.0,10800000.0,,,,,0.39,,,,,,2700000.0,,,-30700000.0,,,,,,,,,,,,474700000.0,,,,490300000.0,0.0,,,-15900000.0,,,,,,,,,,,,,,,,,400000.0,,,,,-2900000.0,,,,-34600000.0,,,6200000.0,,19400000.0,,,,,27692308.0,2600000.0,,,,,,17900000.0,,,,,,55200000.0,6600000.0,,,,,,,,-5800000.0,,,,,,,1152700000.0,,,,,,0.39,,,62700000.0,,,,,,,,,,,,,,,,,,,,,,,,,,,,,,,,,,,
1970-01-01 00:00:00.938649600,,,,,-13500000.0,,,,7900000.0,,,,,800000.0,,,,,2300000.0,,27948718.0,,,,,,-15200000.0,,,,,,40200000.0,,,,,,,,-34100000.0,572800000.0,,,10900000.0,,,1244900000.0,,,,,10900000.0,10900000.0,,,,,0.39,,,,,,11300000.0,,,-45200000.0,6900000.0,,,,,,,,,,,478500000.0,,,,526700000.0,-1200000.0,,,-16400000.0,,,,,,,,,,,,,,9000000.0,,300000.0,18400000.0,,,,,2600000.0,,,,-56500000.0,,,6500000.0,,20700000.0,,,,,27948718.0,-2200000.0,,,,,,22400000.0,,,,,,56600000.0,-2200000.0,,,,,,,,2800000.0,,,,,,,1189000000.0,,,,,,0.39,,,64500000.0,,,,,,,,,,,,,,,,,,,,,,,,,,,,,,,,,,,
1970-01-01 00:00:00.946598400,,43800000.0,-358168000.0,,-13597000.0,,,,11194000.0,,,613519000.0,0.0,-4531000.0,,13200000.0,,,2291000.0,6777000.0,,,,,82380000.0,26116000.0,-18553000.0,,,,,5996000.0,42600000.0,,26116000.0,,39895000.0,,,,-263468000.0,613519000.0,39895000.0,,8295000.0,,,1320501000.0,-53597000.0,,,,8295000.0,8295000.0,9091000.0,,,553516000.0,,472929000.0,4169000.0,-49171000.0,,-18553000.0,-9404000.0,,,-55195000.0,26116000.0,,1320501000.0,13456000.0,,,33794000.0,39895000.0,,,13456000.0,472929000.0,,,,553516000.0,12900000.0,,,125420000.0,,,,,,1235811000.0,,,26116000.0,84635000.0,,116174000.0,26116000.0,6900000.0,26116000.0,278000.0,-1167000.0,,27701495.0,,,-8200000.0,1410238000.0,,-174427000.0,-289803000.0,1.44,,7909000.0,,48033000.0,,,,6443000.0,,-47632000.0,,77320000.0,,,1410238000.0,26335000.0,,,-192795000.0,-442803000.0,-174427000.0,-82820000.0,19273000.0,,,,,,,,11377000.0,,,,-10800000.0,,,1235811000.0,,127833000.0,-49132000.0,,,,,,-71626000.0,19673000.0,,-22867000.0,278000.0,159700000.0,27727303.0,1.44,,26309000.0,,,,,,,,,,,,,,,,,,,,,,,,,,
1970-01-01 00:00:00.954460800,,,,,-13457000.0,,,,9323000.0,,,,,6308000.0,,,,,2632000.0,,27228497.0,,,,,,-20776000.0,,,,,,43764000.0,,,,,,,,-26343000.0,683730000.0,,,9578000.0,,,1346759000.0,,,,,9578000.0,9578000.0,,,,,0.35,,,,,,2196000.0,,-298000.0,-38506000.0,9301000.0,,,13513000.0,,,,,,,,437460000.0,,,,625342000.0,-217000.0,,,20891000.0,,,,,,,,,,,,,9301000.0,26116000.0,9301000.0,262000.0,-1174000.0,,,,,-6518000.0,,,-182453000.0,-40702000.0,,,7828000.0,,7332000.0,,,,,27228887.0,-1270000.0,,,-41267000.0,,1455825000.0,14359000.0,,,,,,22873000.0,-16815000.0,,,,,,,,-10850000.0,,,,,,,1273372000.0,,,,,,0.35,,,32196000.0,,,,,,,,,,,,,,,,,,,,,,,,,,,,,,,,,,,
1970-01-01 00:00:00.962323200,,,,,-13511000.0,,,,9645000.0,,,,,-2344000.0,,,,,2555000.0,,26258821.0,,,,,,-19877000.0,,,,,,45360000.0,,,,,,,,-22965000.0,531669000.0,,,12804000.0,,,1423063000.0,,,,,12804000.0,12804000.0,,,,,0.49,,,,,,-135018000.0,,4249000.0,-68022000.0,16518000.0,,,13591000.0,,,,,,,,665609000.0,,,,691034000.0,7112000.0,,,25971000.0,,,,,,,,,,,,,16518000.0,9301000.0,16518000.0,265000.0,-1196000.0,,,,,-4441000.0,,,-189410000.0,-46528000.0,,,9948000.0,,51676000.0,,,,,26348049.0,-517000.0,,,12000.0,,1467565000.0,23563000.0,,,,,,19389000.0,7217000.0,,,,,,,,3459000.0,,,,,,,1278155000.0,,,,,,0.49,,,29034000.0,,,,,,,,,,,,,,,,,,,,,,,,,,,,,,,,,,,
1970-01-01 00:00:00.970272000,,,,,-13591000.0,,,,9941000.0,,,,,-5531000.0,,,,,2890000.0,,26455400.0,,,,,,-16102000.0,,,,,,47221000.0,,,,,,,,-28146000.0,743097000.0,,,15679000.0,,,1414052000.0,,,,,15679000.0,15679000.0,,,,,0.59,,,,,,-48896000.0,,7316000.0,35452000.0,12801000.0,,,13591000.0,,,,,,,,443948000.0,,,,673556000.0,1511000.0,,,30310000.0,,,,,,,,,,,,,12801000.0,16518000.0,12801000.0,265000.0,-50051000.0,,,,,-3692000.0,,,-194563000.0,-49680000.0,,,10024000.0,,-60703000.0,,,,,26696985.0,-29619000.0,,,-15000.0,,1449457000.0,21534000.0,,,,,,16911000.0,-3717000.0,,,,,,,,1445000.0,,,,,,,1254894000.0,,,,,,0.59,,,26852000.0,,,,,,,,,,,,,,,,,,,,,,,,,,,,,,,,,,,
1970-01-01 00:00:00.978220800,,0.0,-108281000.0,,-13591000.0,,,,13468000.0,,,789010000.0,,12779000.0,,6913000.0,,,3037000.0,-26426000.0,,,,,95293000.0,17600000.0,-19230000.0,,,,,-228370000.0,50769000.0,,17600000.0,,46846000.0,,,,-30827000.0,789010000.0,46846000.0,,8786000.0,,,1457169000.0,-54150000.0,,,,8786000.0,8786000.0,11114000.0,,,723688000.0,,441425000.0,11212000.0,-41266000.0,,-19230000.0,-46652000.0,,,-46655000.0,17600000.0,,1457169000.0,13601000.0,,,42377000.0,46846000.0,,,13601000.0,441425000.0,,,,723688000.0,-1493000.0,,,14648000.0,,,,,,1291145000.0,,,17600000.0,74009000.0,,137670000.0,17600000.0,12801000.0,17600000.0,265000.0,3688000.0,,26598926.0,,,-7497000.0,1496477000.0,,-205332000.0,-45380000.0,1.76,,11309000.0,,36901000.0,,,,26116000.0,,356000.0,,91820000.0,4000.0,,1496477000.0,14553000.0,,,-117731000.0,-182290000.0,-205332000.0,36121000.0,4799000.0,,,,,,,,-20480000.0,,,,-22148000.0,,,1291145000.0,,35206000.0,-31050000.0,,,,,,49589000.0,-8516000.0,,-48733000.0,265000.0,187113000.0,26754984.0,1.75,,39109000.0,,,,,,,,,,,,,,,,,,,,,,,,,,
1970-01-01 00:00:00.985996800,,,,,-13601000.0,,,,13981000.0,,,,,5980000.0,,,,,3354000.0,,26713078.0,,,,,,-25751000.0,,,,,,50367000.0,,,,,,,,4591000.0,787725000.0,,,6426000.0,,,1444475000.0,,,,,6426000.0,7818000.0,,,,,0.24,,,,,,-30597000.0,,,-27377000.0,19669000.0,,,14523000.0,,,,,,,,439102000.0,,,,702541000.0,14506000.0,,,27709000.0,,,,,,,,,,,,,19669000.0,17600000.0,19669000.0,270000.0,-30429000.0,,,,,-3050000.0,,,-215176000.0,-30597000.0,,,10791000.0,,-5742000.0,,,,,26971289.0,28099000.0,-5494000.0,,0.0,,1559766000.0,35188000.0,,,,,,22658000.0,2069000.0,,,907000.0,,,,,8801000.0,,,,,,,1344590000.0,,,,,,0.24,,,36639000.0,,,,,,,,,,,,,,,,,,,,,,,,,,,,,,,,,,,
1970-01-01 00:00:00.993859200,,,,,-14524000.0,,,,13069000.0,,,,,-1060000.0,,,,,3034000.0,,27159582.0,,,,,,-23742000.0,,,,,,58234000.0,,,,,,,,-18533000.0,793361000.0,,,15097000.0,,,1453841000.0,,,,,15097000.0,15097000.0,,,,,0.55,,,,,,-33831000.0,,,-18785000.0,13898000.0,,,14558000.0,,,,,,,,445726000.0,,,,723947000.0,-15464000.0,,,28117000.0,,,,,,,,,,,,,13898000.0,19669000.0,13898000.0,273000.0,4723000.0,,,,,1001000.0,,,-224157000.0,-33831000.0,,,10612000.0,,-2284000.0,,,,,27380348.0,-588000.0,-5669000.0,,0.0,,1583957000.0,15298000.0,,,,,,30117000.0,-5771000.0,,,547000.0,,,,,-11808000.0,,,,,,,1359800000.0,,,,,,0.56,,,43186000.0,,,,,,,,,,,,,,,,,,,,,,,,,,,,,,,,,,,
1970-01-01 00:00:01.001808000,,,,,-14558000.0,,,,13227000.0,,,,,697000.0,,,,,2949000.0,,27359343.0,,,,,,-27623000.0,,,,,,51446000.0,,,,,,,,658000.0,800301000.0,,,9283000.0,,,1460722000.0,,,,,9283000.0,9283000.0,,,,,0.34,,,,,,-24204000.0,,,2362000.0,10718000.0,,,14634000.0,,,,,,,,444183000.0,,,,722688000.0,5230000.0,,,28025000.0,,,,,,,,,,,,,10718000.0,13898000.0,10718000.0,274000.0,4338000.0,,,,,-3575000.0,,,-232029000.0,-24204000.0,,,10657000.0,,-30404000.0,,,,,27586503.0,-24163000.0,-7454000.0,,0.0,,1581637000.0,24862000.0,,,,,,23421000.0,-3180000.0,,,3576000.0,,,,,1655000.0,,,,,,,1349608000.0,,,,,,0.34,,,36648000.0,,,,,,,,,,,,,,,,,,,,,,,,,,,,,,,,,,,
1970-01-01 00:00:01.009756800,,5030000.0,-33270000.0,-5778000.0,-14634000.0,,,,13826000.0,,,799055000.0,,3018000.0,,14867000.0,,,3098000.0,4913000.0,,,,,98491000.0,16487000.0,-33163000.0,,,,,-138252000.0,49598000.0,,16487000.0,,39823000.0,,,,-19986000.0,799055000.0,38431000.0,,7625000.0,,,1457229000.0,-57317000.0,,,,7625000.0,7625000.0,12435000.0,,,714587000.0,,440628000.0,8635000.0,0.0,,-33163000.0,-49620000.0,,,-29606000.0,16487000.0,,1457229000.0,14634000.0,,,54103000.0,38431000.0,,,14634000.0,440628000.0,,,,714587000.0,10595000.0,,,27303000.0,,,,,,1359329000.0,4714000.0,,16487000.0,106082000.0,,152594000.0,16487000.0,10718000.0,16487000.0,274000.0,-5235000.0,,27167006.0,,,-4330000.0,1600994000.0,,-241665000.0,-50720000.0,1.41,,9619000.0,,4641000.0,,,,17600000.0,,-11749000.0,-5778000.0,111154000.0,0.0,,1600994000.0,30734000.0,,,-73406000.0,-139352000.0,-241665000.0,22295000.0,5769000.0,,,0.0,,,,,6265000.0,,,,-9954000.0,,,1359329000.0,,-33789000.0,-8401000.0,,,,,,36121000.0,-1113000.0,,-26603000.0,274000.0,209645000.0,27372951.0,1.4,,41679000.0,,,,,,,,,,,,,,,,,,,,,,,,,,
1970-01-01 00:00:01.017532800,,,,,-14634000.0,,,,13604000.0,,,,,-529000.0,,,,,2968000.0,,27256206.0,,,,,,-33305000.0,,,,,,52635000.0,,,,,,,,-8104000.0,821249000.0,,,13507000.0,,,1506491000.0,,,,,13507000.0,13507000.0,,,,,0.49,,,,,,-29947000.0,,,-32136000.0,10432000.0,,,15163000.0,,,,,,,,458264000.0,,,,741186000.0,-3139000.0,,,27768000.0,,,,,-2189000.0,,,,,,,,10432000.0,16487000.0,10432000.0,275000.0,-189824000.0,,,,,-1600000.0,,,-248702000.0,-29947000.0,,,9359000.0,,4238000.0,,,,,27550482.0,-9075000.0,-3060000.0,,,,1661622000.0,21843000.0,,,,,,24867000.0,-6055000.0,,,1348000.0,,,,,-4739000.0,,,,,,,1412920000.0,,,,,,0.5,,,38471000.0,,,,,,,,,,,,,,,,,,,,,,,,,,,,,,,,,,,
1970-01-01 00:00:01.025395200,,,,,-15163000.0,,,,19510000.0,,,,,2682000.0,,,,,3648000.0,,27462651.0,,,,,,-42079000.0,,,,,,51265000.0,,,,,,,,-5784000.0,832946000.0,,,4957000.0,,,1510577000.0,,,,,4957000.0,4957000.0,,,,,0.18,,,,,,-21702000.0,,,-21702000.0,12663000.0,,,15891000.0,,,,,,,,452715000.0,,,,761302000.0,-7660000.0,,,34075000.0,,,,,0.0,,,,,,,,12663000.0,10432000.0,12663000.0,277000.0,-1884000.0,,,,,-3571000.0,,,-259676000.0,-21702000.0,,,8768000.0,,8015000.0,,,,,27804912.0,-30000.0,-4679000.0,,,,1678839000.0,15918000.0,,,,,,17190000.0,2231000.0,,,3092000.0,,,,,-11231000.0,,,,,,,1419163000.0,,,,,,0.18,,,36700000.0,,,,,,,,,,,,,,,,,,,,,,,,,,,,,,,,,,,
1970-01-01 00:00:01.033344000,,,,,-15891000.0,,,,15723000.0,,,,,2555000.0,,,,,2966000.0,,27623168.0,,,,,,-48020000.0,,,,,,51052000.0,,,,,,,,-10124000.0,847099000.0,,,7885000.0,,,1518313000.0,,,,,7885000.0,7506000.0,,,,,0.28,,,,,,66787000.0,,,-23373000.0,9878000.0,,,15922000.0,,,,,,,,450191000.0,,,,773268000.0,3788000.0,,,30021000.0,,,,,-7569000.0,,,,,,,,9878000.0,12663000.0,9878000.0,278000.0,-14574000.0,,,,,-2948000.0,,,-270951000.0,-37127000.0,,,8966000.0,,-6415000.0,,,,,27839192.0,-2298000.0,-5251000.0,,,,1697580000.0,27003000.0,,,,,,21031000.0,-2785000.0,,,-192000.0,,,,,840000.0,,,,,,,1426629000.0,,,,,,0.29,,,36754000.0,,,,,,,,,,,,,,,,,,,,,,,,,,,,,,,,,,,
1970-01-01 00:00:01.041292800,,4248000.0,-20056000.0,-5789000.0,-15921000.0,,,,15658000.0,,,845934000.0,,-2136000.0,,2986000.0,,,2975000.0,-14972000.0,,,,,82056000.0,15777000.0,-47629000.0,,,,,15138000.0,47518000.0,,15777000.0,,32060000.0,,,,3956000.0,845934000.0,40312000.0,,13963000.0,,,1506602000.0,-61609000.0,,,,13963000.0,6272000.0,12557000.0,,,762037000.0,,439971000.0,2572000.0,-11398000.0,,-47629000.0,0.0,,,13480000.0,15777000.0,,1506602000.0,15670000.0,,,64495000.0,40312000.0,,,15670000.0,439971000.0,,,,762037000.0,9997000.0,,,28276000.0,,,,,0.0,1407715000.0,896000.0,,15777000.0,95554000.0,,146551000.0,15777000.0,9878000.0,15777000.0,273000.0,-1932000.0,,27449676.0,,,-9839000.0,1686218000.0,,-278503000.0,-26834000.0,1.47,,8615000.0,,-38371000.0,,,-9758000.0,16487000.0,,179000.0,-5789000.0,120039000.0,,,1686218000.0,30790000.0,,,-63731000.0,-115610000.0,-278503000.0,19242000.0,5899000.0,,,0.0,,,,,158000.0,,,,-17958000.0,,,1407715000.0,,-32533000.0,-11224000.0,,,,,,34900000.0,-710000.0,,-208214000.0,273000.0,202095000.0,27722197.0,1.45,,35640000.0,,,,,,,,,,,,,,,,,,,,,,,,,,
1970-01-01 00:00:01.049068800,,,,,-15670000.0,,,,14942000.0,,,,,3863000.0,,,,,3858000.0,,27221060.0,,,,,,-50384000.0,,,,,,54627000.0,,,,,,,,-4436000.0,854935000.0,,,10929000.0,,,1511197000.0,,,,,10929000.0,10929000.0,,,,,0.4,,,,,,,,,-22834000.0,7787000.0,,,15776000.0,,,,,,,,436761000.0,,,,776615000.0,-6189000.0,,,30893000.0,,,,,,,,,,,,,7787000.0,15777000.0,7787000.0,273000.0,-1984000.0,,,,,-5147000.0,,,-290365000.0,-22834000.0,,,7744000.0,,-3554000.0,,,,,27430042.0,-748000.0,-6372000.0,,-1714000.0,,1706969000.0,18398000.0,,,,,,23734000.0,-7990000.0,,,0.0,,,,,-11336000.0,,,,,,,1416604000.0,,,,,,0.4,,,38676000.0,,,,,,,,,,,,,,,,,,,,,,,,,,,,,,,,,,,
1970-01-01 00:00:01.056931200,,,,,-15694000.0,,,,14092000.0,,,,,-3623000.0,,,,,4011000.0,,27351392.0,,,,,,-50587000.0,,,,,,50081000.0,,,,,,,,-2957000.0,841747000.0,,,13360000.0,,,1497814000.0,,,,,13360000.0,9928000.0,,,,,0.49,,,,,,,,,6926000.0,6865000.0,,,15733000.0,,,,,,,,436692000.0,,,,765501000.0,-3119000.0,,,27714000.0,,,,,,,,,,,,,6865000.0,7787000.0,6865000.0,274000.0,-12062000.0,,,,,-567000.0,,,-297050000.0,-23097000.0,,,7585000.0,,-27988000.0,,,,,27544723.0,-1712000.0,-7416000.0,,0.0,,1698357000.0,20140000.0,,,,,,22367000.0,-922000.0,,,532000.0,,,,,-3686000.0,,,,,,,1401307000.0,,,,,,0.49,,,36459000.0,,,,,,,,,,,,,,,,,,,,,,,,,,,,,,,,,,,
1970-01-01 00:00:01.064880000,,,,,-15733000.0,,,,15243000.0,,,,,6773000.0,,,,,4825000.0,,27584345.0,,,,,,-44423000.0,,,,,,70052000.0,,,,,,,,24861000.0,830111000.0,,,20039000.0,,,1505973000.0,,,,,20039000.0,20043000.0,,,,,0.72,,,,,,-18942000.0,,36000.0,-14889000.0,16078000.0,,,15960000.0,,,,,,,,455219000.0,,,,750839000.0,4071000.0,,,34739000.0,,,,,,,,,,,,,16078000.0,6865000.0,16078000.0,280000.0,-102739000.0,,,,,-2323000.0,,,-308640000.0,-18942000.0,,,8869000.0,,-19701000.0,,,,,27800542.0,-32880000.0,-5922000.0,,0.0,,1707220000.0,43803000.0,,,,,,35313000.0,9213000.0,,,10574000.0,,,,,1748000.0,,,,,,,1398580000.0,,,,,,0.73,,,50556000.0,,,,,,,,,,,,,,,,,,,,,,,,,,,,,,,,,,,
1970-01-01 00:00:01.072828800,,13452000.0,11031000.0,-4358000.0,-15960000.0,,,,15554000.0,,,838226000.0,,-596000.0,,-8021000.0,,,6446000.0,-22445000.0,,,,,99878000.0,9892000.0,-53449000.0,,,,,0.0,53841000.0,,9892000.0,,45673000.0,,,,-6437000.0,838226000.0,49612000.0,,4938000.0,,,1512635000.0,-63057000.0,,,,5287000.0,5287000.0,19140000.0,,,761048000.0,,489870000.0,6417000.0,-36714000.0,,-53449000.0,0.0,,66000.0,-20042000.0,9892000.0,,1512635000.0,16369000.0,,,59831000.0,49263000.0,,,16369000.0,489870000.0,,,,761048000.0,-2784000.0,,,34684000.0,,,,,,1404914000.0,196000.0,,9892000.0,95946000.0,,159709000.0,9892000.0,16078000.0,9892000.0,38719000.0,8456000.0,,27526684.0,,,-6387000.0,1726286000.0,,-321372000.0,-20042000.0,1.79,,9242000.0,,251000.0,,,,15777000.0,,33219000.0,-4358000.0,127908000.0,-35000000.0,,1726286000.0,13605000.0,,,-50839000.0,-84915000.0,-321372000.0,19157000.0,-6186000.0,,,2346000.0,,,,,-9171000.0,,,,-14424000.0,,,1404914000.0,,-50992000.0,-2121000.0,,,,,,34711000.0,-5885000.0,,-108329000.0,38719000.0,227786000.0,27737791.0,1.78,,33385000.0,,,,,,,,,,,,,,,,,,,,,,,,,,
1970-01-01 00:00:01.080691200,,,,,-16752000.0,,,,15111000.0,,,,,2836000.0,,,,,7249000.0,,28116679.0,,,,,,-61487000.0,,,,,,54574000.0,,,,,,,,9295000.0,844011000.0,,,5984000.0,,,1509365000.0,,,,,6769000.0,7222000.0,,,,,0.21,,,,,,,,307000.0,-9497000.0,6730000.0,,,16477000.0,,,,,,,,482286000.0,,,,767294000.0,-1457000.0,,,35051000.0,,,,,,,,,,,,,6730000.0,9892000.0,6730000.0,38720000.0,-108972000.0,,,,,-4467000.0,,,-329409000.0,-9497000.0,,,9210000.0,,-12457000.0,,,,,28303236.0,-1474000.0,-4467000.0,,-1270000.0,,1730155000.0,18792000.0,,,,,,19523000.0,-3162000.0,,,793000.0,,,,,-5924000.0,,,,,,,1400746000.0,,,,,,0.21,,,34634000.0,,,,,,,,,,,,,,,,,,,,,,,,,,,,,,,,,,,
1970-01-01 00:00:01.088553600,,,,,-16860000.0,,,,15391000.0,,,,,2297000.0,,,,,5026000.0,,28220130.0,,,,,,-67689000.0,,,,,,54475000.0,,,,,,,,9048000.0,827621000.0,,,7854000.0,,,1489478000.0,,,,,8639000.0,8436000.0,,,,,0.28,,,,,,,,78000.0,3679000.0,7444000.0,,,16478000.0,,,,,,,,480258000.0,,,,754806000.0,-1491000.0,,,33424000.0,,,,,,,,,,,,,7444000.0,6730000.0,7444000.0,38709000.0,82512000.0,,,,,-744000.0,,,-341874000.0,-15044000.0,,,9148000.0,,-27057000.0,,,,,28361707.0,-92704000.0,-1311000.0,,-5000.0,,1723994000.0,24092000.0,,,,,,21051000.0,714000.0,,,0.0,,,,,-2235000.0,,,,,,,1382120000.0,,,,,,0.28,,,36442000.0,,,,,,,,,,,,,,,,,,,,,,,,,,,,,,,,,,,
1970-01-01 00:00:01.096502400,,,,,-16862000.0,,,,15679000.0,,,,,-4494000.0,,,,,9399000.0,,28271214.0,,,,,,-71456000.0,,,,,,55045000.0,,,,,,,,16300000.0,820293000.0,,,10357000.0,,,1479379000.0,,,,,11142000.0,5497000.0,,,,,0.36,,,,,,-18684000.0,,77000.0,-3968000.0,3652000.0,,,16498000.0,,,,,,,,479345000.0,,,,730932000.0,16040000.0,,,37084000.0,,,,,,,,,,,,,3652000.0,7444000.0,3652000.0,38711000.0,-119874000.0,,,,,-3382000.0,,,-353025000.0,-18684000.0,,,9540000.0,,-34808000.0,,,,,28439665.0,101122000.0,-1067000.0,,0.0,,1730705000.0,34984000.0,,,,,,17961000.0,-3792000.0,,,806000.0,,,,,12658000.0,,,,,,,1377680000.0,,,,,,0.37,,,33640000.0,,,,,,,,,,,,,,,,,,,,,,,,,,,,,,,,,,,
1970-01-01 00:00:01.104451200,,2052000.0,-121709000.0,,-16881000.0,,,,15890000.0,,,912534000.0,,-105000.0,,25659000.0,,,11679000.0,12278000.0,,,,,74814000.0,4853000.0,-83394000.0,,,,,-95497000.0,58027000.0,,4853000.0,,23982000.0,,,,-156352000.0,912534000.0,29939000.0,,2192000.0,,,1599215000.0,-67355000.0,,,,3390000.0,3390000.0,34021000.0,,,801441000.0,,552692000.0,534000.0,-46275000.0,,-83394000.0,-52272000.0,,59000.0,-119400000.0,4853000.0,,1599215000.0,16923000.0,,,62071000.0,26386000.0,,,16923000.0,552692000.0,,,,801441000.0,12567000.0,,,41279000.0,,,,,,1480665000.0,521000.0,,4853000.0,108044000.0,,136885000.0,4853000.0,3652000.0,4853000.0,121868000.0,-72491000.0,,28244459.0,,,-4788000.0,1846496000.0,,-365831000.0,-186528000.0,0.93,,9749000.0,,90425000.0,,,,9892000.0,,-2801000.0,,146585000.0,-45000000.0,,1846496000.0,30176000.0,,,-129186000.0,-229753000.0,-365831000.0,16748000.0,1201000.0,,,453000.0,,,,,7779000.0,,,,-13381000.0,,,1480665000.0,,16103000.0,4143000.0,,,,,,32638000.0,-5039000.0,,-218825000.0,121868000.0,221399000.0,28422027.0,0.93,,37647000.0,,,,,,,,,,,,,,,,,,,,,,,,,,
1970-01-01 00:00:01.112227200,,,,,-18116000.0,,,,17116000.0,,,,,-2507000.0,,,,,6024000.0,,28554806.0,,,,,,-85387000.0,,,,,,59248000.0,,,,,,,,5373000.0,894685000.0,,,12743000.0,,,1580606000.0,,,,,15145000.0,9629000.0,,,,,0.44,,,,,,-16888000.0,,57000.0,20971000.0,11040000.0,,,17844000.0,,,,,,,,556244000.0,,,,783563000.0,66000.0,,,37680000.0,,,,,,,,,,,,,11040000.0,4853000.0,11040000.0,121872000.0,-3878000.0,,,,,-7559000.0,,,-373514000.0,-16888000.0,,,9622000.0,,-37045000.0,,,,,28719711.0,-13681000.0,1084000.0,,-1745000.0,,1826866000.0,22261000.0,,,,,,21568000.0,6187000.0,,,375000.0,,,,,-7493000.0,,,,,,,1453352000.0,,,,,,0.45,,,38684000.0,,,,,,,,,,,,,,,,,,,,,,,,,,,,,,,,,,,
1970-01-01 00:00:01.120089600,,,,,-21829000.0,,,,16988000.0,,,,,3201000.0,,,,,16790000.0,,28739286.0,,,,,,-101591000.0,,,,,,60033000.0,,,,,,,,16055000.0,938684000.0,,,-1466000.0,,,1606592000.0,,,,,936000.0,1006000.0,,,,,-0.05,,,,,,-13765000.0,,54000.0,-45489000.0,7706000.0,,,17844000.0,,,,,,,,540336000.0,,,,818417000.0,10897000.0,,,48322000.0,,,,,,,,,,,,,7706000.0,11040000.0,7706000.0,121871000.0,-31646000.0,,,,,-2203000.0,,,-382687000.0,-13765000.0,,,9568000.0,,12335000.0,,,,,28739286.0,13321000.0,804000.0,,-11000.0,,1864610000.0,29820000.0,,,,,,11711000.0,-3334000.0,,,0.0,,,,,8694000.0,,,,,,,1481923000.0,,,,,,-0.05,,,28699000.0,,,,,,,,,,,,,,,,,,,,,,,,,,,,,,,,,,,
1970-01-01 00:00:01.128038400,,,,,-20433000.0,,,,17646000.0,,,,,-17123000.0,,,,,18400000.0,,28760474.0,,,,,,-107794000.0,,,,,,60369000.0,,,,,,,,-76522000.0,983200000.0,,,14071000.0,,,1644664000.0,,,,,16473000.0,723000.0,,,,,0.49,,,,,,-25790000.0,,298000.0,-28898000.0,8705000.0,,,17856000.0,,,,,,,,534674000.0,,,,830727000.0,19916000.0,,,49374000.0,,,,,,,,,,,,,8705000.0,7706000.0,8705000.0,121871000.0,-2690000.0,,,,,134000.0,,,-403871000.0,-114077000.0,,,9622000.0,,-7658000.0,,,,,28760474.0,-131000.0,,,0.0,,1910834000.0,37555000.0,,,,,,10995000.0,999000.0,,,596000.0,,,,,20050000.0,,,,,,,1506963000.0,,,,,,0.49,,,28641000.0,,,,,,,,,,,,,,,,,,,,,,,,,,,,,,,,,,,
1970-01-01 00:00:01.135987200,,971000.0,-93432000.0,,-20447000.0,,,,16076000.0,,,1031106000.0,,-6989000.0,,48528000.0,,,25242000.0,36542000.0,,,,,49435000.0,3881000.0,-124214000.0,,,,,-56728000.0,60996000.0,,3881000.0,,6451000.0,,,,-38338000.0,1031106000.0,33819000.0,,-1647000.0,,,1674474000.0,-80825000.0,,,,755000.0,-5519000.0,66456000.0,,,842282000.0,,519268000.0,-23418000.0,-1756000.0,,-124214000.0,-285000.0,,120000.0,-22266000.0,3881000.0,,1674474000.0,17856000.0,,,67826000.0,24211000.0,,,17856000.0,519268000.0,,,,842282000.0,17649000.0,,,56090000.0,,,,,,1537374000.0,742000.0,,3881000.0,116002000.0,,117261000.0,3881000.0,8705000.0,3881000.0,121871000.0,-14445000.0,,28710726.0,,,-2358000.0,1953971000.0,,-416597000.0,-64704000.0,0.84,,10453000.0,,-8924000.0,,,,4853000.0,,-32000.0,,192280000.0,0.0,,1953971000.0,26366000.0,,,-75682000.0,-209434000.0,-416597000.0,4906000.0,-4824000.0,,,0.0,,,,,15291000.0,,,,-11986000.0,,,1537374000.0,,-41292000.0,-523000.0,,,,,,22608000.0,-972000.0,,-52659000.0,121871000.0,241715000.0,28710726.0,0.84,,39153000.0,,,,,,,,,,,,,,,,,,,,,,,,,,
1970-01-01 00:00:01.143763200,,,,,-20445000.0,,,,16833000.0,,,,,-1314000.0,,,,,4934000.0,,29440090.0,,,,,,-126475000.0,,,,,,63093000.0,,,,,,,,-72248000.0,1043977000.0,,,13529000.0,,,1684309000.0,,,,,15931000.0,10652000.0,,,,,0.46,,,,,,-27413000.0,,118000.0,-11850000.0,11395000.0,,,18533000.0,,,,,,,,527257000.0,,,,929578000.0,-69223000.0,,,38586000.0,,,,,,,,,,,,,11395000.0,3881000.0,11395000.0,121880000.0,-5204000.0,,,,,-6793000.0,,,-428624000.0,-27682000.0,,,11971000.0,,63930000.0,,,,,29607666.0,-30000.0,,,-2891000.0,,1964418000.0,-44566000.0,,,,,,24507000.0,7514000.0,,,0.0,,,,,-76016000.0,,,,,,,1535794000.0,,,,,,0.46,,,42137000.0,,,,,,,,,,,,,,,,,,,,,,,,,,,,,,,,,,,
1970-01-01 00:00:01.151625600,,,,,-21122000.0,,,,17381000.0,,,,,-542000.0,,,,,4714000.0,,31048657.0,,,,,,-125510000.0,,,,,,73450000.0,,,,,,,,-127000.0,934672000.0,,,17975000.0,,,1713762000.0,,,,,20377000.0,20377000.0,,,,,0.58,,,,,,25992000.0,,75000.0,-41335000.0,8583000.0,,,19610000.0,,,,,,,,661253000.0,,,,811562000.0,2473000.0,,,39217000.0,,,,,,,,,,,,,8583000.0,11395000.0,8583000.0,121903000.0,-25516000.0,,,,,996000.0,,,-425708000.0,-43002000.0,,,11208000.0,,-4352000.0,,,,,31171756.0,-2084000.0,,,0.0,,1991551000.0,42875000.0,,,,,,34233000.0,-2812000.0,,,136870000.0,,,,,3469000.0,,,,,,,1565843000.0,,,,,,0.58,,,52527000.0,,,,,,,,,,,,,,,,,,,,,,,,,,,,,,,,,,,
1970-01-01 00:00:01.159574400,,,,,-22200000.0,,,,18293000.0,,,,,-19983000.0,,,,,5673000.0,,32199885.0,,,,,,-111105000.0,,,,,,63052000.0,,,,,,,,-11376000.0,964307000.0,,,31574000.0,,,1759799000.0,,,,,33976000.0,10722000.0,,,,,0.98,,,,,,-363000.0,,-25000.0,-37676000.0,7750000.0,,,19610000.0,,,,,,,,681516000.0,,,,837005000.0,4324000.0,,,40354000.0,,48790000.0,,,,,,,,,,,7750000.0,8583000.0,7750000.0,121906000.0,20443000.0,,,,,-1597000.0,,,-436940000.0,-45103000.0,,,10312000.0,,3116000.0,,,,,32323675.0,-2207000.0,,,0.0,,2005713000.0,33727000.0,,,,,,22698000.0,-833000.0,,,2080000.0,,,,,2727000.0,,,,,,,1568773000.0,,,,,,0.98,,,40991000.0,,,,,,,,,,,,,,,,,,,,,,,,,,,,,,,,,,,
1970-01-01 00:00:01.167523200,,138950000.0,-225624000.0,,-22197000.0,,,,17243000.0,,,1011790000.0,,4872000.0,,-62508000.0,,,7478000.0,-74292000.0,,,,,92386000.0,11948000.0,-119094000.0,,,,,-350000.0,62789000.0,,11948000.0,,43282000.0,,,,-141873000.0,1011790000.0,81864000.0,,9183000.0,,,1799352000.0,-85964000.0,,,,11585000.0,11071000.0,22800000.0,,,879198000.0,,674296000.0,-16967000.0,-2891000.0,,-119094000.0,1434000.0,,997000.0,-45332000.0,11948000.0,,1799352000.0,19610000.0,,,69750000.0,72256000.0,,,19610000.0,674296000.0,,,,879198000.0,-82000.0,,,41459000.0,,49019000.0,,49019000.0,,1601466000.0,1164000.0,,11948000.0,61570000.0,,162891000.0,11948000.0,7750000.0,11948000.0,121906000.0,-3807000.0,,31244062.0,,,-4390000.0,2045273000.0,,-443807000.0,-171407000.0,2.31,,10050000.0,,19996000.0,,,,3881000.0,,-14084000.0,,158858000.0,0.0,,2045273000.0,29534000.0,,,-136193000.0,-287194000.0,-443807000.0,21330000.0,4198000.0,,,0.0,,,,,-4472000.0,,,,-11784000.0,,,1601466000.0,,82690000.0,-18405000.0,,,,,,38573000.0,8067000.0,,-14084000.0,121906000.0,251244000.0,31389999.0,2.3,,43541000.0,,,,,,,,,,,,,,,,,,,,,,,,,,
1970-01-01 00:00:01.175299200,,,,,-22199000.0,,,,20747000.0,,,,,-6912000.0,,,,,9048000.0,,32348690.0,,,,,,-120763000.0,,,,,,63979000.0,,,,,,,,-92866000.0,1090539000.0,,,16478000.0,,,1854715000.0,,,,,18880000.0,10741000.0,,,,,0.51,,,,,,-21651000.0,,0.0,-67535000.0,5167000.0,,,20605000.0,,,,,,,,653726000.0,,,,930230000.0,6718000.0,,,42226000.0,,48598000.0,,,,,,,,,,,5167000.0,11948000.0,5167000.0,121909000.0,-3968000.0,,,,,-4771000.0,,,-457982000.0,-127528000.0,,,9656000.0,,26092000.0,,,,,32484954.0,-110000.0,,,-2631000.0,,2165355000.0,34662000.0,,,,,,21753000.0,-6781000.0,,,,,,,,1947000.0,,,,,,,1707373000.0,,,,,,0.51,,,42500000.0,,,,,,,,,,,,,,,,,,,,,,,,,,,,,,,,,,,
1970-01-01 00:00:01.183161600,,,,,-23195000.0,,,,13804000.0,,,,,4932000.0,,,,,9460000.0,,32371183.0,,,,,,-125820000.0,,,,,,64630000.0,,,,,,,,-35816000.0,1169901000.0,,,13090000.0,,,1927685000.0,,,,,15492000.0,10941000.0,,,,,0.4,,,,,,4385000.0,,0.0,-64351000.0,11134000.0,,,20610000.0,,,,,,,,647748000.0,,,,562617000.0,3535000.0,,,44353000.0,,46381000.0,,,,,,,,,,,11134000.0,5167000.0,11134000.0,121909000.0,-510013000.0,,,,,2188000.0,,,-472302000.0,-75771000.0,,,8072000.0,,30363000.0,,,,,32486171.0,160540000.0,,,0.0,,2247047000.0,39955000.0,,,,,,20277000.0,5967000.0,,,,,,,,5723000.0,,,,,,,1774745000.0,,,,,,0.4,,,38022000.0,,,,,,,,,,,,,,,,,,,,,,,,,,,,,,,,,,,
1970-01-01 00:00:01.191110400,,,,,-23196000.0,,,,15530000.0,,,,,-6939000.0,,,,,8719000.0,,32373228.0,,455000.0,,,,-134943000.0,,,,,,67639000.0,,,,,,,,41737000.0,1212609000.0,,,9028000.0,,,1963750000.0,,,,,11430000.0,11369000.0,,,,,0.28,,,,,,68134000.0,,0.0,-57773000.0,3655000.0,,,20610000.0,,,,,,,,641535000.0,,,,594283000.0,10679000.0,,,45854000.0,,56629000.0,,,,,,,,,,,4110000.0,11134000.0,3655000.0,121909000.0,-226334000.0,,,,,-3464000.0,,,-488050000.0,-385000.0,,,9009000.0,,8172000.0,,,,,32501719.0,260304000.0,,,0.0,,2292918000.0,42122000.0,,,,,,21785000.0,-7479000.0,,,-2602000.0,,,,,22100000.0,,,,,,,1804868000.0,,,,,,0.28,,,40556000.0,,,,,,,,,,,,,,,,,,,,,,,,,,,,,,,,,,,
1970-01-01 00:00:01.199059200,,29000.0,-239410000.0,,-23195000.0,,,,36340000.0,707000.0,,1263481000.0,,-61410000.0,,18272000.0,,,9353000.0,17586000.0,,,707000.0,,82571000.0,11732000.0,-87512000.0,,,,,51909000.0,62223000.0,,11732000.0,,40564000.0,,,,-152465000.0,1263481000.0,113822000.0,,65613000.0,,,2068720000.0,-91785000.0,,259000.0,,68015000.0,7509000.0,36580000.0,,,650912000.0,,693292000.0,-70329000.0,-31681000.0,,-87512000.0,1041000.0,,0.0,-55143000.0,11732000.0,,2068720000.0,20610000.0,,,86421000.0,104214000.0,,,20610000.0,693292000.0,,,,650912000.0,-2660000.0,,,42852000.0,,54418000.0,,54418000.0,,1904624000.0,0.0,,12439000.0,147500000.0,,168992000.0,12439000.0,3655000.0,11732000.0,121910000.0,512029000.0,,32379997.0,,,-3432000.0,2368556000.0,,-463932000.0,-183226000.0,3.22,,10765000.0,,32459000.0,,,,11948000.0,,28075000.0,,175901000.0,-29050000.0,,2368556000.0,30761000.0,,0.0,-244802000.0,-386910000.0,-463932000.0,19371000.0,8077000.0,,,0.0,,,,,-12184000.0,,,,-9479000.0,,,1904624000.0,,97086000.0,448809000.0,,,,,,55711000.0,-216000.0,-52000.0,-228286000.0,121910000.0,258472000.0,32526723.0,3.2,,37502000.0,,,,,,,,,,,,,,,,,,,,,,,,,,
1970-01-01 00:00:01.206921600,,,,,-23199000.0,,,,23987000.0,,,,,6111000.0,,,,,9236000.0,,32456614.0,,2238000.0,,,,-96636000.0,,,,,,70802000.0,,,,,,,,24095000.0,1296334000.0,,,9864000.0,,,2085909000.0,,,,,12266000.0,12266000.0,,,,,0.3,,,,,,-19103000.0,,,-26518000.0,4881000.0,,,21464000.0,,,,,,,,678374000.0,,,,675983000.0,840000.0,,,46919000.0,,,,,,,,,,,,,7119000.0,11732000.0,4881000.0,121909000.0,-3710000.0,,,,,-6267000.0,,,-480642000.0,-7415000.0,,,9713000.0,,-11843000.0,,,,,32554927.0,-299000.0,,,-10635000.0,,2406272000.0,31510000.0,,,,,,23883000.0,-6851000.0,,,,,,,,-10854000.0,,,,,,,1925630000.0,,,,,,0.3,,,47870000.0,,,,,,,,,,,,,,,,,,,,,,,,,,,,,,,,,,,
1970-01-01 00:00:01.214784000,,,,,-24054000.0,,,,17415000.0,,,,,-1914000.0,,,,,9187000.0,,32351044.0,,2406000.0,,,,-109999000.0,,,,,,69629000.0,,,,,,,,-11415000.0,1314183000.0,,,5581000.0,,,2087725000.0,,,,,7983000.0,7577000.0,,,,,0.17,,,,,,19765000.0,,,-24260000.0,4367000.0,,,,,,,,,,,663296000.0,,,,849061000.0,-2952000.0,,,51043000.0,,52282000.0,,,,,,,,,,,6773000.0,4881000.0,4367000.0,121909000.0,-2472000.0,,,,,3081000.0,,,-497697000.0,-44025000.0,,,9448000.0,,-8864000.0,,,,,32509817.0,-224000.0,,,-4135000.0,,2429759000.0,32610000.0,,,,,,18586000.0,-514000.0,,,,,,,,1897000.0,,,75421000.0,,,,1932062000.0,,,,,,0.17,,,40122000.0,,,,,,,,,,,,,,,,,,,,,,,,,,,,,,,,,,,
1970-01-01 00:00:01.222732800,,,,,-24009000.0,,,,20661000.0,,,,,-2238000.0,,,,,9627000.0,,32339000.0,,2243000.0,,,,-116012000.0,,,,,,77100000.0,,,,,,,,27214000.0,1329815000.0,,,13176000.0,,,2099498000.0,,,,,15578000.0,15578000.0,,,,,0.4,,,,,,-713000.0,,,-24821000.0,10055000.0,,,21422000.0,,,,,,,,666920000.0,,,,774658000.0,,,,49379000.0,,54044000.0,,,,,,,,,,,12298000.0,4367000.0,10055000.0,38756000.0,-74633000.0,,,,,,,,-514712000.0,-24108000.0,,,9876000.0,,-20813000.0,,,,,32535000.0,-171000.0,,,0.0,,2453538000.0,51322000.0,,,,,,27721000.0,5688000.0,,,,,,,,13178000.0,,,75012000.0,,,,1938826000.0,,,,,,0.41,,,48382000.0,,,,,,,,,,,,,,,,,,,,,,,,,,,,,,,,,,,
1970-01-01 00:00:01.230681600,,0.0,49727000.0,,-24007000.0,,,,21212000.0,1888000.0,,1341512000.0,,217000.0,,,,,10210000.0,-276000.0,,,1888000.0,,91782000.0,9553000.0,-129319000.0,,,,,929000.0,72437000.0,,9553000.0,,43587000.0,,,,9833000.0,1341512000.0,44121000.0,,5892000.0,,,2099583000.0,-95269000.0,,0.0,,8294000.0,8166000.0,38260000.0,,,773466000.0,,656065000.0,2176000.0,-14798000.0,,-129319000.0,980000.0,,,-18226000.0,9553000.0,,2099583000.0,21421000.0,,,83275000.0,34513000.0,,,21421000.0,656065000.0,,,,773466000.0,,,,50845000.0,,53539000.0,,53539000.0,,1939244000.0,-93000.0,,11441000.0,144481000.0,,175057000.0,11441000.0,10055000.0,9553000.0,38756000.0,-2117000.0,,32467000.0,,,,2472013000.0,,-532769000.0,-19206000.0,1.06,,11478000.0,,-11315000.0,,,,11732000.0,,-163000.0,,198186000.0,-28000.0,,2472013000.0,29039000.0,,0.0,-93825000.0,-94754000.0,-532769000.0,21592000.0,-502000.0,,,,,,,,-4497000.0,,,76219000.0,,76219000.0,,1939244000.0,,-52835000.0,-857000.0,,,,,,42804000.0,-2179000.0,,-82932000.0,38756000.0,289968000.0,32670000.0,1.06,,40366000.0,,,,,,,,,,,,,,,,,,,,,,,,,,
1970-01-01 00:00:01.238457600,102773000.0,,,,-24006000.0,,338238000.0,,21185000.0,,,,,1424000.0,,,,,7450000.0,,32827119.0,,2392000.0,,,,-148982000.0,1055746000.0,2000725000.0,,,,72512000.0,,,,,,,,14090000.0,1393984000.0,,,7577000.0,,,2103498000.0,,,,0.0,11376000.0,11773000.0,,,92784000.0,,0.23,,,,0.0,,-56000.0,,,-15036000.0,16256000.0,72608000.0,,,18532000.0,,,,,,,680352000.0,,,,888874000.0,,,53980000.0,30059000.0,,52151000.0,,,,,,,,,,,18648000.0,9553000.0,16256000.0,121913000.0,-15635000.0,,,,,,,275000000.0,-550868000.0,-15015000.0,,,12218000.0,,-7366000.0,,,,,32879438.0,0.0,,,-2725000.0,,2485427000.0,29105000.0,,35000.0,,,,23921000.0,6703000.0,0.0,,,,,41506000.0,,-8084000.0,,,74088000.0,,,,1934559000.0,,,,,,0.23,,,45106000.0,,,,,,,,,,,,,,,,,,,,,,,,,,,,,,,,,,,
1970-01-01 00:00:01.246320000,101793000.0,,,,-23988000.0,,120827000.0,,23480000.0,,,,,-3757000.0,,,,,7308000.0,,35965000.0,,2801000.0,,,,-155183000.0,1068752000.0,1985789000.0,,,,71050000.0,,,,,,,,18129000.0,1189579000.0,,,9117000.0,,,2087582000.0,,,,0.0,13343000.0,10993000.0,,,22038000.0,,0.25,,,,0.0,,5141000.0,,,-8562000.0,13348000.0,2945000.0,,17129000.0,12582000.0,,,,,,,868577000.0,,,71333000.0,973076000.0,,,58468000.0,36081000.0,,49803000.0,,,,,,,,,,,16149000.0,16256000.0,13348000.0,122013000.0,-227761000.0,,,,,,,,-568877000.0,-13668000.0,,,11897000.0,,-26143000.0,,,,,35965000.0,-1044000.0,,,0.0,,2492814000.0,31797000.0,,,,,,22387000.0,-2908000.0,0.0,,,,,32365000.0,,-3579000.0,,,,,,,1923937000.0,,,,,,0.25,,,45867000.0,,,,,,,,,,,,,,,,,,,,,,,,,,,,,,,,,,,
1970-01-01 00:00:01.254268800,101908000.0,,,,-19504000.0,,185698000.0,,21968000.0,,,,,-7822000.0,,,,,8060000.0,,42935000.0,,3229000.0,,,,-162391000.0,1000406000.0,1977094000.0,,,,68494000.0,,,,,,,,25605000.0,1186104000.0,,,8111000.0,,,2079002000.0,,,,0.0,11910000.0,12230000.0,,,92019000.0,,0.17,,,,0.0,,-7241000.0,,3119000.0,-13801000.0,9265000.0,75762000.0,,17133000.0,18687000.0,,,,,,,863665000.0,,,69252000.0,839135000.0,,,49807000.0,30271000.0,,49627000.0,,,,,,,,,,,12494000.0,13348000.0,9265000.0,122013000.0,-40936000.0,,,,,,,126000000.0,-587968000.0,-11493000.0,,,10926000.0,,-27380000.0,,,,,42935000.0,1044000.0,,,0.0,,2504916000.0,37098000.0,,,,,,19536000.0,-4083000.0,0.0,,16000.0,,,42565000.0,,3218000.0,,,69252000.0,,,,1916948000.0,,,,,,0.17,,,41504000.0,,,,,,,,,,,,,,,,,,,,,,,,,,,,,,,,,,,
1970-01-01 00:00:01.262217600,103701000.0,191672000.0,70800000.0,,-19502000.0,,69669000.0,,21019000.0,3452000.0,52533000.0,1200443000.0,,608000.0,1130774000.0,,,,18285000.0,-6185000.0,,,3452000.0,0.0,75664000.0,9883000.0,-180722000.0,1130774000.0,1980580000.0,,,-1242000.0,67379000.0,,9883000.0,,35754000.0,49709000.0,,,12976000.0,1200443000.0,36990000.0,,-3009000.0,,,2084281000.0,-87000000.0,0.0,0.0,0.0,790000.0,671000.0,41535000.0,103701000.0,18230000.0,972016000.0,,854948000.0,-9547000.0,-2725000.0,0.0,-180722000.0,914000.0,,1790000.0,-13075000.0,9883000.0,77628000.0,2084281000.0,,-6162000.0,,87652000.0,21794000.0,,69669000.0,,854948000.0,77628000.0,,,972016000.0,,,73541000.0,63808000.0,,51832000.0,1980580000.0,51832000.0,,1914107000.0,4909000.0,,13335000.0,124965000.0,229725000.0,163316000.0,13335000.0,9265000.0,9883000.0,122013000.0,-184824000.0,,38705000.0,,,,2520083000.0,,-605976000.0,-13989000.0,0.53,,11078000.0,,-13272000.0,18230000.0,,,9553000.0,,-21452000.0,,154061000.0,0.0,,2520083000.0,26965000.0,,,-50474000.0,-54165000.0,-605976000.0,9733000.0,618000.0,0.0,,6000.0,,,52533000.0,,2260000.0,,,66890000.0,,66890000.0,12253000.0,1914107000.0,,-74161000.0,-21452000.0,18230000.0,,,4339000.0,,30752000.0,330000.0,,-469156000.0,122013000.0,279434000.0,38732000.0,0.53,,46119000.0,,,,,,,,,,,,,,,,,,,,,,,,,,
1970-01-01 00:00:01.269993600,104954000.0,,,,-19504000.0,,249154000.0,,20938000.0,,,,,570000.0,,,,,7037000.0,,43012000.0,,4226000.0,,,,-191190000.0,989056000.0,2007288000.0,,,,66819000.0,,,,,,,,-2961000.0,1238210000.0,,,4886000.0,,,2112242000.0,,,,0.0,8685000.0,8877000.0,,,73638000.0,,0.11,,,,0.0,,-973000.0,,-313000.0,-37464000.0,10736000.0,79319000.0,,,18056000.0,,,,,,,845589000.0,,,,849763000.0,,,48763000.0,28001000.0,,56570000.0,,,,,,,,,,,14962000.0,9883000.0,10736000.0,122013000.0,-109129000.0,,,,,,,150000000.0,-623981000.0,-36529000.0,,,11956000.0,,4749000.0,,,,,43015000.0,1420000.0,,,-2121000.0,,2556303000.0,33568000.0,,38000.0,,,,20762000.0,853000.0,23654000.0,,,,,58333000.0,,1477000.0,,,65655000.0,,,,1932322000.0,,,,,,0.11,1706000.0,,41700000.0,,,,,,,,,,,,,,,,,,,,,,,,,,,,,,,,,,,
1970-01-01 00:00:01.277856000,51342000.0,,,,-19486000.0,,78187000.0,,23722000.0,,,,,4008000.0,,,,,7098000.0,,50297000.0,,4087000.0,,,,-211555000.0,1326256000.0,2505167000.0,,,,72416000.0,,,,,,,,18643000.0,1404443000.0,,,-1783000.0,,,2556509000.0,,,,0.0,2016000.0,1956000.0,,,25849000.0,,-0.04,,,,0.0,,-371505000.0,,-5539000.0,-376644000.0,29428000.0,3739000.0,,,21025000.0,,,,,,,1119266000.0,,,,1155118000.0,,,51391000.0,30808000.0,,98466000.0,,,,,,,,,,,33515000.0,10736000.0,29428000.0,122105000.0,-377072000.0,,,,,,,150000000.0,-644246000.0,-5177000.0,,,13088000.0,,371516000.0,,,,,50297000.0,-4643000.0,,,0.0,,2953609000.0,23820000.0,,38000.0,,,,20583000.0,18692000.0,25849000.0,,,,,57792000.0,,-8686000.0,,,71651000.0,,,,2309363000.0,,,,,,-0.04,1813000.0,,44305000.0,,,,,,,,,,,,,,,,,,,,,,,,,,,,,,,,,,,
1970-01-01 00:00:01.285804800,20114000.0,,,,-22706000.0,,87197000.0,,30054000.0,,,,,3488000.0,,,,,7609000.0,,52274316.0,,4481000.0,,,,-230215000.0,1241413000.0,2515570000.0,,,,79804000.0,,,,,,,,-365402000.0,1328610000.0,,,-126000.0,,,2535684000.0,,,,0.0,3673000.0,3669000.0,,,23776000.0,,-0.01,,,,0.0,,382471000.0,,-17000.0,-20547000.0,8313000.0,,,,15845000.0,,,,,,,1101563000.0,,,,1149386000.0,,,63959000.0,44420000.0,,96691000.0,,,,,,,,,,,12794000.0,29428000.0,8313000.0,122105000.0,-272549000.0,,,,,,,,-652675000.0,-402942000.0,,,15853000.0,,-38108000.0,,,,,52274316.0,-7977000.0,,,-1296000.0,,2964429000.0,37540000.0,,,,,,19539000.0,-21115000.0,0.0,,0.0,,,66814000.0,,1186000.0,,,68251000.0,,,,2311754000.0,,,,,,-0.01,1809000.0,,49593000.0,,,,,,,,,,,,,,,,,,,,,,,,,,,,,,,,,,,
1970-01-01 00:00:01.293753600,27461000.0,299847000.0,-610724000.0,,-22724000.0,,197421000.0,,29095000.0,4902000.0,68525000.0,1625197000.0,,7523000.0,1427776000.0,,,,7203000.0,-17172000.0,,,4902000.0,0.0,84726000.0,14840000.0,-247252000.0,1427776000.0,2789104000.0,,,13799000.0,82941000.0,,14840000.0,,18937000.0,85561000.0,18937000.0,108511000.0,-261004000.0,1625197000.0,19708000.0,1427776000.0,1535000.0,,,2816565000.0,-84420000.0,0.0,,0.0,5334000.0,4435000.0,28947000.0,27461000.0,73638000.0,1427776000.0,,1086351000.0,543000.0,-3417000.0,0.0,-247252000.0,3806000.0,,-1327000.0,-267119000.0,14840000.0,6258000.0,2816565000.0,,43153000.0,,103809000.0,4512000.0,,197421000.0,20385000.0,1086351000.0,6258000.0,,108511000.0,1427776000.0,,,39788000.0,15946000.0,,,2789104000.0,131066000.0,,2544442000.0,-6812000.0,,19742000.0,119827000.0,216419000.0,182687000.0,19742000.0,8313000.0,14840000.0,122105000.0,-154594000.0,,49497000.0,,,,3216871000.0,,-672429000.0,-285903000.0,0.07,,19044000.0,,248747000.0,29189000.0,,,9883000.0,,-4317000.0,,131693000.0,0.0,,3216871000.0,24899000.0,,,-701774000.0,-730551000.0,-672429000.0,23842000.0,6527000.0,0.0,,0.0,,,68525000.0,,-11149000.0,,,,-3038000.0,79322000.0,,2544442000.0,,586904000.0,-15517000.0,0.0,,,,,47089000.0,4957000.0,,-913344000.0,122105000.0,301980000.0,49513000.0,0.07,,59941000.0,,,,,,,,,,,,,,,,,,,,,,,,,,
1970-01-01 00:00:01.301529600,18848000.0,,,,-22724000.0,,204715000.0,,29311000.0,,,,,2883000.0,,,,,6899000.0,,52302075.0,,5425000.0,,,,-264848000.0,1461057000.0,2823085000.0,,,,88125000.0,,,,,,,,-11902000.0,1665772000.0,,,1034000.0,,,2841933000.0,,,,0.0,4833000.0,4867000.0,,,73638000.0,,0.01,,,,0.0,,-5438000.0,,-472000.0,-61137000.0,6708000.0,4816000.0,,,25858000.0,,,,,,,1071721000.0,,,105425000.0,1461057000.0,,,62267000.0,36236000.0,,46826000.0,,,,,,,,,,,12133000.0,14840000.0,6708000.0,122106000.0,-145598000.0,,,4867000.0,,1416000.0,,,-695548000.0,-55699000.0,,,20876000.0,,9208000.0,,,,,52572956.0,867000.0,,,-732000.0,,3266197000.0,43797000.0,,,,,,26031000.0,-8132000.0,0.0,,,,,78847000.0,,6710000.0,,,,,,,2570649000.0,,,,,,0.01,,,55054000.0,,,,,,,,,,,,,,,,,,,,,,,,,,,,,,,,,,,
1970-01-01 00:00:01.309392000,37147000.0,,,,-22751000.0,,207493000.0,,32248000.0,,,,,2970000.0,,,,,7864000.0,,57686000.0,,5654000.0,,,,-285916000.0,1680123000.0,3227640000.0,,,,92064000.0,,,,,,,,-350764000.0,1887616000.0,,,-317000.0,,,3264787000.0,,,,0.0,3482000.0,3472000.0,,,101755000.0,,-0.01,,,,0.0,,-10950000.0,,-1194000.0,-374382000.0,25412000.0,4732000.0,,,25996000.0,,,,,,,1270202000.0,,,118266000.0,1680123000.0,,,66068000.0,40232000.0,,66054000.0,,,,,,,,,,,31066000.0,6708000.0,25412000.0,122167000.0,-73805000.0,,,3472000.0,,-36000.0,,,-720864000.0,-363432000.0,,,21228000.0,,380418000.0,,,,,57686000.0,-4041000.0,,,0.0,,3652846000.0,12668000.0,,,,,,25836000.0,18704000.0,0.0,,,,,66664000.0,,-26142000.0,,,90149000.0,,,,2931982000.0,,,,,,-0.01,,,56948000.0,,,,,,,,,,,,,,,,,,,,,,,,,,,,,,,,,,,
1970-01-01 00:00:01.317340800,52990000.0,,,,-24864000.0,,240104000.0,,36251000.0,,,,,2190000.0,,,,,6858000.0,,58355127.0,,5213000.0,,,,-296476000.0,1759599000.0,3314694000.0,,,,97337000.0,,,,,,,,-64794000.0,1999703000.0,,,10195000.0,,,3367684000.0,,,,0.0,13994000.0,1427000.0,,,73638000.0,,0.17,,,,0.0,,4698000.0,,-1163000.0,-117696000.0,15481000.0,6860000.0,,,27721000.0,,,,,,,1261271000.0,,,124489000.0,1759599000.0,,,69616000.0,43005000.0,,,,,,,,,,,,,20694000.0,25412000.0,15481000.0,122167000.0,-246892000.0,,,1427000.0,,-2402000.0,,,-732162000.0,-122394000.0,,,24051000.0,,50165000.0,,,,,58355127.0,-2551000.0,,,-4000.0,,3748262000.0,57600000.0,,,,,,26611000.0,-9931000.0,0.0,,0.0,,,93050000.0,,18059000.0,,,,,,,3016100000.0,,,,,,0.17,,,61729000.0,,,,,,,,,,,,,,,,,,,,,,,,,,,,,,,,,,,
1970-01-01 00:00:01.325289600,19221000.0,233312000.0,-556301000.0,,-24862000.0,,211103000.0,,38787000.0,5691000.0,81713000.0,2045675000.0,,-21331000.0,1834572000.0,,,,8306000.0,-2655000.0,58440000.0,,5691000.0,0.0,97950000.0,4777000.0,-277450000.0,1834572000.0,3427574000.0,,,-3897000.0,90697000.0,,4777000.0,,5059000.0,105390000.0,5059000.0,106698000.0,-128841000.0,2045675000.0,66015000.0,,39907000.0,,,3446795000.0,-95201000.0,84156000.0,,84156000.0,43706000.0,-3962000.0,29927000.0,19221000.0,100555000.0,1821286000.0,0.68,1293717000.0,-21961000.0,-1152000.0,0.0,-277450000.0,7793000.0,,-1224000.0,-81068000.0,4777000.0,8395000.0,3446795000.0,,25964000.0,,136597000.0,50819000.0,,211103000.0,,1293717000.0,8395000.0,,106698000.0,1821286000.0,,,64733000.0,44516000.0,,155522000.0,3427574000.0,155522000.0,,3056187000.0,-4053000.0,,10468000.0,138256000.0,261741000.0,231065000.0,10468000.0,15481000.0,4777000.0,122170000.0,-188370000.0,,56717000.0,-3962000.0,,,3798690000.0,,-742503000.0,-153032000.0,0.87,,23254000.0,,46173000.0,100555000.0,,,14840000.0,58440000.0,-476000.0,,163791000.0,-416000.0,,3798690000.0,24191000.0,,,-634283000.0,-694557000.0,-742503000.0,20217000.0,-10704000.0,0.0,,12297000.0,,,81713000.0,,-1282000.0,,,93067000.0,,93067000.0,,3056187000.0,,485964000.0,-6201000.0,0.0,,0.68,,,58079000.0,-10063000.0,,-654665000.0,122170000.0,367131000.0,56717000.0,0.87,,89409000.0,,,,,,,,,,,,,,,,,,,,,,,,,,
1970-01-01 00:00:01.333152000,430957000.0,,,,-24990000.0,,239794000.0,,36752000.0,,,,,-951000.0,,,,,9569000.0,,63649000.0,,6459000.0,,,,-234199000.0,1916059000.0,3528384000.0,,,,99410000.0,,,,,,,,-144422000.0,2155853000.0,,,67540000.0,,,3959341000.0,,,,0.0,76876000.0,4962000.0,,,73638000.0,,1.06,,,,0.0,,-5636000.0,0.0,-1528000.0,-97084000.0,374368000.0,6990000.0,,,25924000.0,,,,,,,1690315000.0,,,120598000.0,1789559000.0,,6459000.0,73486000.0,46317000.0,,66570000.0,,,,,,,,,,,380827000.0,4777000.0,374368000.0,96838000.0,-213546000.0,,,4962000.0,,,,,-770688000.0,-193164000.0,,,21163000.0,,417933000.0,,,,,63649000.0,-1877000.0,,,-603000.0,,3993637000.0,48742000.0,,,,,,27169000.0,369591000.0,0.0,,382063000.0,,,92574000.0,,11087000.0,,,120598000.0,,,,3222949000.0,,,,,,1.06,,,62877000.0,,,,,,,,,,,,,,,,,,,,,,,,,,,,,,,,,,,
1970-01-01 00:00:01.341014400,32397000.0,,,,-28475000.0,,265145000.0,,40624000.0,,,,,-10575000.0,,,,,9866000.0,,68345000.0,,6546000.0,,,,-259495000.0,1775673000.0,3815125000.0,,,,103922000.0,,,,,,,,-194660000.0,2040818000.0,,,-800000.0,,,3847522000.0,,,,0.0,2297000.0,2277000.0,,,105406000.0,,-0.02,,,,0.0,,-22353000.0,,-1813000.0,-204508000.0,18111000.0,7643000.0,,,30077000.0,,,,,,,1693780000.0,,,140230000.0,1775673000.0,,,73845000.0,50490000.0,,72527000.0,,,,,,,,,,,24657000.0,374368000.0,18111000.0,96844000.0,-370708000.0,,,2277000.0,,,,483097000.0,-801083000.0,-224551000.0,,,19155000.0,,-181640000.0,,,,,68345000.0,-1767000.0,,,-126500000.0,,4271755000.0,29891000.0,,,,,,23355000.0,-356257000.0,0.0,,26412000.0,,,98940000.0,,-8120000.0,,,108462000.0,,,,3470672000.0,,,,,,-0.02,,,62056000.0,,,,,,,,,,,,,,,,,,,,,,,,,,,,,,,,,,,
1970-01-01 00:00:01.348963200,35922000.0,,,,-27904000.0,,276724000.0,,46274000.0,,,,,-5858000.0,,,,,9586000.0,,71889000.0,,6812000.0,,,,-288765000.0,1877749000.0,4179919000.0,,,,104293000.0,,,,,,,,-183899000.0,2154473000.0,,,-2753000.0,,,4215841000.0,,,,166019000.0,2589000.0,-665000.0,,,31728000.0,,-0.04,,,,0.0,,14213000.0,,-556000.0,-239731000.0,16113000.0,,,,31183000.0,,,,,,,2019167000.0,,,120407000.0,1841566000.0,,,73110000.0,53695000.0,,187307000.0,,,,,,,,,,,22925000.0,18111000.0,16113000.0,193158000.0,-241324000.0,,,-665000.0,,,,,-725728000.0,-252593000.0,,,19854000.0,,169039000.0,,,,,71889000.0,-1752000.0,,,-75133000.0,,4399353000.0,68694000.0,,,,,,19415000.0,-1998000.0,0.0,,253896000.0,,,127472000.0,,26469000.0,,,124862000.0,,,,3673625000.0,,,,,,-0.04,,,65463000.0,,,,,,,,,,,,,,,,,,,,,,,,,,,,,,,,,,,
1970-01-01 00:00:01.356912000,283413000.0,672102000.0,180724000.0,,-30182000.0,,183658000.0,,46250000.0,7435000.0,154734000.0,2380151000.0,,14930000.0,2196493000.0,,,,10335000.0,16023000.0,74596000.0,,7435000.0,0.0,88650000.0,16700000.0,-129535000.0,2196493000.0,4332671000.0,,,-11608000.0,111112000.0,,16700000.0,,5447000.0,113836000.0,5447000.0,155558000.0,703705000.0,2380151000.0,270914000.0,2040935000.0,185838000.0,,7435000.0,4616084000.0,-111551000.0,0.0,0.0,0.0,189151000.0,3912000.0,39356000.0,283413000.0,37654000.0,2040935000.0,2.45,2189630000.0,-2454000.0,-10750000.0,0.0,-129535000.0,2168000.0,0.0,-1040000.0,-165183000.0,16700000.0,9220000.0,4616084000.0,,30792000.0,,169900000.0,249826000.0,,183658000.0,,2189630000.0,9220000.0,,155558000.0,2040935000.0,,7435000.0,80320000.0,56571000.0,,189968000.0,4332671000.0,189968000.0,,4000879000.0,-4937000.0,,16700000.0,180724000.0,291076000.0,254461000.0,16700000.0,16113000.0,16700000.0,193160000.0,-129684000.0,,69640000.0,3912000.0,,,4757394000.0,2040935000.0,-756515000.0,-288162000.0,3.56,,18942000.0,,132373000.0,37654000.0,,,4777000.0,75721000.0,-2567000.0,,202426000.0,191486000.0,,4757394000.0,33397000.0,,,-706506000.0,-958470000.0,-756515000.0,23749000.0,587000.0,0.0,,9731000.0,,,154734000.0,,-13413000.0,,,155558000.0,,155558000.0,-6699000.0,4000879000.0,,537705000.0,-7963000.0,0.0,,2.49,-12243000.0,0.0,69104000.0,11923000.0,,-955262000.0,193160000.0,404912000.0,69640000.0,3.56,,79114000.0,,,,,,,,,,,,,,,,,,,,,,,,,,
1970-01-01 00:00:01.364688000,182378000.0,,,,-30269000.0,,200800000.0,,50391000.0,,,,,-1029000.0,,,,,10516000.0,,74977240.0,,8029000.0,,,,-157211000.0,2321947000.0,4572909000.0,,,,117497000.0,,,,,,,,56499000.0,2522747000.0,,,-903000.0,,,4755287000.0,,,,0.0,2410000.0,2388000.0,,,37251000.0,,-0.02,,,,0.0,,228079000.0,,-655000.0,43447000.0,135676000.0,10666000.0,,29106000.0,34110000.0,,,,,,,2185005000.0,,,155369000.0,2166578000.0,,8029000.0,83387000.0,61002000.0,,196525000.0,,,,,,,,,,,135676000.0,16700000.0,135676000.0,193164000.0,-269918000.0,,,2388000.0,,,,2166578000.0,-790878000.0,-184632000.0,,,19734000.0,,19030000.0,,,,,74977240.0,-2870000.0,,,-1209000.0,,5016590000.0,56499000.0,,,,,,22385000.0,118976000.0,0.0,,23395000.0,,,171694000.0,,11191000.0,,,155369000.0,,,,4225712000.0,,,,,,-0.02,-2047000.0,,72513000.0,,,,,,,,,,,,,,,,,,,,,,,,,,,,,,,,,,,
1970-01-01 00:00:01.372550400,153655000.0,,,,-30355000.0,,214057000.0,,49304000.0,,,,,-1713000.0,,,,,10744000.0,,75486000.0,,8286000.0,,,,-177484000.0,2323086000.0,4621867000.0,,,,124478000.0,,,,,,,,50505000.0,2537143000.0,,,6633000.0,,,4775522000.0,,,,0.0,9946000.0,9680000.0,,,39660000.0,,0.08,,,,0.0,,672000.0,0.0,-164000.0,-64069000.0,107823000.0,10515000.0,,29236000.0,35171000.0,,,,,,,2186351000.0,,,156961000.0,2166125000.0,,8286000.0,89307000.0,60048000.0,,188702000.0,,,,,,,,,,,107823000.0,135676000.0,107823000.0,193168000.0,-2310000.0,,,9680000.0,,,,2166125000.0,-815961000.0,-79150000.0,,,19434000.0,,-14289000.0,,,,,77454000.0,-677000.0,,,-469000.0,,5096910000.0,50505000.0,,,,,,29259000.0,-27853000.0,0.0,,19394000.0,,,184821000.0,,-1421000.0,,,156961000.0,,,,4280949000.0,,,,,,0.08,-2030000.0,,78418000.0,,,,,,,,,,,,,,,,,,,,,,,,,,,,,,,,,,,
1970-01-01 00:00:01.380499200,483580000.0,,,,-31466000.0,,241590000.0,,50650000.0,,,,,-1244000.0,,,,,11155000.0,,76769000.0,,9192000.0,,,,-201048000.0,2323592000.0,4605696000.0,,,,115697000.0,,,,,,,,79306000.0,2565182000.0,,,5584000.0,,,5089276000.0,,,,239411000.0,8896000.0,2683000.0,,,16751000.0,,0.07,,,,0.0,,-2690000.0,239411000.0,-568000.0,-261042000.0,197150000.0,11769000.0,,,35418000.0,,,,,,,2468608000.0,,,144659000.0,2162182000.0,,9192000.0,80279000.0,58848000.0,,190085000.0,,,,,,,,,,,197150000.0,107823000.0,197150000.0,193232000.0,-14070000.0,,,2683000.0,,,,2162182000.0,-781580000.0,-258352000.0,,,18853000.0,,271063000.0,,,,,76769000.0,-428000.0,,,-135000.0,,5048531000.0,79306000.0,,,,,,21431000.0,89327000.0,41668000.0,,307162000.0,,,210111000.0,,26639000.0,,,161410000.0,,,,4266951000.0,,,,,,0.07,-1938000.0,,72186000.0,,,,,,,,,,,,,,,,,,,,,,,,,,,,,,,,,,,
1970-01-01 00:00:01.388448000,324783000.0,349951000.0,240576000.0,,-32677000.0,,229957000.0,,51142000.0,10008000.0,198467000.0,2594868000.0,,-1860000.0,2364911000.0,,,,10749000.0,35522000.0,82071000.0,,10008000.0,0.0,92034000.0,35377000.0,-210896000.0,2364911000.0,4786245000.0,,,227767000.0,120602000.0,,35377000.0,,15837000.0,136762000.0,15837000.0,145526000.0,54266000.0,2594868000.0,43880000.0,2204938000.0,19316000.0,,10008000.0,5111028000.0,-124767000.0,213100000.0,,213100000.0,22628000.0,5548000.0,43164000.0,324783000.0,44240000.0,2204938000.0,0.23,2461312000.0,-5846000.0,-2520000.0,0.0,-210896000.0,1706000.0,213100000.0,-575000.0,-224856000.0,35377000.0,10743000.0,5111028000.0,,35327000.0,,201487000.0,30630000.0,,229957000.0,,2461312000.0,10743000.0,,145526000.0,2204938000.0,,10008000.0,85275000.0,61854000.0,,186622000.0,4786245000.0,186622000.0,,4445990000.0,-1962000.0,,35377000.0,240576000.0,328336000.0,293194000.0,35377000.0,197150000.0,35377000.0,193233000.0,-2390000.0,,77344000.0,5548000.0,,,5264947000.0,2204938000.0,-818957000.0,-233331000.0,0.37,,17849000.0,,8817000.0,44240000.0,,,16700000.0,83761000.0,-409000.0,,236302000.0,-707000.0,,5264947000.0,54266000.0,,,-506520000.0,-755465000.0,-818957000.0,23421000.0,-161773000.0,44240000.0,,0.0,,,198467000.0,,-887000.0,,,159973000.0,,159973000.0,-7777000.0,4445990000.0,,284621000.0,-4384000.0,44240000.0,,0.23,-1762000.0,213100000.0,74539000.0,18677000.0,,-288688000.0,193233000.0,465098000.0,79109000.0,0.36,,75870000.0,,,,,,,,,,,,,,,,,,,,,,,,,,
1970-01-01 00:00:01.396224000,190084000.0,,,,-32874000.0,,219087000.0,,49202000.0,,,,,-1097000.0,,,,,11573000.0,,82125000.0,,11001000.0,,,,-143636000.0,2309846000.0,4924459000.0,,,,125785000.0,,,,,,,,45081000.0,2528933000.0,,,96532000.0,,,5114543000.0,,,,28272000.0,99845000.0,11440000.0,,,43952000.0,,1.14,,,,0.0,,-779000.0,28272000.0,-228000.0,97278000.0,95534000.0,11092000.0,,,36267000.0,,,,,,,2529337000.0,,,151521000.0,2157691000.0,,11001000.0,89518000.0,60775000.0,,188466000.0,,,,,,,,,,,95534000.0,35377000.0,95534000.0,193233000.0,-137414000.0,,,11440000.0,,,,2157691000.0,-854977000.0,-211767000.0,,,17252000.0,,-82202000.0,,,,,84140000.0,-418000.0,,,-1517000.0,,5434024000.0,45081000.0,,,,,,28743000.0,60157000.0,0.0,,0.0,,,187631000.0,,-11650000.0,,,152155000.0,,,,4579047000.0,,,,,,1.17,-1734000.0,,77894000.0,,,,,,,,,,,,,,,,,,,,,,,,,,,,,,,,,,,
1970-01-01 00:00:01.404086400,150510000.0,,,,-32615000.0,,247265000.0,,50767000.0,,,,,-1483000.0,,,,,12630000.0,,82277845.0,,11747000.0,,,,-145851000.0,2403187000.0,5123282000.0,,,,129194000.0,,,,,,,,61781000.0,2650452000.0,,,27228000.0,,,5273792000.0,,,,0.0,30540000.0,16454000.0,,,0.0,,0.32,,,,0.0,,-42963000.0,0.0,2881000.0,-219142000.0,24571000.0,10588000.0,,,36623000.0,,,,,,,2566657000.0,,,157755000.0,2245432000.0,,11747000.0,92571000.0,63397000.0,,178841000.0,,,,,,,,,,,24571000.0,95534000.0,24571000.0,193240000.0,-27445000.0,,,16454000.0,,,,2245432000.0,-885580000.0,-219936000.0,,,16020000.0,,86398000.0,,,,,84602332.0,-3488000.0,,,-1015000.0,,5667027000.0,61781000.0,,,,,,29174000.0,-70963000.0,0.0,,22136000.0,,,215535000.0,,3140000.0,,,157755000.0,,,,4781447000.0,,,,,,0.33,-2716000.0,,83241000.0,,,,,,,,,,,,,,,,,,,,,,,,,,,,,,,,,,,
1970-01-01 00:00:01.412035200,294574000.0,,,,-32989000.0,,275499000.0,,50640000.0,,,,,-1552000.0,,,,,11909000.0,,83161000.0,,12076000.0,,,,-159799000.0,2591596000.0,5192890000.0,,,,129024000.0,,,,,,,,90402000.0,2867095000.0,,,15669000.0,,,5487464000.0,,,,49815000.0,18982000.0,13168000.0,,,3099000.0,,0.18,,,,0.0,,77035000.0,49815000.0,-431000.0,-67094000.0,200431000.0,6443000.0,,,36809000.0,,,,,,,2563728000.0,,,159590000.0,2428907000.0,,12076000.0,92215000.0,61999000.0,,183057000.0,,,,,,,,,,,200431000.0,24571000.0,200431000.0,193245000.0,-372548000.0,,,13168000.0,,,,2428907000.0,-912623000.0,-158929000.0,,,16608000.0,,152552000.0,,,,,85110000.0,-3801000.0,,,-329000.0,,5751097000.0,90402000.0,,,,,,30216000.0,175860000.0,0.0,,0.0,,,243602000.0,,33386000.0,,,162689000.0,,,,4838474000.0,,,,,,0.18,-1766000.0,,80416000.0,,,,,,,,,,,,,,,,,,,,,,,,,,,,,,,,,,,
1970-01-01 00:00:01.419984000,134781000.0,102229000.0,245253000.0,,-33235000.0,,258729000.0,,53869000.0,11971000.0,225830000.0,2909800000.0,,-2532000.0,2651071000.0,,,,13115000.0,17000000.0,84767000.0,,11971000.0,0.0,124312000.0,23781000.0,-162964000.0,2651071000.0,5498955000.0,,,-27388000.0,141765000.0,,23781000.0,,59313000.0,145711000.0,59313000.0,181602000.0,47989000.0,2909800000.0,180219000.0,2469413000.0,27540000.0,,11971000.0,5633736000.0,-131713000.0,8211000.0,,8211000.0,30852000.0,19417000.0,49227000.0,134781000.0,56000.0,2469413000.0,0.32,2666210000.0,-6664000.0,-3533000.0,0.0,-162964000.0,-60681000.0,8211000.0,-211000.0,-312478000.0,23781000.0,7229000.0,5633736000.0,,37535000.0,,204478000.0,166969000.0,,258729000.0,,2666210000.0,7229000.0,,181602000.0,2469413000.0,,11971000.0,104230000.0,66885000.0,,201926000.0,5498955000.0,201926000.0,,5110268000.0,2011000.0,,23781000.0,245253000.0,376014000.0,331362000.0,23781000.0,200431000.0,23781000.0,193274000.0,-137938000.0,,83090000.0,19417000.0,,,6057932000.0,2469413000.0,-947664000.0,-310960000.0,1.99,,17691000.0,,87839000.0,56000.0,,,35377000.0,85956000.0,36000.0,,251702000.0,-672000.0,,6057932000.0,47989000.0,,,-501436000.0,-901592000.0,-947664000.0,37345000.0,-176650000.0,43427000.0,,80093000.0,,,225830000.0,,-7876000.0,,,181658000.0,,181658000.0,-8328000.0,5110268000.0,,244587000.0,-7671000.0,43427000.0,,0.32,-2112000.0,8211000.0,90977000.0,-11596000.0,,-675345000.0,193274000.0,521725000.0,84968000.0,1.95,,67571000.0,,,,,,,,,,,,,,,,,,,,,,,,,,
1970-01-01 00:00:01.427760000,279775000.0,,,,-34159000.0,,250884000.0,,51487000.0,,,,,-2559000.0,,,,,13544000.0,,86897000.0,,13337000.0,,,,-154355000.0,2615390000.0,5445705000.0,,,,146082000.0,,,,,,,,54979000.0,2866274000.0,,,39874000.0,,,5725480000.0,,,,190751000.0,43187000.0,44002000.0,,,9768000.0,,0.45,,,,0.0,,61718000.0,190751000.0,17140000.0,-77309000.0,50181000.0,8122000.0,,,37429000.0,,,,,,,2800112000.0,,,175617000.0,2430005000.0,,13337000.0,108653000.0,65273000.0,,182251000.0,,,,,,,,,,,50181000.0,23781000.0,50181000.0,193291000.0,-188472000.0,,,44002000.0,,,,2430005000.0,-921279000.0,-164590000.0,,,16878000.0,,48730000.0,,,,,87434000.0,-397000.0,,,-1821000.0,,5985469000.0,54979000.0,,,,,,43380000.0,26400000.0,0.0,,113097000.0,,,217352000.0,,-2876000.0,,,185385000.0,,,,5064190000.0,,,,,,0.45,-1928000.0,,112367000.0,,,,,,,,,,,,,,,,,,,,,,,,,,,,,,,,,,,
1970-01-01 00:00:01.435622400,157550000.0,,,,-34777000.0,,232675000.0,,51658000.0,,,,,-2856000.0,,,,,13446000.0,,88126187.0,,13803000.0,,,,-131569000.0,2541145000.0,5529375000.0,,,,146227000.0,,,,,,,,61849000.0,2773820000.0,,,54188000.0,,,5686925000.0,,,,81699000.0,57500000.0,58590000.0,,,7086000.0,,0.61,,,,0.0,,-10074000.0,81699000.0,31163000.0,-7711000.0,28142000.0,8956000.0,,,39296000.0,,,,,,,2852952000.0,,,171253000.0,2362806000.0,,13803000.0,106931000.0,65151000.0,,174387000.0,,,,,,,,,,,28142000.0,50181000.0,28142000.0,193295000.0,-166299000.0,,,58590000.0,,,,2362806000.0,-960816000.0,-137871000.0,,,14864000.0,,-76177000.0,,,,,88645868.0,-169000.0,,,-15000.0,,6109184000.0,61849000.0,,,,,,41780000.0,-22039000.0,0.0,,24827000.0,,,199005000.0,,-6257000.0,,,178339000.0,,,,5148368000.0,,,,,,0.61,-3101000.0,,125112000.0,,,,,,,,,,,,,,,,,,,,,,,,,,,,,,,,,,,
1970-01-01 00:00:01.443571200,610751000.0,,,,-34912000.0,,284973000.0,,49422000.0,,,,,-3130000.0,,,,,11661000.0,,92150341.0,,12638000.0,,,,-62850000.0,2831357000.0,5742641000.0,,,,141553000.0,,,,,,,,85784000.0,3116330000.0,,,101446000.0,,,6353392000.0,,,,0.0,104759000.0,106704000.0,,,0.0,,1.09,,,,0.0,,6332000.0,0.0,78518000.0,-51646000.0,567940000.0,11533000.0,,,38771000.0,,,,,,,3172813000.0,,,174052000.0,2657305000.0,,12638000.0,102782000.0,61083000.0,,173457000.0,,,,,,,,,,,567940000.0,28142000.0,567940000.0,193333000.0,-102564000.0,,,106704000.0,,,,2657305000.0,-999557000.0,-211820000.0,,,12819000.0,,505660000.0,,,,,92639065.0,-3494000.0,,,-1285000.0,,6354042000.0,85784000.0,,,,,,41699000.0,539798000.0,0.0,,249585000.0,,,249980000.0,,16383000.0,,,174052000.0,,,,5354485000.0,,,,,,1.1,-1740000.0,,168945000.0,,,,,,,,,,,,,,,,,,,,,,,,,,,,,,,,,,,
1970-01-01 00:00:01.451520000,208667000.0,387398000.0,272008000.0,,-36241000.0,,281315000.0,,51727000.0,12882000.0,246323000.0,2704883000.0,,-2940000.0,2423568000.0,,,,12710000.0,4411000.0,92160000.0,,12882000.0,0.0,169474000.0,56508000.0,-70262000.0,2423568000.0,5730802000.0,,,64208000.0,147413000.0,,56508000.0,,238604000.0,155601000.0,238604000.0,177517000.0,69396000.0,2704883000.0,234081000.0,2238508000.0,25323000.0,,12882000.0,5939469000.0,-140089000.0,117666000.0,,117666000.0,28635000.0,29308000.0,51361000.0,208667000.0,7543000.0,2238508000.0,0.27,3170966000.0,-11485000.0,-7081000.0,0.0,-70262000.0,6232000.0,117666000.0,-252000.0,-126086000.0,56508000.0,11153000.0,5939469000.0,,40105000.0,0.0,204294000.0,220831000.0,,281315000.0,,3170966000.0,11153000.0,,177517000.0,2238508000.0,,12882000.0,107308000.0,64693000.0,,176683000.0,5730802000.0,176683000.0,,5333905000.0,126569000.0,,56508000.0,272008000.0,425674000.0,500580000.0,56508000.0,567940000.0,56508000.0,193334000.0,-417431000.0,,89854000.0,29308000.0,,,6328146000.0,2238508000.0,-994241000.0,-132318000.0,2.44,,13121000.0,,-454742000.0,7543000.0,,,23781000.0,92791000.0,-280000.0,,256200000.0,-3960000.0,,6328146000.0,69396000.0,,,-262752000.0,-646599000.0,-994241000.0,42615000.0,-511432000.0,0.0,,-111000.0,,,246323000.0,,-2839000.0,,,185060000.0,,185060000.0,-8449000.0,5333905000.0,,23471000.0,-4340000.0,0.0,,0.27,-1680000.0,117666000.0,94156000.0,32727000.0,,-874766000.0,193334000.0,581275000.0,90396000.0,2.42,,57682000.0,,,,,,,,,,,,,,,,,,,,,,,,,,
1970-01-01 00:00:01.459382400,341061000.0,,,,-36257000.0,,301180000.0,,50440000.0,,,,,-2279000.0,,,,,14266000.0,,92225000.0,,13418000.0,,,,67981000.0,2478232000.0,5863049000.0,,,,145446000.0,,,,,,,,44691000.0,2779412000.0,,,170995000.0,,,6204110000.0,,,,0.0,174308000.0,178113000.0,,,0.0,,1.84,,,,0.0,,-265989000.0,,145928000.0,-126733000.0,38645000.0,9540000.0,,,36997000.0,,,,,,,3328308000.0,,,179839000.0,2298393000.0,,13418000.0,108449000.0,64706000.0,,186271000.0,,,,,,,,,,,38645000.0,56508000.0,38645000.0,193333000.0,-7377000.0,,,178113000.0,,,,2298393000.0,-1034315000.0,-33513000.0,,,11829000.0,,30666000.0,,,,,92735000.0,-337000.0,,,-5619000.0,,6498443000.0,78204000.0,,,,,,43743000.0,-17863000.0,0.0,,0.0,,,265863000.0,,4271000.0,,,179839000.0,,,,5464128000.0,,,,,,1.85,-1603000.0,,240382000.0,,,,,,,,,,,,,,,,,,,,,,,,,,,,,,,,,,,
1970-01-01 00:00:01.467244800,391772000.0,,,,-36303000.0,,248929000.0,,53346000.0,,,,,-2515000.0,,,,,14747000.0,,92210000.0,,13388000.0,,,,62647000.0,2622870000.0,5906661000.0,,,,160133000.0,,,,,,,,59425000.0,2871799000.0,,,29535000.0,,,6298433000.0,,,,30257000.0,32847000.0,33892000.0,,,321000.0,,0.31,,,,0.0,,1429000.0,30257000.0,-1009000.0,-177798000.0,26332000.0,10112000.0,,,43066000.0,,,,,,,3330489000.0,,,183057000.0,2439492000.0,,13388000.0,117067000.0,68093000.0,,186903000.0,,,,,,,,,,,26332000.0,38645000.0,26332000.0,193334000.0,-47431000.0,,,33892000.0,,,,2439492000.0,-1054828000.0,-193440000.0,,,14384000.0,,106060000.0,,,,,92825000.0,-623000.0,,,-264000.0,,6553347000.0,59425000.0,,,,,,48974000.0,-12313000.0,0.0,,0.0,,,211196000.0,,-20198000.0,,,183378000.0,,,,5498519000.0,,,,,,0.32,-1640000.0,,101622000.0,,,,,,,,,,,,,,,,,,,,,,,,,,,,,,,,,,,
1970-01-01 00:00:01.475193600,387925000.0,,,,-38920000.0,,289871000.0,,56666000.0,,,,,-2886000.0,,,,,14442000.0,,92227000.0,,14121000.0,,,,78107000.0,2400366000.0,5944214000.0,,,,168348000.0,,,,,,,,114976000.0,2690237000.0,,,50582000.0,,,6332139000.0,,,,9440000.0,53895000.0,56375000.0,,,74000.0,,0.54,,,,0.0,,208657000.0,9440000.0,18124000.0,180324000.0,250523000.0,9709000.0,,,44551000.0,,,,,,,3463159000.0,,,182954000.0,2217338000.0,,14121000.0,123797000.0,71108000.0,,180613000.0,,,,,,,,,,,250523000.0,26332000.0,250523000.0,193334000.0,-257446000.0,,,56375000.0,,,,2217338000.0,-1095562000.0,-76742000.0,,,14976000.0,,-71109000.0,,,,,92920000.0,190012000.0,,,-991000.0,,6632838000.0,114976000.0,,,,,,52689000.0,224191000.0,0.0,,,,,252122000.0,,24108000.0,,,183028000.0,,,,5537276000.0,,,,,,0.54,-1885000.0,,128017000.0,,,,,,,,,,,,,,,,,,,,,,,,,,,,,,,,,,,
1970-01-01 00:00:01.483142400,303219000.0,31117000.0,345054000.0,,-39214000.0,,424697000.0,,56782000.0,14773000.0,202391000.0,2947316000.0,,-2844000.0,2522619000.0,,,,17013000.0,14284000.0,92706000.0,,14773000.0,0.0,195732000.0,193418000.0,-107997000.0,2522619000.0,6403414000.0,,,-70213000.0,168645000.0,,193418000.0,,303798000.0,169138000.0,303798000.0,202440000.0,125962000.0,2947316000.0,293788000.0,2320123000.0,29426000.0,,14773000.0,6706633000.0,-150694000.0,9417000.0,,9417000.0,32738000.0,35418000.0,60468000.0,303219000.0,56000.0,2320123000.0,0.29,3542995000.0,-10524000.0,-8875000.0,0.0,-107997000.0,-14310000.0,9417000.0,-938000.0,-511228000.0,193418000.0,13460000.0,6706633000.0,,44524000.0,,217234000.0,280538000.0,,424697000.0,,3542995000.0,13460000.0,,202440000.0,2320123000.0,,14773000.0,124121000.0,73795000.0,,208368000.0,6403414000.0,208368000.0,,40395000.0,162105000.0,,193418000.0,345054000.0,473434000.0,576835000.0,193418000.0,250523000.0,193418000.0,193343000.0,-66886000.0,,92342000.0,35418000.0,,,40395000.0,2320123000.0,-1139853000.0,-496918000.0,3.0,,14614000.0,,361674000.0,56000.0,,,56508000.0,93590000.0,258623000.0,,277702000.0,-2001000.0,,40395000.0,92449000.0,,,-635435000.0,-890253000.0,-1139853000.0,50326000.0,-57105000.0,0.0,,,,,202391000.0,,6103000.0,,,202496000.0,,202496000.0,-7166000.0,40395000.0,,427291000.0,447675000.0,0.0,,0.29,-2038000.0,9417000.0,106814000.0,136910000.0,,-379140000.0,193343000.0,642572000.0,93023000.0,2.97,,55803000.0,,,,,,,,,,,,,,,,,,,,,,,,,,
1970-01-01 00:00:01.490918400,537637000.0,,,,-221834000.0,,254452000.0,,60919000.0,,,,,-2957000.0,,,,,16575000.0,,97388000.0,,15163000.0,,,,-120207000.0,2773072000.0,6456028000.0,,,,179308000.0,,,,,,,,96375000.0,3027524000.0,,,26329000.0,,,6993665000.0,,,,0.0,33525000.0,37281000.0,,,0.0,,0.26,,,,0.0,,-8850000.0,0.0,2257000.0,-86388000.0,485590000.0,13740000.0,,,49205000.0,,,,,,,3759323000.0,,,207046000.0,2566026000.0,,15163000.0,130103000.0,78792000.0,,202499000.0,,,,,,,,,,,478391000.0,250129000.0,478391000.0,97239000.0,-2705000.0,,,37281000.0,,,,2566026000.0,-1186246000.0,-89403000.0,,,17352000.0,,225474000.0,,,,,98018000.0,-6344000.0,,,-111014000.0,,39371000.0,96375000.0,,,,,,51311000.0,235461000.0,0.0,,308849000.0,,,215469000.0,,7980000.0,,,207046000.0,,,,39371000.0,,,,,,0.27,-2412000.0,,115552000.0,,,,,,,,,,,,,,,,,,,,,,,,,,,,,,,,,,,
1970-01-01 00:00:01.498780800,468769000.0,,,,-39264000.0,,263588000.0,,62251000.0,,,,,-3817000.0,,,,,15850000.0,,98275471.0,,16010000.0,,,,-132799000.0,2769308000.0,6526598000.0,,,,180598000.0,,,,,,,,82041000.0,3032896000.0,,,29833000.0,,,6995367000.0,,,,0.0,31448000.0,35306000.0,,,0.0,,0.3,,,,0.0,,-17250000.0,0.0,-1547000.0,-129630000.0,395865000.0,13703000.0,,,49847000.0,,,,,,,3756469000.0,,,204467000.0,2564841000.0,,16010000.0,130751000.0,78510000.0,,195320000.0,,,,,,,,,,,387616000.0,485590000.0,387616000.0,97240000.0,-1508000.0,,,35306000.0,,,,2564841000.0,-1234079000.0,-112380000.0,,,17973000.0,,-42136000.0,,,,,98827378.0,-4248000.0,,,-628000.0,,39693000.0,82041000.0,,,,,,52241000.0,-89725000.0,0.0,,-17000.0,,,219483000.0,,-7823000.0,,,204467000.0,,,,39693000.0,,,,,,0.3,-1191000.0,,115530000.0,,,,,,,,,,,,,,,,,,,,,,,,,,,,,,,,,,,
1970-01-01 00:00:01.506729600,331682000.0,,,,-44304000.0,,314729000.0,,62567000.0,,,,,-3222000.0,,,,,16076000.0,,98352139.0,,18851000.0,,,,-108667000.0,2627690000.0,6506617000.0,,,,181534000.0,,,,,,,,98126000.0,2942419000.0,,,66558000.0,,,6838299000.0,,,,0.0,71110000.0,75488000.0,,,0.0,,0.67,,,,0.0,,-4390000.0,0.0,37699000.0,35306000.0,244230000.0,18626000.0,,,49441000.0,,,,,,,3689863000.0,,,192481000.0,2435209000.0,,18851000.0,132093000.0,79679000.0,,185420000.0,,,,,,,,,,,64954000.0,395865000.0,64954000.0,984000.0,-200527000.0,,,75488000.0,,,,2435209000.0,-1216358000.0,-130931000.0,,,16151000.0,,-285067000.0,,,,,98911612.0,-8872000.0,,,-101344000.0,,39889000.0,98126000.0,,,,,,52414000.0,-151635000.0,0.0,,-20000.0,,,271405000.0,,7728000.0,,,192481000.0,,,,39889000.0,,,,,,0.67,-2423000.0,,154206000.0,,,,,,,,,,,,,,,,,,,,,,,,,,,,,,,,,,,
1970-01-01 00:00:01.514678400,158744000.0,326058000.0,347012000.0,,-42704000.0,,293085000.0,,60149000.0,20674000.0,249637000.0,2842522000.0,,-3524000.0,2549437000.0,,,,18417000.0,-11837000.0,98424000.0,,20674000.0,0.0,206508000.0,66798000.0,-122685000.0,2549437000.0,6644094000.0,,,-35900000.0,177561000.0,,57649000.0,,180615000.0,196420000.0,180615000.0,202374000.0,70470000.0,2842522000.0,164612000.0,2347063000.0,26554000.0,,20674000.0,6802838000.0,-348106000.0,0.0,,0.0,28529000.0,32540000.0,66918000.0,158744000.0,0.0,2347063000.0,0.28,3700793000.0,-13520000.0,-212986000.0,0.0,-122685000.0,-5410000.0,0.0,-5312000.0,-178390000.0,66798000.0,16926000.0,6802838000.0,,47927000.0,,245886000.0,149274000.0,,293085000.0,,3700793000.0,16926000.0,,202374000.0,2347063000.0,,20674000.0,129634000.0,79092000.0,,183728000.0,6644094000.0,183728000.0,,39686000.0,34644000.0,,57649000.0,347012000.0,522581000.0,492541000.0,57649000.0,244230000.0,57649000.0,986000.0,-714655000.0,,98114000.0,32540000.0,,,39686000.0,2347063000.0,-1264162000.0,-172980000.0,1.52,,14564000.0,,-69512000.0,0.0,,,250129000.0,99128000.0,46026000.0,,316073000.0,0.0,,39686000.0,70470000.0,,,-359102000.0,-505694000.0,-1264162000.0,50542000.0,-177432000.0,0.0,,17246000.0,,,249637000.0,,-19722000.0,,,202374000.0,,202374000.0,-8528000.0,39686000.0,,-171241000.0,26562000.0,0.0,,0.28,-2502000.0,0.0,107253000.0,-183331000.0,,-919395000.0,986000.0,719001000.0,98727000.0,1.51,,66040000.0,,,,,,,,,,,,,,,,,,,,,,,,,,
1970-01-01 00:00:01.522454400,139454000.0,,,,-43033000.0,,267485000.0,,62715000.0,,,,,-3966000.0,,,,,17120000.0,,98744000.0,,,,,,-130514000.0,2750975000.0,6826478000.0,,,,182822000.0,,,,,,,,94109000.0,3018460000.0,,,36246000.0,,,6965932000.0,,,,,36246000.0,40971000.0,,,,,0.36,,,,,,10100000.0,,-1561000.0,-247655000.0,53069000.0,17602000.0,,,48817000.0,,,,,,,3686859000.0,,,205680000.0,2545295000.0,,21572000.0,134005000.0,79570000.0,,181567000.0,,,,,,,,,,,53069000.0,66798000.0,53069000.0,988000.0,-10878000.0,,,40971000.0,,,,2545295000.0,,-257755000.0,,,13498000.0,,139817000.0,,,,,99214000.0,-2630000.0,,,-13642000.0,,38541000.0,94109000.0,,,,,,54435000.0,-13729000.0,,,,,,223973000.0,,-1042000.0,,,205680000.0,,,,38541000.0,,,,,,0.36,-2543000.0,,117184000.0,,,,,,,,,,,,,,,,,,,,,,,,,,,,,,,,,,,
1970-01-01 00:00:01.530316800,104657000.0,,,,-42898000.0,,325856000.0,,64006000.0,,,,,-4321000.0,,,,,23349000.0,,99691700.0,,,,,,-149368000.0,2995055000.0,7280127000.0,,,,187072000.0,,,,,,,,-216565000.0,3320911000.0,,,27549000.0,,,7384784000.0,,,,,27549000.0,31755000.0,,,,,0.27,,,,,,26000000.0,,-1586000.0,-416691000.0,50817000.0,15144000.0,,,50380000.0,,,,,,,3802927000.0,,,205345000.0,2789710000.0,,22519000.0,136692000.0,92996000.0,,186649000.0,,,,,,,,,,,50817000.0,53069000.0,50817000.0,1006000.0,-170890000.0,,,31755000.0,,,,2789710000.0,,-442691000.0,,,12712000.0,,319705000.0,,,,,100150856.0,-5695000.0,,,0.0,,37799000.0,94734000.0,,,,,,43696000.0,-2252000.0,,,,,,278508000.0,,-2871000.0,,,205345000.0,,,,37799000.0,,,,,,0.27,-2938000.0,,108473000.0,,,,,,,,,,,,,,,,,,,,,,,,,,,,,,,,,,,
1970-01-01 00:00:01.538265600,139994000.0,,,,-46708000.0,,408085000.0,,62700000.0,,,,,-4577000.0,,,,,20856000.0,,100676778.0,,,,,,-161654000.0,3079232000.0,7422242000.0,,,,186562000.0,,,,,,,,128372000.0,3487317000.0,,,34400000.0,,,7562236000.0,,,,,34400000.0,38310000.0,,,,,0.33,,,,,,0.0,,-1579000.0,-141054000.0,86517000.0,17519000.0,,,52625000.0,,,,,,,3804758000.0,,,,2873915000.0,,23353000.0,133937000.0,84894000.0,,183118000.0,,,,,,,,,,,86517000.0,50817000.0,86517000.0,1007000.0,-105902000.0,,,38310000.0,,,,,,-141054000.0,,,11075000.0,,48382000.0,,,,,101228334.0,7306000.0,,,-2911000.0,,36717000.0,128372000.0,,,,,,49043000.0,35700000.0,,,6597000.0,,,360674000.0,,31860000.0,,,205317000.0,,,,36717000.0,,,,,,0.34,-2166000.0,,112085000.0,,,,,,,,,,,,,,,,,,,,,,,,,,,,,,,,,,,
1970-01-01 00:00:01.546214400,207250000.0,130693000.0,410043000.0,,-46772000.0,,421974000.0,,64861000.0,,374415000.0,3564446000.0,,-4481000.0,3142472000.0,,,,35322000.0,40415000.0,100747000.0,,,,186078000.0,171034000.0,-48053000.0,3142472000.0,7558457000.0,,,51100000.0,190842000.0,,51604000.0,,277926000.0,204607000.0,277926000.0,,404127000.0,3564446000.0,258415000.0,,158216000.0,,21779000.0,7765707000.0,-179411000.0,,,,160220000.0,166890000.0,96647000.0,207250000.0,,2932601000.0,1.58,3929907000.0,-17345000.0,-16553000.0,,-48053000.0,15000000.0,,142128000.0,-3515000.0,171034000.0,20176000.0,7765707000.0,,52785000.0,,254282000.0,256411000.0,,421974000.0,,3929907000.0,20176000.0,,,2932601000.0,,21779000.0,138057000.0,99153000.0,,197574000.0,7558457000.0,197574000.0,,36833000.0,142128000.0,,51604000.0,410043000.0,542691000.0,581929000.0,51604000.0,86517000.0,51604000.0,1007000.0,-667737000.0,,99972000.0,166890000.0,,,36833000.0,,,-382815000.0,2.56,,12436000.0,,-4796000.0,,,,66798000.0,101380000.0,-8773000.0,,356613000.0,0.0,,36833000.0,92828000.0,,,-808915000.0,-1224315000.0,,38904000.0,84517000.0,,,-51000.0,,,374415000.0,,12468000.0,,,209871000.0,,209871000.0,-9748000.0,36833000.0,,503108000.0,-9792000.0,,,1.59,-2101000.0,,244187000.0,104236000.0,,-955407000.0,1007000.0,747298000.0,100482000.0,2.55,,49721000.0,,,,,,,,,,,,,,,,,,,,,,,,,,
1970-01-01 00:00:01.553990400,98326000.0,,,,-46996000.0,,421367000.0,,66279000.0,,,,,-3682000.0,,,,,27070000.0,,100901390.0,,,,,,-62690000.0,3279438000.0,7785661000.0,,,,201202000.0,,,,,,,,99790000.0,3700805000.0,,,36394000.0,,,7883987000.0,,,,82794000.0,36903000.0,41794000.0,,,87247000.0,,0.36,,,,,,,,-3729000.0,-213532000.0,55993000.0,28016000.0,,,56788000.0,,,,,,,3914524000.0,,,,2997761000.0,,24098000.0,144414000.0,93205000.0,,187309000.0,,,,,,,,,,,49693000.0,171034000.0,49693000.0,1010000.0,-124930000.0,,,41794000.0,,,,,,-213532000.0,,,11243000.0,,-1299000.0,,,,,101443179.0,-7243000.0,,,-12130000.0,,118837000.0,99790000.0,,,,,,51209000.0,-115041000.0,,,,,,373691000.0,,6720000.0,,,194430000.0,,,,118837000.0,,,,,,0.36,-2094000.0,,119316000.0,,,,,,,,,,,,,,,,,,,,,,,,,,,,,,,,,,,
1970-01-01 00:00:01.561852800,105804000.0,,,,-46862000.0,,436367000.0,,68399000.0,,,,,-3782000.0,,,,,24621000.0,,100972355.0,,,,,,-70345000.0,3471451000.0,7988917000.0,,,,200492000.0,,,,,,,,65870000.0,3907818000.0,,,41651000.0,,,8094721000.0,,,,82647000.0,42194000.0,47215000.0,,,87082000.0,,0.41,,,,,,,,7169000.0,-203504000.0,58715000.0,27563000.0,,,56462000.0,,,,,,,3915532000.0,,,,3188106000.0,,25203000.0,144030000.0,92873000.0,,203451000.0,,,,,,,,,,,52415000.0,55993000.0,52415000.0,1010000.0,-45454000.0,,,47215000.0,,,,,,-220775000.0,,,11727000.0,,140356000.0,,,,,101809541.0,-1904000.0,,,-488000.0,,119113000.0,65870000.0,,,,,,51157000.0,2722000.0,,,,,,385567000.0,,-26753000.0,,,196263000.0,,,,119113000.0,,,,,,0.41,-2321000.0,,127341000.0,,,,,,,,,,,,,,,,,,,,,,,,,,,,,,,,,,,
1970-01-01 00:00:01.569801600,489302000.0,,,,-49954000.0,,492286000.0,,69392000.0,,,,,-6572000.0,,,,,25817000.0,,104841000.0,,,,,,-78707000.0,3592020000.0,8134513000.0,,,,215525000.0,,,,,,,,95703000.0,4084306000.0,,,43316000.0,,,8623815000.0,,,,,43846000.0,48298000.0,,,,,0.41,,,,,,,77751000.0,,-310148000.0,303920000.0,34116000.0,,,61306000.0,,,,,,,4264649000.0,,,,3307236000.0,,26188000.0,154219000.0,95047000.0,,,,,,,,,,,,,297620000.0,58715000.0,297620000.0,1060000.0,-580460000.0,,,48298000.0,,,,,,-77949000.0,,,11635000.0,,419623000.0,,,,,105360000.0,-7245000.0,,,-1651000.0,,119392000.0,135730000.0,,,,,,59172000.0,245205000.0,,,353904000.0,,,439081000.0,,39702000.0,,,197167000.0,,,,119392000.0,,,,,,0.41,-1826000.0,,129325000.0,,,,,,,,,,,,,,,,,,,,,,,,,,,,,,,,,,,
