date,trailingDeferredIncomeTax,trailingCapitalExpenditure,annualCapitalExpenditure,quarterlySaleOfInvestment,annualDeferredIncomeTax,trailingOperatingExpense,quarterlyRepurchaseOfCapitalStock,quarterlyGrossPPE,annualInterestExpense,quarterlyIncomeTaxPayable,trailingChangesInAccountReceivables,annualRepurchaseOfCapitalStock,quarterlyDeferredIncomeTax,quarterlyChangeInWorkingCapital,trailingBeginningCashPosition,annualAccumulatedDepreciation,annualSellingGeneralAndAdministration,annualChangesInAccountReceivables,quarterlyGainsLossesNotAffectingRetainedEarnings,quarterlyAccountsPayable,quarterlyOtherCurrentAssets,trailingNetIncomeContinuousOperations,annualOtherNonCurrentAssets,annualCurrentAssets,trailingChangeInCashSupplementalAsReported,annualBasicEPS,trailingNetIncomeCommonStockholders,annualNetIncomeCommonStockholders,trailingNetOtherFinancingCharges,quarterlyStockholdersEquity,annualOtherCurrentLiabilities,quarterlyEbitda,annualNetOtherFinancingCharges,quarterlyEndCashPosition,quarterlyNetOtherInvestingChanges,quarterlyInvestingCashFlow,quarterlyDilutedAverageShares,annualTaxProvision,trailingInterestExpense,quarterlyChangeInAccountPayable,quarterlyChangeInInventory,quarterlyGrossProfit,annualRepaymentOfDebt,annualChangeInCashSupplementalAsReported,annualCurrentAccruedExpenses,trailingGrossProfit,quarterlyOtherNonCashItems,annualCostOfRevenue,annualTotalRevenue,annualDilutedEPS,quarterlyBasicAverageShares,annualCapitalStock,quarterlySellingGeneralAndAdministration,quarterlyPretaxIncome,trailingCostOfRevenue,trailingFreeCashFlow,quarterlyPurchaseOfBusiness,quarterlyRepaymentOfDebt,annualFreeCashFlow,quarterlyCurrentAssets,quarterlyCurrentLiabilities,quarterlyRetainedEarnings,quarterlyTotalNonCurrentLiabilitiesNetMinorityInterest,annualInventory,quarterlyTaxProvision,quarterlyNetPPE,trailingTaxProvision,annualGrossProfit,annualTotalNonCurrentAssets,quarterlyStockBasedCompensation,quarterlyOtherShortTermInvestments,annualOtherCurrentAssets,annualChangeInWorkingCapital,quarterlyTotalRevenue,quarterlyCapitalExpenditure,trailingDepreciationAndAmortization,quarterlyBasicEPS,annualChangeInInventory,quarterlyOperatingIncome,trailingPurchaseOfBusiness,trailingNetIncome,annualTotalLiabilitiesNetMinorityInterest,annualCurrentDebt,annualNetIncome,annualCurrentDeferredRevenue,annualDilutedAverageShares,trailingOtherNonCashItems,annualBeginningCashPosition,annualPurchaseOfBusiness,quarterlyCashFlowFromContinuingFinancingActivities,quarterlyAccumulatedDepreciation,annualNetIncomeContinuousOperations,annualOperatingExpense,trailingSellingGeneralAndAdministration,trailingInvestingCashFlow,quarterlyNetIncomeContinuousOperations,annualInvestingCashFlow,quarterlyOperatingCashFlow,quarterlyNetIncome,annualCashDividendsPaid,annualNonCurrentDeferredTaxesLiabilities,annualSaleOfInvestment,annualPretaxIncome,annualIncomeTaxPayable,annualLongTermDebt,quarterlyChangeInCashSupplementalAsReported,quarterlyOtherCurrentLiabilities,quarterlyOtherNonCurrentLiabilities,quarterlyDilutedEPS,quarterlyCommonStockIssuance,annualOtherNonCashItems,annualDepreciationAndAmortization,quarterlyGoodwill,quarterlyAccountsReceivable,annualStockBasedCompensation,annualStockholdersEquity,quarterlyCostOfRevenue,annualGoodwill,trailingStockBasedCompensation,quarterlyCurrentAccruedExpenses,annualTotalAssets,annualCashFlowFromContinuingFinancingActivities,trailingChangeInWorkingCapital,quarterlyInvestmentsAndAdvances,quarterlyInventory,annualRetainedEarnings,quarterlyOtherIncomeExpense,annualAccountsReceivable,trailingOperatingCashFlow,quarterlyLongTermDebt,quarterlyNonCurrentDeferredTaxesLiabilities,annualPurchaseOfInvestment,quarterlyCurrentDeferredRevenue,annualTotalNonCurrentLiabilitiesNetMinorityInterest,annualChangeInAccountPayable,annualOperatingCashFlow,trailingOperatingIncome,annualAccountsPayable,annualOperatingIncome,trailingTotalRevenue,trailingOtherIncomeExpense,quarterlyOperatingExpense,annualOtherIntangibleAssets,quarterlyOtherIntangibleAssets,annualCashCashEquivalentsAndMarketableSecurities,annualCommonStockIssuance,annualOtherShortTermInvestments,quarterlyCashDividendsPaid,annualBasicAverageShares,annualEndCashPosition,trailingEndCashPosition,quarterlyDepreciationAndAmortization,trailingRepaymentOfDebt,trailingCashFlowFromContinuingFinancingActivities,annualCurrentLiabilities,quarterlyBeginningCashPosition,quarterlyCapitalStock,trailingNetOtherInvestingChanges,annualOtherIncomeExpense,quarterlyCashCashEquivalentsAndMarketableSecurities,quarterlyCashAndCashEquivalents,annualNetPPE,annualEbitda,quarterlyCurrentDebt,annualCashAndCashEquivalents,annualGrossPPE,quarterlyPurchaseOfInvestment,quarterlyInterestExpense,annualNetOtherInvestingChanges,annualOtherNonCurrentLiabilities,quarterlyTotalNonCurrentAssets,quarterlyChangesInAccountReceivables,quarterlyNetIncomeCommonStockholders,trailingPretaxIncome,annualInvestmentsAndAdvances,quarterlyTotalAssets,quarterlyNetOtherFinancingCharges,quarterlyOtherNonCurrentAssets,quarterlyFreeCashFlow,annualGainsLossesNotAffectingRetainedEarnings,quarterlyTotalLiabilitiesNetMinorityInterest,trailingChangeInInventory,annualResearchAndDevelopment,trailingCashDividendsPaid,quarterlyNonCurrentDeferredRevenue,quarterlyResearchAndDevelopment,annualNonCurrentDeferredRevenue,trailingBasicAverageShares,trailingSaleOfInvestment,trailingRepurchaseOfCapitalStock,trailingBasicEPS,trailingPurchaseOfInvestment,trailingDilutedEPS,trailingDilutedAverageShares,trailingResearchAndDevelopment,trailingCommonStockIssuance,trailingChangeInAccountPayable
1970-01-01 00:00:01.569801600,-10192000.0,-189735000.0,-1100000.0,,,298738000.0,,,1000000.0,,-68399000.0,-700000.0,,,576261000.0,-1200000.0,7500000.0,-1600000.0,,,,-5864000.0,9100000.0,16200000.0,-69331000.0,-0.02,948019000.0,-300000.0,-42469000.0,,300000.0,,21200000.0,,,,,,189927000.0,,,,-10600000.0,10600000.0,,614747000.0,,7400000.0,18100000.0,-0.02,,,,,2704889000.0,163021000.0,,,-2700000.0,,,,,700000.0,,,128708000.0,10700000.0,13400000.0,,,1500000.0,-3000000.0,,,291887000.0,,-100000.0,,-21002000.0,949177000.0,6000000.0,800000.0,-300000.0,,15000000.0,11482000.0,,,,,-300000.0,9800000.0,298738000.0,939349000.0,,-9000000.0,,,,,1800000.0,,,1800000.0,,,,,,3800000.0,2300000.0,,,,23600000.0,,,9880000.0,,29600000.0,21200000.0,-227161000.0,,,-10500000.0,,,352756000.0,,,-1000000.0,,,-500000.0,-1600000.0,316009000.0,2400000.0,900000.0,3319636000.0,-15505000.0,,,,10600000.0,,,,15000000.0,,357591000.0,,-2219152000.0,-1510775000.0,3500000.0,,,-15963000.0,-200000.0,,,4300000.0,3200000.0,,10600000.0,5500000.0,,,-8800000.0,700000.0,,,,122627000.0,,,,,,,,,,,,,,,,,,,,,,,
,,,,1400000.0,,,,9900000.0,,,,,,-500000.0,,,,,,2600000.0,9500000.0,,,,,,,,,26300000.0,,300000.0,,,-900000.0,-12900000.0,20000000.0,,,200000.0,,2700000.0,,,,,900000.0,,,,20000000.0,,2400000.0,,,,,-300000.0,,14100000.0,3600000.0,-10700000.0,,,,8400000.0,,,,,,,,5800000.0,-4300000.0,,-0.01,,-200000.0,,,,,,,,,,,2600000.0,-1500000.0,,,,,-200000.0,,-300000.0,-200000.0,,,,,,,-10500000.0,200000.0,700000.0,-0.01,,,,,,,,3100000.0,,,,,,,,700000.0,,100000.0,,,1600000.0,,,,,,,,,,,,2900000.0,,5100000.0,,,,,,,,500000.0,,,,10600000.0,,,,100000.0,100000.0,,,800000.0,,,-9100000.0,100000.0,,,18100000.0,-300000.0,-200000.0,,,32200000.0,2600000.0,4600000.0,-4600000.0,,5900000.0,,,,,,,,,,,,,,,,
,,,,4400000.0,,,,11500000.0,,,,,,-4000000.0,,,,,,1800000.0,6200000.0,,,,,,,,,28300000.0,,1700000.0,,,-400000.0,-2800000.0,16666667.0,,,-900000.0,,3800000.0,,,,,2200000.0,,,,16666667.0,,2400000.0,,,,,-400000.0,,14700000.0,4000000.0,-10200000.0,,,,9200000.0,,,,,,,,8500000.0,-1700000.0,,0.03,,600000.0,,,,,,,,,,,5900000.0,-2300000.0,,,,,500000.0,,-2300000.0,500000.0,,,,,,,800000.0,400000.0,800000.0,0.03,,,,,,,,4700000.0,,,,,,,,900000.0,,100000.0,,,5000000.0,,,,,,,,,,,,3200000.0,,5000000.0,,,,,,,,1100000.0,,,,,,,,900000.0,900000.0,,,1800000.0,,,-5100000.0,200000.0,,,23400000.0,-2800000.0,500000.0,,,38100000.0,5900000.0,9200000.0,-4000000.0,,9800000.0,,,,,,,,,,,,,,,,
,,,,3800000.0,,,,12500000.0,,,,,,-300000.0,,,,,,1300000.0,5100000.0,,,,,,,,,29900000.0,,2100000.0,,,-300000.0,300000.0,20000000.0,,,-600000.0,0.0,5100000.0,,,,,1200000.0,,,,20000000.0,,3000000.0,1500000.0,,,,-800000.0,,15500000.0,4000000.0,-9100000.0,,,100000.0,9700000.0,,,,,,,,12200000.0,-800000.0,,0.07,,1300000.0,,,,,,,,,,,-700000.0,-2800000.0,,,,,1400000.0,,2100000.0,1400000.0,,,,,,,1600000.0,800000.0,700000.0,0.07,,,,,,,,7100000.0,,,,,,,,800000.0,,300000.0,,,4500000.0,,,,,,,,,,,,3800000.0,,5000000.0,,,,,,,,700000.0,,,,,,,,2500000.0,2500000.0,,,1900000.0,,,-2400000.0,100000.0,,,23600000.0,-500000.0,1400000.0,,,39100000.0,-700000.0,8900000.0,1300000.0,,9200000.0,,,,,,,,,,,,,,,,
,,,-7900000.0,3600000.0,,,,14100000.0,500000.0,,,,,-2600000.0,,-3500000.0,10700000.0,-5800000.0,,2400000.0,2800000.0,,9000000.0,15300000.0,,0.16,,2800000.0,,30500000.0,400000.0,1400000.0,7200000.0,,-200000.0,1400000.0,,100000.0,,1100000.0,-800000.0,4400000.0,-2100000.0,-8300000.0,,,2000000.0,23200000.0,39600000.0,0.14,,,3000000.0,,,,,-600000.0,-9400000.0,15300000.0,4700000.0,-8500000.0,,2200000.0,,10600000.0,,16400000.0,24500000.0,,,2800000.0,-7400000.0,11300000.0,-1100000.0,,,-1000000.0,500000.0,,,9300000.0,1900000.0,2800000.0,,20000000.0,,10600000.0,,-600000.0,-3500000.0,2800000.0,13900000.0,,,600000.0,-14000000.0,-1000000.0,600000.0,,,13200000.0,2900000.0,,4000000.0,-200000.0,400000.0,600000.0,,,6300000.0,3200000.0,,,,30500000.0,6900000.0,,,,39800000.0,7200000.0,,,2200000.0,-8500000.0,200000.0,,,4000000.0,,-17600000.0,,,-200000.0,-1500000.0,,2400000.0,2500000.0,,,3900000.0,4900000.0,4900000.0,2300000.0,,,,17500000.0,,,900000.0,,,4700000.0,,,,900000.0,2300000.0,2300000.0,10600000.0,5700000.0,1900000.0,2300000.0,14100000.0,-1000000.0,100000.0,-1800000.0,600000.0,24500000.0,-2200000.0,600000.0,,,39800000.0,-600000.0,9000000.0,-2100000.0,,9300000.0,,,,,,,,,,,,,,,,
,,,,1300000.0,,,,17200000.0,,,,,,-2900000.0,,,,,,4900000.0,1700000.0,,,,,,,,,36300000.0,,2500000.0,,,600000.0,300000.0,21666667.0,,,1300000.0,100000.0,5400000.0,,,,,2300000.0,,,,21666667.0,,2900000.0,1400000.0,,,,-500000.0,,19200000.0,9300000.0,-5900000.0,,,100000.0,12000000.0,,,,,,,,17000000.0,-1500000.0,,0.06,,1400000.0,,,,,,,,,,,-1700000.0,-5200000.0,,,,,1300000.0,,-300000.0,1300000.0,,,,,,,-1800000.0,2400000.0,400000.0,0.06,,,,,,,,11600000.0,,,,,,,,2100000.0,,200000.0,,,4100000.0,,,,,,,,,,,,4000000.0,,9000000.0,,,,,,,,1100000.0,,,,3700000.0,,,,2000000.0,2000000.0,,,2000000.0,,,-100000.0,100000.0,,,30900000.0,-3800000.0,1300000.0,,,50100000.0,-1700000.0,9900000.0,-1800000.0,,13800000.0,,,,,,,,,,,,,,,,
,,,,100000.0,,,,17900000.0,,,,,,-2600000.0,,,,,,4500000.0,2200000.0,,,,,,,,,38300000.0,,3700000.0,,,,-1000000.0,23000000.0,,,-300000.0,,7000000.0,,,,,2500000.0,,,,23000000.0,,3300000.0,2800000.0,,,,-400000.0,,20300000.0,9200000.0,-3900000.0,,,500000.0,11900000.0,,,,,,,,19000000.0,-600000.0,,0.1,,2400000.0,,,,,,,,,,,-500000.0,-6000000.0,,,,,2300000.0,,600000.0,2300000.0,,,,,,,-800000.0,2000000.0,200000.0,0.1,,,,,,,,12000000.0,,,,,,,,2200000.0,,300000.0,,,3600000.0,,,,,,,,,,,,4600000.0,,8800000.0,,,,,,,,1300000.0,,,,,,,,1100000.0,1100000.0,,,2700000.0,,,,100000.0,,,31000000.0,-1400000.0,2300000.0,,,51300000.0,-500000.0,10300000.0,0.0,,13000000.0,,,,,,,,,,,,,,,,
,,,,0.0,,,,22200000.0,,,,,,-3800000.0,,,,,,13400000.0,2600000.0,,,,,,,,,38800000.0,,4400000.0,,,,,22000000.0,,,-1100000.0,,7800000.0,,,,,2400000.0,,,,22000000.0,,3400000.0,200000.0,,,,-700000.0,,33100000.0,26400000.0,-3700000.0,,,100000.0,17100000.0,,,,,,,,20500000.0,-1100000.0,,0.01,,3300000.0,,,,,,,,,,,2900000.0,-5100000.0,,,,,100000.0,,700000.0,100000.0,,,,,,,4200000.0,9700000.0,200000.0,0.01,,,,,,,,12700000.0,,,,,,,,2600000.0,,-2800000.0,,,78500000.0,,,,,,,,,,,,4500000.0,,84400000.0,,,,,,,,1100000.0,,,,,,,,5300000.0,5300000.0,,,3300000.0,,,,200000.0,,,110800000.0,-3000000.0,100000.0,,,143900000.0,2900000.0,9300000.0,-400000.0,,105100000.0,,,,,,,,,,,,,,,,
,,,-4800000.0,65200000.0,-400000.0,,,21500000.0,1800000.0,,,,,-8600000.0,,-6100000.0,14300000.0,-11100000.0,,12300000.0,33700000.0,,6200000.0,63500000.0,,0.16,,3500000.0,,136400000.0,7500000.0,4800000.0,48900000.0,,,,,200000.0,,-3100000.0,-1100000.0,9500000.0,-3000000.0,-1200000.0,,,9000000.0,58300000.0,88000000.0,0.14,,,4700000.0,-400000.0,,,,-1400000.0,-7800000.0,63500000.0,25200000.0,-3600000.0,,3600000.0,-500000.0,15400000.0,,29700000.0,101900000.0,,,33700000.0,-17900000.0,31500000.0,-1600000.0,,,-1500000.0,600000.0,,,29000000.0,5400000.0,3500000.0,,25000000.0,,3700000.0,,48200000.0,-6100000.0,3500000.0,22000000.0,,,100000.0,-47100000.0,-4000000.0,100000.0,,900000.0,66600000.0,3700000.0,,2600000.0,-2800000.0,7500000.0,1200000.0,,,16200000.0,7700000.0,,,,136400000.0,22000000.0,,,,165400000.0,48900000.0,,,3600000.0,-3600000.0,500000.0,,,2600000.0,900000.0,-91600000.0,,,-3200000.0,-3000000.0,,12300000.0,7700000.0,,,8900000.0,80300000.0,80300000.0,2500000.0,,,,22666667.0,,,4200000.0,,,25200000.0,,,,-2000000.0,2500000.0,2500000.0,15400000.0,15400000.0,5400000.0,2500000.0,21500000.0,,1400000.0,-17300000.0,1200000.0,101900000.0,-2900000.0,100000.0,,,165400000.0,48200000.0,6200000.0,-5600000.0,,29000000.0,,,,,,,,,,,,,,,,
,,,,12800000.0,,,,23000000.0,,,,,,-7300000.0,,,,,,10900000.0,25700000.0,,,,,,,,,139800000.0,,5700000.0,,,,6700000.0,36000000.0,,,-1400000.0,-200000.0,10000000.0,,,,,5700000.0,,,,36000000.0,,4300000.0,3300000.0,,,,-4200000.0,,64100000.0,21400000.0,-1800000.0,,,1500000.0,15800000.0,,,,,,,,34600000.0,-1500000.0,,0.05,,2800000.0,,,,,,,,,,,-2700000.0,-7200000.0,,,,,1800000.0,,-2800000.0,1800000.0,,,,,,,1300000.0,8900000.0,1300000.0,0.05,,,,,,,,24600000.0,,,,,,,,3800000.0,,500000.0,,,2100000.0,900000.0,,,,,,,,,,,7200000.0,,78700000.0,,,,,,,,2900000.0,,,,2500000.0,,,,3800000.0,3800000.0,,,1600000.0,,,-4600000.0,100000.0,,,100500000.0,-6900000.0,1800000.0,,,164600000.0,-2700000.0,6000000.0,-4300000.0,,24800000.0,,,,,,,,,,,,,,,,
,,,,12200000.0,,,,24100000.0,,,,,,3300000.0,,,,,,16900000.0,22400000.0,,,,,,,,,143900000.0,,7600000.0,,,,-6600000.0,33333333.0,,,3700000.0,-300000.0,12300000.0,,,,,6100000.0,,,,33333333.0,,4700000.0,4900000.0,,,,-500000.0,,63500000.0,26800000.0,1200000.0,,,1900000.0,16100000.0,,,,,,,,39600000.0,-1400000.0,,0.09,,4500000.0,,,,,,,,,,,500000.0,-8000000.0,,,,,3000000.0,,9500000.0,3000000.0,,,,,,,3200000.0,8600000.0,1400000.0,0.09,,,,,,,,27300000.0,,,,,,,,3800000.0,,500000.0,,,1800000.0,900000.0,,,,,,,,,,,7800000.0,,83500000.0,,,,,,,,3100000.0,,,,,,,,7100000.0,7100000.0,,,1300000.0,,,-8200000.0,100000.0,,,110400000.0,1000000.0,3000000.0,,,173900000.0,500000.0,10800000.0,8100000.0,,30000000.0,,,,,,,,,,,,,,,,
,,,,19400000.0,,,,26200000.0,,,,,,-1200000.0,,,,,,16500000.0,20000000.0,,,,,,,,,148200000.0,,9500000.0,,,-3400000.0,-3500000.0,35833333.0,,,-500000.0,200000.0,13800000.0,,,,,4900000.0,,,,35833333.0,,4300000.0,7200000.0,,,,-200000.0,,62700000.0,25400000.0,5500000.0,,,2900000.0,17000000.0,,,,,,,,37700000.0,-2100000.0,,0.12,,6900000.0,,,,,,,,,,,-100000.0,-9200000.0,,,,,4300000.0,,5600000.0,4300000.0,,,,,,,1900000.0,7700000.0,1200000.0,0.12,,,,,,,,23900000.0,,,,,,,,4000000.0,,400000.0,,,1600000.0,900000.0,,,,,,,,,,,6900000.0,,82700000.0,,,,,,,,2600000.0,,,,,,,,8900000.0,8900000.0,,,1200000.0,,,-17400000.0,100000.0,,,113700000.0,400000.0,4300000.0,,,176400000.0,-100000.0,14000000.0,3500000.0,,28200000.0,,,,,,,,,,,,,,,,
,,,-13271749.0,940601.0,2105914.0,,,35984436.0,529469.0,,,-199656.0,,-658791.0,,-11271237.0,8755406.0,,-4131.0,,-1378854.0,,5018599.0,71819665.0,,0.6,,14743106.0,,179590679.0,14995524.0,14974878.0,-3500000.0,,-2899540.0,-11291212.0,,8850000.0,,,61688.0,118064889.0,-1916174.0,8553398.0,,,-17007658.0,2951771.0,157116660.0,0.6,,225662.0,-4544594.0,8193106.0,,,,2983826.0,10018535.0,71819665.0,43432594.0,10813911.0,27555578.0,4469577.0,2650000.0,24713199.0,,154164889.0,178759186.0,,16298988.0,-1378854.0,-5858791.0,45316660.0,-8271749.0,,,-238312.0,10967165.0,,,70988172.0,2474607.0,14743106.0,,24571843.0,,2528865.0,,2328457.0,-11271237.0,14743106.0,128997724.0,,,5543106.0,-14691212.0,10990284.0,5543106.0,,2338154.0,45340601.0,23593106.0,,1574682.0,2153398.0,14995524.0,23642742.0,,,-307658.0,12607713.0,103986427.0,31518862.0,,179590679.0,-72748229.0,103986427.0,,,250578851.0,28457.0,,28115490.0,4469577.0,10813911.0,-22288.0,31518862.0,,1574682.0,2338154.0,-31260524.0,,27555578.0,,23290284.0,,,25167165.0,,,107097724.0,16451428.0,16451428.0,27381251.0,5644287.0,16298988.0,,24571843.0,11082263.0,,4007713.0,,,43432594.0,,225662.0,,1907181.0,27381251.0,11082263.0,24713199.0,37774878.0,2474607.0,11082263.0,35984436.0,-1060524.0,329469.0,-15499540.0,23642742.0,178759186.0,,5543106.0,,28115490.0,250578851.0,-1200000.0,5018599.0,2718535.0,-4131.0,70988172.0,,,,,,,,,,,,,,,,
,,,,11000000.0,,,,38300000.0,,,,,,-9400000.0,,,,,,18700000.0,14300000.0,,,,,,,,,201900000.0,,9300000.0,,,,2200000.0,24516623.0,,,-6100000.0,,12300000.0,,,,,7500000.0,,,,24516623.0,,3000000.0,6000000.0,,,,-7300000.0,,71300000.0,31300000.0,14500000.0,,,2300000.0,25400000.0,,,,,,,,44900000.0,-2400000.0,,0.09,,5500000.0,,,,,,,,,,,800000.0,-12900000.0,,,,,3700000.0,,-1900000.0,3700000.0,,,,,,,800000.0,11200000.0,11000000.0,0.09,,,,,,,,32600000.0,,,,,,,,4400000.0,,500000.0,,,7300000.0,2300000.0,,,,,,,,,,,6800000.0,,108500000.0,,,,,,,,3800000.0,,,,11100000.0,,,,11900000.0,11900000.0,,,1400000.0,,,-6400000.0,100000.0,,,180200000.0,-4300000.0,3700000.0,,,251500000.0,800000.0,46300000.0,-4300000.0,,49600000.0,,,,,,,,,,,,,,,,
,,,,200000.0,,,,42800000.0,,,,,,-200000.0,,,,,,25000000.0,12900000.0,,,,,,,,,233300000.0,,-9500000.0,,,,-10100000.0,39411765.0,,,700000.0,,400000.0,,,,,28400000.0,,,,39411765.0,,9900000.0,10700000.0,,,,1400000.0,,92900000.0,37600000.0,21700000.0,,,4000000.0,28300000.0,,,,,,,,57600000.0,-6900000.0,,0.17,,-14200000.0,,,,,,,,,,,-5300000.0,-14500000.0,,,,,6700000.0,,33300000.0,6700000.0,,,,,,,17900000.0,11800000.0,,0.17,,,,,,,,57200000.0,,,,,,,,5000000.0,,25100000.0,,,,1600000.0,,,,,,,,,,,14600000.0,,107600000.0,,,,,,,,4700000.0,,,,,,,,29900000.0,29900000.0,,,800000.0,,,-2600000.0,200000.0,,,185900000.0,-1400000.0,6700000.0,,,278800000.0,-5300000.0,50000000.0,26400000.0,,45500000.0,,,,,,,,,,,,,,,,
,,,,0.0,,,,50800000.0,,,,,,-8400000.0,,,,,,28500000.0,84400000.0,,,,,,,,,326600000.0,,15200000.0,,,-7700000.0,-83800000.0,44117647.0,,,4000000.0,-800000.0,18900000.0,,,,,-10100000.0,,,,41666667.0,,3700000.0,11600000.0,,,,0.0,,172300000.0,39400000.0,27900000.0,,,4100000.0,34700000.0,,,,,,,,58500000.0,-8500000.0,,0.18,,10800000.0,,,,,,,,,,,79300000.0,-16100000.0,,,,,7500000.0,,4700000.0,7500000.0,,,,,,,-300000.0,10300000.0,,0.17,,,,,,,,39600000.0,,,,,,,,5800000.0,,800000.0,,,,2300000.0,,,,,,,,,,,8100000.0,,106000000.0,,,,,,,,4400000.0,,,,,,,,29600000.0,29600000.0,,,600000.0,,,-66300000.0,0.0,,,196300000.0,-7200000.0,7500000.0,,,368600000.0,79300000.0,55600000.0,-3800000.0,,42000000.0,,,,,,,,,,,,,,,,
,,,-28659848.0,14844710.0,1878471.0,,,63031363.0,525859.0,4876458.0,,-492887.0,,7937391.0,,-18725260.0,20467883.0,,-961606.0,36435373.0,-1754682.0,,-2707588.0,186541072.0,,1.09,,29433999.0,,340370880.0,26325332.0,18542117.0,-14575297.0,,3686377.0,-22767540.0,,16064000.0,,,999852.0,8290778.0,-5323852.0,11952000.0,,,-9729353.0,206620955.0,246211733.0,1.03,,289643.0,3967883.0,17497999.0,,,,576148.0,26879882.0,186541072.0,68567394.0,39652003.0,64577290.0,4777542.0,5764000.0,44306103.0,,39590778.0,286974492.0,,82925569.0,-1754682.0,-10062609.0,78211733.0,-10859848.0,,,-300148.0,13222895.0,,,133144684.0,930231.0,29433999.0,,28576698.0,,11198106.0,-1726012.0,-2962715.0,-18725260.0,29433999.0,24467883.0,,,11733999.0,-114467540.0,19439730.0,11733999.0,,7334903.0,26044710.0,45497999.0,4876458.0,0.0,-6448000.0,26325332.0,57242387.0,,,16070647.0,18219222.0,182167949.0,56187522.0,,340370880.0,69920955.0,182167949.0,,,473515564.0,71837285.0,,40481186.0,4777542.0,39652003.0,3875104.0,56187522.0,,0.0,7334903.0,-105918248.0,,64577290.0,,55539730.0,,36435373.0,15122895.0,,,-4932117.0,16495191.0,16495191.0,106075675.0,78654024.0,82925569.0,,27003669.0,23150106.0,,5319222.0,,,68567394.0,,289643.0,,30900963.0,106075675.0,23150106.0,44306103.0,33342117.0,930231.0,23150106.0,63031363.0,-30618248.0,125859.0,-6113623.0,57242387.0,286974492.0,,11733999.0,,40481186.0,473515564.0,-89375297.0,-2707588.0,8579882.0,-961606.0,133144684.0,,,,,,,,,,,,,,,,
,,,,29400000.0,,,,75300000.0,,,,,,5200000.0,,,,,,39400000.0,66700000.0,,,,,,,,,374100000.0,,14400000.0,,,-29500000.0,-15800000.0,29670910.0,,,2700000.0,-700000.0,17700000.0,,,,,11800000.0,,,,29670910.0,,3300000.0,8400000.0,,,,-1300000.0,,160700000.0,71900000.0,45300000.0,,,2800000.0,53700000.0,,,,,,,,75400000.0,-11300000.0,,0.13,,8200000.0,,,,,,,,,,,100000.0,-21600000.0,,,,,5600000.0,,17800000.0,5600000.0,,,,,,,2000000.0,31200000.0,,0.12,,,,,,,,57700000.0,,,,,,,,6800000.0,,400000.0,,,,7300000.0,,,,,,,,,,,9500000.0,,203500000.0,,,,,,,,6200000.0,,,,23200000.0,,,,25200000.0,25200000.0,,,1300000.0,,,-4400000.0,100000.0,,,324400000.0,6700000.0,5600000.0,,,485100000.0,100000.0,67200000.0,6500000.0,,111000000.0,,,,,,,,,,,,,,,,
,,,,17100000.0,,,,103700000.0,,,,,,500000.0,,,,,,45200000.0,49600000.0,,,,,,,,,409400000.0,,17200000.0,,,21900000.0,-1500000.0,50000000.0,,,-200000.0,-1600000.0,21600000.0,,,,,15400000.0,,,,50000000.0,,4400000.0,1300000.0,,,,800000.0,,156100000.0,80900000.0,42100000.0,,,2800000.0,76800000.0,,,,,,,,99300000.0,-43300000.0,,-0.03,,9900000.0,,,,,,,,,,,-9900000.0,-26900000.0,,,,,-1500000.0,,6600000.0,-1500000.0,,,,,,,-4900000.0,34100000.0,7900000.0,-0.03,,,,,,,,77700000.0,,,,,,,,8600000.0,,-8200000.0,,,4200000.0,7600000.0,,,,,,,,,,,11700000.0,,204100000.0,,,,,,,,7300000.0,,,,,,,,26700000.0,26700000.0,,,1600000.0,,,2800000.0,300000.0,,,346300000.0,-4600000.0,-1500000.0,,,502400000.0,-9900000.0,65400000.0,-36700000.0,,93000000.0,,,,,,,,,,,,,,,,
,,,,9500000.0,,,,118800000.0,,,,,,-8100000.0,,,,,,44700000.0,43200000.0,,,,,,,,,428000000.0,,28800000.0,,,1800000.0,-25400000.0,50000000.0,,,-400000.0,400000.0,32400000.0,,,,,16700000.0,,,,48148148.0,,3600000.0,19700000.0,,,,0.0,,162900000.0,91600000.0,55100000.0,,,6700000.0,87500000.0,,,,,,,,109700000.0,-36200000.0,,0.27,,20400000.0,,,,,,,,,,,10300000.0,-31300000.0,,,,,13000000.0,,15000000.0,13000000.0,,,,,,,,45900000.0,7800000.0,0.26,,,,,,,,77300000.0,,,,,,,,8200000.0,,-300000.0,,,9000000.0,7600000.0,,,,,,,,,,,12000000.0,,218000000.0,,,,,,,,8400000.0,,,,,,,,29600000.0,29600000.0,,,1000000.0,,,-500000.0,400000.0,,,373500000.0,-9400000.0,13000000.0,,,536400000.0,10300000.0,68000000.0,-21200000.0,,108400000.0,,,,,,,,,,,,,,,,
,,,-58294000.0,23611000.0,1265000.0,,,134563000.0,943000.0,11784000.0,,,,-12947000.0,,-36682000.0,15530000.0,,1777000.0,57177000.0,-1120000.0,,26156000.0,153338000.0,,0.73,,35709000.0,,488833000.0,68149000.0,34110000.0,-114107000.0,,-57133000.0,-31813000.0,,21582000.0,,,-2302000.0,11017000.0,-11985000.0,3352000.0,,,-39724000.0,359613000.0,440330000.0,0.7,,510000.0,4230000.0,29791000.0,,,,-11485000.0,-168000.0,153338000.0,138238000.0,75852000.0,32725000.0,9841000.0,9782000.0,97881000.0,,80717000.0,506458000.0,,6166000.0,-1120000.0,-15347000.0,144930000.0,32506000.0,,,-4202000.0,23687000.0,,,170963000.0,1128000.0,35709000.0,,51012857.0,,29818000.0,-13777000.0,16732000.0,-36682000.0,35709000.0,20530000.0,,,20009000.0,-74513000.0,18726000.0,20009000.0,0.0,6961000.0,79611000.0,57291000.0,11784000.0,12504000.0,,68149000.0,13260000.0,,,4176000.0,32323000.0,292693000.0,71248000.0,,488833000.0,133913000.0,292693000.0,,,659796000.0,17232000.0,,62762000.0,9841000.0,75852000.0,4370000.0,71248000.0,,12504000.0,6961000.0,-19120000.0,,32725000.0,,58126000.0,,57177000.0,60187000.0,,,-12670000.0,17084000.0,17084000.0,39336000.0,6889000.0,6166000.0,,48916438.0,33170000.0,,10423000.0,,,138238000.0,,510000.0,,-3730000.0,39336000.0,33170000.0,97881000.0,92510000.0,1128000.0,33170000.0,134563000.0,-17020000.0,143000.0,-62933000.0,13260000.0,506458000.0,,20009000.0,,62762000.0,659796000.0,-114607000.0,26156000.0,51232000.0,1777000.0,170963000.0,,,,,,,,,,,,,,,,
,,,,,,,,145700000.0,,,,,,9200000.0,,,,,,53500000.0,23300000.0,,,,,,,,,496700000.0,,21100000.0,,,-23100000.0,-34600000.0,55000000.0,,,-4400000.0,,25800000.0,,,,,20500000.0,,,,55000000.0,,4700000.0,10300000.0,,,,-9600000.0,,141600000.0,116100000.0,81200000.0,,,3500000.0,103500000.0,,,,,,,,123800000.0,-11000000.0,,0.1,,10900000.0,,,,,,,,,,,5100000.0,-42200000.0,,,,,6800000.0,,27100000.0,5500000.0,,,,,,,-3700000.0,61500000.0,40800000.0,0.1,,,,,,,,98000000.0,,,,,,,,9700000.0,,200000.0,,,14100000.0,7100000.0,,,,,,,,,,,14900000.0,,292300000.0,,,,,,,,10200000.0,,,,33200000.0,,,,29400000.0,29400000.0,,,1100000.0,,,-500000.0,800000.0,,,526100000.0,11000000.0,5500000.0,,,667700000.0,5100000.0,130300000.0,16100000.0,,171000000.0,,,,,,,,,,,,,,,,
,,,,,,,,234300000.0,,,,,,-9300000.0,,,,,,68900000.0,18200000.0,,,,,,,,,510300000.0,,31100000.0,,,-4400000.0,-56200000.0,54285714.0,,,3900000.0,,36100000.0,,,,,20400000.0,,,,51818182.0,,5000000.0,17300000.0,,,,-7400000.0,,153000000.0,141800000.0,91200000.0,,,5900000.0,186500000.0,,,,,,,,148500000.0,-53200000.0,,0.22,,20200000.0,,,,,,,,,,,48000000.0,-47800000.0,,,,,11400000.0,,14500000.0,11400000.0,,,,,,,5400000.0,59000000.0,16900000.0,0.21,,,,,,,,112400000.0,,,,,,,,9900000.0,,-300000.0,,,98600000.0,7100000.0,,,,,,,,,,,15900000.0,,304200000.0,,,,,,,,10900000.0,,,,,,,,34900000.0,34900000.0,,,13900000.0,,,-1500000.0,1400000.0,,,625000000.0,-13700000.0,11400000.0,,,778000000.0,48000000.0,134300000.0,-38700000.0,,257300000.0,,,,,,,,,,,,,,,,
,,,,-100000.0,,,-28400000.0,256000000.0,,,,,,-7400000.0,,,,,,62100000.0,21800000.0,,,,,,,,,498500000.0,,35200000.0,,,16700000.0,-21300000.0,53529412.0,,,-6300000.0,-200000.0,40700000.0,,,,,19300000.0,,,,50555556.0,,5500000.0,24800000.0,,,,-15500000.0,,177500000.0,150700000.0,83500000.0,,,8400000.0,201700000.0,,,,,4400000.0,,,136700000.0,-38800000.0,,-0.18,,26200000.0,,,,,,,,,,,-2500000.0,-54300000.0,,,,,16400000.0,,16600000.0,-9100000.0,,,,,,,-7000000.0,69300000.0,8900000.0,-0.18,,,,,,,,96000000.0,,,,,,,,10000000.0,,400000.0,,,125400000.0,,,,,,,,,,,,14500000.0,,292000000.0,,,,,,,,9000000.0,,,,,500000.0,,,32300000.0,27900000.0,,,19300000.0,,,900000.0,2000000.0,,,616200000.0,-16700000.0,-9100000.0,,,793700000.0,-2500000.0,122500000.0,-22200000.0,,285000000.0,,,,,,,,,,,,,,,,
,,,-61211000.0,282000.0,-317000.0,,-12000.0,159677000.0,4865000.0,9465000.0,,-36212000.0,-217000.0,309000.0,,-31957000.0,26855000.0,,-1745000.0,42452000.0,276880000.0,,3250000.0,411737000.0,,-0.29,,-14988000.0,,474093000.0,68794000.0,-15039000.0,-1268000.0,20410000.0,-12795000.0,-45812000.0,,-1056000.0,,,,-50271000.0,-97295000.0,-12760000.0,,,-13571000.0,285967000.0,338496000.0,-0.29,,509000.0,11555000.0,-52755000.0,,,,-64795000.0,9709000.0,411737000.0,135147000.0,60762000.0,166801000.0,6261000.0,-18956000.0,127720000.0,,52529000.0,376389000.0,,10890000.0,276880000.0,-7191000.0,-63704000.0,41789000.0,,,,-31726000.0,,,301948000.0,14436000.0,-14988000.0,,53528571.0,,33170000.0,-65678000.0,26272000.0,-31957000.0,1001000.0,26855000.0,,,-33799000.0,-157912000.0,12720000.0,-22788000.0,,12547000.0,3082000.0,-55000.0,9465000.0,151204000.0,-7460000.0,68794000.0,3050000.0,,,46629000.0,46787000.0,201716000.0,53118000.0,,474093000.0,-13433000.0,201716000.0,,,788126000.0,76872000.0,,39250000.0,6261000.0,60762000.0,-19297000.0,53118000.0,,151204000.0,12547000.0,-10510000.0,,166801000.0,,70920000.0,,42452000.0,25674000.0,,,-18545000.0,2574000.0,2574000.0,31300000.0,3899000.0,10890000.0,,51682759.0,20410000.0,,16687000.0,,,135147000.0,27900000.0,509000.0,,-18497000.0,31300000.0,20410000.0,127720000.0,72461000.0,14436000.0,20410000.0,159677000.0,-9410000.0,765000.0,-23595000.0,3050000.0,376389000.0,,-22788000.0,,39250000.0,788126000.0,-51868000.0,3250000.0,54509000.0,-1745000.0,301948000.0,,,,,,,,,,,,,,,,
,,,,965000.0,,,-9860000.0,156881000.0,,144493000.0,,,365000.0,3689000.0,,,,,-6658000.0,41823000.0,-4005000.0,,,,,,,,,742606000.0,,89305000.0,,554928000.0,690819000.0,659253000.0,51612186.0,,,,,9366000.0,,,,,2280000.0,,,,50792945.0,,4801000.0,1982000.0,,,-23129000.0,-146894000.0,,658063000.0,247564000.0,343006000.0,40870000.0,,793000.0,123070000.0,,,,,8434000.0,,,85283000.0,-9402000.0,,5.67,,79100000.0,,,,,,,,,,,-136667000.0,-33811000.0,,,,,1189000.0,,16081000.0,287996000.0,,,,,,,534518000.0,61248000.0,3185000.0,5.58,772000.0,,,201541000.0,48011000.0,,,75917000.0,,,,,,,52827000.0,7253000.0,,904000.0,,,25448000.0,12237000.0,,,,,,,,,,,-69734000.0,,2595000.0,,,,,,,,10205000.0,,,,20410000.0,503000.0,,,563362000.0,554928000.0,,,,,,0.0,2105000.0,,,385209000.0,,287996000.0,,,1043272000.0,-127579000.0,5176000.0,6679000.0,,288434000.0,,,,,,,,,,,,,,,,
,,,,307000.0,,,-130097000.0,160566000.0,,129707000.0,,,5000.0,-37127000.0,,,,,-13539000.0,43312000.0,-3928000.0,,,,,,,,,611209000.0,,91107000.0,,421241000.0,-12499000.0,-85572000.0,46690000.0,,,,,11322000.0,,,,,1457000.0,,,,46690000.0,,4566000.0,7781000.0,,,-11070000.0,-14661000.0,,596778000.0,235059000.0,347675000.0,139023000.0,,3112000.0,123088000.0,,,,,61774000.0,,,92490000.0,-4304000.0,,0.1,,84717000.0,,,,,,,,,,,-23805000.0,-37478000.0,,,,,4669000.0,,-24606000.0,4669000.0,,,,,,,-133687000.0,62040000.0,2799000.0,0.1,214000.0,,,225358000.0,55130000.0,,,81168000.0,,,,,,,52921000.0,6207000.0,,5178000.0,,,123999000.0,12225000.0,,,,,,,,,,,-73395000.0,,2596000.0,,,,,,,,6390000.0,,,,554928000.0,419000.0,,,483015000.0,421241000.0,,,,,,-58006000.0,946000.0,,,410362000.0,,4669000.0,,,1007140000.0,106078000.0,6399000.0,-28910000.0,,374082000.0,,,,,,,,,,,,,,,,
,,,,761000.0,,,-71057000.0,169529000.0,,130661000.0,,,-35000.0,-7300000.0,,,,,-21628000.0,39534000.0,-2746000.0,,,,,,,,,530912000.0,,54530000.0,,192243000.0,-30464000.0,-163861000.0,47800000.0,,,,,6742000.0,,,,,1944000.0,,,,47800000.0,,4620000.0,-1730000.0,,,-3834000.0,-1594000.0,,495974000.0,234023000.0,346241000.0,141343000.0,,1607000.0,130329000.0,,,,,185923000.0,,,59969000.0,-4993000.0,,-0.03,,49437000.0,,,,,,,,,,,-61229000.0,-39200000.0,,,,,-3337000.0,,-1732000.0,-1434000.0,,,,,,,-227583000.0,45908000.0,3214000.0,-0.03,257000.0,,,222727000.0,57043000.0,,,53227000.0,,,,,,,74042000.0,5451000.0,,4157000.0,,,126400000.0,11729000.0,,,,,,,,,,,-42695000.0,,2594000.0,,,,,,,,5093000.0,,,,421241000.0,373000.0,,,378166000.0,192243000.0,,,17920000.0,,,-125331000.0,2097000.0,,,435334000.0,,-1434000.0,,,931308000.0,6439000.0,5642000.0,-6725000.0,,375366000.0,,,,,,,,,,,,,,,,
,,,-33813000.0,224993000.0,-4639000.0,,-975000.0,210807000.0,7322000.0,119511000.0,,-211989000.0,-4974000.0,200000.0,,-38965000.0,20306000.0,,-12685000.0,20108000.0,3936000.0,,8604000.0,451172000.0,,7.02,,305222000.0,,553263000.0,93351000.0,-176952000.0,24931000.0,116490000.0,-731405000.0,-104558000.0,,-4308000.0,,,,15343000.0,-259670000.0,97495000.0,40452000.0,,22567000.0,270619000.0,316651000.0,7.02,,373000.0,6319000.0,-18104000.0,,,-8123000.0,-96521000.0,-25885000.0,451172000.0,293714000.0,360232000.0,137106000.0,5832000.0,-9788000.0,171842000.0,,46032000.0,565791000.0,,202077000.0,3936000.0,-40538000.0,98914000.0,-15114000.0,,,,-185706000.0,,,430820000.0,20292000.0,305222000.0,,43478917.0,,18995000.0,-46156000.0,9675000.0,-38965000.0,-1617000.0,38489000.0,,,-8316000.0,305262000.0,18185000.0,13991000.0,,4824000.0,227026000.0,-5925000.0,119511000.0,128575000.0,-75753000.0,93351000.0,3707000.0,,22000.0,28248000.0,30442000.0,296422000.0,68468000.0,,553263000.0,83571000.0,296422000.0,,40452000.0,1016963000.0,-212026000.0,,83934000.0,5832000.0,360232000.0,-16851000.0,68468000.0,,128575000.0,4824000.0,-488352000.0,,137106000.0,,7928000.0,,20108000.0,7543000.0,,,201049000.0,2611000.0,2611000.0,318567000.0,1265000.0,202077000.0,,43478917.0,116490000.0,,8754000.0,,,293714000.0,192243000.0,373000.0,,-2655000.0,318567000.0,116490000.0,171842000.0,37985000.0,20292000.0,116490000.0,210807000.0,-305015000.0,2595000.0,-83549000.0,3707000.0,565791000.0,,13991000.0,,83934000.0,1016963000.0,9190000.0,8604000.0,3071000.0,-12685000.0,430820000.0,,,,,,,,,,,,,,,,
,,,,103098000.0,,,0.0,219039000.0,,14046000.0,,,-41000.0,-95015000.0,,,,,-22960000.0,18076000.0,-6735000.0,,,,,,,,,537414000.0,,118189000.0,,66306000.0,-4915000.0,13410000.0,37367742.0,,,,,12372000.0,,,,,21098000.0,,,,37367742.0,,5986000.0,-18534000.0,,,-15775000.0,-6880000.0,,309098000.0,171099000.0,348648000.0,143886000.0,,-6950000.0,172652000.0,,,,,123673000.0,,,120446000.0,-13301000.0,,-0.31,,108883000.0,,,,,,,,,,,13787000.0,-46387000.0,,,,,-11584000.0,,-76236000.0,-11584000.0,,,,,,,-50184000.0,88197000.0,9435000.0,-0.31,3806000.0,,,293412000.0,58995000.0,,,108074000.0,,,39801000.0,,,,106622000.0,5798000.0,,-17114000.0,,,129727000.0,4724000.0,,,,,,,,,,,-96511000.0,,4757000.0,,,,,,,,9306000.0,,,,116490000.0,377000.0,,,189979000.0,66306000.0,,,10979000.0,,,-55697000.0,2229000.0,,,594449000.0,,-11584000.0,,,903547000.0,16114000.0,17006000.0,-89537000.0,,314985000.0,,,,,,,,,,,,,,,,
,,,,116661000.0,,,0.0,229095000.0,,3151000.0,,,-149000.0,-18559000.0,,,,,-27610000.0,17127000.0,-7542000.0,,,,,,,,,524334000.0,,126774000.0,,92251000.0,2100000.0,2471000.0,38382857.0,,,,,24061000.0,,,,,31167000.0,,,,38382857.0,,5901000.0,-20416000.0,,,-12375000.0,-1833000.0,,299596000.0,158402000.0,335214000.0,140451000.0,,-6982000.0,178657000.0,,,,,89419000.0,,,130395000.0,-14991000.0,,-0.35,,117604000.0,,,,,,,,,,,15957000.0,-50438000.0,,,,,-13434000.0,,8195000.0,-13434000.0,,,,,,,25945000.0,68702000.0,9971000.0,-0.35,3152000.0,,,293888000.0,60255000.0,,,106334000.0,,,56151000.0,,,,90265000.0,6691000.0,,-29252000.0,,,127368000.0,3112000.0,,,,,,,,,,,-93543000.0,,4753000.0,,,,,,,,9170000.0,,,,66306000.0,381000.0,,,181670000.0,92251000.0,,,13271000.0,,,-88924000.0,2434000.0,,,580386000.0,,-13434000.0,,,879982000.0,5785000.0,12823000.0,-6796000.0,,298853000.0,,,,,,,,,,,,,,,,
,,,,31359000.0,,,0.0,249973000.0,,5315000.0,,,28000.0,-18584000.0,,,,,-18007000.0,22200000.0,-9397000.0,,,,,,,,,552962000.0,,107128000.0,,90437000.0,-1980000.0,-4463000.0,41845000.0,,,,,12014000.0,,,,,-10702000.0,,,,38040909.0,,5643000.0,12605000.0,,,-22626000.0,-10405000.0,,315571000.0,152916000.0,343582000.0,141183000.0,,4236000.0,191942000.0,,,,,58621000.0,,,107749000.0,-12064000.0,,0.22,,97327000.0,,,,,,,,,,,13368000.0,-58031000.0,,,,,8369000.0,,-11089000.0,8369000.0,,,,,,,-1814000.0,65487000.0,10282000.0,0.2,8052000.0,,,311887000.0,71765000.0,,,95735000.0,,,41482000.0,,,,70804000.0,6465000.0,,13213000.0,,,127897000.0,3004000.0,,,,,,,,,,,-85313000.0,,4747000.0,,,,,,,,9801000.0,,,,92251000.0,386000.0,,,149058000.0,90437000.0,,,18432000.0,,,848000.0,2200000.0,,,590389000.0,,8369000.0,,,905960000.0,2109000.0,11009000.0,-23153000.0,,294099000.0,,,,,,,,,,,,,,,,
,,,-55785000.0,42579000.0,-1213000.0,,0.0,261655000.0,9169000.0,31723000.0,,0.0,-1051000.0,18479000.0,,-60147000.0,22003000.0,,-26704000.0,15696000.0,-11415000.0,,14709000.0,288714000.0,,-0.46,,-17446000.0,,545855000.0,66389000.0,-610816000.0,24797000.0,102194000.0,-1926000.0,-10882000.0,,-5680000.0,,,,22549000.0,-202520000.0,-14296000.0,48462000.0,,7403000.0,413809000.0,484804000.0,-0.46,,387000.0,4473000.0,3220000.0,,,-9701000.0,-183402000.0,-101189000.0,288714000.0,168719000.0,342786000.0,138681000.0,7344000.0,4016000.0,201508000.0,,70995000.0,621522000.0,,60091000.0,-11415000.0,-113679000.0,126214000.0,-15429000.0,,,,-620507000.0,,,307400000.0,6449000.0,-17446000.0,,37926087.0,,116490000.0,-60477000.0,-12459000.0,-60147000.0,-17446000.0,367688000.0,,,-796000.0,536000.0,33726000.0,-796000.0,,0.0,293697000.0,-23126000.0,31723000.0,124474000.0,11757000.0,66389000.0,14207000.0,,1916000.0,48966000.0,37968000.0,317591000.0,70925000.0,,545855000.0,103665000.0,317591000.0,,48462000.0,910236000.0,30653000.0,,67713000.0,7344000.0,342786000.0,-5678000.0,70925000.0,,124474000.0,0.0,-170178000.0,,138681000.0,,-45404000.0,,15696000.0,-296693000.0,,,643056000.0,8400000.0,8400000.0,162285000.0,16926000.0,60091000.0,,37926087.0,102194000.0,,9691000.0,,,168719000.0,90437000.0,387000.0,,-38831000.0,162285000.0,102194000.0,201508000.0,-258725000.0,6449000.0,102194000.0,261655000.0,-26405000.0,2306000.0,-6721000.0,14207000.0,621522000.0,,-796000.0,,67713000.0,910236000.0,789000.0,14709000.0,18297000.0,-26704000.0,307400000.0,,,,,,,,,,,,,,,,
,,,,13950000.0,,,,279263000.0,,27471000.0,,,-344000.0,4775000.0,,,,,-31068000.0,17272000.0,-15666000.0,,,,,,,,,560271000.0,,137420000.0,,114316000.0,-5226000.0,-17713000.0,41600000.0,,,,,11663000.0,,,,,2608000.0,,,,41600000.0,,7755000.0,179000.0,,,-10207000.0,-567000.0,,309427000.0,201991000.0,342370000.0,139354000.0,,595000.0,212721000.0,,,,,47884000.0,,,138369000.0,-13487000.0,,-0.01,,130614000.0,,,,,,,,,,,16640000.0,-66542000.0,,,,,531000.0,,13429000.0,-416000.0,,,,,,,12122000.0,87259000.0,15298000.0,-0.01,8628000.0,,,333517000.0,87640000.0,,,126706000.0,,,54541000.0,,,,36051000.0,7349000.0,,-1726000.0,,,124056000.0,,,,,,,,,,,,-118951000.0,,9503000.0,,,,,,,,6806000.0,,,,102194000.0,398000.0,,,162200000.0,114316000.0,,,15448000.0,,,-2743000.0,2003000.0,,,654997000.0,,-416000.0,,,964424000.0,-4412000.0,49072000.0,-58000.0,,341345000.0,,,,,,,,,,,,,,,,
,,,,21469000.0,,,,293585000.0,,19408000.0,,,2290000.0,-6287000.0,,,,,-20413000.0,16169000.0,-16544000.0,,,,,,,,,498521000.0,,142023000.0,,140799000.0,11649000.0,-3897000.0,39100000.0,,,,,22479000.0,,,,,103689000.0,,,,39100000.0,,7885000.0,-6667000.0,,,-11633000.0,-2960000.0,,312661000.0,197002000.0,261144000.0,139218000.0,,-1584000.0,223179000.0,,,,,35370000.0,,,159422000.0,-12445000.0,,-0.13,,134293000.0,,,,,,,,,,,4370000.0,-70406000.0,,,,,-3792000.0,,26196000.0,-5083000.0,,,,,,,26483000.0,75318000.0,15070000.0,-0.13,5873000.0,,,265169000.0,76856000.0,,,136943000.0,,,69594000.0,,,,28531000.0,7340000.0,,-1641000.0,,,124148000.0,,,,,,,,,,,,-111814000.0,,5888000.0,,,,,,,,7730000.0,,,,114316000.0,403000.0,,,176169000.0,140799000.0,,,16513000.0,,,-12937000.0,2376000.0,,,590286000.0,,-5083000.0,,,902947000.0,1469000.0,48492000.0,13751000.0,,336220000.0,,,,,,,,,,,,,,,,
,,,,11255000.0,,,,362744000.0,,21776000.0,,,63000.0,780000.0,,,,,-26754000.0,27298000.0,-12512000.0,,,,,,,,,484439000.0,,129183000.0,,104985000.0,-13987000.0,-42148000.0,40650000.0,,,,,10417000.0,,,,,13860000.0,,,,40650000.0,,6551000.0,-7525000.0,,,-16601000.0,-13121000.0,,273459000.0,221971000.0,252962000.0,171175000.0,,-1834000.0,286604000.0,,,,,39221000.0,,,131463000.0,-20903000.0,,-0.14,,121912000.0,,,,,,,,,,,-5285000.0,-76140000.0,,,,,-5904000.0,,13792000.0,-5691000.0,,,,,,,-35814000.0,94914000.0,18595000.0,-0.14,193000.0,,,281197000.0,75264000.0,,,121046000.0,,,60922000.0,,,,30337000.0,6981000.0,,-6324000.0,,,144643000.0,7937000.0,,,,,,,,,,,-111495000.0,,5717000.0,,,,,,,,7271000.0,,,,140799000.0,402000.0,,,144206000.0,104985000.0,,,17061000.0,,,-1912000.0,2067000.0,,,673073000.0,,-5691000.0,,,946532000.0,1136000.0,46298000.0,-7111000.0,,393146000.0,,,,,,,,,,,,,,,,
,,,-69755000.0,15536000.0,-9108000.0,,,389324000.0,8391000.0,14758000.0,,0.0,-11117000.0,15087000.0,,-79873000.0,26122000.0,,-19244000.0,29323000.0,-12951000.0,,42143000.0,269974000.0,,-2.4,,-95943000.0,,485928000.0,100344000.0,-812285000.0,5445000.0,104685000.0,2883000.0,-33750000.0,,-3490000.0,,,,20731000.0,-20142000.0,2491000.0,68853000.0,,18193000.0,541256000.0,603998000.0,-2.4,,403000.0,6480000.0,-4352000.0,,,-17766000.0,-3494000.0,11370000.0,269974000.0,224643000.0,246843000.0,180691000.0,6223000.0,-667000.0,309451000.0,,62742000.0,695301000.0,,22546000.0,-12951000.0,14355000.0,174745000.0,-22920000.0,,,,-821515000.0,,,405334000.0,11365000.0,-95943000.0,,39976250.0,,102194000.0,-56207000.0,6072000.0,-79873000.0,-14875000.0,494890000.0,,,-3685000.0,-97508000.0,27708000.0,-6119000.0,,,62210000.0,-18365000.0,14758000.0,154055000.0,-300000.0,100344000.0,26636000.0,,984000.0,138350000.0,31037000.0,272520000.0,98156000.0,,485928000.0,154014000.0,272520000.0,,68853000.0,965275000.0,21797000.0,,21105000.0,6223000.0,246843000.0,-16658000.0,98156000.0,,154055000.0,,-29075000.0,,180691000.0,,81125000.0,,29323000.0,-432148000.0,,,842246000.0,38064000.0,38064000.0,127231000.0,15678000.0,22546000.0,,39976250.0,104685000.0,,9230000.0,,,224643000.0,104985000.0,403000.0,,-19827000.0,127231000.0,104685000.0,309451000.0,-401111000.0,11365000.0,104685000.0,389324000.0,-11483000.0,1945000.0,-4681000.0,26636000.0,695301000.0,,-6119000.0,,21105000.0,965275000.0,7252000.0,42143000.0,4788000.0,-19244000.0,405334000.0,,,,,,,,,,,,,,,,
,,,,8287000.0,,,,345732000.0,,1130000.0,,,-2422000.0,-3408000.0,,,,,-18236000.0,26016000.0,78774000.0,,,,,,,,,476864000.0,,7227000.0,,99040000.0,-4532000.0,-17223000.0,40951282.0,,,,,4905000.0,,,,,18678000.0,,,,40951282.0,,6771000.0,-21154000.0,,,-1714000.0,-2626000.0,,330086000.0,238552000.0,230872000.0,178461000.0,,-8012000.0,289691000.0,,,,,23726000.0,,,108721000.0,-9414000.0,,-0.39,,-1866000.0,,,,,,,,,,,-1201000.0,-56041000.0,,,,,-13142000.0,,11187000.0,-15971000.0,,,,,,,-7003000.0,141643000.0,26546000.0,-0.39,90000.0,,,194526000.0,80595000.0,,,103816000.0,,,57664000.0,,,,5705000.0,4702000.0,,-16886000.0,,,151915000.0,,,,,,,,,,,,6771000.0,,36157000.0,,,,,,,,9093000.0,,,,106043000.0,410000.0,,,115586000.0,91860000.0,,,12099000.0,,,-9850000.0,2402000.0,,,637407000.0,,-15971000.0,,,967493000.0,771000.0,83511000.0,1773000.0,,417013000.0,,,,,,,,,,,,,,,,
,,,,26422000.0,,,,356764000.0,,64368000.0,,,-3307000.0,9208000.0,,,,,2436000.0,33857000.0,61027000.0,,,,,,,,,557120000.0,,-3718000.0,,184949000.0,95021000.0,57842000.0,41134667.0,,,,,17719000.0,,,,,29699000.0,,,,41134667.0,,6680000.0,-16454000.0,,,-37319000.0,-4584000.0,,368000000.0,311124000.0,261727000.0,167015000.0,,-3222000.0,307482000.0,,,,,9957000.0,,,116242000.0,-18070000.0,,0.75,,-11119000.0,,,,,,,,,,,209000.0,-49282000.0,,,,,-13232000.0,,29217000.0,30851000.0,,,,,,,87267000.0,115004000.0,49443000.0,0.75,1395000.0,,,215412000.0,55425000.0,,,98523000.0,,,79287000.0,,,,4435000.0,3503000.0,,-2177000.0,,,117572000.0,,,,,,,,,,,,28838000.0,,66885000.0,,,,,,,,7401000.0,,,,99040000.0,413000.0,,,190526000.0,180569000.0,,,18608000.0,,,-8212000.0,3158000.0,,,701166000.0,,30851000.0,,,1069166000.0,986000.0,73161000.0,11147000.0,,478139000.0,,,,,,,,,,,,,,,,
,,,,2150000.0,,,,394010000.0,,35532000.0,,,-118000.0,-38125000.0,,,,,5248000.0,33513000.0,61053000.0,,,,,,,,,606004000.0,,17947000.0,,90960000.0,-993000.0,-72063000.0,45208333.0,,,,,13853000.0,,,,,2641000.0,,,,41730769.0,,2592000.0,9468000.0,,,-3816000.0,-4823000.0,,304570000.0,270152000.0,267152000.0,135435000.0,,3698000.0,338543000.0,,,,,42044000.0,,,106327000.0,-37685000.0,,0.13,,10906000.0,,,,,,,,,,,5751000.0,-55467000.0,,,,,5770000.0,,-23136000.0,5425000.0,,,,,,,-93989000.0,109955000.0,48446000.0,0.12,8647000.0,,,223630000.0,44168000.0,,,92474000.0,,,70994000.0,,,,3758000.0,4054000.0,,420000.0,,,86989000.0,,,,,,,,,,,,2947000.0,,67268000.0,,,,,,,,7041000.0,,,,184949000.0,438000.0,,,129071000.0,87027000.0,,,20158000.0,,,-32837000.0,1858000.0,,,745963000.0,,5425000.0,,,1050533000.0,-423000.0,78645000.0,-60821000.0,,405587000.0,,,,,,,,,,,,,,,,
,,,-81078000.0,30209000.0,-6471000.0,,,429606000.0,8844000.0,20346000.0,,,-624000.0,7677000.0,,-63756000.0,19530000.0,,22200000.0,33992000.0,-29760000.0,,145098000.0,269857000.0,,1.1,,46135000.0,,669150000.0,160691000.0,37247000.0,-419000.0,98388000.0,-97523000.0,-11423000.0,,2930000.0,,,,39545000.0,-39482000.0,-6297000.0,76080000.0,,9704000.0,396634000.0,472806000.0,1.05,,450000.0,3488000.0,51509000.0,,,-19040000.0,-27449000.0,-22183000.0,269857000.0,312967000.0,292978000.0,121806000.0,3375000.0,10467000.0,365850000.0,,76172000.0,880057000.0,,16765000.0,-29760000.0,-24648000.0,154913000.0,-15909000.0,,,,35695000.0,,,434773000.0,21654000.0,46135000.0,,43938095.0,,104685000.0,-61889000.0,-7546000.0,-63756000.0,8087000.0,42580000.0,,,28581000.0,-42867000.0,41627000.0,25825000.0,,,67068000.0,23478000.0,20346000.0,75100000.0,7428000.0,160691000.0,46706000.0,,4892000.0,60722000.0,25087000.0,233561000.0,90636000.0,,669150000.0,115368000.0,233561000.0,,76080000.0,1149914000.0,-2787000.0,,3759000.0,3375000.0,292978000.0,17264000.0,90636000.0,,75100000.0,,-55312000.0,,121806000.0,,58895000.0,,33992000.0,33592000.0,,,3850000.0,88634000.0,88634000.0,108910000.0,15024000.0,16765000.0,,41940909.0,98388000.0,,1552000.0,,,312967000.0,90960000.0,450000.0,,-16023000.0,108910000.0,92145000.0,365850000.0,58679000.0,21654000.0,92145000.0,429606000.0,-4413000.0,1450000.0,-8027000.0,46706000.0,880057000.0,,25825000.0,,3759000.0,1149914000.0,-1753000.0,145098000.0,25718000.0,22200000.0,434773000.0,,,,,,,,,,,,,,,,
,,,,18621000.0,,,,433947000.0,,18968000.0,,,-660000.0,10664000.0,,,,,16332000.0,38098000.0,930000.0,,,,,,,,,668784000.0,,12118000.0,,122467000.0,-1355000.0,-1506000.0,38400000.0,,,,,9593000.0,,,,,3153000.0,,,,38400000.0,,5289000.0,5696000.0,,,-6133000.0,-22606000.0,,323481000.0,386042000.0,292594000.0,113440000.0,,707000.0,364324000.0,,,,,337000.0,,,132156000.0,-12631000.0,,-0.01,,3592000.0,,,,,,,,,,,3075000.0,-69623000.0,,,,,2507000.0,,21299000.0,-384000.0,,,,,,,24079000.0,218610000.0,45302000.0,-0.01,3547000.0,,,246033000.0,104389000.0,,,122563000.0,,,85801000.0,,,,,4084000.0,,3662000.0,,,68138000.0,,,,,,,,,,,,6001000.0,,89030000.0,,,,,,,,8526000.0,,,,98388000.0,453000.0,,,114631000.0,114294000.0,,,24565000.0,,,-8000.0,1558000.0,,,892780000.0,,-384000.0,,,1216261000.0,1647000.0,120202000.0,8668000.0,,499482000.0,,,,,,,,,,,,,,,,
,,,,54992000.0,,,,451483000.0,,11930000.0,,,8763000.0,-7430000.0,,,,,8114000.0,31657000.0,890000.0,,,,,,,,,693038000.0,,31203000.0,,132000000.0,-1070000.0,-22312000.0,48395349.0,,,,,29875000.0,,,,,-4240000.0,,,,45239130.0,,5431000.0,36312000.0,,,-3517000.0,-8474000.0,,326170000.0,321907000.0,313405000.0,109885000.0,,6409000.0,375573000.0,,,,,37370000.0,,,158251000.0,-35458000.0,,0.46,,22161000.0,,,,,,,,,,,5926000.0,-75910000.0,,,,,23837000.0,,26945000.0,20810000.0,,,,,,,9533000.0,171228000.0,39892000.0,0.43,5627000.0,,,244678000.0,67398000.0,,,128376000.0,,,86893000.0,,,,,3888000.0,,15746000.0,,,69993000.0,,,,,,,,,,,,7714000.0,,90152000.0,,,,,,,,9042000.0,,,,122467000.0,458000.0,,,161644000.0,124274000.0,,,20199000.0,,,-37259000.0,1595000.0,,,853431000.0,,20810000.0,,,1179601000.0,1857000.0,119440000.0,-8513000.0,,431792000.0,,,,,,,,,,,,,,,,
,,,,-19356000.0,,,,496918000.0,,1077000.0,,,1363000.0,-11921000.0,,,,,16206000.0,37190000.0,0.0,,,,,,,,,804096000.0,,22314000.0,,99405000.0,24886000.0,-46936000.0,49126316.0,,,,,24047000.0,,,,,12832000.0,,,,46670000.0,,5450000.0,16290000.0,,,-11655000.0,-5895000.0,,288098000.0,342963000.0,322738000.0,117703000.0,,2795000.0,415015000.0,,,,,30667000.0,,,146110000.0,-25949000.0,,0.2,,17706000.0,,,,,,,,,,,1629000.0,-81903000.0,,,,,9303000.0,,16216000.0,9334000.0,,,,,,,-32595000.0,187001000.0,44622000.0,0.19,2431000.0,,,345426000.0,71695000.0,,,122063000.0,,,86205000.0,,,,,4074000.0,,651000.0,,,73081000.0,,,,,,,,,,,,6341000.0,,113808000.0,,,,,,,,4608000.0,,,,132000000.0,486000.0,,,121417000.0,90750000.0,,,31490000.0,,,-14862000.0,2067000.0,,,1029884000.0,,9334000.0,,,1317982000.0,915000.0,110944000.0,-9733000.0,,460666000.0,,,,,,,,,,,,,,,,
,,,-100779000.0,19694000.0,1992000.0,,,582772000.0,7670000.0,16628000.0,,,-7474000.0,2334000.0,,-97180000.0,21380000.0,,47230000.0,20824000.0,20000000.0,,59388000.0,380897000.0,,1.36,,63011000.0,,878635000.0,263090000.0,55929000.0,1335000.0,116261000.0,-3503000.0,-57419000.0,,6798000.0,,,,54830000.0,-66939000.0,17873000.0,108542000.0,,12998000.0,529674000.0,648019000.0,1.29,,488000.0,5210000.0,52502000.0,,,-54457000.0,-29964000.0,23563000.0,380897000.0,456094000.0,355989000.0,158443000.0,4647000.0,-3113000.0,485592000.0,,118345000.0,1149813000.0,,4515000.0,20000000.0,-6353000.0,211502000.0,-26741000.0,,,,47788000.0,,,614537000.0,47010000.0,63011000.0,,48845736.0,,98388000.0,-75762000.0,21197000.0,-97180000.0,82658000.0,27098000.0,,,47011000.0,-128173000.0,59882000.0,33251000.0,,,73951000.0,110800000.0,16628000.0,86605000.0,16856000.0,263090000.0,71838000.0,,8049000.0,24743000.0,30317000.0,364973000.0,128523000.0,,878635000.0,156672000.0,364973000.0,,108542000.0,1530710000.0,31827000.0,,,4647000.0,355989000.0,-12462000.0,128523000.0,,86605000.0,,-57648000.0,,158443000.0,,124342000.0,,20824000.0,91247000.0,,,7042000.0,186141000.0,186141000.0,110144000.0,19654000.0,4515000.0,,46331618.0,116261000.0,,8141000.0,,,456094000.0,99405000.0,488000.0,,7597000.0,110144000.0,105629000.0,485592000.0,121564000.0,47010000.0,105629000.0,582772000.0,-5519000.0,2450000.0,18958000.0,71838000.0,1149813000.0,,33251000.0,,,1530710000.0,-3084000.0,59388000.0,33141000.0,47230000.0,614537000.0,,,,,,,,,,,,,,,,
,,,,897000.0,,,,580630000.0,,14369000.0,,,-1570000.0,29839000.0,,,,,30719000.0,23862000.0,6521000.0,,,,,,,,,873853000.0,,16854000.0,,104812000.0,8188000.0,-40801000.0,51066667.0,,,,,12230000.0,,,,,636000.0,,,,51066667.0,,6214000.0,5527000.0,,,-26269000.0,-48939000.0,,363376000.0,438339000.0,360585000.0,151329000.0,,691000.0,477730000.0,,,,,11816000.0,,,184114000.0,-14358000.0,,0.09,,5236000.0,,,,,,,,,,,-14817000.0,-102900000.0,,,,,3854000.0,,45119000.0,4596000.0,,,,,,,-11449000.0,276348000.0,48142000.0,0.09,5542000.0,,,360921000.0,114252000.0,,,171884000.0,,,97971000.0,,,,,4855000.0,,249000.0,,,81208000.0,21979000.0,,,,,,,,,,,6994000.0,,184572000.0,,,,,,,,11618000.0,,,,116261000.0,493000.0,,,116628000.0,104812000.0,,,25292000.0,,,-9259000.0,2374000.0,,,1138116000.0,,4596000.0,,,1501492000.0,-20359000.0,39715000.0,30761000.0,,589668000.0,,,,,,,,,,,,,,,,
,,,,10743000.0,,,,598768000.0,,2185000.0,,,385000.0,-17755000.0,,,,,24711000.0,29751000.0,18523000.0,,,,,,,,,898224000.0,,46450000.0,,85766000.0,-30450000.0,-45087000.0,52121053.0,,,,,39717000.0,,,,,6307000.0,,,,49515000.0,,5687000.0,33249000.0,,,20273000.0,-20103000.0,,307440000.0,369422000.0,380391000.0,139240000.0,,4738000.0,488411000.0,,,,,17905000.0,,,217789000.0,-29768000.0,,0.4,,33616000.0,,,,,,,,,,,2086000.0,-110357000.0,,,,,22157000.0,,23928000.0,19806000.0,,,,,,,-19046000.0,210407000.0,40617000.0,0.38,2994000.0,,,359333000.0,80887000.0,,,178072000.0,,,99374000.0,,,,,4613000.0,,-936000.0,,,78105000.0,20518000.0,,,,,,,,,,,6101000.0,,181627000.0,,,,,,,,12834000.0,,,,104812000.0,496000.0,,,103671000.0,85766000.0,,,27323000.0,,,-15885000.0,2704000.0,,,1144765000.0,,19806000.0,,,1452205000.0,-908000.0,36761000.0,-5840000.0,,508662000.0,,,,,,,,,,,,,,,,
,,,,-8690000.0,,,,658693000.0,,1774000.0,,,519000.0,-5155000.0,,,,,37405000.0,24334000.0,20533000.0,,,,,,,,,927139000.0,,33692000.0,,99453000.0,-3241000.0,-33404000.0,51382609.0,,,,,29352000.0,,,,,6852000.0,,,,49241667.0,,7173000.0,21019000.0,,,-3489000.0,-12263000.0,,297769000.0,375524000.0,392209000.0,152250000.0,,2977000.0,537452000.0,,,,,4699000.0,,,199204000.0,-38735000.0,,0.24,,20844000.0,,,,,,,,,,,14678000.0,-121241000.0,,,,,12047000.0,,26882000.0,11818000.0,,,,,,,12430000.0,208457000.0,55335000.0,0.23,2671000.0,,,360667000.0,90209000.0,,,169852000.0,,,96875000.0,,,,,4721000.0,,-90000.0,,,76196000.0,20719000.0,,,,,,,,,,,8508000.0,,191593000.0,,,,,,,,12848000.0,,,,85766000.0,498000.0,,,104152000.0,99453000.0,,,43453000.0,,,20751000.0,2611000.0,,,1209812000.0,,11818000.0,,,1507581000.0,12007000.0,39995000.0,-11853000.0,,527774000.0,,,,,,,,,,,,,,,,
,,,-109144000.0,2447000.0,11499000.0,,,704269000.0,10440000.0,31615000.0,,,12165000.0,-6929000.0,,-130332000.0,25460000.0,,38865000.0,30078000.0,-39006000.0,,44493000.0,410520000.0,,1.52,,75183000.0,,978709000.0,301569000.0,83946000.0,-1085000.0,105106000.0,7692000.0,-78751000.0,,19667000.0,,,,78926000.0,-159883000.0,-12412000.0,106463000.0,,-10182000.0,714906000.0,875376000.0,1.45,,499000.0,6386000.0,70226000.0,,,-60296000.0,-78578000.0,31916000.0,410520000.0,561413000.0,435554000.0,170142000.0,5282000.0,11261000.0,573937000.0,,160470000.0,1372423000.0,,4768000.0,-39006000.0,0.0,277770000.0,-26283000.0,,,,70481000.0,,,731555000.0,63044000.0,75183000.0,,51850345.0,,117518000.0,-69781000.0,38859000.0,-130332000.0,85746000.0,30048000.0,,,47561000.0,-198043000.0,45131000.0,38963000.0,,583000.0,5397000.0,130268000.0,31615000.0,99997000.0,5653000.0,301569000.0,69562000.0,,3104000.0,3613000.0,50765000.0,412114000.0,181211000.0,,978709000.0,198844000.0,412114000.0,,106463000.0,1782943000.0,40806000.0,,,5282000.0,435554000.0,1741000.0,181211000.0,,99997000.0,583000.0,-6704000.0,,170142000.0,,141060000.0,,30078000.0,130422000.0,,,8445000.0,222275000.0,222275000.0,109874000.0,14311000.0,4768000.0,,49462500.0,105106000.0,,13465000.0,,,561413000.0,99453000.0,499000.0,,964000.0,109874000.0,105106000.0,573937000.0,181187000.0,63044000.0,105106000.0,704269000.0,-2311000.0,2753000.0,-17811000.0,69562000.0,1372423000.0,,38963000.0,,,1782943000.0,35755000.0,44493000.0,18848000.0,38865000.0,731555000.0,,,,,,,,,,,,,,,,
,,,,3651000.0,,,,733229000.0,,31106000.0,,,-1524000.0,48915000.0,,,,,39658000.0,32444000.0,18627000.0,,,,,,,,,999648000.0,,14834000.0,,141634000.0,-667000.0,-30799000.0,49901220.0,,,,,9878000.0,,,,,2836000.0,,,,49901220.0,,9851000.0,32000.0,,,0.0,-41756000.0,,450836000.0,600373000.0,434737000.0,168330000.0,,233000.0,591116000.0,,,,,2974000.0,,,235110000.0,-31984000.0,,-0.01,,27000.0,,,,,,,,,,,4449000.0,-142113000.0,,,,,-767000.0,,64098000.0,-675000.0,,,,,,,36528000.0,345086000.0,68243000.0,-0.01,17534000.0,,,413450000.0,167326000.0,,,225232000.0,,,112099000.0,,,,,6002000.0,,-111000.0,,,98323000.0,1764000.0,,,,,,,,,,,9851000.0,,222594000.0,,,,,,,,14807000.0,,,,105106000.0,513000.0,,,144608000.0,141634000.0,,,50741000.0,,,-1799000.0,3606000.0,,,1391560000.0,,-675000.0,,,1842396000.0,1564000.0,44838000.0,32114000.0,,768703000.0,,,,,,,,,,,,,,,,
,,,,1122000.0,,,,803250000.0,,27041000.0,,,-3034000.0,-26850000.0,,,,,39698000.0,37681000.0,-45186000.0,,,,,,,,,1041602000.0,,71949000.0,,113859000.0,-14393000.0,-70298000.0,52740278.0,,,,,68401000.0,,,,,7490000.0,,,,51314865.0,,11420000.0,67240000.0,,,0.0,-27287000.0,,388465000.0,533515000.0,473033000.0,170769000.0,,12134000.0,648515000.0,,,,,5274000.0,,,303119000.0,-53883000.0,,0.74,,56981000.0,,,,,,,,,,,9486000.0,-154735000.0,,,,,40659000.0,,31729000.0,37973000.0,,,,,,,-27775000.0,259086000.0,53300000.0,0.72,328000.0,,,416899000.0,143740000.0,,,234718000.0,,,121367000.0,,,,,5448000.0,,9119000.0,,,114710000.0,2759000.0,,,,,,,,,,,11420000.0,,221602000.0,,,,,,,,14968000.0,,,,141634000.0,514000.0,,,119133000.0,113859000.0,,,59460000.0,,,-3144000.0,3142000.0,,,1446701000.0,,37973000.0,,,1835166000.0,312000.0,43989000.0,-22154000.0,,704284000.0,,,,,,,,,,,,,,,,
,,,,3243000.0,,,,865872000.0,,21772000.0,,,1938000.0,3450000.0,,,,,43966000.0,38758000.0,-43088000.0,,,,,,,,,1062366000.0,,19290000.0,,168260000.0,-165047000.0,-219390000.0,52121739.0,,,,,24656000.0,,,,,17691000.0,,,,52121739.0,,11154000.0,13997000.0,,,,-174012000.0,,413516000.0,553628000.0,485021000.0,380713000.0,,591000.0,698525000.0,,,,,5308000.0,,,260906000.0,-57513000.0,,0.23,,13502000.0,,,,,,,,,,,239907000.0,-167347000.0,,,,,9884000.0,,38638000.0,11988000.0,,,,,,,54401000.0,249399000.0,54976000.0,0.23,554000.0,,,511339000.0,144418000.0,,,236250000.0,,,124835000.0,,,,,5808000.0,,854000.0,,,320946000.0,4791000.0,,,,,,,,,,,11154000.0,,271475000.0,,,,,,,,5788000.0,,,,113859000.0,514000.0,,,173568000.0,168260000.0,,,89927000.0,,,-73000.0,4886000.0,,,1644897000.0,,11988000.0,,,2058413000.0,1177000.0,46105000.0,-18875000.0,,934341000.0,,,,,,,,,,,,,,,,
,,,-174732000.0,1429000.0,1671000.0,,,914560000.0,37064000.0,23141000.0,,,4291000.0,-9294000.0,,-185248000.0,46079000.0,,54496000.0,40788000.0,-17858000.0,,61457000.0,435387000.0,,1.98,,101409000.0,,1130695000.0,318702000.0,91184000.0,2622000.0,96987000.0,-64919000.0,-128493000.0,,24108000.0,,,,91543000.0,-568095000.0,-8119000.0,129484000.0,,18094000.0,951283000.0,1145761000.0,1.91,,514000.0,13654000.0,63225000.0,,,,-325040000.0,42084000.0,435387000.0,609354000.0,541358000.0,417540000.0,5803000.0,11150000.0,729312000.0,,194478000.0,1767626000.0,,,-17858000.0,16221000.0,346626000.0,-31352000.0,,,,77889000.0,,,1026894000.0,95668000.0,105623000.0,,53093717.0,,105106000.0,,-35317000.0,-185248000.0,108411000.0,46079000.0,,,58635000.0,-448980000.0,82351000.0,56337000.0,,28159000.0,9445000.0,144494000.0,23141000.0,327734000.0,-71273000.0,318702000.0,61647000.0,,693000.0,46111000.0,48858000.0,579811000.0,188567000.0,,1130695000.0,255083000.0,579811000.0,,129484000.0,2203013000.0,218525000.0,,,5803000.0,541358000.0,3272000.0,188567000.0,,327734000.0,28159000.0,-38667000.0,,417540000.0,,216816000.0,,40788000.0,148399000.0,,,13654000.0,265218000.0,265218000.0,96987000.0,19109000.0,,,51216667.0,96987000.0,,13295000.0,,,609354000.0,168260000.0,514000.0,,13134000.0,96987000.0,96987000.0,729312000.0,197257000.0,95668000.0,96987000.0,914560000.0,-33651000.0,25430000.0,-245026000.0,61647000.0,1767626000.0,,52123000.0,,,2203013000.0,-431000.0,61457000.0,50999000.0,54496000.0,1026894000.0,,,,,,,,,,,,,,,,
,,,,34592000.0,,,,949873000.0,,88529000.0,,,-9579000.0,47391000.0,,,,,51041000.0,55287000.0,-24097000.0,,,,,,,,,1082921000.0,,3128000.0,,113493000.0,-53028000.0,-49739000.0,51892000.0,,,,,10593000.0,,,,,15864000.0,,,,51892000.0,,11036000.0,-11581000.0,,,,-97044000.0,,494254000.0,630458000.0,488822000.0,626775000.0,,1646000.0,750476000.0,,,,,1081000.0,,,283524000.0,-30230000.0,,-0.5,,-9746000.0,,,,,,,,,,,8686000.0,-199397000.0,,,,,-11616000.0,,54925000.0,-11185000.0,,,,,,,16506000.0,323500000.0,194813000.0,-0.5,1269000.0,,,561982000.0,218686000.0,,,272931000.0,,,126156000.0,,,,,6888000.0,,-332000.0,,,399341000.0,32621000.0,,,,,,,,,,,20339000.0,,309956000.0,,,,,,,,12874000.0,,,,96987000.0,516000.0,,,114574000.0,113493000.0,,,34798000.0,,,-1073000.0,7598000.0,,,1845900000.0,,-25946000.0,,,2340154000.0,-512000.0,63367000.0,24695000.0,,1257233000.0,,,,,,,,,,,,,,,,
,,,,-800000.0,,,,1020018000.0,,11455000.0,,,2539000.0,-54935000.0,,,,,71909000.0,51263000.0,7381000.0,,,,,,,,,1161948000.0,,81035000.0,,138229000.0,35233000.0,-69693000.0,53826531.0,,,,,80335000.0,,,,,19103000.0,,,,51715686.0,,10330000.0,63950000.0,,,,-28266000.0,,467780000.0,561218000.0,541572000.0,592344000.0,,389000.0,803825000.0,,,,,277000.0,,,375776000.0,-55949000.0,,1.02,,66459000.0,,,,,,,,,,,44426000.0,-216193000.0,,,,,59037000.0,,40312000.0,58926000.0,,,,,,,14837000.0,300878000.0,138561000.0,0.98,3631000.0,,,588032000.0,181364000.0,,,295441000.0,,,135596000.0,,,,,6479000.0,,519000.0,,,419901000.0,33882000.0,,,,,,,,,,,13876000.0,,319734000.0,,,,,,,,14576000.0,,,,113493000.0,517000.0,,,138506000.0,138229000.0,,,62026000.0,,,883000.0,7903000.0,,,1920774000.0,,52750000.0,,,2388554000.0,-508000.0,74979000.0,-15637000.0,,1153562000.0,,,,,,,,,,,,,,,,
,,,-433035000.0,,-35702000.0,,,,307728000.0,,,-254000.0,,,,,110078000.0,-118020000.0,,,,,,,,-1.526141,,-203427000.0,,,,,-139776000.0,,,,,68061000.0,,,,,-1635326000.0,-86896000.0,,,,3148530000.0,3567117000.0,-1.526141,,,,,,,,,-193572000.0,,,,,,,,,418587000.0,,,,,24006000.0,,,,,-16519000.0,,,,,,-201058000.0,,134406000.0,,511049000.0,-14280000.0,,,-217347000.0,110078000.0,,,,-453896000.0,,,-15561000.0,,0.0,-140584000.0,,,,,,,,56994000.0,221235000.0,,,17289000.0,,,,,,,124825000.0,,,,,,,,,,-14280000.0,,,,239463000.0,,,308509000.0,,,,,,,0.0,,,133295000.0,427305000.0,,,,,,,,,-160832000.0,,,,388379000.0,,,,,,-50731000.0,,,,,,,,,,,,,,,,,,,,,,,,,,,,
,,,-500886000.0,,-16207000.0,,,,350196000.0,,,,,,,-839999000.0,141197000.0,-95295000.0,,,,,195207000.0,1390712000.0,,-0.594264,,-79216000.0,,,70438000.0,,-51449000.0,,,,,91246000.0,,,,,-644125000.0,132595000.0,354430000.0,,,3418449000.0,3913881000.0,-0.594264,,530000.0,,,,,,,-223340000.0,,,,,3360000.0,,,,495432000.0,7064368000.0,,,318000.0,-68633000.0,,,,,-35452000.0,,,,6945943000.0,220471000.0,-69678000.0,474855000.0,133300971.0,,427305000.0,-192013000.0,,,-90222000.0,141197000.0,,,,-889083000.0,,,-22872000.0,596518000.0,0.0,1929000.0,17073000.0,4118970000.0,,,,,,67876000.0,242725000.0,,,49512000.0,1465755000.0,,2376678000.0,,,8455080000.0,756663000.0,,,,-935009000.0,,420387000.0,,,,,,5349539000.0,,277546000.0,,124288000.0,354235000.0,,,,1609343000.0,,559900000.0,199720000.0,,,133300971.0,559900000.0,,,,,1596404000.0,,,,-23915000.0,,,2656726000.0,594850000.0,,559900000.0,3496725000.0,,,-263144000.0,212197000.0,,,,,,,,,,-268810000.0,,,,,,,,,,,,,,,,,
,,,,,,,,,,,,,,,,,,,,,,,,,,,,,,,,247673000.0,,,,,134973000.0,,,,,270910000.0,,,,,,,,,133307000.0,,33394000.0,155325000.0,,,,,,,,,,,46845000.0,,,,,,,,,1238530000.0,,,0.793469,,237516000.0,,,,,,,,,,,,,,,,,109049000.0,,,108209000.0,,,,,,,,,,0.783675,,,,,,,,967620000.0,,,,,,,,,,3333000.0,,,,,,,,,,,,,,,33394000.0,,,,,,,,,,,,,,,,,,,,,,,,,,92348000.0,,,,,105775000.0,,,,,,,,,,,,,,,,,,,,,,,,
,,,,4693000.0,,,,,,,,,1032000.0,184800000.0,,,,,,,,,,,,,,,,,,-24312000.0,,526514000.0,221249000.0,-149034000.0,,,,,6247000.0,19293000.0,,,,,9147000.0,,,,,,38530000.0,-194604000.0,,,-277017000.0,-111599000.0,,,,,,,1034000.0,,,,,13023000.0,,,,968859000.0,-98395000.0,,,,-19237000.0,,,,,,,,,,,108095000.0,,,,,,-195700000.0,,168297000.0,-193430000.0,,,,,,,92434000.0,,,,,,,,,,,949566000.0,,,,,,,,,,-83384000.0,,,,,,,,,,,,,,,38530000.0,,,,,,,,,,73101000.0,,,,434080000.0,,,,,,,,,,,,97191000.0,,,,-126797000.0,-196062000.0,,,,-15330000.0,,69902000.0,,,,,,,,,,,,,,,,,,
,,,-416746000.0,-1245000.0,-163257000.0,,,3486631000.0,385754000.0,41998000.0,,0.0,-183477000.0,-108050000.0,,-972312000.0,151215000.0,-166008000.0,-579041000.0,107385000.0,0.0,,450791000.0,1153438000.0,,-1.250895,,-166738000.0,,1017068000.0,40489000.0,137896000.0,-53242000.0,461584000.0,6108000.0,-137626000.0,,-39060000.0,,,6926000.0,280499000.0,-358086000.0,-98316000.0,392088000.0,,-7657000.0,3838179000.0,4414682000.0,-1.250895,,532000.0,50269000.0,-46115000.0,,,-10331000.0,-59406000.0,-147590000.0,1153438000.0,1669315000.0,-1093300000.0,5712355000.0,1828000.0,-93462000.0,2514319000.0,,576503000.0,7284780000.0,12389000.0,,0.0,-107909000.0,1329209000.0,-135634000.0,,,-28517000.0,230230000.0,,,7381670000.0,233286000.0,-158291000.0,471755000.0,134406000.0,,559900000.0,-287945000.0,47420000.0,-972312000.0,-162453000.0,151215000.0,,,47632000.0,-489181000.0,39053000.0,46962000.0,-6526000.0,570364000.0,3448000.0,-201671000.0,41998000.0,4333581000.0,-64930000.0,40489000.0,329128000.0,,,29208000.0,288331000.0,2469795000.0,452509000.0,49190000.0,1017068000.0,1048710000.0,2469795000.0,,392088000.0,8438218000.0,172586000.0,,,1828000.0,-1093300000.0,-172187000.0,452509000.0,,4333581000.0,570364000.0,0.0,471755000.0,5712355000.0,,269156000.0,,107385000.0,425288000.0,,,50269000.0,1608818000.0,1608818000.0,461584000.0,0.0,,-6082000.0,133295000.0,461584000.0,,77375000.0,,,1669315000.0,526514000.0,532000.0,,-263027000.0,461584000.0,461584000.0,2514319000.0,472414000.0,233286000.0,461584000.0,3486631000.0,,106636000.0,207497000.0,329128000.0,7284780000.0,171154000.0,46186000.0,,,8438218000.0,-18654000.0,450791000.0,-96581000.0,-579041000.0,7381670000.0,,,,,,,,,,,,,,,,
,,,,1386000.0,,,,,,,,,-34922000.0,-31272000.0,,,,,,,,,,,,,,,,,,-68857000.0,,429795000.0,-3404000.0,115524000.0,134973000.0,,,,-29833000.0,-14031000.0,,,,,21875000.0,,,,133307000.0,,39902000.0,-236366000.0,,,-7059000.0,-119907000.0,,,,,,,-8280000.0,,,,,10382000.0,,,,885584000.0,-62189000.0,,-1.694052,,-53933000.0,,,,,,,,,,,-47384000.0,,,,,,-226240000.0,,-87647000.0,-226030000.0,,,,,,,-31789000.0,,,-1.694052,,,,,,,,899615000.0,,,,,,,,,,-87697000.0,,,,,,,,,,,,,,,39902000.0,,,,,,,,,,69318000.0,,,,461584000.0,,,,,,,,,,,,98191000.0,,,,-303927000.0,-225829000.0,,,,-9453000.0,,-149836000.0,,,,,,,,,,,,,,,,,,
,,,,0.0,,,,3440010000.0,,57739000.0,,,374000.0,-157673000.0,,,,,-692631000.0,100230000.0,0.0,,,,,,,,,736045000.0,,309532000.0,,370800000.0,-5517000.0,-79382000.0,134973000.0,,,,4485000.0,280556000.0,,,,,3827000.0,,,,133307000.0,,47916000.0,140634000.0,,,818000.0,-103646000.0,,1236378000.0,1689920000.0,-1264269000.0,5574946000.0,,83999000.0,2409383000.0,,,,8577000.0,,,,1270177000.0,-80216000.0,,0.391915,,232640000.0,,,,,,,,,,,7674000.0,-1030627000.0,,,,,56932000.0,,9831000.0,55061000.0,,,,,,,-58995000.0,45584000.0,333800000.0,0.387077,,,,2334505000.0,638146000.0,,,989621000.0,,,391015000.0,,,,,1169000.0,,4394000.0,,,4231292000.0,519272000.0,,492086000.0,,,,,,,,,47916000.0,,1549037000.0,,,,,,,,69843000.0,,,,429795000.0,532000.0,,,370800000.0,370800000.0,,,243495000.0,,,,99055000.0,,,6801145000.0,36329000.0,52245000.0,,,8037523000.0,-6461000.0,267064000.0,-70385000.0,,7264866000.0,,,,,,,,,,,,,,,,
,,,,0.0,,,,3288059000.0,,48751000.0,,,-10650000.0,275963000.0,,,,,-935497000.0,104959000.0,0.0,,,,,,,,,369376000.0,,48636000.0,,618390000.0,-3235000.0,-77466000.0,,,,,333000.0,79605000.0,,,,,16638000.0,,,,,,46286000.0,-124492000.0,,,-464000.0,-59463000.0,,1498556000.0,1911870000.0,-1392881000.0,5535400000.0,,5868000.0,2271027000.0,,,,8263000.0,,,,985395000.0,-75391000.0,,,,33319000.0,,,,,,,,,,,51766000.0,-1017032000.0,,,,,-130397000.0,,298111000.0,-128612000.0,,,,,,,247590000.0,42184000.0,300406000.0,,,,,2125846000.0,661851000.0,,,905790000.0,,,347868000.0,,,,,1370000.0,,-58726000.0,,,4325564000.0,483958000.0,,813071000.0,,,,,,,,,46286000.0,,1472558000.0,,,,,,,,70229000.0,,,,370800000.0,532000.0,,,618390000.0,618390000.0,,,153098000.0,,,,102899000.0,,,6347431000.0,-92974000.0,-122910000.0,,,7845987000.0,-25199000.0,234959000.0,222720000.0,,7447270000.0,,,,,,,,,,,,,,,,
,,,-344056000.0,92000.0,-15563000.0,,,3334331000.0,398042000.0,48369000.0,,,29635000.0,-194469000.0,,-1043431000.0,194686000.0,-225027000.0,-952677000.0,111749000.0,0.0,,234782000.0,1135684000.0,,-2.37,,-322421000.0,,324759000.0,55885000.0,191067000.0,-47631000.0,458673000.0,-20051000.0,-132318000.0,,117730000.0,,,9482000.0,185514000.0,-528025000.0,-2911000.0,371621000.0,,16211000.0,3760016000.0,4291659000.0,-2.37,,533000.0,60583000.0,19614000.0,,,-1275000.0,-245009000.0,-173570000.0,1135684000.0,1548183000.0,-1409548000.0,5535507000.0,,36143000.0,2290900000.0,,531643000.0,6303432000.0,11799000.0,,0.0,-107451000.0,1150503000.0,-126260000.0,,,-15533000.0,124931000.0,,,7083690000.0,192354000.0,-316248000.0,482723000.0,133300971.0,,461584000.0,-7980000.0,22368000.0,-1043431000.0,-315845000.0,194686000.0,,,-16140000.0,-173642000.0,-49809000.0,-16667000.0,-20472000.0,507477000.0,1478000.0,-200610000.0,48369000.0,4318934000.0,-159717000.0,55885000.0,287524000.0,,,58551000.0,282946000.0,2115897000.0,441051000.0,39021000.0,324759000.0,964989000.0,2115897000.0,,371621000.0,7439116000.0,34424000.0,,,,-1409548000.0,-10824000.0,441051000.0,,4318934000.0,507477000.0,,482723000.0,5535507000.0,,170486000.0,,111749000.0,336957000.0,,,60583000.0,1463658000.0,1463658000.0,458673000.0,0.0,,-20022000.0,133300971.0,458673000.0,,73556000.0,,,1548183000.0,618390000.0,533000.0,,-152853000.0,458673000.0,458673000.0,2290900000.0,480378000.0,192354000.0,458673000.0,3334331000.0,,97897000.0,-32207000.0,287524000.0,6303432000.0,135545000.0,-19875000.0,,,7439116000.0,-6518000.0,234782000.0,-176069000.0,-952677000.0,7083690000.0,,,,,,,,,,,,,,,,
,,,,0.0,,,,3286688000.0,,29728000.0,,,-19977000.0,-73706000.0,,,,,-922949000.0,101208000.0,28105000.0,,,,,,,,,254834000.0,,77747000.0,,364598000.0,-3290000.0,-35339000.0,134973000.0,,,,-27784000.0,36711000.0,,,,,22735000.0,,,,133307000.0,,47868000.0,-92229000.0,,,0.0,-133079000.0,,1322514000.0,1846576000.0,-1512715000.0,5563132000.0,,9958000.0,2225350000.0,,,,7164000.0,,,,906534000.0,-39763000.0,,-0.762548,,-11157000.0,,,,,,,,,,,29130000.0,-1061338000.0,,,,,-102446000.0,,-89299000.0,-103167000.0,,,,,,,-94075000.0,197528000.0,275605000.0,-0.762548,,,,2033239000.0,676729000.0,,,869823000.0,,,356576000.0,,,,,,,16891000.0,,,4344608000.0,489662000.0,,676301000.0,,,,,,,,,47868000.0,,1430425000.0,,,,,,,,66207000.0,,,,458673000.0,533000.0,,,364598000.0,364598000.0,,,221962000.0,,,,103769000.0,,,6374456000.0,-244587000.0,-101653000.0,,,7696970000.0,-10180000.0,492031000.0,-129062000.0,,7409708000.0,,,,,,,,,,,,,,,,
,,,,,,,,,,,,,7442000.0,-111185000.0,,,,,,,,,,,,,,,,,,552889000.0,,384768000.0,-12616000.0,263008000.0,134197000.0,,,,,268116000.0,,,,,-56095000.0,,,,133291000.0,,57548000.0,377352000.0,,,0.0,-343929000.0,,,,,,,28393000.0,,,,,13745000.0,,,,1231910000.0,-46461000.0,,2.6,,210568000.0,,,,,,,,,,,-280403000.0,,,,,,349238000.0,,25886000.0,347389000.0,,,,,,,20170000.0,,,2.59,,,,,,,,963794000.0,,,,,,,,,,268555000.0,,,,,,,,,,,,,,,57548000.0,,,,,,,,,,69704000.0,,,,364598000.0,,,,,,,,,,,,105833000.0,,,,96389000.0,346951000.0,,,,-27026000.0,,-20575000.0,,,,,,,,,,,,,,,,,,
,,,,,,,,3315520000.0,,24120000.0,,,226000.0,160717000.0,,,,,-984225000.0,86866000.0,0.0,,,,,,,,,651530000.0,,249430000.0,,481471000.0,-7057000.0,164661000.0,134229000.0,,,,,65652000.0,,,,,77842000.0,,,,133303000.0,,53150000.0,77825000.0,,,0.0,-560583000.0,,1494526000.0,1916656000.0,-1079009000.0,4911577000.0,,-3105000.0,2177596000.0,,,,8030000.0,,,,929855000.0,-46680000.0,,0.66,,12502000.0,,,,,,,,,,,-321411000.0,-1137924000.0,,,,,80930000.0,,259383000.0,86317000.0,,,,,,,96703000.0,60119000.0,280986000.0,0.66,,,,2009278000.0,769495000.0,,,864203000.0,,,363327000.0,,,,,,,166667000.0,,,3852824000.0,486319000.0,,813322000.0,,,,,,,,,53150000.0,,1424528000.0,,,,,,,,66824000.0,,,,384768000.0,533000.0,,,481471000.0,481471000.0,,,168689000.0,,,4634000.0,104781000.0,,,6013931000.0,-201880000.0,88477000.0,,,7508457000.0,-11153000.0,219115000.0,212703000.0,,6828233000.0,,,,,,,,,,,,,,,,
,,,-240300000.0,0.0,-30150000.0,,,3279714000.0,421900000.0,30371000.0,,,-17841000.0,-177430000.0,,-1128081000.0,222500000.0,-110693000.0,-1052055000.0,695200000.0,426000000.0,,436800000.0,1225800000.0,,2.787608,,371800000.0,,664400000.0,54135000.0,175700000.0,-62200000.0,464965000.0,-16323000.0,-123096000.0,133376000.0,65000000.0,,,,258400000.0,-712600000.0,6300000.0,368973000.0,,25022000.0,3615300000.0,4244200000.0,2.787608,133376000.0,534000.0,63900000.0,68100000.0,,,0.0,-383788000.0,-55700000.0,1225800000.0,1058100000.0,-1037701000.0,5380500000.0,,29800000.0,2151600000.0,,628900000.0,5877200000.0,9870000.0,,426000000.0,-201600000.0,1175900000.0,-107354000.0,,0.309651,-17594000.0,194500000.0,,,6438600000.0,178989000.0,371800000.0,362900000.0,133376000.0,,458700000.0,0.0,126962000.0,-1128081000.0,366200000.0,222500000.0,,,38400000.0,269100000.0,-11400000.0,41300000.0,-1505000.0,486817000.0,0.0,431100000.0,30371000.0,3808400000.0,-16506000.0,54135000.0,1004300000.0,0.309651,,209600000.0,264900000.0,1934464000.0,334800000.0,38809000.0,664400000.0,917500000.0,1934464000.0,,368973000.0,7103000000.0,-445800000.0,,,,-1037701000.0,-24100000.0,334800000.0,,3808400000.0,486817000.0,-5700000.0,362900000.0,5380500000.0,688000.0,184600000.0,,695200000.0,406400000.0,,,63900000.0,1399608000.0,1399608000.0,465000000.0,,,,133376000.0,465000000.0,,62144000.0,,,1058100000.0,481471000.0,534000.0,,428000000.0,465000000.0,465000000.0,2151600000.0,1117900000.0,178989000.0,465000000.0,3279714000.0,0.0,107600000.0,-39300000.0,1004300000.0,5877200000.0,239385000.0,41300000.0,,,7103000000.0,-12701000.0,436800000.0,-118754000.0,-1052055000.0,6438600000.0,,,,,,,,,,,,,,,,
,,,,,,,,3393356000.0,,31544000.0,,,-15882000.0,28961000.0,,,,,-946399000.0,92366000.0,0.0,,,,,,,,,1322405000.0,,19700000.0,,856306000.0,-4567000.0,-41588000.0,154301000.0,,,-51855000.0,,2701000.0,,,,,-25584000.0,,,,154301000.0,,65567000.0,-147447000.0,,,,-50335000.0,,1777154000.0,1791522000.0,-1160508000.0,4762023000.0,,-27094000.0,2195724000.0,,,,22388000.0,,,,855933000.0,-37147000.0,,-1.05,,-62866000.0,,,,,,,,,,,464115000.0,-1197632000.0,,,,,-120353000.0,,-39830000.0,-122807000.0,,,,,,,391341000.0,46515000.0,275438000.0,-1.05,456888000.0,,,2012964000.0,752848000.0,,,853232000.0,,,339117000.0,,,,0.0,,,13358000.0,,,3629815000.0,454841000.0,,735826000.0,,,,,,,,,65567000.0,,1419748000.0,,,,,,,,64514000.0,,,,464965000.0,674000.0,,,856306000.0,856306000.0,,,177883000.0,,,,102633000.0,,,6133437000.0,-267480000.0,-161683000.0,,,7910591000.0,-4518000.0,202652000.0,-76977000.0,,6553545000.0,,,,,,,,,,,,,,,,
,,,,,,,,3471567000.0,,23154000.0,,,12686000.0,-290023000.0,,,,,-914994000.0,82878000.0,0.0,,,,,,,,,1412953000.0,,325038000.0,,367163000.0,-4543000.0,-54064000.0,168657000.0,,,-34513000.0,,335193000.0,,,,,-113540000.0,,,,168591000.0,,91343000.0,159125000.0,,,,-2365195000.0,,1242482000.0,1415202000.0,-1044123000.0,4506927000.0,,42028000.0,2208400000.0,,,,12949000.0,,,,1277439000.0,-49646000.0,,0.28,,243850000.0,,,,,,,,,,,-275689000.0,-1263167000.0,,,,,117098000.0,,-165840000.0,116386000.0,,,,,,,-489143000.0,43960000.0,281972000.0,0.28,-327000.0,,,2020620000.0,669039000.0,,,942246000.0,,,314209000.0,,,,0.0,,,9777000.0,,,3291713000.0,459283000.0,,380164000.0,,,,,,,,,91343000.0,,1422999000.0,,,,,,,,66951000.0,,,,856306000.0,675000.0,,,367163000.0,367163000.0,,,212568000.0,,,,98962000.0,,,6127254000.0,105105000.0,47174000.0,,,7369736000.0,-14236000.0,209515000.0,-215486000.0,,5922129000.0,,,,,,,,,,,,,,,,
,,,,,,,,3257852000.0,,31074000.0,,,-18591000.0,274797000.0,,,,,-852356000.0,88122000.0,92248000.0,,,,,,,,,1551678000.0,,54752000.0,,504962000.0,-6804000.0,-54546000.0,178871000.0,,,100992000.0,,59303000.0,,,,,109377000.0,,,,178871000.0,,64999000.0,-89631000.0,,,0.0,-279981000.0,,1559899000.0,1894979000.0,-1142081000.0,4305356000.0,,13859000.0,2030234000.0,,,,8632000.0,,,,983394000.0,-47836000.0,,-1.02,,-5696000.0,,,,,,,,,,,-134607000.0,-1227618000.0,,,,,-103490000.0,,350453000.0,-97959000.0,,,,,,,137799000.0,219199000.0,246522000.0,-1.02,-202000.0,,,2028286000.0,771597000.0,,,924091000.0,,,367560000.0,,,,0.0,,,-13321000.0,,,3024560000.0,450718000.0,,729855000.0,,,,,,,,,64999000.0,,1417978000.0,,,,,,,,67929000.0,,,,367163000.0,750000.0,,,504962000.0,504962000.0,,,185848000.0,,,0.0,76454000.0,,,6222665000.0,-182286000.0,-182019000.0,,,7782564000.0,-87986000.0,489449000.0,302617000.0,,6200335000.0,,,,,,,,,,,,,,,,
,,,-274063000.0,,-164785000.0,,,2319743000.0,334901000.0,20553000.0,,,-142998000.0,-229323000.0,,-939326000.0,315471000.0,-129335000.0,-925556000.0,70137000.0,359700000.0,,1424113000.0,1288694000.0,,-1.2,,-207032000.0,,1575164000.0,487788000.0,189700000.0,-148744000.0,468733000.0,-43549000.0,-174332000.0,187800000.0,-91308000.0,,-45031000.0,,315600000.0,-3038946000.0,24782000.0,239620000.0,,14684000.0,2821291000.0,3385876000.0,-1.2,187300000.0,750000.0,93600000.0,104800000.0,,,0.0,-343435000.0,-143307000.0,1288694000.0,1374589000.0,-946236000.0,4429414000.0,,-95600000.0,1380417000.0,,564585000.0,6102591000.0,20819000.0,,359700000.0,-215588000.0,1261200000.0,-139434000.0,,0.48,,222000000.0,,,5804003000.0,121870000.0,91465000.0,184116000.0,172409000.0,,295785000.0,-835000.0,168976000.0,-939326000.0,20838000.0,315471000.0,,,200600000.0,-324530000.0,-14027000.0,195800000.0,-19371000.0,247371000.0,0.0,-70622000.0,20553000.0,2973396000.0,-36229000.0,487788000.0,221941000.0,0.48,0.0,-15063000.0,264742000.0,1828365000.0,474456000.0,64788000.0,1575164000.0,945600000.0,1828365000.0,,239620000.0,7391285000.0,222795000.0,,0.0,,-946236000.0,-37200000.0,474456000.0,,2973396000.0,247371000.0,0.0,184116000.0,4429414000.0,-30407000.0,130756000.0,,70137000.0,249114000.0,,,93600000.0,1204653000.0,1204653000.0,320567000.0,456359000.0,,-14119000.0,172409000.0,320567000.0,,65348000.0,,,1374589000.0,504962000.0,750000.0,,3300000.0,320567000.0,320567000.0,1380417000.0,529021000.0,121870000.0,320567000.0,2319743000.0,0.0,84900000.0,-59463000.0,221941000.0,6102591000.0,215326000.0,89500000.0,,0.0,7391285000.0,-22633000.0,1424113000.0,-153461000.0,-925556000.0,5804003000.0,,,,,,,,,,,,,,,,
,,,,,,,,3153026000.0,,18636000.0,,,-26560000.0,25113000.0,,,,,-839322000.0,82825000.0,,,,,,,,,,1772924000.0,,311304000.0,,664000000.0,-2615000.0,302690000.0,188228000.0,,,-61087000.0,,19842000.0,,,,,6451000.0,,,,187765000.0,,47301000.0,174077000.0,,,,-541812000.0,,1493215000.0,1591766000.0,-772283000.0,4157519000.0,,2532000.0,1895352000.0,,,,-3756000.0,,,,885288000.0,-44245000.0,,0.59,,-27459000.0,,,,,,,,,,,-368999000.0,-1257674000.0,,,,,171545000.0,,-7076000.0,168879000.0,,,,,,,-29667000.0,145564000.0,312001000.0,0.59,0.0,,,1942335000.0,786145000.0,,,865446000.0,,,310362000.0,,,,,,,264872000.0,,,2852334000.0,293957000.0,,675455000.0,,,,,,,,,47301000.0,,1317447000.0,,,,-9719000.0,,,,67762000.0,,,,693667000.0,751000.0,,,479011000.0,479011000.0,,,131738000.0,,,-9960000.0,69465000.0,,,6023543000.0,-268434000.0,111476000.0,,,7516758000.0,-6031000.0,572958000.0,-51321000.0,,5749285000.0,,,,,,,,,,,,,,,,
,,,,,,,,3029307000.0,,42070000.0,,,25900000.0,-234162000.0,,,,,-1026339000.0,72467000.0,,,,,,,,,,2124762000.0,,441214000.0,,585307000.0,-4134000.0,-38427000.0,224354000.0,,,,,338976000.0,,,,,-6388000.0,,,,214864000.0,,73203000.0,312843000.0,,,,-129909000.0,,1271701000.0,1251917000.0,-548617000.0,3563503000.0,,88889000.0,1793949000.0,,,,7687000.0,,,,1247917000.0,-49496000.0,,1.37,,265773000.0,,,,,,,,,,,-24060000.0,-1235358000.0,,,,,223954000.0,,8910000.0,224410000.0,,,,,,,-78693000.0,125191000.0,283351000.0,1.0,,,,1819006000.0,618301000.0,,,908941000.0,,,279731000.0,,,,,,,107591000.0,,,2756109000.0,295043000.0,,351951000.0,,,,,,,,,73203000.0,,1274387000.0,,,,-1384000.0,,,,62402000.0,,,,664000000.0,896000.0,,,402402000.0,402402000.0,,,157936000.0,,,0.0,65969000.0,,,5658823000.0,84429000.0,294196000.0,,,6930524000.0,-2930000.0,517669000.0,-40586000.0,,4815420000.0,,,,,,,,,,,,,,,,
,,,,,,,,2238465000.0,,13713000.0,,,271000.0,281700000.0,,,,,-1079860000.0,51395000.0,,,,,,,,,,1983336000.0,,70551000.0,,589138000.0,18200000.0,-37438000.0,224037000.0,,,,,109286000.0,,,,,2138000.0,,,,224037000.0,,73680000.0,-47565000.0,,,,-166821000.0,,1454487000.0,1537265000.0,-643407000.0,3481604000.0,,-3773000.0,1257687000.0,,,,6561000.0,,,,787102000.0,-56717000.0,,-0.42,,35606000.0,,,,,,,,,,,-93853000.0,-980778000.0,,,,,-43792000.0,,354536000.0,-94789000.0,,,,,,,164716000.0,436327000.0,239053000.0,-0.42,,,,1709586000.0,571240000.0,,,677816000.0,,,269255000.0,,,,,,,-28354000.0,,,2505498000.0,257083000.0,,465290000.0,,,,,,,,,73680000.0,,1157272000.0,,,,0.0,,,,59797000.0,,,,585307000.0,896000.0,,,392348000.0,392348000.0,,,104502000.0,,,0.0,58319000.0,,,5536049000.0,-104742000.0,-94465000.0,,,6990536000.0,-11900000.0,1182225000.0,297819000.0,,5018869000.0,,,,,,,,,,,,,,,,
,,,-238000000.0,,-7474000.0,,,2266214000.0,235200000.0,20901000.0,,,-7085000.0,-101218000.0,,-987279000.0,299300000.0,-83316000.0,-1112695000.0,491300000.0,273000000.0,,1414800000.0,1217200000.0,,1.79,,381400000.0,,2038782000.0,359033000.0,151700000.0,-27700000.0,589790000.0,-3961000.0,-111331000.0,224700000.0,133200000.0,,,,248000000.0,-382400000.0,57000000.0,227583000.0,,9749000.0,2746900000.0,3350200000.0,1.73,224000000.0,897000.0,105100000.0,98200000.0,,,-19797000.0,-29373000.0,158900000.0,1217200000.0,684500000.0,-530919000.0,4034200000.0,,67300000.0,1278900000.0,,603300000.0,5552500000.0,299000.0,,273000000.0,-28500000.0,913700000.0,-87588000.0,,0.31,,142900000.0,,,4718700000.0,101866000.0,370100000.0,193200000.0,212800000.0,,532800000.0,-17000000.0,76783000.0,-987279000.0,-4800000.0,299300000.0,,,30900000.0,115500000.0,40488000.0,71600000.0,,217558000.0,,128400000.0,20901000.0,2695500000.0,652000.0,359033000.0,616200000.0,0.31,0.0,127700000.0,240000000.0,1707089000.0,249300000.0,10791000.0,2038782000.0,665700000.0,1707089000.0,,227583000.0,6769600000.0,-410100000.0,,,,-530919000.0,6300000.0,249300000.0,,2695500000.0,217558000.0,-9960000.0,193200000.0,4034200000.0,,396900000.0,,491300000.0,304000000.0,,,105100000.0,1153225000.0,1153225000.0,388500000.0,0.0,,,212800000.0,589800000.0,,50037000.0,,,684500000.0,589138000.0,897000.0,,47800000.0,388500000.0,388500000.0,1278900000.0,603600000.0,101866000.0,388500000.0,2266214000.0,0.0,53500000.0,-5300000.0,616200000.0,5552500000.0,205431000.0,70100000.0,,,6769600000.0,-6823000.0,1414800000.0,-47100000.0,-1112695000.0,4718700000.0,,,,,,,,,,,,,,,,
,,,,,,,,3208598000.0,,22288000.0,,,8835000.0,-32818000.0,,,,,-1060565000.0,70629000.0,,,,,,,,,,2335388000.0,,-9697000.0,,482415000.0,-3401000.0,294084000.0,224655000.0,,,,,-30618000.0,,,,,11174000.0,,,,224655000.0,,53911000.0,-145370000.0,,,-1194000.0,-532592000.0,,1400461000.0,1601672000.0,-310732000.0,3903943000.0,,-35056000.0,2190495000.0,,,,3149000.0,,,,621796000.0,-32319000.0,,0.85,,-84529000.0,,,,,,,,,,,-449602000.0,-1018103000.0,,,,,-110314000.0,,44974000.0,191243000.0,,,,,,,-107375000.0,339777000.0,166385000.0,0.85,,,,1738228000.0,606235000.0,,,652414000.0,,,241368000.0,,,,,,,-9739000.0,,,2136328000.0,217886000.0,,556384000.0,,,,,,,,,53911000.0,,1138410000.0,,,,0.0,,,,81018000.0,,,,589790000.0,898000.0,,,278782000.0,278782000.0,,,105264000.0,,,0.0,54655000.0,,,6433060000.0,-264944000.0,191506000.0,,,7833521000.0,-7640000.0,1139067000.0,12655000.0,,5505615000.0,,,,,,,,,,,,,,,,
,,,,,,,,3235689000.0,,30360000.0,,,-4091000.0,-296904000.0,,,,,-1060849000.0,70908000.0,,,,,,,,,,3118214000.0,,299245000.0,,425350000.0,-4534000.0,808281000.0,224946000.0,,,,,281572000.0,,,,,-10999000.0,,,,224658000.0,,67405000.0,178624000.0,,,-11000.0,-1344718000.0,,1120859000.0,1205486000.0,470860000.0,2779219000.0,,74343000.0,2176354000.0,,,,4855000.0,,,,1001802000.0,-30482000.0,,3.48,,214167000.0,,,,,,,,,,,-946474000.0,-1059335000.0,,,,,104500000.0,,-12427000.0,781592000.0,,,,,,,-57065000.0,169811000.0,169627000.0,3.48,,,,1737455000.0,531390000.0,,,720230000.0,,,231836000.0,,,,,,,3080000.0,,,1222142000.0,227677000.0,,283763000.0,,,,,,,,,67405000.0,,1138331000.0,,,,0.0,,,,79154000.0,,,,482415000.0,898000.0,,,236412000.0,236412000.0,,,136127000.0,,,,41467000.0,,,5970929000.0,43225000.0,781786000.0,,,7091788000.0,-18817000.0,683817000.0,-42909000.0,,3984705000.0,,,,,,,,,,,,,,,,
,,,,11473000.0,,,,3092762000.0,,29038000.0,,,-7851000.0,203779000.0,,,,,-1138388000.0,69887000.0,,,,,,,,,,2843440000.0,,115433000.0,,507749000.0,-4067000.0,-51685000.0,224193000.0,,,,,118072000.0,,,,,1558000.0,,,,224193000.0,,72342000.0,-6564000.0,,,0.0,-312469000.0,,1124199000.0,1376208000.0,375634000.0,2617625000.0,,21962000.0,2063143000.0,,,,1577000.0,,,,773699000.0,-39346000.0,,-0.43,,45730000.0,,,,,,,,,,,-191482000.0,-1029619000.0,,,,,-28526000.0,,279721000.0,-95226000.0,,,,,,,88617000.0,163058000.0,159260000.0,-0.43,,,,1677392000.0,533000000.0,,,655627000.0,,,260102000.0,,,,,,,-15129000.0,,,1158350000.0,224907000.0,,464340000.0,,,,,,,,,72342000.0,,1119464000.0,,,,0.0,,,,81678000.0,,,,425350000.0,898000.0,,,323930000.0,323930000.0,,,119932000.0,,,,40319000.0,,,5700514000.0,-52111000.0,-95419000.0,,,6824713000.0,-9189000.0,623777000.0,240375000.0,,3993833000.0,,,,,,,,,,,,,,,,
