,quarterlyNonCurrentDeferredTaxesLiabilities,trailingOperatingCashFlow,quarterlyCashCashEquivalentsAndMarketableSecurities,annualCapitalStock,quarterlyCashAndCashEquivalents,quarterlyCurrentDeferredRevenue,trailingOtherIncomeExpense,quarterlyRepaymentOfDebt,quarterlyOperatingExpense,quarterlyTaxProvision,quarterlyPretaxIncome,annualStockBasedCompensation,quarterlyNetPPE,quarterlyOtherIntangibleAssets,annualTotalNonCurrentAssets,annualOtherIntangibleAssets,annualNetPPE,annualOtherIncomeExpense,annualOperatingCashFlow,quarterlyCurrentDebt,annualCurrentLiabilities,annualInventory,trailingCashFlowFromContinuingFinancingActivities,quarterlyInterestExpense,annualGrossProfit,trailingDepreciationAndAmortization,quarterlyCashFlowFromContinuingFinancingActivities,annualEbitda,annualOtherNonCurrentLiabilities,trailingOtherNonCashItems,annualPurchaseOfBusiness,quarterlyCommonStockIssuance,trailingPurchaseOfBusiness,quarterlyNetOtherFinancingCharges,quarterlyBasicEPS,quarterlyPurchaseOfBusiness,annualNonCurrentDeferredTaxesLiabilities,annualCashCashEquivalentsAndMarketableSecurities,quarterlyOperatingCashFlow,quarterlyBasicAverageShares,quarterlyOtherNonCurrentAssets,quarterlyAccumulatedDepreciation,quarterlyCapitalExpenditure,quarterlyOtherCurrentLiabilities,quarterlyChangeInCashSupplementalAsReported,annualPurchaseOfInvestment,annualPretaxIncome,trailingCapitalExpenditure,trailingOperatingExpense,annualInterestExpense,quarterlyTotalAssets,trailingBeginningCashPosition,annualChangesInAccountReceivables,annualNonCurrentDeferredRevenue,quarterlyGainsLossesNotAffectingRetainedEarnings,quarterlyTotalNonCurrentAssets,quarterlyRepurchaseOfCapitalStock,annualBasicEPS,annualGoodwill,annualIncomeTaxPayable,trailingChangeInCashSupplementalAsReported,trailingInvestingCashFlow,annualGrossPPE,quarterlySaleOfInvestment,quarterlyDilutedAverageShares,annualDeferredIncomeTax,annualAccumulatedDepreciation,annualDilutedEPS,annualRepaymentOfDebt,quarterlyBeginningCashPosition,quarterlyCapitalStock,quarterlyAccountsPayable,trailingRepaymentOfDebt,trailingChangeInWorkingCapital,trailingStockBasedCompensation,trailingGrossProfit,annualCashFlowFromContinuingFinancingActivities,trailingInterestExpense,annualOtherCurrentLiabilities,trailingNetOtherFinancingCharges,trailingDeferredIncomeTax,annualInvestingCashFlow,annualCapitalExpenditure,annualChangeInCashSupplementalAsReported,trailingTotalRevenue,quarterlySellingGeneralAndAdministration,trailingCostOfRevenue,annualCostOfRevenue,annualTotalRevenue,annualCurrentDeferredRevenue,annualOtherCurrentAssets,annualCurrentDebt,annualDilutedAverageShares,quarterlyNetIncomeCommonStockholders,annualOperatingIncome,trailingOperatingIncome,annualEndCashPosition,annualCommonStockIssuance,quarterlyInvestingCashFlow,annualFreeCashFlow,quarterlyEndCashPosition,trailingEndCashPosition,quarterlyDepreciationAndAmortization,annualOtherShortTermInvestments,annualNetOtherFinancingCharges,annualAccountsPayable,quarterlyOtherNonCashItems,quarterlyStockBasedCompensation,quarterlyEbitda,trailingTaxProvision,quarterlyPurchaseOfInvestment,annualTotalNonCurrentLiabilitiesNetMinorityInterest,quarterlyOperatingIncome,annualChangeInWorkingCapital,trailingNetIncomeContinuousOperations,annualNetIncomeContinuousOperations,trailingNetOtherInvestingChanges,quarterlyOtherShortTermInvestments,quarterlyFreeCashFlow,quarterlyTotalLiabilitiesNetMinorityInterest,annualRepurchaseOfCapitalStock,quarterlyChangeInWorkingCapital,quarterlyDeferredIncomeTax,annualInvestmentsAndAdvances,quarterlyRetainedEarnings,quarterlyNonCurrentDeferredRevenue,quarterlyCurrentAssets,annualOperatingExpense,trailingNetIncome,trailingSellingGeneralAndAdministration,annualGainsLossesNotAffectingRetainedEarnings,quarterlyCurrentLiabilities,trailingFreeCashFlow,quarterlyIncomeTaxPayable,quarterlyGrossPPE,annualNetOtherInvestingChanges,annualTotalLiabilitiesNetMinorityInterest,quarterlyTotalRevenue,trailingPretaxIncome,annualCashAndCashEquivalents,annualCurrentAssets,quarterlyOtherNonCurrentLiabilities,annualBasicAverageShares,annualAccountsReceivable,annualLongTermDebt,annualBeginningCashPosition,quarterlyLongTermDebt,quarterlyOtherCurrentAssets,annualNetIncome,annualOtherNonCurrentAssets,quarterlyAccountsReceivable,annualSaleOfInvestment,quarterlyCurrentAccruedExpenses,quarterlyCostOfRevenue,annualNetIncomeCommonStockholders,annualSellingGeneralAndAdministration,annualStockholdersEquity,annualOtherNonCashItems,quarterlyInvestmentsAndAdvances,quarterlyGrossProfit,quarterlyDilutedEPS,trailingRepurchaseOfCapitalStock,quarterlyTotalNonCurrentLiabilitiesNetMinorityInterest,annualRetainedEarnings,quarterlyNetOtherInvestingChanges,quarterlyInventory,quarterlyOtherIncomeExpense,annualTotalAssets,annualTaxProvision,annualDepreciationAndAmortization,trailingNetIncomeCommonStockholders,quarterlyGoodwill,annualCurrentAccruedExpenses,quarterlyNetIncome,quarterlyNetIncomeContinuousOperations,quarterlyStockholdersEquity,quarterlyChangeInAccountPayable,annualChangeInAccountPayable,annualChangeInInventory,trailingCashDividendsPaid,trailingDilutedAverageShares,annualResearchAndDevelopment,annualCashDividendsPaid,trailingBasicEPS,trailingCommonStockIssuance,trailingChangeInAccountPayable,quarterlyChangeInInventory,quarterlyResearchAndDevelopment,trailingBasicAverageShares,trailingChangeInInventory,quarterlyChangesInAccountReceivables,trailingResearchAndDevelopment,trailingSaleOfInvestment,quarterlyCashDividendsPaid,trailingChangesInAccountReceivables,trailingPurchaseOfInvestment,trailingDilutedEPS
978220800,,,,,,,,,,,,,,,,,82578000.0,,,,,,,,,,,3828000.0,,,,,,,,,,,,,,,,,,,,,,,,,,,,,,-0.377714,,,,,82578000.0,,,,,-0.377714,,,,,,,,,,,,,,,,,,,,,125246000.0,,,,343365390.0,,3828000.0,,,,,,,,,,,,,,,,,,,,,-129694000.0,,,,,,,,,,,,121418000.0,,,,,,,,,394715000.0,,,,,,343365390.0,,,,,,-129694000.0,,,,,,-129694000.0,,1907085000.0,,,,,,,,,,,2301800000.0,,,,,,,,,,,,,,,,,,,,,,,,,,,,,
1009756800,,,,,,,,,,,,,,,,,80306000.0,,,,,,,,,,,-122623000.0,,,,,,,,,,,,,,,,,,,,,,,,,,,,,,-2.38916,,,,,80306000.0,,,,,-2.38916,,,,,,,,,,,,,,,,,,,,,139535000.0,,,,343365390.0,,-122623000.0,,,,,,,,,,,,,,,,,,,,,-820355000.0,,,,,,,,,,,,262158000.0,,,,,,,,,129509000.0,,,,,,343365390.0,,,,,,-820355000.0,,,,,,-820355000.0,,2039593000.0,,,,,,,,,,,2169102000.0,,,,,,,,,,,,,,,,,,,,,,,,,,,,,
1041292800,,,,,,,,,,,,,,,,,89200000.0,,,,,,,,,,,100300000.0,,,,,,,,,,,,,,,,,,,,,,,,,,,,,,,,,,,89200000.0,,,,,,,,,,,,,,,,,,,,,,,,,,100300000.0,,,,,,100300000.0,,,,,,,,,,,,,,,,,,,,,-329900000.0,,,,,,,,1145400000.0,,,,,,,,,,,,,92000000.0,,,,,,,,,,,,,,,,,,,,2708900000.0,,,,,,,,,,,2800900000.0,,,,,,,,,,,,,,,,,,,,,,,,,,,,,
1056931200,,,,,,,,,27863000.0,16157000.0,26658000.0,,,,,,,,,,,,,576000.0,,,,,,,,,,,0.031118,,,,,337398564.0,,,,,,,,,,,,,,,,,,,,,,,,,337398564.0,,,,,,,,,,,,,,,,,,,,,10163000.0,,,,,,,,10499000.0,,,,,,,,,,,,,,,2948000.0,,,,-787000.0,,,,,,,,,,,,,,,,,,,,,,,,,27076000.0,,,,,,,,,,,,,,,,,,,,,,,0.031118,,,,,,21653000.0,,,,,,,10499000.0,10501000.0,,,,,,,,,,,,,,,,,,,,,,
1064880000,,,,,,,,-2406000.0,26406000.0,1362000.0,10377000.0,,,,,,,,,,,,,10000.0,,,4182000.0,,,,,,,6588000.0,0.026672,0.0,,,8304000.0,339342807.0,,,-5893000.0,,-512000.0,,,,,,,,,,,,,,,,,,,,339342807.0,,,,,11000000.0,,,,,,,,,,,,,,,,10451000.0,,,,,,,,9051000.0,,,,,-12565000.0,,10488000.0,,3808000.0,,,,7041000.0,,5353000.0,,,,1545000.0,,,,,,2411000.0,,,-5899000.0,-5785000.0,,,,,,,,,,,,,,,27951000.0,,,,,,,,,,,,,,,,,,,,,,,0.026672,,,,-14894000.0,,2525000.0,,,,,,,9051000.0,9015000.0,,,,,,,,,,,,,,,,,,,,,,
1072828800,297636000.0,,1002623000.0,,1002623000.0,,,,1982054000.0,75732000.0,-292734000.0,,4118963000.0,2678030000.0,8440767000.0,2678030000.0,4118963000.0,462842000.0,0.0,,1759115000.0,,,326121000.0,721377000.0,,,-283093000.0,290003000.0,,,,,,,,297636000.0,1002623000.0,-27973000.0,,1643774000.0,,,,,,-240411000.0,,,327495000.0,11628848000.0,,,,4100800000.0,8440767000.0,,-5.655117,,,,,4118963000.0,,,,,-5.655117,,10488000.0,,,,,,,,,,,,0.0,,,,12214000.0,,1634293000.0,2355670000.0,,1740552000.0,,164182871.0,-954823000.0,-1338116000.0,,0.0,,401983000.0,0.0,0.0,,,,,,,,-297209000.0,,,4552837000.0,-1341093000.0,,,-928471000.0,,,-10722000.0,6311952000.0,,,,,,,3188081000.0,2059493000.0,,,4100800000.0,1759115000.0,,,4118963000.0,,6311952000.0,2275254000.0,,1002623000.0,3188081000.0,290003000.0,164182871.0,444906000.0,3965198000.0,0.0,3965198000.0,1740552000.0,-928471000.0,1643774000.0,444906000.0,,,,-928471000.0,42112000.0,4100800000.0,,,,,,4552837000.0,,,,430304000.0,11628848000.0,101731000.0,,,,,-954823000.0,-954795000.0,4100800000.0,,,,,,,,,,,,,,,,,,,,,
1080691200,338680000.0,,959561000.0,,959561000.0,,,,326944000.0,17299000.0,-161056000.0,,3847677000.0,2606882000.0,,,,,,,,,,73831000.0,,,,,,,,,,,-0.641821,,,,0.0,164182871.0,1607124000.0,,,,,,,,,,11417745000.0,,,,4140246000.0,8061683000.0,,,,,,,,,343365390.0,,,,,0.0,,,,,,,,,,,,,,,,63745000.0,,,,,,,,-105379000.0,,,,,0.0,,0.0,,,,,,,,160418000.0,,,,-98880000.0,,,,,,0.0,6042205000.0,,,,,,,3356062000.0,,,,,1430222000.0,,,3847677000.0,,,668983000.0,,,,328743000.0,,,,,3944560000.0,1971317000.0,,,425184000.0,,,440919000.0,,,,,,228064000.0,-0.641821,,4611983000.0,,,,7754000.0,,,,,,,-105379000.0,-105379000.0,4140246000.0,,,,,,,,,,,,,,,,,,,,,
1088553600,616768000.0,,1604154000.0,,1396960000.0,,,,385062000.0,24650000.0,-21842000.0,,3187624000.0,3076335000.0,,,,,,198299000.0,,,,75873000.0,,,,,,,,,,,-0.004445,,,,303528000.0,233951952.0,3355690000.0,-432275000.0,,253620000.0,,,,,,,11634468000.0,,,,-51207000.0,9647722000.0,,,,,,,,,233951952.0,,,,,0.0,1460000.0,249975000.0,,,,,,,,,,,,,,157944000.0,,,,,,,,-1040000.0,,,,,-284033000.0,,1396960000.0,,,,,,,,192329000.0,,,,-29168000.0,,,,,207194000.0,107593000.0,6136943000.0,,,,,-1715940000.0,,1986746000.0,,,,,1113451000.0,,,3619899000.0,,,580659000.0,,,,325716000.0,,,,,4081008000.0,122680000.0,,,239675000.0,,411557000.0,224765000.0,,,,,,355894000.0,-0.004445,,5023492000.0,,,,61350000.0,,,,,,,-1040000.0,-1040000.0,4462215000.0,,,,,,,,,,,,,,,,,,,,,
1096502400,453194000.0,,1850266000.0,,1738730000.0,,,,443146000.0,56634000.0,94594000.0,,3972773000.0,2817004000.0,,,,,,90052000.0,,,,61443000.0,,,726294000.0,,,,,296000.0,,745823000.0,0.195596,,,,208327000.0,380197485.0,3566380000.0,-685263000.0,-129327000.0,474741000.0,341770000.0,,,,,,12630592000.0,,,,-132975000.0,10356157000.0,,,,,,,,,380197485.0,,,,,1396960000.0,1755000.0,258912000.0,,,,,,,,,,,,,,189531000.0,,,,,,,,74365000.0,,,,,-590965000.0,,1738730000.0,,256811000.0,,,,,,241574000.0,,,,-15237000.0,,,,,111536000.0,79000000.0,6330006000.0,,19413000.0,37170000.0,,-1641575000.0,,2274435000.0,,,,,1289207000.0,,,4658036000.0,,,708807000.0,,,,328795000.0,,,,,4258810000.0,168579000.0,,,232223000.0,,465502000.0,280898000.0,,,,,,427909000.0,0.195596,,5040799000.0,,156475000.0,,152425000.0,,,,,,,74365000.0,74365000.0,5183554000.0,,,,,,,,,,,,,,,,,,,,,
1104451200,458138000.0,,2531486000.0,1758000.0,2531486000.0,,,,615993000.0,-108476000.0,-158484000.0,,4303099000.0,3280552000.0,10509780000.0,3280552000.0,4303099000.0,209543000.0,746240000.0,36827000.0,1421092000.0,,,78731000.0,1575992000.0,,139750000.0,697768000.0,409998000.0,,,1980000.0,,49588000.0,,,458138000.0,2531486000.0,234385000.0,,2848816000.0,-1000809000.0,-183085000.0,404722000.0,792756000.0,-293734000.0,-228884000.0,,,288532000.0,13702363000.0,,,,14010000.0,10509780000.0,,-0.088907,,,,,5303908000.0,542994000.0,,,-1000809000.0,-0.088907,,1738730000.0,1758000.0,363549000.0,,,,,2240388000.0,,404722000.0,,,-534651000.0,-508347000.0,2518733000.0,,282376000.0,,1068292000.0,2644284000.0,,293947000.0,36827000.0,357204139.0,-21132000.0,-284855000.0,,2531486000.0,488437000.0,340347000.0,237893000.0,2531486000.0,,272362000.0,,1428011000.0,363549000.0,,,95015000.0,,-48875000.0,5850096000.0,-177347000.0,118423000.0,,-31758000.0,,,51300000.0,7271188000.0,-127890000.0,82748000.0,,,-1662707000.0,,3192583000.0,1860847000.0,,,14010000.0,1421092000.0,,,5303908000.0,150029000.0,7271188000.0,778515000.0,,2531486000.0,3192583000.0,409998000.0,357204139.0,201519000.0,4981960000.0,12753000.0,4981960000.0,293947000.0,-31758000.0,2848816000.0,201519000.0,678365000.0,615994000.0,339869000.0,-31758000.0,830606000.0,5226806000.0,,,438646000.0,,,5850096000.0,-1662707000.0,298394000.0,,6677000.0,13702363000.0,-17449000.0,982623000.0,,,615994000.0,-21132000.0,-21132000.0,5226806000.0,,,,,,,,,,,,,,,,,,,,,
1112227200,457862000.0,,3076092000.0,,3076092000.0,,,,630346000.0,45697000.0,85332000.0,,6460367000.0,5120001000.0,,,,,,170480000.0,,,,91028000.0,,,368482000.0,,,,,775796000.0,,-42960000.0,0.06668,,,,303017000.0,394928891.0,1921943000.0,-2227794000.0,-248690000.0,343970000.0,544606000.0,,,,,,17275273000.0,,,,-89430000.0,13541264000.0,,,,,,,,46869000.0,394928891.0,,,,,2531486000.0,1758000.0,454767000.0,,,,,,,,,,,,,,302755000.0,,,,,,,,26334000.0,,,,,-61506000.0,,3076092000.0,,343583000.0,,,,-7826000.0,,446212000.0,,-16233000.0,,102629000.0,,,,,,54327000.0,9361803000.0,,-67581000.0,29062000.0,,-1622673000.0,,3734009000.0,,,,,1582912000.0,,,8688161000.0,,,1235250000.0,,,,849721000.0,,,,,6471308000.0,318873000.0,,,270946000.0,,613695000.0,502275000.0,,,,,,732975000.0,0.06668,,7778891000.0,,143533000.0,,53195000.0,,,,,,,26334000.0,26334000.0,5272290000.0,,,,,,,,,,,,,,,,,,,,,
1120089600,678631000.0,,1884001000.0,,1884001000.0,,,,701374000.0,-43905000.0,-129689000.0,,6961458000.0,7182705000.0,,,,,,215988000.0,,,,86728000.0,,,14343000.0,,,,,79670000.0,,-18574000.0,-0.297839,,,,281354000.0,414143303.0,2301379000.0,-1184540000.0,-301734000.0,321531000.0,-1192091000.0,,,,,,19152374000.0,,,,-232739000.0,16546290000.0,,,,,,,,8294000.0,414143303.0,,,,,3076092000.0,2390000.0,453101000.0,,,,,,,,,,,,,,355550000.0,,,,,,,,-123348000.0,,,,,-1490423000.0,,1884001000.0,,359005000.0,,,,,,398595000.0,,-19287000.0,,39590000.0,,,,,,-20380000.0,9477472000.0,,-73006000.0,-59689000.0,,-1746021000.0,,2606084000.0,,,,,1640975000.0,,,8145998000.0,,,1276272000.0,,,,881451000.0,,,,,6276415000.0,389494000.0,,,254798000.0,,650355000.0,535308000.0,,,,,,740964000.0,-0.297839,,7836497000.0,,179175000.0,,-104868000.0,,,,,,,-123348000.0,-123348000.0,7922845000.0,,,,,,,,,,,,,,,,,,,,,
1128038400,580424000.0,,2414504000.0,,2414504000.0,,,,705177000.0,28449000.0,-98622000.0,,6863142000.0,7609678000.0,,,,,,322855000.0,,,,134405000.0,,,745102000.0,,,,,2503000.0,,5023000.0,-0.284503,,,,432324000.0,537105317.0,1820953000.0,-1526632000.0,-282535000.0,324346000.0,532874000.0,,,,,,20026408000.0,,,,-199278000.0,16424838000.0,,,,,,,,14149000.0,537105317.0,,,,,1884001000.0,4786000.0,478596000.0,,,,,,,,,,,,,,339990000.0,,,,,,,,-152808000.0,,,,,-556969000.0,,2414504000.0,,414901000.0,,,,,,452254000.0,,-16289000.0,,37353000.0,,,,,,149789000.0,10392187000.0,,52153000.0,18619000.0,,-1898829000.0,,3601570000.0,,,,,1880314000.0,,,8389774000.0,,,1295795000.0,,,,875811000.0,,,,,7055638000.0,831960000.0,,,254063000.0,,754517000.0,553265000.0,,,,,,742530000.0,-0.284503,,8511873000.0,,-177333000.0,,-20421000.0,,,,,,,-152808000.0,-152808000.0,7876646000.0,,,,,,,,,,,,,,,,,,,,,
1135987200,546049000.0,,1202200000.0,4794000.0,1202200000.0,,,,680656000.0,-392000.0,193772000.0,,7991292000.0,10839879000.0,21116144000.0,10839879000.0,7991292000.0,149860000.0,1576102000.0,269947000.0,2431311000.0,,,121306000.0,2965817000.0,,1063915000.0,1807094000.0,943190000.0,,,15585000.0,,-101559000.0,,,546049000.0,1202200000.0,559407000.0,,2284973000.0,-1730184000.0,-1065569000.0,631248000.0,-1212304000.0,,50793000.0,,,433467000.0,23378529000.0,,,,-278481000.0,21116144000.0,,-0.168924,,,,,9721476000.0,32177000.0,,-74740000.0,-1730184000.0,-0.168924,,2414504000.0,4794000.0,715599000.0,,,,,2191842000.0,,631248000.0,,,-4934707000.0,-1898528000.0,-1326915000.0,,256075000.0,,2185515000.0,5151332000.0,,413405000.0,269947000.0,474161172.0,169725000.0,248431000.0,,1202200000.0,873554000.0,-2825809000.0,-322426000.0,1202200000.0,,441174000.0,,-158070000.0,715599000.0,,,509866000.0,,,11334264000.0,68692000.0,138295000.0,,-83591000.0,,,-506162000.0,13765575000.0,-78893000.0,226729000.0,-62732000.0,,-1732527000.0,,2262385000.0,2717386000.0,,,-278481000.0,2431311000.0,,,9721476000.0,-55103000.0,13765575000.0,1344015000.0,,1202200000.0,2262385000.0,943190000.0,474161172.0,534243000.0,9845025000.0,2529115000.0,9845025000.0,413405000.0,-80097000.0,2284973000.0,534243000.0,101489000.0,814517000.0,594667000.0,-80097000.0,1254203000.0,7816446000.0,,,749348000.0,,,11334264000.0,-1732527000.0,-200478000.0,,222121000.0,23378529000.0,29849000.0,1558663000.0,,,814517000.0,169725000.0,166231000.0,7816446000.0,,,,,,,,,,,,,,,,,,,,,
1143763200,604200000.0,,1923300000.0,,1923300000.0,,,,837300000.0,70500000.0,141400000.0,,8012400000.0,1781600000.0,,,,,,294300000.0,,,,150700000.0,,,71000000.0,,,,,5200000.0,,-12000000.0,0.506771,,,,471900000.0,529233414.0,2348500000.0,-2101500000.0,-335100000.0,630000000.0,721100000.0,,,,,,24005300000.0,,,,-188700000.0,21137400000.0,-121300000.0,,,,,,,900000.0,580121242.0,,,,,1202200000.0,4800000.0,641600000.0,,,,,,,,,,,,,,374600000.0,,,,,,,,268200000.0,,,,,154000000.0,,1923300000.0,,484000000.0,,,,4500000.0,,577600000.0,,,,93600000.0,,,,,,136800000.0,14124400000.0,,19600000.0,50200000.0,,-1458400000.0,,2867900000.0,,,,,2428500000.0,,,10113900000.0,,,1625900000.0,,,,958600000.0,,,,,9771700000.0,394700000.0,,,424300000.0,,862600000.0,695000000.0,,,,,,930900000.0,0.462317,,11695900000.0,,530100000.0,,182800000.0,,,,,8994900000.0,,268200000.0,43400000.0,8069300000.0,,,,,,,,,,,,,,,,,,,,,
1151625600,606900000.0,,1654900000.0,,1654900000.0,506000000.0,,,811700000.0,28600000.0,-122900000.0,,7572200000.0,1651500000.0,,,,,,345700000.0,,,,156100000.0,,,-707000000.0,,,,,1200000.0,,-2800000.0,0.044454,,,,396300000.0,544388196.0,3219100000.0,-2394800000.0,-362000000.0,245000000.0,-268400000.0,,,,,,24137100000.0,,,,63100000.0,21526100000.0,-634400000.0,,,,,,,1700000.0,580121242.0,,,,,1923300000.0,4500000.0,555200000.0,,,,,,,,,,,,,,357100000.0,,,,,,,,24200000.0,,,,,-17700000.0,,1654900000.0,,434100000.0,,,,40000000.0,,548200000.0,,,,93600000.0,,,,,,34300000.0,14507300000.0,,-71600000.0,1800000.0,,-1434200000.0,,2611000000.0,,,,,2420600000.0,,,9967000000.0,,,1586100000.0,,,,1034800000.0,,,,,10445000000.0,476600000.0,,,392100000.0,,768700000.0,680800000.0,,,,,,905300000.0,0.044454,,12086700000.0,,346500000.0,,-80700000.0,,,,,9083300000.0,,24200000.0,-184300000.0,7727500000.0,,,,,,,,,,,,,,,,,,,,,
1159574400,553500000.0,,1324600000.0,,1324600000.0,434900000.0,,,805500000.0,-22500000.0,-166800000.0,,7866400000.0,1596400000.0,,,,,,878300000.0,,,,181800000.0,,,-708200000.0,,,,,2400000.0,,-113100000.0,0.915744,,,,357200000.0,485943888.0,1975600000.0,-2681100000.0,-353300000.0,0.0,-330300000.0,,,,,,23764100000.0,,,,-11600000.0,21193400000.0,-1001500000.0,,,,,,,0.0,580121242.0,,,,,1654900000.0,4100000.0,598600000.0,,,,,,,,,,,,,,347800000.0,,,,,,,,445000000.0,,,,,37400000.0,,1324600000.0,,479900000.0,,,,21100000.0,,600400000.0,,,,120500000.0,,,,,,3900000.0,14831800000.0,,-85300000.0,-42800000.0,,-989200000.0,,2570700000.0,,,,,2759100000.0,,,10547500000.0,,,1622400000.0,,,,1122700000.0,,,,,10396500000.0,409000000.0,,,470400000.0,,847300000.0,696400000.0,,,,,,926000000.0,0.915744,,12072700000.0,,-1111700000.0,,-131600000.0,,,,,9755000000.0,,445000000.0,-172900000.0,7065100000.0,,,,,,,,,,,,,,,,,,,,,
1167523200,537100000.0,,1880500000.0,4100000.0,1880500000.0,640100000.0,,,958300000.0,-84300000.0,-32700000.0,,8136900000.0,1578300000.0,22006800000.0,1578300000.0,8136900000.0,36300000.0,1878000000.0,1384900000.0,3744700000.0,,,191400000.0,3705600000.0,,132400000.0,2332900000.0,1283700000.0,,,9700000.0,,-436700000.0,,,537100000.0,1880500000.0,652600000.0,,2349000000.0,-2923100000.0,-457500000.0,0.0,555900000.0,-255700000.0,-170200000.0,,,673400000.0,25569300000.0,,,,169800000.0,22006800000.0,300000.0,1.431405,9942600000.0,,,,11060000000.0,0.0,,-100600000.0,-2923100000.0,1.431405,,1324600000.0,4100000.0,710700000.0,,,,,-1211800000.0,,0.0,,,-104400000.0,-1507900000.0,678300000.0,,396200000.0,,2781900000.0,6487500000.0,640100000.0,349100000.0,1384900000.0,580121242.0,271600000.0,366000000.0,,1880500000.0,18500000.0,-278100000.0,370100000.0,1880500000.0,,568900000.0,,-564600000.0,710700000.0,67100000.0,,624200000.0,,,12666000000.0,55300000.0,47500000.0,,-334000000.0,,,195100000.0,16410700000.0,-1756900000.0,184800000.0,-109800000.0,,-1020300000.0,,3562500000.0,3339600000.0,,,169800000.0,3744700000.0,,,11060000000.0,74400000.0,16410700000.0,1790100000.0,,1880500000.0,3562500000.0,1283700000.0,493361409.0,726500000.0,10845200000.0,1202200000.0,10845200000.0,349100000.0,706200000.0,2349000000.0,726500000.0,2600000.0,1009000000.0,776500000.0,706200000.0,1439400000.0,7247100000.0,132700000.0,,1013600000.0,,,12666000000.0,-1020300000.0,309500000.0,,64600000.0,25569300000.0,-7900000.0,1966900000.0,,9942600000.0,1009000000.0,271600000.0,-31200000.0,7247100000.0,,,,,,,,,,,,,,,,,,,,,
1175299200,475700000.0,,1570000000.0,,1570000000.0,780000000.0,,,1043200000.0,6300000.0,-73800000.0,,9635400000.0,2332000000.0,,,,,,1501600000.0,,,,233000000.0,,,-363600000.0,,,,,14200000.0,,15700000.0,-0.311175,,,,586300000.0,437374460.0,1884500000.0,-3417200000.0,-505200000.0,0.0,-310500000.0,,,,,,28482800000.0,,,,235300000.0,25204300000.0,-301600000.0,,,,,,,,437374460.0,,,,,1880500000.0,3900000.0,596900000.0,,,,,,,,,,,,,,449200000.0,,,,,,,,-136100000.0,,,,,-556800000.0,,1570000000.0,,624200000.0,,,,48800000.0,,811300000.0,,,,187100000.0,,,,,,81100000.0,18709900000.0,,-26800000.0,-29100000.0,,-1032000000.0,,3278500000.0,,,,,4125700000.0,,,13052600000.0,,,2106000000.0,,,,1299300000.0,,,,,12809200000.0,422100000.0,,,698000000.0,,1247200000.0,875700000.0,,,,,,1230300000.0,-0.311175,,14584200000.0,,-14200000.0,,-52300000.0,,,,,11352400000.0,,-136100000.0,-136100000.0,7089800000.0,,,,,,,,,,,,,,,,,,,,,
1183161600,408500000.0,,2859600000.0,,2514600000.0,746800000.0,,,1064300000.0,-60900000.0,-42800000.0,,9584400000.0,2295700000.0,,,,,,767700000.0,,,,226300000.0,,,951400000.0,,,,,37000000.0,,-34800000.0,-0.302284,,,,478000000.0,429066292.0,2153700000.0,-3869600000.0,-446600000.0,0.0,944600000.0,,,,,,29658200000.0,,,,220000000.0,25442500000.0,-343900000.0,,,,,,,,429066292.0,,,,,1570000000.0,3900000.0,585700000.0,,,,,,,,,,,,,,453500000.0,,,,,,,,-129700000.0,,,,,-491000000.0,,2514600000.0,,628700000.0,,,,50700000.0,,838900000.0,,,,210200000.0,,,,,345000000.0,31400000.0,20272800000.0,,-238300000.0,-24900000.0,,-1162300000.0,,4215700000.0,,,,,3537900000.0,,,13454000000.0,,,2180600000.0,,,,1337700000.0,,,,,14988700000.0,500700000.0,,,726000000.0,,1437700000.0,906100000.0,,,,,,1274500000.0,-0.302284,,16734900000.0,,25100000.0,,-51400000.0,,,,,11408700000.0,,-129700000.0,-129700000.0,6639900000.0,,,,,,,,,,,,,,,,,,,,,
1191110400,767600000.0,,1517800000.0,,1517800000.0,679200000.0,,,1256100000.0,178400000.0,270300000.0,,10187500000.0,2559300000.0,,,,,,344800000.0,,,,247100000.0,,,-754700000.0,,,,,105700000.0,,-29500000.0,0.097798,,,,691800000.0,413096978.0,2704200000.0,-4487000000.0,-499400000.0,0.0,-996800000.0,,,,,,31064700000.0,,,,715200000.0,27830800000.0,-626100000.0,,,,,,,,454406676.0,,,,,2514600000.0,3700000.0,600000000.0,,,,,,,,,,,,,,483100000.0,,,,,,,,40400000.0,,,,,-986300000.0,,1517800000.0,,630600000.0,,,,208600000.0,,717400000.0,,,,86800000.0,,,,,,192400000.0,22121400000.0,,90700000.0,56000000.0,,-1121900000.0,,3233900000.0,,,,,3931700000.0,,,14674500000.0,,,2255300000.0,,,,1488200000.0,,,,,15933900000.0,849900000.0,,,751300000.0,,2307700000.0,912400000.0,,,,,,1342900000.0,0.088907,,18189700000.0,,-62800000.0,,236900000.0,,,,,12379800000.0,,40400000.0,40400000.0,6564800000.0,,,,,,,,,,,,,,,,,,,,,
1199059200,743700000.0,,2035500000.0,3500000.0,2035500000.0,933800000.0,,,1227100000.0,109300000.0,-104000000.0,,10608500000.0,2688600000.0,28694000000.0,2688600000.0,10608500000.0,35200000.0,2549800000.0,383200000.0,3857500000.0,,,275700000.0,5262800000.0,,508000000.0,3234200000.0,1765100000.0,,,10900000.0,,-619200000.0,,,743700000.0,2035500000.0,793700000.0,,2770100000.0,-5157300000.0,-583300000.0,0.0,517700000.0,-43500000.0,49700000.0,,,982100000.0,32618600000.0,,,,858500000.0,28694000000.0,-525200000.0,-0.986869,12626800000.0,,,,15765800000.0,,,130100000.0,-5157300000.0,-0.986869,,1517800000.0,3500000.0,804900000.0,,,,,341100000.0,,0.0,,,-2896900000.0,-2034500000.0,155000000.0,,502600000.0,,3740500000.0,9003300000.0,933800000.0,442100000.0,383200000.0,427663442.0,-197200000.0,666800000.0,,2035500000.0,167800000.0,-862800000.0,515300000.0,2035500000.0,,683900000.0,,-667800000.0,804900000.0,404000000.0,,871900000.0,,,20479000000.0,188000000.0,-129000000.0,,-422600000.0,,,210400000.0,24336500000.0,-1796800000.0,45400000.0,128100000.0,,-1319100000.0,,3924600000.0,4596000000.0,,,858500000.0,3857500000.0,,,15765800000.0,0.0,24336500000.0,2461400000.0,,2035500000.0,3924600000.0,1765100000.0,427663442.0,1003700000.0,17970200000.0,1880500000.0,17970200000.0,442100000.0,-422600000.0,2770100000.0,1003700000.0,,1735600000.0,1046300000.0,-422600000.0,1888400000.0,5836100000.0,712100000.0,,1415100000.0,,,20479000000.0,-1319100000.0,8400000.0,,-98000000.0,32618600000.0,233100000.0,2567400000.0,,12626800000.0,1735600000.0,-197200000.0,-197200000.0,5836100000.0,,,,,,,,,,,,,,,,,,,,,
1206921600,,,1368700000.0,,1368700000.0,973800000.0,,,1226000000.0,100900000.0,-25700000.0,,11639000000.0,2652400000.0,,,,,,421000000.0,,,,279600000.0,,,-850100000.0,,,,,4100000.0,,2000000.0,-0.400082,,,,647500000.0,386666367.0,3368700000.0,-6328300000.0,-519800000.0,238000000.0,-666800000.0,,,,,,34757900000.0,,,,1541700000.0,31610000000.0,-729700000.0,,,,,,,,386666367.0,,,,,2035500000.0,3400000.0,711300000.0,,,,,,,,,,,,,,521900000.0,,,,,,,,-155600000.0,,,,,-559500000.0,,1368700000.0,,714600000.0,,,,14700000.0,,1070900000.0,,,,356300000.0,,,,,,127700000.0,26118800000.0,,-172000000.0,54000000.0,,-1241600000.0,,3147900000.0,,,,,3889800000.0,,,17967300000.0,,,2611000000.0,,,,3125700000.0,,,,,19103300000.0,461000000.0,,,918200000.0,,1545700000.0,1028700000.0,,,,,,1582300000.0,-0.400082,,22229000000.0,,-8400000.0,,-137200000.0,,,,,13949900000.0,,-155600000.0,-155600000.0,5880600000.0,,,,,,,,,,,,,,,,,,,,,
1214784000,,,1210900000.0,,1210900000.0,870600000.0,,,1302300000.0,189900000.0,732100000.0,,11395500000.0,2542900000.0,,,,,,310800000.0,,,,290700000.0,,,-367600000.0,,,,,,,-13400000.0,1.182465,,,,879200000.0,362034927.0,3281300000.0,-6681900000.0,-561600000.0,303400000.0,-157800000.0,,,,,,33891100000.0,,,,1226000000.0,30877100000.0,-884000000.0,,,,,,,,422762002.0,,,,,1368700000.0,3100000.0,684100000.0,,,,,,,,,,,,,,555000000.0,,,,,,,,428200000.0,,,,,-641700000.0,,1210900000.0,,755600000.0,,,,-315400000.0,,1120100000.0,,,,364500000.0,,,,,,317600000.0,26042600000.0,,21400000.0,152800000.0,,-813400000.0,,3014000000.0,,,,,3715300000.0,,,18077400000.0,,,2729900000.0,,,,2852300000.0,,,,,19475000000.0,612500000.0,,,867700000.0,,1546400000.0,1063100000.0,,,,,,1666800000.0,0.986869,,22327300000.0,,25200000.0,,637900000.0,,,,,13657400000.0,,428200000.0,428200000.0,5150300000.0,,,,,,,,,,,,,,,,,,,,,
1222732800,,,1581400000.0,,1581400000.0,657600000.0,,,1223600000.0,25000000.0,-253300000.0,,10703200000.0,2213900000.0,,,,,,439000000.0,,,,293400000.0,,,463800000.0,,,,,,,-11500000.0,-0.897962,,,,697400000.0,344630184.0,2940900000.0,-6798600000.0,-597700000.0,356700000.0,370500000.0,,,,,,31870300000.0,,,,780200000.0,28565000000.0,-341800000.0,,,,,,,,344630184.0,,,,,1210900000.0,3100000.0,671500000.0,,,,,,,,,,,,,,510300000.0,,,,,,,,-308900000.0,,,,,-708100000.0,,1581400000.0,,725100000.0,,,,509800000.0,,1137900000.0,,,,412800000.0,,,,,,99700000.0,25075000000.0,,-145600000.0,-44500000.0,,-1122300000.0,,3305300000.0,,,,,3633300000.0,,,17501800000.0,,,2649700000.0,,,,2618500000.0,,,,,18823200000.0,668400000.0,,,765800000.0,,1508500000.0,1013300000.0,,,,,,1636400000.0,-0.897962,,21441700000.0,,-33700000.0,,-397600000.0,,,,,12707000000.0,,-308900000.0,-308900000.0,4055300000.0,,,,,,,,,,,,,,,,,,,,,
1230681600,902700000.0,,1374000000.0,1089600000.0,1374000000.0,918400000.0,,,1176400000.0,119000000.0,-620100000.0,153500000.0,12035400000.0,2405000000.0,2846600000.0,357800000.0,1286100000.0,-400000.0,3138000000.0,513000000.0,480700000.0,4100000.0,,283700000.0,429600000.0,,-73000000.0,238400000.0,47400000.0,,-723700000.0,,,-41500000.0,,,16800000.0,65800000.0,913900000.0,,2187500000.0,-7602400000.0,-695900000.0,441700000.0,-207400000.0,,47100000.0,,,191300000.0,33986100000.0,,,10700000.0,,30752400000.0,-316300000.0,-0.12447,1186300000.0,,,,1286100000.0,,,231200000.0,-7602400000.0,-0.12447,-1057100000.0,1581400000.0,2900000.0,735000000.0,,,,,-826900000.0,,5400000.0,,,-3044800000.0,-2375000000.0,-661500000.0,,481900000.0,,589300000.0,1018800000.0,129400000.0,38400000.0,34500000.0,364371520.0,-752600000.0,238700000.0,,1374000000.0,,-1135500000.0,763000000.0,1374000000.0,,662400000.0,200000.0,-64400000.0,45400000.0,-22000000.0,,543000000.0,,,2371900000.0,386800000.0,-185200000.0,,-15200000.0,,0.0,218000000.0,27491400000.0,-2271800000.0,111000000.0,68900000.0,0.0,-733900000.0,,3233700000.0,190800000.0,,,,4242100000.0,,,19637800000.0,53900000.0,2852600000.0,2570500000.0,,65600000.0,176100000.0,0.0,364371520.0,67800000.0,2282100000.0,2035500000.0,22346600000.0,330700000.0,-15200000.0,1500000.0,1002800000.0,,1634000000.0,1007300000.0,-15200000.0,190800000.0,170200000.0,187100000.0,979800000.0,1563200000.0,,,23249300000.0,-919400000.0,70800000.0,,-736400000.0,3022700000.0,62300000.0,2857700000.0,,13144700000.0,266000000.0,-752600000.0,-752600000.0,3393000000.0,,,,,,,,,,,,,,,,,,,,,
1238457600,869800000.0,,1183200000.0,,1069500000.0,807100000.0,,-585000000.0,1190200000.0,121500000.0,-122200000.0,,11181800000.0,2146200000.0,,,,,,467600000.0,,,,210200000.0,,,-402500000.0,,,,,,,-13300000.0,-0.960197,-700000.0,,,703900000.0,310709202.0,2199100000.0,-7640100000.0,-536700000.0,475800000.0,-304500000.0,,,,,,31281400000.0,,,,882400000.0,28742300000.0,-116500000.0,,,,,,,,310709202.0,,,,,1374000000.0,2800000.0,682300000.0,,,,,,,,,,,,,,491600000.0,,,,,,,,-298700000.0,,,,,-533800000.0,,1069500000.0,,711600000.0,,,,165100000.0,25500000.0,799600000.0,,,,405400000.0,,,,,113700000.0,167200000.0,25579300000.0,,-164400000.0,35200000.0,,-2173600000.0,,2539100000.0,,,,,3835000000.0,,,18821900000.0,,,2577800000.0,,,,2085900000.0,,,,,18788600000.0,315200000.0,,,746100000.0,,1402200000.0,982200000.0,,,,,904300000.0,1595600000.0,-0.960197,,21744300000.0,,3600000.0,,-338900000.0,,,,,12310900000.0,,-298700000.0,-243700000.0,2778100000.0,,,,,,,,,,,,,,,,,,,,,
1246320000,786800000.0,,1858000000.0,,1752900000.0,779600000.0,,-323100000.0,1231800000.0,17200000.0,15800000.0,,11719500000.0,2130400000.0,,,,,,516300000.0,,,,212800000.0,,,334600000.0,,,,,,,-26700000.0,-0.302284,-2600000.0,,,887300000.0,305704746.0,2269000000.0,-8676800000.0,-545200000.0,666500000.0,683400000.0,,,,,,33381600000.0,,,,1108700000.0,30062400000.0,-90400000.0,,,,,,,,305704746.0,,,,,1069500000.0,2700000.0,725600000.0,,,,,,,,,,,,,,522100000.0,,,,,,,,-93100000.0,,,,,-567200000.0,,1752900000.0,,722600000.0,,,,354900000.0,33900000.0,951200000.0,,,,425300000.0,,,,,105100000.0,342100000.0,27515800000.0,,-67800000.0,-30400000.0,,-2266700000.0,,3319200000.0,,,,,4224500000.0,,,20396300000.0,,,2653000000.0,,,,2295400000.0,,,,,20209100000.0,408800000.0,,,820400000.0,,1536500000.0,995900000.0,,,,,1011100000.0,1657100000.0,-0.302284,,23291300000.0,,-10100000.0,,-203300000.0,,,,,12932400000.0,,-93100000.0,-1400000.0,2829200000.0,,,,,,,,,,,,,,,,,,,,,
1254268800,66481183.18934,,191096793.0883,,191096793.0883,148337970.420267,,-1106900000.0,70727778.591302,18011421.877288,54620002.928686,,1899106750.622346,447503294.772295,,,,,,45101771.855323,,,,51691316.444575,,,-235600000.0,,,,,,,-48700000.0,0.286419,-10600000.0,,,689200000.0,125650593.0,5125201.347196,-9756500000.0,-524900000.0,20793674.037194,215900000.0,,,,,,4544589251.720603,,,,1337600000.0,4181139259.04232,-159400000.0,,,,,,,,125650593.0,,,,,1752900000.0,1524967052.277054,95035876.40943,,,,,,,,,,,,,,70727778.591302,,,,,,,,36608581.051398,,,,,-369700000.0,,1968800000.0,,789000000.0,,,,287400000.0,39500000.0,106311319.373261,,,,112461560.989896,,,,,77300000.0,164300000.0,4255527895.738761,,-292600000.0,-67800000.0,,-2554986088.7392,13325523.502709,363449992.678284,,,,,729096500.219651,,,21985100000.0,,,445892517.206033,,,,96793088.299897,,,,,3349831600.527164,67359789.134573,,,96939522.624103,,419827207.497437,262703177.624835,,,,,0.0,183189339.581198,0.286419,,3526431395.51911,,165800000.0,8053887.831308,-275400000.0,,,,,1815492751.500952,,36608581.051398,36608581.051398,289061355.981842,,,,,,,,,,,,,,,,,,,,,
1262217600,890500000.0,,3269600000.0,117242000000.0,3269600000.0,886400000.0,,-251200000.0,1387800000.0,-403700000.0,-111200000.0,129800000.0,12010700000.0,2130000000.0,400056000000.0,4613000000.0,4254000000.0,7253000000.0,3353300000.0,487700000.0,38545000000.0,,,290400000.0,27650000000.0,,997800000.0,17284000000.0,2181000000.0,,-72800000.0,,,-3654600000.0,,-58900000.0,14538000000.0,72289000000.0,1072900000.0,,6118600000.0,-10141700000.0,-628500000.0,741600000.0,1300800000.0,,12018000000.0,,,2740000000.0,39899900000.0,,,,1299000000.0,34621700000.0,-50000000.0,19.217345,9829000000.0,278000000.0,,,8056000000.0,,,-511100000.0,-3802000000.0,19.217345,-2266200000.0,1968800000.0,2600000.0,734900000.0,,,,,694300000.0,,142000000.0,,,-2157100000.0,-2235300000.0,1895600000.0,,593900000.0,,103050000000.0,130700000000.0,886400000.0,8290000000.0,8984000000.0,304163604.0,100000000.0,12465000000.0,,3269600000.0,12900000.0,-686400000.0,1118000000.0,3269600000.0,,822900000.0,71969000000.0,-3743300000.0,13603000000.0,360700000.0,30900000.0,1002100000.0,,,208705000000.0,481800000.0,-462900000.0,,8452000000.0,,,444400000.0,33402800000.0,-416300000.0,61900000.0,-448100000.0,348849000000.0,-2287000000.0,,5278200000.0,15185000000.0,,,-1093000000.0,4535900000.0,,,22152400000.0,160300000.0,247250000000.0,3040100000.0,,320000000.0,101076000000.0,2611500000.0,304163604.0,14762000000.0,157000000000.0,1374000000.0,25364900000.0,487700000.0,8452000000.0,1823000000.0,1016700000.0,,1685300000.0,1170500000.0,8452000000.0,10348000000.0,253882000000.0,1168100000.0,1008600000.0,1869600000.0,,,28866900000.0,19739000000.0,1000000.0,,-311100000.0,501132000000.0,3566000000.0,3046100000.0,,13353800000.0,1613000000.0,100000000.0,292500000.0,3120100000.0,,,,,,,,,,,,,,,,,,,,,
1269993600,4300000.0,,199900000.0,,199900000.0,105600000.0,,0.0,52300000.0,5100000.0,18400000.0,,1300300000.0,298900000.0,,,,,,34200000.0,,,,66100000.0,,,-8800000.0,,,,,,,-8800000.0,0.106689,0.0,,,121400000.0,125902109.0,5500000.0,-6483100000.0,-58400000.0,19500000.0,54200000.0,,,,,,3267000000.0,,,,953900000.0,2926300000.0,-101500000.0,,,,,,,3164700000.0,125902109.0,,,,,145700000.0,1042700000.0,92100000.0,,,,,,,,,,,,,,52300000.0,,,,,,,,13300000.0,,,,,-58400000.0,,199900000.0,,615000000.0,,,,31900000.0,34000000.0,161700000.0,,,,84300000.0,,,,,119300000.0,63000000.0,2890600000.0,,2300000.0,5500000.0,,-1571100000.0,8000000.0,340700000.0,,,,,509400000.0,,,1300300000.0,,,316900000.0,,,,42500000.0,,,,,2289500000.0,53500000.0,,,75700000.0,,257900000.0,180300000.0,,,,,100000.0,136600000.0,0.106689,,2381200000.0,,1200000.0,11600000.0,-200000.0,,,,,1240100000.0,,13300000.0,13300000.0,376400000.0,,,,,,,,,,,,,,,,,,,,,
1277856000,1127400000.0,,3507400000.0,,3507400000.0,740600000.0,,-4633700000.0,1010600000.0,26100000.0,-630200000.0,,9970600000.0,2130100000.0,,,,,,483400000.0,,,,317000000.0,,,-229200000.0,,,,,,,3489900000.0,-2.36493,-2636300000.0,,,1033000000.0,289065633.0,1725300000.0,-6331400000.0,-781000000.0,568100000.0,183600000.0,,,,,,30166300000.0,,,,1188100000.0,25291100000.0,-453400000.0,,,,,,,,289065633.0,,,,,199900000.0,2500000.0,499600000.0,,,,,,,,,,,,,,419700000.0,,,,,,,,-685500000.0,,,,,-338200000.0,,3507400000.0,,565100000.0,,,,2243000000.0,32700000.0,277700000.0,,,,361400000.0,,,,,177900000.0,252000000.0,27118200000.0,,-354300000.0,30400000.0,,-2235900000.0,,4875200000.0,,,,,4096300000.0,,,16302000000.0,,,2172700000.0,,,,2025500000.0,,,,,19869000000.0,435700000.0,,,678100000.0,,1804600000.0,800700000.0,,,,,818000000.0,1372000000.0,-2.36493,,23021900000.0,,3166300000.0,,-679800000.0,,,,,10647100000.0,,-685500000.0,-656300000.0,2699700000.0,,,,,,,,,,,,,,,,,,,,,
1285804800,1293900000.0,,3290600000.0,,3208200000.0,631900000.0,,-815700000.0,971500000.0,-16900000.0,300700000.0,,11103600000.0,2228500000.0,,,,,,595100000.0,,,,329600000.0,,,-499800000.0,,,,,,,-253000000.0,1.022432,300000.0,,,419200000.0,401533060.0,1717600000.0,,-457900000.0,587800000.0,-299200000.0,,,,,,32377600000.0,,,,,27854600000.0,-250000000.0,,,,,,,0.0,401533060.0,,,,,3507400000.0,,507800000.0,,,,,,,,,,,,,,390800000.0,,,,,,,,278500000.0,,,,,-464600000.0,,3208200000.0,,580100000.0,,,,109000000.0,25100000.0,1211000000.0,,,,473200000.0,,,,,82400000.0,-38700000.0,29220900000.0,,-376500000.0,17000000.0,,,,4523000000.0,,,,,4049100000.0,,,,,,2246800000.0,,,,2414900000.0,,,,,21463000000.0,284000000.0,,,694800000.0,,1726500000.0,802100000.0,,,,,1002200000.0,1444700000.0,0.880181,,25171800000.0,,-7000000.0,,145100000.0,,,,,11802700000.0,,278500000.0,317600000.0,2811100000.0,,,,,,,,,,,,,,,,,,,,,
1293753600,,,3847500000.0,2400000.0,3847500000.0,869800000.0,,-363900000.0,1077300000.0,-252600000.0,-156400000.0,122800000.0,11112300000.0,2095500000.0,27896100000.0,2095500000.0,11112300000.0,-1413100000.0,2280200000.0,631700000.0,4289900000.0,,,355100000.0,5669900000.0,,495800000.0,2611600000.0,0.0,,-2636300000.0,,,-1400000.0,,-300000.0,,3847500000.0,706600000.0,,1880000000.0,-7868100000.0,-493800000.0,563100000.0,639300000.0,,-1100900000.0,,,1343900000.0,33328800000.0,,,,1440300000.0,27896100000.0,-80000000.0,1.36917,11734700000.0,,,,18980400000.0,,,482000000.0,-7868100000.0,1.36917,-5813300000.0,3208200000.0,2400000.0,566200000.0,,,,,-197600000.0,,563100000.0,,,-1373900000.0,-1791100000.0,577900000.0,,468900000.0,,3347000000.0,9016900000.0,869800000.0,362800000.0,631700000.0,284219003.0,57500000.0,1617200000.0,,3847500000.0,0.0,-512700000.0,489100000.0,3847500000.0,,608400000.0,,3271100000.0,566200000.0,269200000.0,31000000.0,807100000.0,,,25581200000.0,430300000.0,-1446200000.0,,-876000000.0,,,212800000.0,29871100000.0,-884900000.0,-21100000.0,-271100000.0,1073600000.0,-1898800000.0,,5432700000.0,4052700000.0,,,1440300000.0,4289900000.0,,,18980400000.0,-34500000.0,29871100000.0,2425600000.0,,3847500000.0,5432700000.0,0.0,284219003.0,922300000.0,25581200000.0,3269600000.0,25581200000.0,362800000.0,388200000.0,1880000000.0,922300000.0,3176400000.0,1659100000.0,918000000.0,388200000.0,1684100000.0,3044600000.0,1146800000.0,1073600000.0,1507600000.0,,,25581200000.0,-1898800000.0,-3195000000.0,,-240300000.0,33328800000.0,-224900000.0,2368600000.0,,11734700000.0,1659100000.0,57500000.0,96200000.0,3044600000.0,,,,,,,,,,,,,,,,,,,,,
1301529600,,,2787100000.0,,2787100000.0,912600000.0,,-2571600000.0,1062500000.0,65700000.0,489700000.0,,11656500000.0,2116400000.0,,,,,,724900000.0,,,,364200000.0,,,130000000.0,,,,,,,-25300000.0,1.262481,-50700000.0,,,734900000.0,272080615.0,1849200000.0,-8838200000.0,-510400000.0,0.0,-1060400000.0,,,,,,34877900000.0,,,,1327700000.0,29013900000.0,-202500000.0,,,,,,,148900000.0,325038460.0,,,,,3847500000.0,2400000.0,603200000.0,,,,,,,,,,,,,,444000000.0,,,,,,,,342400000.0,,,,,-2071600000.0,,2787100000.0,,618500000.0,,,,-1800000.0,35600000.0,1472400000.0,,,,467600000.0,,,,,,224500000.0,31354300000.0,,-46700000.0,65400000.0,,-1556400000.0,,5864000000.0,,,,,4651500000.0,,,20494700000.0,,,2432300000.0,,,,3566900000.0,,,,,23135900000.0,371300000.0,,,761500000.0,,1816000000.0,902200000.0,,,,,1088200000.0,1530100000.0,1.084667,,26702800000.0,,-1659400000.0,,364200000.0,,,,,12303600000.0,,342400000.0,424000000.0,3057400000.0,,,,,,,,,,,,,,,,,,,,,
1309392000,,,3396500000.0,,3396500000.0,823300000.0,,-34900000.0,1138400000.0,3800000.0,-326900000.0,,12010300000.0,2073900000.0,,,,,,160700000.0,,,,392900000.0,,,285100000.0,,,,,,,-212100000.0,-1.218028,-15200000.0,,,634600000.0,285691326.0,2036400000.0,-9572800000.0,-508400000.0,692400000.0,609400000.0,,,,,,36260500000.0,,,,1582200000.0,29978700000.0,-151000000.0,,,,,,,5300000.0,285691326.0,,,,,2787100000.0,2900000.0,536400000.0,,,,,,,,,,,,,,484100000.0,,,,,,,,-347000000.0,,,,,-388100000.0,,3396500000.0,,649700000.0,,,,615900000.0,39700000.0,715700000.0,,,,530800000.0,,,,,,126200000.0,31946700000.0,,-293500000.0,54700000.0,,-1903400000.0,,6281800000.0,,,,,4361000000.0,,,21583100000.0,,,2618600000.0,,,,4011600000.0,,,,,23574100000.0,340600000.0,,,806200000.0,,2148200000.0,949400000.0,,,,,1079600000.0,1669200000.0,-1.218028,,27585700000.0,,130200000.0,,-481100000.0,,,,,12778500000.0,,-347000000.0,-330700000.0,4179600000.0,,,,,,,,,,,,,,,,,,,,,
1317340800,,,1376600000.0,,1376600000.0,628400000.0,,-890600000.0,1132300000.0,1100000.0,-342900000.0,,11138500000.0,2139700000.0,,,,,,138500000.0,,,,381100000.0,,,-1112600000.0,,,,,,,-437900000.0,-1.049104,-766300000.0,,,489000000.0,317552183.0,2246300000.0,-8929500000.0,-474300000.0,0.0,-2019900000.0,,,,,,32990500000.0,,,,1537000000.0,28765400000.0,-436700000.0,,,,,,,4600000.0,317552183.0,,,,,3396500000.0,2800000.0,527900000.0,,,,,,,,,,,,,,474200000.0,,,,,,,,-333100000.0,,,,,-1246300000.0,,1376600000.0,,658100000.0,,,,-501800000.0,34100000.0,696300000.0,,,,540000000.0,,,,,,14700000.0,29504900000.0,,-262100000.0,-135800000.0,,-2236500000.0,,4225100000.0,,,,,3717200000.0,,,20068000000.0,,,2607900000.0,,,,3562200000.0,,,,,22225500000.0,417900000.0,,,718100000.0,,1780300000.0,935600000.0,,,,,994400000.0,1672300000.0,-1.049104,,25787700000.0,,-10300000.0,,-532600000.0,,,,,12246500000.0,,-333100000.0,-344000000.0,3370600000.0,,,,,,,,,,,,,,,,,,,,,
1325289600,,,1651200000.0,2800000.0,1651200000.0,847600000.0,,-1023400000.0,908800000.0,161100000.0,-395700000.0,131300000.0,12868400000.0,2812500000.0,32634100000.0,2812500000.0,12868400000.0,-1087800000.0,2736300000.0,184100000.0,4169800000.0,,,317000000.0,6131400000.0,,52300000.0,3336400000.0,3987700000.0,,-1980500000.0,,,-159600000.0,,-1148300000.0,,1651200000.0,877800000.0,,2688700000.0,-8155100000.0,-433900000.0,715300000.0,483500000.0,,-575800000.0,,,1455200000.0,36409200000.0,,,,1509500000.0,32634100000.0,-122400000.0,-2.604979,13289300000.0,,,,21023500000.0,-158800000.0,,129600000.0,-8155100000.0,-2.604979,-4520500000.0,1376600000.0,2800000.0,645700000.0,,,,,-645200000.0,,715300000.0,,,-4010300000.0,-1927000000.0,-1987400000.0,,378100000.0,,3379400000.0,9510800000.0,847600000.0,506500000.0,184100000.0,296649164.0,-435000000.0,1894000000.0,,1860100000.0,0.0,-304300000.0,809300000.0,1860100000.0,,530700000.0,,-834900000.0,645700000.0,-188400000.0,21900000.0,452000000.0,,,29308000000.0,351000000.0,-482900000.0,,-807500000.0,,,443900000.0,33477800000.0,-912600000.0,119400000.0,145300000.0,975200000.0,-2671500000.0,,3775100000.0,4237400000.0,,,1509500000.0,4169800000.0,,,21023500000.0,-121200000.0,33477800000.0,1852000000.0,,1651200000.0,3775100000.0,3987700000.0,296649164.0,910500000.0,24573800000.0,3847500000.0,24573800000.0,506500000.0,-772700000.0,2688700000.0,910500000.0,0.0,1777100000.0,592200000.0,-772700000.0,1780400000.0,2805400000.0,-76100000.0,975200000.0,1259800000.0,,,29308000000.0,-2671500000.0,1418300000.0,,-433700000.0,36409200000.0,231700000.0,2457000000.0,,13289300000.0,1777100000.0,-435000000.0,-556800000.0,2805400000.0,,,,,,,,,,,,,,,,,,,,,
1333152000,,,1662400000.0,,1662400000.0,995300000.0,,-1106400000.0,1142100000.0,33100000.0,3900000.0,,13293500000.0,2792900000.0,,,,,,215000000.0,,,,418100000.0,,,-244700000.0,,,,,,,37600000.0,-0.080016,-32300000.0,,,805800000.0,307032576.0,2452800000.0,-8925100000.0,-521300000.0,111800000.0,39600000.0,,,,,,36793600000.0,,,,1565700000.0,33388400000.0,-230500000.0,,,,,,,,307032576.0,,,,,1860100000.0,2800000.0,592500000.0,,,,,,,,,,,,,,471400000.0,,,,,,,,-25100000.0,,,,,-566000000.0,,1899700000.0,,670700000.0,,,,563200000.0,27700000.0,1092700000.0,,,,497200000.0,,,,,,284500000.0,34078700000.0,,-156100000.0,132300000.0,,-2696600000.0,,3405200000.0,,,,,4432800000.0,,,22218600000.0,,,2537000000.0,,,,3929600000.0,,,,,24966300000.0,436900000.0,,,797500000.0,,1924400000.0,897700000.0,,,,,1040700000.0,1639300000.0,-0.080016,,29645900000.0,,11900000.0,,-94200000.0,,,,,13808500000.0,,-25100000.0,-29200000.0,2531800000.0,,,,,,,,,,,,,,,,,,,,,
1341014400,,,1908800000.0,,1908800000.0,787000000.0,,-752100000.0,1146600000.0,11800000.0,-202900000.0,,12700900000.0,2536700000.0,,,,,,251000000.0,,,,402100000.0,,,-899700000.0,,,,,,,-207300000.0,2.311586,-16400000.0,,,649100000.0,302562861.0,1922700000.0,-8848000000.0,-472800000.0,563900000.0,9100000.0,,,,,,34435700000.0,,,,1588800000.0,31251700000.0,-197600000.0,,,,,,,,302562861.0,,,,,1899700000.0,2600000.0,574300000.0,,,,,,,,,,,,,,477900000.0,,,,,,,,701600000.0,,,,,325600000.0,,1908800000.0,,668700000.0,,,,53800000.0,35600000.0,867900000.0,,,,490600000.0,,,,,,176300000.0,31567800000.0,,-142600000.0,-9900000.0,,-1995000000.0,,3184000000.0,,,,,4179100000.0,,,21548900000.0,,,2524500000.0,,,,3729500000.0,,,,,23659200000.0,369000000.0,,,757700000.0,,2002900000.0,887300000.0,,,,,984900000.0,1637200000.0,2.311586,,27388700000.0,,-4500000.0,,-293300000.0,,,,,13106500000.0,,701600000.0,-214700000.0,3091400000.0,,,,,,,,,,,,,,,,,,,,,
1348963200,,,3317300000.0,,3317300000.0,645300000.0,,-737200000.0,1132900000.0,61100000.0,55300000.0,,12924300000.0,2504100000.0,,,,,,292400000.0,,,,408600000.0,,,1524100000.0,,,,,,,-379900000.0,-0.071126,-70500000.0,,,431300000.0,298735994.0,2038600000.0,-8702400000.0,-456600000.0,513600000.0,1408500000.0,,,,,,36617400000.0,,,,1598600000.0,31870400000.0,-189100000.0,,,,,,,-200000.0,298735994.0,,,,,1908800000.0,2700000.0,558700000.0,,,,,,,,,,,,,,462600000.0,,,,,,,,-22400000.0,,,,,-576100000.0,,3108400000.0,,670300000.0,,,,67300000.0,27200000.0,1134200000.0,,,,527200000.0,,,,,,-25300000.0,33969500000.0,,-400800000.0,33900000.0,,-2017400000.0,,4747000000.0,,,,,3866900000.0,,,21626700000.0,,,2519100000.0,,,,3933500000.0,,,,,26169100000.0,541000000.0,,,784600000.0,,1856900000.0,859000000.0,,,,,977200000.0,1660100000.0,-0.071126,,30102600000.0,,32200000.0,,-81100000.0,,,,,13426200000.0,,-22400000.0,-5800000.0,2852400000.0,,,,,,,,,,,,,,,,,,,,,
1356912000,,,2038900000.0,2600000.0,2038900000.0,849700000.0,,-1780400000.0,1205600000.0,-17000000.0,-339600000.0,112400000.0,13437600000.0,2581300000.0,34581900000.0,2581300000.0,13437600000.0,-914300000.0,2919700000.0,363500000.0,4620300000.0,,,448600000.0,6693300000.0,,-1849500000.0,3885200000.0,4441300000.0,,-215700000.0,,,-1555700000.0,,-96500000.0,,2038900000.0,1033500000.0,,3735300000.0,-8379400000.0,-432900000.0,569900000.0,-1069500000.0,,-483300000.0,,,1677400000.0,38307700000.0,,1290700000.0,,1600500000.0,34581900000.0,-353100000.0,1.075776,13877600000.0,,,,21817000000.0,0.0,,35200000.0,-8379400000.0,1.075776,-4376100000.0,3108400000.0,2600000.0,774000000.0,,,,,-1469800000.0,,569900000.0,,,-1080900000.0,-1883600000.0,387700000.0,,524200000.0,,3617500000.0,10310800000.0,849700000.0,557500000.0,363500000.0,300674058.0,-331300000.0,2066100000.0,,2038900000.0,,-264400000.0,1036100000.0,2038900000.0,,681400000.0,,-2105300000.0,774000000.0,87300000.0,21900000.0,790400000.0,,,31602300000.0,551100000.0,-389100000.0,,-572300000.0,,,600600000.0,36222600000.0,-970300000.0,310400000.0,-121100000.0,950100000.0,-2348700000.0,,3725800000.0,4627200000.0,,,1600500000.0,4620300000.0,,,21817000000.0,14700000.0,36222600000.0,2730200000.0,,2038900000.0,3725800000.0,4441300000.0,300674058.0,1031000000.0,27161000000.0,1651200000.0,27161000000.0,557500000.0,322800000.0,3735300000.0,1031000000.0,1055400000.0,2063200000.0,973500000.0,322800000.0,1936100000.0,2210000000.0,66300000.0,950100000.0,1756700000.0,,,31602300000.0,-2348700000.0,-24900000.0,,-445700000.0,38307700000.0,89000000.0,2691100000.0,,13877600000.0,2063200000.0,-331300000.0,-322600000.0,2210000000.0,,,,,,,,,,,,,,,,,,,,,
1364688000,,,2906800000.0,,2906800000.0,903500000.0,,-1019900000.0,1191000000.0,20500000.0,42400000.0,,13018500000.0,2397800000.0,,,,,,1065800000.0,,,,470100000.0,,,830900000.0,,,,,,,1386900000.0,-0.003461,0.0,,,557700000.0,288956417.0,5769600000.0,-8574700000.0,-504300000.0,538000000.0,867900000.0,,,,,,40972300000.0,,,,1615400000.0,36442900000.0,-640000000.0,,,,,,,,288956417.0,,,,,2038900000.0,2600000.0,578900000.0,,,,,,,,,,,,,,497900000.0,,,,,,,,-1000000.0,,,,,-498400000.0,,2906800000.0,,693100000.0,,,,16300000.0,26800000.0,1205600000.0,,,,549700000.0,,,,,,53400000.0,39403600000.0,,-211900000.0,-38000000.0,,-2349700000.0,,4529400000.0,,,,,5919700000.0,,,21593200000.0,,,2767700000.0,,,,3883800000.0,,,,,29600100000.0,651200000.0,,,893400000.0,,2833500000.0,1027000000.0,,,,,1807100000.0,1740700000.0,-0.003461,,33483900000.0,,5900000.0,,-51100000.0,,,,,13449900000.0,,-1000000.0,21900000.0,1597500000.0,,,,,,,,,,,,,,,,,,,,,
1372550400,,,2125000000.0,,2125000000.0,1272200000.0,,-6319400000.0,1499300000.0,195900000.0,204600000.0,,22779000000.0,6074800000.0,,,,,,845000000.0,,,,542400000.0,,,4184800000.0,,,,,,,2923800000.0,-0.035563,-5267900000.0,,,788500000.0,329014552.0,4932700000.0,-9113900000.0,-490300000.0,610100000.0,-781800000.0,,,,,,63705600000.0,,,,1127300000.0,58691200000.0,-160900000.0,,,,,,,,329014552.0,,,,,2906800000.0,4000000.0,1203000000.0,,,,,,,,,,,,,,635000000.0,,,,,,,,-11600000.0,,,,,-5779800000.0,,2125000000.0,,864300000.0,,,,16900000.0,93900000.0,1611300000.0,,,,491500000.0,,,,,,298200000.0,52158200000.0,,-58600000.0,85100000.0,,-2361300000.0,,5014400000.0,,,,,7151300000.0,,,31892900000.0,,,3161900000.0,,,,3947700000.0,,,,,41059200000.0,1355600000.0,,,1533800000.0,,3221000000.0,1171100000.0,,,,,2522400000.0,1990800000.0,-0.035563,,45006900000.0,,-21600000.0,,220200000.0,,,,,22382300000.0,,-11600000.0,8700000.0,12044000000.0,,,,,,,,,,,,,,,,,,,,,
1380499200,,,2206500000.0,,2206500000.0,1171700000.0,,-484400000.0,2010500000.0,228800000.0,-592800000.0,,23730500000.0,6148600000.0,,,,,,854100000.0,,,,630200000.0,,,-122900000.0,,,,,,,469600000.0,-1.858159,-137700000.0,,,1119800000.0,447744002.0,4512700000.0,-10517700000.0,-805600000.0,675000000.0,81500000.0,,,,,,65996000000.0,,,,2199100000.0,61264500000.0,-517500000.0,,,,,,,0.0,447744002.0,,,,,2125000000.0,3900000.0,1032000000.0,,,,,,,,,,,,,,766000000.0,,,,,,,,-830100000.0,,,,,-975000000.0,,2206500000.0,,1390500000.0,,,,22600000.0,98700000.0,1427900000.0,,,,657800000.0,,,,,,314200000.0,54599300000.0,,-233300000.0,127300000.0,,-3191400000.0,,4731500000.0,,,,,7059400000.0,,,34248200000.0,,,4371200000.0,,,,4392300000.0,,,,,43147600000.0,738600000.0,,,1492200000.0,,3326600000.0,1702900000.0,,,,,3307100000.0,2668300000.0,-1.858159,,47539900000.0,,-31700000.0,,-682400000.0,,,,,23565600000.0,,-830100000.0,-821600000.0,11898100000.0,,,,,,,,,,,,,,,,,,,,,
1388448000,,,2701900000.0,3900000.0,2701900000.0,1406200000.0,,-494900000.0,2046100000.0,-89700000.0,-180700000.0,300700000.0,23974900000.0,5795400000.0,62231700000.0,5795400000.0,23974900000.0,-662300000.0,3931300000.0,1023400000.0,7683000000.0,,,644200000.0,9056500000.0,,-269500000.0,6036800000.0,4789100000.0,,-5423700000.0,,,106500000.0,,-18100000.0,,2701900000.0,1465300000.0,,5221400000.0,-10926200000.0,-681300000.0,878700000.0,500000000.0,,-526500000.0,,,2286900000.0,67714300000.0,,866700000.0,,2528800000.0,62231700000.0,-296800000.0,-2.551635,23748800000.0,,,,34901100000.0,,,18600000.0,-10926200000.0,-2.551635,-8318600000.0,2206500000.0,3900000.0,1072900000.0,,,,,4623300000.0,,878700000.0,,,-7965000000.0,-2481500000.0,667600000.0,,717600000.0,,5417700000.0,14474200000.0,1406200000.0,715100000.0,1023400000.0,378118397.0,-121200000.0,2309600000.0,,2701900000.0,,-711800000.0,1449800000.0,2701900000.0,,1328500000.0,,4886800000.0,1072900000.0,22200000.0,81300000.0,1792000000.0,,,48489800000.0,610600000.0,-341400000.0,,-882000000.0,,,784000000.0,56172800000.0,-1615200000.0,162400000.0,-155800000.0,3491200000.0,-3312600000.0,,5482600000.0,6746900000.0,,,2528800000.0,7683000000.0,,,34901100000.0,-44900000.0,56172800000.0,4173400000.0,,2701900000.0,5482600000.0,4789100000.0,378118397.0,1588700000.0,43680900000.0,2038900000.0,43680900000.0,715100000.0,-963900000.0,5221400000.0,1588700000.0,,3301800000.0,1516700000.0,-963900000.0,2616500000.0,12025800000.0,78000000.0,3491200000.0,2656700000.0,,,48489800000.0,-3312600000.0,2500000.0,,-149000000.0,67714300000.0,355500000.0,4276400000.0,,23748800000.0,3301800000.0,-121200000.0,-91000000.0,12025800000.0,,,,,,,,,,,,,,,,,,,,,
1396224000,,,3092100000.0,,3092100000.0,1559000000.0,,-2051600000.0,2139600000.0,-117000000.0,-537000000.0,,23813800000.0,5560500000.0,,,,,,3470800000.0,,,,653500000.0,,,-1162300000.0,,,,,,,-125700000.0,-0.088907,-23200000.0,,,1310800000.0,886023180.0,4765200000.0,-11864700000.0,-735000000.0,1237600000.0,390200000.0,,,,,,67260300000.0,,,,2651000000.0,61360600000.0,-376800000.0,,,,,,,993000000.0,886023180.0,,,,,2701900000.0,7900000.0,1104500000.0,,,,,,,,,,,,,,762500000.0,,,,,,,,-78800000.0,,,,,227900000.0,,3092100000.0,,1377100000.0,,,,22000000.0,55100000.0,1493600000.0,,,,695300000.0,,,,,0.0,575800000.0,56302700000.0,,-121700000.0,-184200000.0,,-3391400000.0,,5899700000.0,,,,,10672700000.0,,,35678500000.0,,,4533700000.0,,,,4629200000.0,,,,,41000800000.0,245500000.0,,,1529200000.0,,3300800000.0,1698800000.0,,,,,3438400000.0,2834900000.0,-0.088907,,45630000000.0,,-3100000.0,,-592600000.0,,,,,23782700000.0,,-78800000.0,-420000000.0,11649900000.0,,,,,,,,,,,,,,,,,,,,,
1404086400,,,1110200000.0,,1110200000.0,1443700000.0,,-4277300000.0,2185900000.0,-600000.0,-234600000.0,,23820600000.0,5382200000.0,,,,,,1850900000.0,,,,641800000.0,,,-2897600000.0,,,,,,,-216400000.0,-0.284503,-27700000.0,,,1596300000.0,882921983.0,4826000000.0,-12819600000.0,-667000000.0,1271400000.0,-1981900000.0,,,,,,65529400000.0,,,,3067800000.0,61572400000.0,-519100000.0,,,,,,,-7800000.0,882921983.0,,,,,3092100000.0,7800000.0,1207500000.0,,,,,,,,,,,,,,792500000.0,,,,,,,,-249900000.0,,,,,-688300000.0,,1110200000.0,,1393400000.0,,,,19800000.0,54400000.0,1800600000.0,,,,697100000.0,,,,,0.0,929300000.0,54741800000.0,,138700000.0,-64200000.0,,-3641300000.0,,3957000000.0,,,,,9259600000.0,,,36640200000.0,,,4602200000.0,,,,4772900000.0,,,,,40709300000.0,263800000.0,,,1511900000.0,,3486100000.0,1719200000.0,,,,,3593100000.0,2883000000.0,-0.284503,,45482200000.0,,14200000.0,,-292100000.0,,,,,23950500000.0,,-249900000.0,-234000000.0,11440200000.0,,,,,,,,,,,,,,,,,,,,,
1412035200,,,954900000.0,,954900000.0,1194100000.0,,-524700000.0,2113500000.0,145600000.0,321300000.0,,22119600000.0,4815400000.0,,,,,,1669000000.0,,,,617300000.0,,,381600000.0,,,,,,,23200000.0,0.177814,-977800000.0,,,1153400000.0,876991552.0,4753000000.0,-12767800000.0,-644300000.0,1196200000.0,-155300000.0,,,,,,62240000000.0,,,,2279000000.0,58613600000.0,-65100000.0,,,,,,,,888664623.0,,,,,1110200000.0,7900000.0,1018000000.0,,,,,,,,,,,,,,800000000.0,,,,,,,,157100000.0,,,,,-1635200000.0,,954900000.0,,1313500000.0,,,,21800000.0,73100000.0,2252100000.0,,,,724000000.0,,,,,0.0,509100000.0,51932800000.0,,-221500000.0,5200000.0,,-3484200000.0,,3626400000.0,,,,,8449500000.0,,,34887400000.0,,,4497200000.0,,,,4019500000.0,,,,,39463800000.0,265400000.0,,,1345300000.0,,3372200000.0,1659700000.0,,,,,4529700000.0,2837500000.0,0.177814,,43483300000.0,,-16400000.0,,201400000.0,,,,,22395900000.0,,157100000.0,175700000.0,10939000000.0,,,,,,,,,,,,,,,,,,,,,
1419984000,,,1158500000.0,8900000.0,1158500000.0,1452200000.0,,-4462500000.0,2233900000.0,-103000000.0,-605600000.0,257200000.0,23840600000.0,9189800000.0,68921400000.0,9189800000.0,23840600000.0,-1307900000.0,5603200000.0,1550900000.0,9190300000.0,,,632100000.0,11437900000.0,,-581800000.0,6988900000.0,4927500000.0,,-1089900000.0,,,-351900000.0,-0.551224,-61200000.0,,1158500000.0,1542700000.0,949522733.0,5081200000.0,-12684200000.0,-638100000.0,1043700000.0,203600000.0,-1016600000.0,-1055900000.0,,,2544700000.0,72841900000.0,,860500000.0,,1646600000.0,68921400000.0,-884600000.0,-0.773492,29001600000.0,,,,36524800000.0,,949522733.0,-350600000.0,-12684200000.0,-0.773492,-11316100000.0,954900000.0,8900000.0,1039000000.0,,,,,-4260100000.0,,1043700000.0,,,-2803400000.0,-2684400000.0,-1543400000.0,,817800000.0,,6810400000.0,18248300000.0,1452200000.0,335900000.0,1550900000.0,898543942.0,-523400000.0,2765000000.0,,1158500000.0,,-707800000.0,2918800000.0,1158500000.0,,1416100000.0,0.0,-670800000.0,1039000000.0,20700000.0,74600000.0,1442600000.0,,,49535600000.0,648600000.0,-157300000.0,,-980900000.0,,0.0,904600000.0,58725900000.0,-1845600000.0,47200000.0,-107400000.0,1808200000.0,-4007600000.0,,3920500000.0,8672900000.0,,,1646600000.0,9190300000.0,,,36524800000.0,-13800000.0,58725900000.0,4615200000.0,,1158500000.0,3920500000.0,4927500000.0,898543942.0,1499500000.0,44608100000.0,2701900000.0,44608100000.0,335900000.0,-695000000.0,5081200000.0,1499500000.0,,4104500000.0,1732700000.0,-695000000.0,3172800000.0,14714500000.0,84300000.0,1808200000.0,2882500000.0,-0.551224,,49535600000.0,-4007600000.0,-8500000.0,,-624600000.0,72841900000.0,-75000000.0,5500100000.0,,29001600000.0,4104500000.0,-523400000.0,-502600000.0,14714500000.0,,,,,,,,,,,,,,,,,,,,,
1427760000,,,630400000.0,,630400000.0,1479900000.0,,-6543000000.0,2256500000.0,-77900000.0,-599600000.0,,21821900000.0,7917500000.0,,,,,,1292800000.0,,,,615900000.0,,,-1110600000.0,,,,,,,-714000000.0,-0.542334,-122700000.0,,,1373900000.0,997967655.0,6016900000.0,-12647200000.0,-661200000.0,390800000.0,-528100000.0,,,,,,67680800000.0,,,,954000000.0,64719300000.0,-425900000.0,,,,,,,,997967655.0,,,,,1158500000.0,8800000.0,1072400000.0,,,,,,,,,,,,,,805100000.0,,,,,,,,-537500000.0,,,,,-775000000.0,,630400000.0,,1451400000.0,,,,18500000.0,71400000.0,1467700000.0,,-122700000.0,,574500000.0,,,,,0.0,712700000.0,55304500000.0,,4300000.0,-187200000.0,,-4545100000.0,,2961500000.0,,,,,7842900000.0,,,34469100000.0,,,4516900000.0,,,,4671100000.0,,,,,42790500000.0,263200000.0,,,1307800000.0,,3607000000.0,1685900000.0,,,,,2032900000.0,2831000000.0,-0.542334,,47461600000.0,,8900000.0,,-558200000.0,,,,,26930100000.0,,-537500000.0,-521700000.0,12954600000.0,,,,,,,,,,,,,,,,,,,,,
1435622400,,,586600000.0,,586600000.0,1398800000.0,,-4174400000.0,2148400000.0,131400000.0,-275800000.0,,21864700000.0,7874900000.0,,,,,,1613000000.0,,,,560600000.0,,,-490900000.0,,,,,,,70200000.0,-0.464884,-45000000.0,,,1178200000.0,986912633.0,4720400000.0,,-489800000.0,352600000.0,63300000.0,,,,,,66757900000.0,,,,,63994700000.0,-624400000.0,,,,,,,,986912633.0,,,,,630400000.0,,990300000.0,,,,,,,,,,,,,,724900000.0,,,,,,,,-458800000.0,,,,,-643500000.0,,586600000.0,,1371300000.0,,,,13800000.0,56100000.0,1708300000.0,,-38200000.0,,578900000.0,,,,,0.0,688400000.0,54509100000.0,,-202700000.0,52200000.0,,,,2763200000.0,,,,,7603300000.0,,,,,,4255100000.0,,,,4792400000.0,,,,,42113400000.0,209900000.0,,,1242200000.0,,3248600000.0,1527800000.0,,,,,2192200000.0,2727300000.0,-0.464884,,46905800000.0,,-108700000.0,,-294100000.0,,,,,27342500000.0,,-458800000.0,-407200000.0,12822500000.0,,,,,,,,,,,,,,,,,,,,,
1443571200,,,872600000.0,,872600000.0,1224000000.0,,-1575600000.0,2194200000.0,-20800000.0,89700000.0,,21398400000.0,7459900000.0,,,,,,1957900000.0,,,,579000000.0,,,-19200000.0,,,,,,,-48300000.0,0.105426,-611800000.0,,,1405600000.0,976036959.0,4961700000.0,,-530700000.0,354200000.0,286000000.0,,,,,,66307800000.0,,,,,63235400000.0,-496600000.0,,,,,,,,976036959.0,,,,,586600000.0,,1034200000.0,,,,,,,,,,,,,,792200000.0,,,,,,,,102900000.0,,,,,-1112500000.0,,872600000.0,,1404100000.0,,,,22200000.0,123300000.0,2072800000.0,,-609900000.0,,538800000.0,,,,,0.0,874900000.0,54944500000.0,,6200000.0,-118100000.0,,,,3072400000.0,,,,,7908400000.0,,432200000.0,,,,4288600000.0,,,,4263900000.0,,,,,42772200000.0,197100000.0,,,1187600000.0,,2905900000.0,1555600000.0,,,,,2504000000.0,2733000000.0,0.105426,,47036100000.0,,30000000.0,,129900000.0,,,,,26911400000.0,,102900000.0,110500000.0,11930700000.0,,,,,,,,,,,,,,,,,,,,,
1451520000,,,707600000.0,,707600000.0,1347700000.0,,-1587600000.0,2081400000.0,307500000.0,59100000.0,315800000.0,20840500000.0,6975100000.0,61682900000.0,6975100000.0,20840500000.0,-781700000.0,5399300000.0,2537100000.0,8767300000.0,,,566900000.0,10834000000.0,,-690600000.0,7116600000.0,3751900000.0,,-1111900000.0,,,-166700000.0,,-332400000.0,,707600000.0,1441600000.0,,4782900000.0,,-590600000.0,346300000.0,-165000000.0,-998600000.0,-776900000.0,,,2284100000.0,64610300000.0,,532700000.0,,,61682900000.0,-916000000.0,-1.255407,26244800000.0,445600000.0,,,,,,-31500000.0,,-1.255407,-13880600000.0,872600000.0,,995900000.0,,,,,-2311300000.0,,346300000.0,,,-3429000000.0,-2272300000.0,-343800000.0,,701000000.0,,6228700000.0,17062700000.0,1347700000.0,305700000.0,2537100000.0,952998064.0,-270400000.0,2255400000.0,,707600000.0,,-898000000.0,3127000000.0,707600000.0,,1382600000.0,0.0,-858800000.0,995900000.0,17700000.0,65000000.0,2008600000.0,,-227800000.0,45938400000.0,620300000.0,-169200000.0,,-1101200000.0,,0.0,851000000.0,54705700000.0,-2462900000.0,23000000.0,221600000.0,2839600000.0,,,2927400000.0,8578600000.0,,,,8767300000.0,,445600000.0,,-44800000.0,54705700000.0,4289900000.0,,707600000.0,2927400000.0,3751900000.0,952998064.0,1376200000.0,42186500000.0,1051400000.0,42186500000.0,305700000.0,-1196400000.0,4782900000.0,1376200000.0,,3094700000.0,1588200000.0,-1196400000.0,2973500000.0,10446000000.0,72200000.0,2839600000.0,2701700000.0,,,45938400000.0,,25000000.0,,-27800000.0,64610300000.0,324300000.0,5609400000.0,,26244800000.0,3094700000.0,-270400000.0,-248400000.0,10446000000.0,,,,,,,,,,,,,,,,,,,,,
1459382400,,,684900000.0,,684900000.0,1482500000.0,,-1593500000.0,2148000000.0,-36900000.0,-370700000.0,,21891400000.0,7256100000.0,,,,,,3239600000.0,,,,565200000.0,,,790300000.0,,,,,,,31200000.0,-0.346738,-1367200000.0,,,1019000000.0,948734342.0,4519800000.0,,-587100000.0,630700000.0,-22700000.0,,,,,,66608200000.0,,,,,63483600000.0,-191600000.0,,,,,,,,948734342.0,,,,,707600000.0,,905100000.0,,,,,,,,,,,,,,766900000.0,,,,,,,,-330600000.0,,,,,-1879300000.0,,684900000.0,,1383200000.0,,,,16700000.0,67200000.0,1577700000.0,,-26000000.0,,545300000.0,,,,,0.0,431900000.0,57244700000.0,,-391700000.0,-124600000.0,,,,3124600000.0,,,,,9722400000.0,,447400000.0,,,,4284100000.0,,,,3982400000.0,,,,,43539900000.0,282500000.0,,,1401800000.0,,3017100000.0,1590800000.0,,,,,2583900000.0,2693300000.0,-0.346738,,47522300000.0,,75000000.0,,-350800000.0,,,,,27232400000.0,,-330600000.0,-333800000.0,9906100000.0,,,,,,,,,,,,,,,,,,,,,
1467244800,,,785700000.0,,785700000.0,1331100000.0,,-2841700000.0,2203600000.0,45500000.0,269300000.0,,20882900000.0,6627500000.0,,,,,,1994500000.0,,,,580800000.0,,,-899500000.0,,,,,,,-77400000.0,0.23,-19400000.0,,,1541800000.0,892530351.0,5581900000.0,,-507400000.0,558200000.0,100800000.0,,,,,,68261900000.0,,,,,61327600000.0,-525900000.0,,,,,,,,900686305.0,,,,,684900000.0,,1143300000.0,,,,,,,,,,,,,,778800000.0,,,,,,,,204200000.0,,,,,-523600000.0,,785700000.0,,1426900000.0,,,,18000000.0,71400000.0,2277000000.0,,-17800000.0,,578400000.0,,,,,0.0,1034400000.0,56286800000.0,,162200000.0,-64400000.0,,,,6934300000.0,,,,,8558200000.0,,478900000.0,,,,4471200000.0,,,,4058500000.0,,,,,43670100000.0,254500000.0,,,1334100000.0,,3052200000.0,1689200000.0,,,,,2164400000.0,2782000000.0,0.23,,47728600000.0,,3200000.0,,271700000.0,,,,,26070900000.0,,223900000.0,223800000.0,12517700000.0,,,,,,,,,,,,,,,,,,,,,
1475193600,,,506100000.0,,506100000.0,962300000.0,,-1645000000.0,1962900000.0,36900000.0,-99900000.0,,17786400000.0,2785300000.0,,,,,,1996700000.0,,,,569300000.0,,,-1105600000.0,,,,,,,-79300000.0,-0.184353,-47400000.0,,,1253200000.0,909669180.0,18546600000.0,,-508000000.0,449400000.0,-279600000.0,,,,,,61867100000.0,,,,,59298800000.0,-786800000.0,,,,,,,,909669180.0,,,,,785700000.0,,851000000.0,,,,,,,,,,,,,,748900000.0,,,,,,,,-167700000.0,,,,,-430400000.0,,506100000.0,,1216200000.0,,,,17300000.0,57100000.0,1685600000.0,,-45800000.0,,788900000.0,,,,,0.0,745200000.0,54680100000.0,,-197600000.0,-28400000.0,,,,2568300000.0,,,,,7408000000.0,,529400000.0,,,,4313100000.0,,,,-2087500000.0,,,,,35947900000.0,260000000.0,,,1220400000.0,,2619200000.0,1561300000.0,,,,,2149900000.0,2751800000.0,-0.184353,,47272100000.0,,5600000.0,,-319500000.0,,,,,18030600000.0,,-167700000.0,-136800000.0,7700100000.0,,,,,,,,,,,,,,,,,,,,,
1483142400,,,1076600000.0,10600000.0,1076600000.0,1059000000.0,,-5307700000.0,1918500000.0,-1392500000.0,848800000.0,281500000.0,17249300000.0,2423200000.0,48953900000.0,2423200000.0,17249300000.0,295000000.0,5467300000.0,2624300000.0,8397300000.0,,,609100000.0,10909900000.0,,-419600000.0,8185700000.0,2235500000.0,,-1541700000.0,,,-332900000.0,,-107700000.0,,1076600000.0,1653300000.0,,5829000000.0,,-551400000.0,0.0,570500000.0,-140200000.0,647500000.0,,,2324400000.0,54517900000.0,,530700000.0,,-372400000.0,48953900000.0,-444000000.0,2.18,17063700000.0,431800000.0,,,,27900000.0,,-1465000000.0,,2.16,-11387900000.0,506100000.0,10600000.0,954500000.0,,,,,-1634400000.0,,0.0,,,-3475200000.0,-2153900000.0,369000000.0,,733100000.0,,6375100000.0,17285000000.0,1059000000.0,237600000.0,2624300000.0,899969654.0,2235200000.0,2676900000.0,,1076600000.0,,-641900000.0,3313400000.0,1076600000.0,,1187500000.0,0.0,-458400000.0,954500000.0,-505100000.0,85800000.0,2645400000.0,,-50600000.0,37122000000.0,764300000.0,-338900000.0,,1994500000.0,,0.0,1101900000.0,45519300000.0,-1948300000.0,88200000.0,-1247600000.0,6388700000.0,-3454800000.0,,5564000000.0,8233000000.0,,,-372400000.0,8397300000.0,,431800000.0,,73100000.0,45519300000.0,4216600000.0,,1076600000.0,5564000000.0,2235500000.0,889790968.0,1374900000.0,34886500000.0,707600000.0,34886500000.0,237600000.0,1960800000.0,5829000000.0,1374900000.0,147300000.0,3327700000.0,1533800000.0,1941100000.0,3027700000.0,9508700000.0,-453100000.0,6388700000.0,2682800000.0,,,37122000000.0,-3454800000.0,-10700000.0,,693600000.0,54517900000.0,-1347000000.0,5213800000.0,,17063700000.0,3327700000.0,2235200000.0,2241300000.0,9508700000.0,,,,,,,,,,,,,,,,,,,,,
1490918400,,,2109600000.0,,2109600000.0,1164200000.0,,-2950800000.0,1733000000.0,102200000.0,-154100000.0,,17471000000.0,2269500000.0,,,,,,2822400000.0,,,,453200000.0,,,-1783100000.0,,,,,,,-419200000.0,-0.335944,-28400000.0,,,902800000.0,871870517.0,5667700000.0,-16104000000.0,-500400000.0,0.0,1033000000.0,,,,,,53546400000.0,,,,-132000000.0,49277900000.0,-940700000.0,,,,,,,,871870517.0,,,,,1076600000.0,10400000.0,981000000.0,,,,,,,,,,,,,,607700000.0,,,,,,,,-292900000.0,,,,,1890700000.0,,2109600000.0,,1128300000.0,,,,13600000.0,33400000.0,1427400000.0,,-25100000.0,,446000000.0,,,,,0.0,402400000.0,45538600000.0,,-174200000.0,-12600000.0,,-3759700000.0,,4268500000.0,,,,,7959000000.0,,353800000.0,37507800000.0,,,3519000000.0,,,,2157900000.0,,,,,35421700000.0,361700000.0,,,1272800000.0,,2637600000.0,1340000000.0,,,,,6518600000.0,2179000000.0,-0.335944,,37579600000.0,,850100000.0,,-146900000.0,,,,,17351100000.0,,-292900000.0,-256300000.0,8477700000.0,,,,,,,,,,,,,,,,,,,,,
1498780800,,,1090700000.0,,1090700000.0,1140600000.0,,-2136700000.0,1812500000.0,99100000.0,-531100000.0,,18717900000.0,2192900000.0,,,,,,3550600000.0,,,,465200000.0,,,-1661700000.0,,,,,,,-734700000.0,-0.745772,-476500000.0,,,1508700000.0,853612217.0,6267000000.0,-17818800000.0,-444200000.0,0.0,-1018900000.0,,,,,,56367200000.0,,,,738400000.0,52364000000.0,-1168000000.0,,,,,,,,853612217.0,,,,,2109600000.0,10100000.0,1056200000.0,,,,,,,,,,,,,,637000000.0,,,,,,,,-636600000.0,,,,,-926000000.0,,1090700000.0,,1178500000.0,,,,15200000.0,53400000.0,1112600000.0,,-39600000.0,,504400000.0,,,,,0.0,1064500000.0,49231700000.0,,224900000.0,-8400000.0,,-4434000000.0,,4003200000.0,,,,,9168700000.0,,421100000.0,40588100000.0,,,3663700000.0,,,,3125800000.0,,,,,36937200000.0,365900000.0,,,1333400000.0,,3000200000.0,1346800000.0,,,,,6582600000.0,2316900000.0,-0.745772,,40063000000.0,,-5300000.0,,-570300000.0,,,,,18603600000.0,,-636600000.0,-630200000.0,7599600000.0,,,,,,,,,,,,,,,,,,,,,
1506729600,,,1579100000.0,,1579100000.0,1005300000.0,,-1387700000.0,1806400000.0,85700000.0,-349700000.0,,19498400000.0,2087300000.0,,,,,,4014600000.0,,,,482800000.0,,,-294700000.0,,,,,,,-65900000.0,-0.558443,-33400000.0,,,1228500000.0,824435539.0,5530400000.0,-19219500000.0,-432800000.0,0.0,488400000.0,,,,,,56767100000.0,,,,1279100000.0,52887300000.0,-495000000.0,,,,,,,,824435539.0,,,,,1090700000.0,9900000.0,1009500000.0,,,,,,,,,,,,,,592900000.0,,,,,,,,-460400000.0,,,,,-457700000.0,,1579100000.0,,1216500000.0,,,,13900000.0,23200000.0,1349600000.0,,-28200000.0,,599000000.0,,,,,0.0,795700000.0,49876600000.0,,-146700000.0,2900000.0,,-5225600000.0,,3879800000.0,,,,,9600400000.0,,498300000.0,42770200000.0,,,3878500000.0,,,,2633200000.0,,,,,37643000000.0,388900000.0,,,1399300000.0,,3072700000.0,1473100000.0,,,,,6709100000.0,2405400000.0,-0.558443,,40276200000.0,,5300000.0,,-465900000.0,,,,,19062100000.0,,-460400000.0,-435400000.0,7330500000.0,,,,,,,,,,,,,,,,,,,,,
1514678400,,,1672400000.0,8100000.0,1672400000.0,1101100000.0,,-4031000000.0,1981100000.0,22500000.0,-521100000.0,173900000.0,19535400000.0,1935400000.0,53265200000.0,1935400000.0,19535400000.0,-1721100000.0,5708500000.0,4165400000.0,9965800000.0,,,488400000.0,9387700000.0,,-981400000.0,5190600000.0,3110700000.0,,-539200000.0,,,-89000000.0,,-900000.0,,1672400000.0,2068500000.0,,3418400000.0,-16699600000.0,-575700000.0,78500000.0,70600000.0,-118300000.0,-1556000000.0,,,1889600000.0,57596800000.0,,500100000.0,,1656000000.0,53265200000.0,-372500000.0,-7.15,18547400000.0,472300000.0,,,36235000000.0,22300000.0,,31900000.0,-16699600000.0,-7.15,-10506200000.0,1579100000.0,8100000.0,1046600000.0,,,,,-4720900000.0,,78500000.0,,,-559300000.0,-1953100000.0,573100000.0,,638400000.0,,5661200000.0,15048900000.0,1101100000.0,363500000.0,4165400000.0,847894601.0,-1388200000.0,2054700000.0,,1672400000.0,,-1066300000.0,3755400000.0,1672400000.0,,1333700000.0,0.0,-1308800000.0,1046600000.0,20500000.0,63900000.0,1301000000.0,,-25400000.0,41238000000.0,505300000.0,-179800000.0,,-1865500000.0,,0.0,1492800000.0,51203800000.0,-2976200000.0,-83800000.0,50000000.0,6671400000.0,-6217600000.0,,4331600000.0,7333000000.0,,,1656000000.0,9965800000.0,,472300000.0,36235000000.0,976800000.0,51203800000.0,3987700000.0,,1672400000.0,4331600000.0,3110700000.0,847894601.0,1540400000.0,38049500000.0,1076600000.0,38049500000.0,363500000.0,-2778100000.0,3418400000.0,1540400000.0,25500000.0,3101900000.0,1501300000.0,-2778100000.0,2476000000.0,6805000000.0,63200000.0,6671400000.0,2486400000.0,,,41238000000.0,-6217600000.0,126700000.0,,-538000000.0,57596800000.0,309500000.0,4857000000.0,,18547400000.0,3101900000.0,-1388200000.0,-543600000.0,6805000000.0,,,,,,,,,,,,,,,,,,,,,
1522454400,,,554900000.0,,554900000.0,1230000000.0,,-1933400000.0,1988300000.0,766100000.0,-412500000.0,,20196300000.0,1887800000.0,,,,,,4290700000.0,,,,487800000.0,,,-1732400000.0,,,,,,,-39400000.0,-1.47,-22400000.0,,,1279300000.0,807879932.0,5528800000.0,-17976300000.0,-646000000.0,97900000.0,-1110100000.0,,,,,,58311600000.0,,,,2248200000.0,54853800000.0,-480100000.0,,,,,,,,807879932.0,,,,,1682900000.0,8000000.0,1061200000.0,,,,,,,,,,,,,,691900000.0,,,,,,,,-1186500000.0,,,,,-671100000.0,,572800000.0,,1296400000.0,,,,16300000.0,45800000.0,1371700000.0,,-22400000.0,,556700000.0,,,,,,633300000.0,52676900000.0,,651100000.0,-42400000.0,,-7084000000.0,,3457800000.0,,,,,10388800000.0,,517200000.0,38172600000.0,,,4156100000.0,,,,3926300000.0,,,,,38276000000.0,599500000.0,,,1623600000.0,,3191800000.0,1611100000.0,,,,,6862200000.0,2545000000.0,-1.47,,42288100000.0,,-2700000.0,,-481400000.0,,,,,19000500000.0,,-1186500000.0,-1178600000.0,6032600000.0,,,,,,,,,,,,,,,,,,,,,
1530316800,,,862400000.0,,862400000.0,846200000.0,,-1903000000.0,1501800000.0,-92800000.0,575900000.0,,14053000000.0,,,,,,,3392600000.0,,,,381100000.0,,,-1305100000.0,,,,,,,-32000000.0,0.8,-106100000.0,,,1985800000.0,788815021.0,14633800000.0,-13340200000.0,-151800000.0,1873100000.0,306400000.0,,,,,,55710900000.0,,,,1186400000.0,52139400000.0,-796100000.0,,,,,,,,791920021.0,,,,,572800000.0,7800000.0,831000000.0,,,,,,,,,,,,,,531600000.0,,,,,,,,912600000.0,,,,,-506200000.0,,879300000.0,,721100000.0,,,,12800000.0,42400000.0,1927200000.0,,-34400000.0,,294100000.0,,,,,,1834000000.0,50959000000.0,,234300000.0,-82900000.0,,-6171400000.0,,3571500000.0,,,,,9984900000.0,,,27393200000.0,,,3045100000.0,,,,2422800000.0,,,,,28425900000.0,378000000.0,,,1323600000.0,,3042000000.0,1249200000.0,,,,,6317800000.0,1795900000.0,0.8,,40974100000.0,,32700000.0,,662900000.0,,,,,13999200000.0,,912600000.0,668700000.0,5118200000.0,,,,,,,,,,,,,,,,,,,,,
1538265600,,,949200000.0,,949200000.0,764800000.0,,-2945600000.0,1410800000.0,281300000.0,-115400000.0,,14047600000.0,,,,,,,3499400000.0,,,,363600000.0,,,-2388800000.0,,,,,,,44600000.0,-0.56,-26500000.0,,,935300000.0,793544759.0,13469300000.0,-13786200000.0,-345100000.0,1807400000.0,81600000.0,,,,,,53720200000.0,,,,973100000.0,50145100000.0,-546800000.0,,,,,,,,793544759.0,,,,,879300000.0,7500000.0,811100000.0,,,,,,,,,,,,,,475500000.0,,,,,,,,974100000.0,,,,,1584900000.0,,960800000.0,,935300000.0,,,,13100000.0,42800000.0,1183500000.0,,-17400000.0,,316000000.0,,,,,,590200000.0,48904800000.0,,-116600000.0,-53900000.0,,-5197300000.0,,3575100000.0,,,,,10033000000.0,,,27833800000.0,,,2958100000.0,,,,2538200000.0,,,,,26232000000.0,376700000.0,,,1300200000.0,,3150300000.0,1231300000.0,,,,,5522300000.0,1726800000.0,-0.56,,38871800000.0,,-2500000.0,,-67800000.0,,,,,13959700000.0,,974100000.0,-396700000.0,5406900000.0,,,,,,,,,,,,,,,,,,,,,
1546214400,,,1480500000.0,7400000.0,1480500000.0,847100000.0,,-1388600000.0,1409400000.0,674800000.0,356300000.0,206000000.0,13878900000.0,1031200000.0,50043400000.0,1031200000.0,13878900000.0,553200000.0,5963100000.0,3615200000.0,10306100000.0,,,358100000.0,6994600000.0,,-860300000.0,5498700000.0,2436800000.0,,-171300000.0,,,-231100000.0,,-16300000.0,,1480500000.0,1762700000.0,,13807500000.0,-13091400000.0,-310100000.0,1967500000.0,537600000.0,,161800000.0,,,1478700000.0,53153600000.0,,635400000.0,,631800000.0,50043400000.0,-431600000.0,-1.97,13715800000.0,,,,26970300000.0,,,438100000.0,-13091400000.0,-1.97,-8170600000.0,960800000.0,7400000.0,874300000.0,,,,,-6286600000.0,,1967500000.0,,,87300000.0,-1453000000.0,-184500000.0,,504000000.0,,4963300000.0,11957900000.0,847100000.0,396700000.0,3615200000.0,778675957.0,25100000.0,1087300000.0,,1498300000.0,,-320300000.0,4510100000.0,1498300000.0,,905400000.0,,-257900000.0,874300000.0,14200000.0,75000000.0,1619800000.0,,,38699200000.0,295400000.0,1094800000.0,,-1411500000.0,,,1452600000.0,49005300000.0,-2254600000.0,326000000.0,617300000.0,5121800000.0,-5172200000.0,,4141400000.0,5907300000.0,,,631800000.0,10306100000.0,,,26970300000.0,131400000.0,49005300000.0,2860200000.0,,1480500000.0,4141400000.0,2436800000.0,778675957.0,1342100000.0,26190000000.0,1682800000.0,26190000000.0,396700000.0,725300000.0,13807500000.0,1342100000.0,36200000.0,3002000000.0,1155400000.0,725300000.0,2049100000.0,4681400000.0,56400000.0,5121800000.0,1704800000.0,,,38699200000.0,-5172200000.0,103900000.0,,419000000.0,53153600000.0,1573300000.0,3858200000.0,,13715800000.0,3002000000.0,25100000.0,-318500000.0,4681400000.0,,,,,,,,,,,,,,,,,,,,,
1553990400,,,939400000.0,,939400000.0,800200000.0,,-1395100000.0,1471800000.0,27800000.0,-279100000.0,,13811400000.0,893600000.0,,,,,,3679400000.0,,,,367300000.0,,,-737500000.0,,,,,,,-4500000.0,-0.43,-41300000.0,,,765400000.0,742090960.0,13730500000.0,-13783400000.0,-331300000.0,2082400000.0,-535300000.0,,,,,,53437600000.0,,,,496600000.0,49760400000.0,-264500000.0,,,,,,,,742090960.0,,,,,1498300000.0,7300000.0,761000000.0,,,,,,,,,,,,,,532200000.0,,,,,,,,7000000.0,,,,,-477300000.0,,963000000.0,,939600000.0,,,,13500000.0,67300000.0,1027800000.0,,,,176400000.0,,,,,,434100000.0,49588000000.0,,-457300000.0,-44100000.0,,-5164000000.0,,3677200000.0,,,,,10175200000.0,,,27594800000.0,,,2868000000.0,,,,2734200000.0,,,,,26360300000.0,404300000.0,,,1258900000.0,,2852200000.0,1219800000.0,,,,,5014400000.0,1648200000.0,-0.43,,39412800000.0,,4900000.0,,-88200000.0,,,,,13749900000.0,,7000000.0,-306900000.0,4360100000.0,,,,,,,,,,,,,,,,,,,,,
1561852800,,,1269000000.0,,1269000000.0,793300000.0,,-2443700000.0,1464400000.0,26800000.0,-312800000.0,,13622900000.0,819300000.0,,,,,,3680500000.0,,,,363600000.0,,,-857900000.0,,,,,,,63800000.0,-0.5,-147900000.0,,,1692300000.0,735442543.0,14223700000.0,-14398000000.0,-301600000.0,2068100000.0,330800000.0,,,,,,53987000000.0,,,,490100000.0,49915600000.0,-352100000.0,,,,,,,,735442543.0,,,,,963000000.0,7200000.0,771900000.0,,,,,,,,,,,,,,542600000.0,,,,,,,,53000000.0,,,,,-416100000.0,,1293800000.0,,921800000.0,,,,13500000.0,87000000.0,972600000.0,,,,181900000.0,,,,,,1390700000.0,50316300000.0,,527300000.0,-55400000.0,,-5111000000.0,,4071400000.0,,,,,10333200000.0,,,28020900000.0,,,2850400000.0,,,,3206500000.0,,,,,26235600000.0,431300000.0,,,1298400000.0,,3019400000.0,1204100000.0,,,,,4945000000.0,1646300000.0,-0.5,,39983100000.0,,-11300000.0,,-131100000.0,,,,,13731800000.0,,53000000.0,-339600000.0,4133500000.0,,,,,,,,,,,,,,,,,,,,,
1569801600,,4854200000.0,7382000000.0,,7382000000.0,711600000.0,810800000.0,-3605800000.0,1394600000.0,-70800000.0,516400000.0,,13047800000.0,656400000.0,,,,,,3380500000.0,,,-7305800000.0,340100000.0,,3678400000.0,-4839400000.0,,,54700000.0,,,-313600000.0,1000000.0,0.9,-27300000.0,,,633800000.0,714234500.0,4069200000.0,-14490800000.0,-267200000.0,,6116000000.0,,,-1214600000.0,5766500000.0,,48178600000.0,960800000.0,,,-49900000.0,38385900000.0,-2710000000.0,,,,6449100000.0,9222600000.0,,,717320622.0,,,,,1293800000.0,6300000.0,818200000.0,-8843800000.0,32100000.0,303300000.0,6672100000.0,,1431000000.0,,-170900000.0,407500000.0,,,,11508400000.0,501700000.0,4836300000.0,,,,,,,12847900000.0,,905600000.0,,,10436300000.0,,7409800000.0,7455100000.0,892900000.0,,,,13500000.0,74000000.0,1749400000.0,658600000.0,,,244800000.0,,-373200000.0,,-109300000.0,,366600000.0,34817000000.0,,-362600000.0,-110300000.0,,7736900000.0,,9792700000.0,,12933000000.0,2088100000.0,,7747800000.0,3639600000.0,,27538600000.0,,,2840900000.0,285400000.0,,,2973000000.0,,,,,24096200000.0,575100000.0,,,1221100000.0,,2837500000.0,1201500000.0,,,,,4728000000.0,1639400000.0,0.9,-3758200000.0,27069200000.0,,-287600000.0,,611700000.0,,,,12933000000.0,13283200000.0,,12847900000.0,587200000.0,13787300000.0,,,,,,,,,,,,,,,,,,,,,
