date,quarterlyOperatingCashFlow,annualPurchaseOfInvestment,annualAccountsReceivable,quarterlyOtherCurrentLiabilities,quarterlyNetIncome,annualInvestingCashFlow,quarterlyNetIncomeContinuousOperations,quarterlyChangeInCashSupplementalAsReported,quarterlyOtherNonCurrentLiabilities,trailingPretaxIncome,annualNonCurrentDeferredTaxesLiabilities,annualTotalAssets,quarterlyResearchAndDevelopment,annualLongTermDebt,annualStockholdersEquity,trailingNetIncome,annualDepreciationAndAmortization,quarterlyBasicAverageShares,quarterlyOtherShortTermInvestments,quarterlyCostOfRevenue,quarterlyAccountsReceivable,quarterlyCurrentAccruedExpenses,annualChangeInWorkingCapital,quarterlyGoodwill,annualInventory,annualCurrentLiabilities,annualRetainedEarnings,annualSaleOfInvestment,annualGoodwill,quarterlyInvestmentsAndAdvances,quarterlyLongTermDebt,annualOtherShortTermInvestments,annualStockBasedCompensation,quarterlyInventory,quarterlyOtherIncomeExpense,annualCommonStockIssuance,annualTotalNonCurrentLiabilitiesNetMinorityInterest,annualAccountsPayable,trailingOtherIncomeExpense,quarterlyCashAndCashEquivalents,trailingOperatingIncome,annualOperatingCashFlow,annualCapitalStock,annualDilutedAverageShares,quarterlyCashDividendsPaid,trailingGrossProfit,trailingResearchAndDevelopment,annualGainsLossesNotAffectingRetainedEarnings,annualTotalRevenue,annualOtherIncomeExpense,quarterlyBasicEPS,annualNetPPE,annualOtherIntangibleAssets,quarterlyCashCashEquivalentsAndMarketableSecurities,annualChangeInAccountPayable,annualEndCashPosition,quarterlyCapitalStock,quarterlyBeginningCashPosition,annualCashCashEquivalentsAndMarketableSecurities,annualCashFlowFromContinuingFinancingActivities,annualOperatingIncome,trailingTotalRevenue,annualCashAndCashEquivalents,quarterlyFreeCashFlow,annualDilutedEPS,quarterlyChangesInAccountReceivables,quarterlyPurchaseOfInvestment,quarterlyOtherNonCurrentAssets,quarterlyInterestExpense,annualGrossPPE,annualNetOtherInvestingChanges,quarterlyCurrentDebt,quarterlyNetIncomeCommonStockholders,quarterlyDepreciationAndAmortization,annualPretaxIncome,quarterlyTotalLiabilitiesNetMinorityInterest,annualIncomeTaxPayable,quarterlyTotalNonCurrentAssets,quarterlyOtherIntangibleAssets,quarterlyNetOtherFinancingCharges,annualOtherNonCurrentLiabilities,quarterlyTotalAssets,quarterlySaleOfInvestment,trailingSellingGeneralAndAdministration,quarterlyGrossPPE,quarterlyIncomeTaxPayable,annualOtherNonCurrentAssets,quarterlyRepurchaseOfCapitalStock,annualOperatingExpense,annualDeferredIncomeTax,annualCapitalExpenditure,annualBasicEPS,annualAccumulatedDepreciation,annualSellingGeneralAndAdministration,quarterlyDeferredIncomeTax,quarterlyAccountsPayable,quarterlyOtherCurrentAssets,annualRepurchaseOfCapitalStock,quarterlyNetOtherInvestingChanges,trailingInterestExpense,trailingNetIncomeContinuousOperations,annualCurrentAssets,quarterlyGainsLossesNotAffectingRetainedEarnings,trailingOperatingExpense,quarterlyDilutedAverageShares,quarterlyChangeInWorkingCapital,annualChangesInAccountReceivables,trailingNetIncomeCommonStockholders,annualChangeInCashSupplementalAsReported,annualRepaymentOfDebt,quarterlyEbitda,annualEbitda,annualNetIncomeCommonStockholders,annualOtherCurrentLiabilities,quarterlyStockBasedCompensation,annualCurrentAccruedExpenses,quarterlyStockholdersEquity,quarterlyGrossProfit,quarterlyInvestingCashFlow,annualNetOtherFinancingCharges,annualInterestExpense,quarterlyEndCashPosition,quarterlyChangeInInventory,quarterlyOperatingExpense,quarterlyChangeInAccountPayable,quarterlyCurrentDeferredRevenue,annualCostOfRevenue,annualResearchAndDevelopment,quarterlyOtherNonCashItems,annualOtherCurrentAssets,quarterlyNonCurrentDeferredTaxesLiabilities,quarterlySellingGeneralAndAdministration,annualTotalNonCurrentAssets,quarterlyAccumulatedDepreciation,annualGrossProfit,annualTotalLiabilitiesNetMinorityInterest,quarterlyTaxProvision,annualTaxProvision,quarterlyCurrentAssets,quarterlyCurrentLiabilities,quarterlyPurchaseOfBusiness,quarterlyRepaymentOfDebt,quarterlyRetainedEarnings,quarterlyNetPPE,quarterlyPretaxIncome,trailingCostOfRevenue,quarterlyTotalNonCurrentLiabilitiesNetMinorityInterest,annualNetIncomeContinuousOperations,quarterlyDilutedEPS,annualOtherNonCashItems,quarterlyOperatingIncome,quarterlyTotalRevenue,annualChangeInInventory,quarterlyCashFlowFromContinuingFinancingActivities,quarterlyCapitalExpenditure,trailingTaxProvision,annualNetIncome,annualCurrentDeferredRevenue,annualPurchaseOfBusiness,annualFreeCashFlow,annualBeginningCashPosition,annualCurrentDebt,annualCashDividendsPaid,annualBasicAverageShares,trailingChangeInInventory,trailingPurchaseOfBusiness,trailingBeginningCashPosition,trailingCashDividendsPaid,quarterlyNonCurrentDeferredRevenue,trailingChangeInCashSupplementalAsReported,trailingStockBasedCompensation,trailingCashFlowFromContinuingFinancingActivities,quarterlyCommonStockIssuance,trailingChangeInWorkingCapital,trailingCapitalExpenditure,annualNonCurrentDeferredRevenue,trailingFreeCashFlow,trailingRepaymentOfDebt,trailingBasicAverageShares,trailingSaleOfInvestment,trailingRepurchaseOfCapitalStock,trailingDepreciationAndAmortization,trailingBasicEPS,trailingDeferredIncomeTax,trailingNetOtherInvestingChanges,trailingChangesInAccountReceivables,trailingOtherNonCashItems,trailingPurchaseOfInvestment,trailingEndCashPosition,trailingNetOtherFinancingCharges,trailingDilutedEPS,trailingDilutedAverageShares,trailingOperatingCashFlow,trailingCommonStockIssuance,trailingChangeInAccountPayable,trailingInvestingCashFlow,annualInvestmentsAndAdvances
2003-12-31,,,,,,,,,,457249000.0,,2113000.0,,,137000.0,442833000.0,,,,,,,,,,1863000.0,,,,,,,,,,,113000.0,,-39812000.0,,790946000.0,,,167887668.0,,2094242000.0,51174000.0,,611000.0,,,,,,,,,,386000.0,,150000.0,5667713000.0,386000.0,,0.000816,,,,,,,,,,,,,,,,,,,561109000.0,,,,,461000.0,,,0.000816,,,,,,,,299660000.0,456632000.0,,,1303296000.0,,,,442833000.0,,,,150000.0,137000.0,1658000.0,,,,,,,,,,,,,,,,,,,,,,1976000.0,,,,,,,,,,3573471000.0,,137000.0,,,,,,,,617000.0,137000.0,,,,,,,167887668.0,,,,,,,,,,,,,,,,,,,,,,,,,,,,,,,,,
2004-12-31,,,45000.0,,,-5475000.0,,,,,6321000.0,106112000.0,,,82232000.0,,1872000.0,,,,,,69000.0,,15000.0,17524000.0,-1007000.0,,34417000.0,,,,,,,,6321000.0,568000.0,,,,2217000.0,6250000.0,625000000.0,,,,,6071000.0,86000.0,,10613000.0,52611000.0,,,5537000.0,,,5537000.0,8795000.0,-930000.0,,5537000.0,,-0.002001,,,,,11755000.0,-1170000.0,,,,-1061000.0,,,,,,0.0,,,,,,1695000.0,,6751000.0,,-4305000.0,-0.002001,-1142000.0,6621000.0,,,,,,,,6776000.0,,,,,,,5537000.0,,,942000.0,-1007000.0,16225000.0,,626000.0,,,,8841000.0,217000.0,,,,,,250000.0,,,0.0,,,99336000.0,,5821000.0,23845000.0,,37000.0,,,,,,,,,,-1007000.0,,,,,-15000.0,,,,-1007000.0,,,-2088000.0,0.0,105000.0,,625000000.0,,,,,,,,,,,,,,,,,,,,,,,,,,,,,,,,,
2005-03-31,,,,,-815000.0,,-815000.0,,,,,,,,,,,522945205.0,,,,,,,,,,,,,,,,,,,,,,,,,,,,,,,,,-0.0015,,,,,,,,,,,,,,,,,,,,,,-815000.0,,,,,,,,,,,,,,,,,,,,,,,,,,,,,,,,522945205.0,,,,,,4332000.0,,,,,,,,,,,,,,,,,,,,,,,,,,,,,,,,,,,,,,-0.0015,,4332000.0,4332000.0,,,,,,,,,,,,,,,,,,,,,,,,,,,,,,,,,,,,,,,,,,,,,
2005-06-30,,,,,-815000.0,,-815000.0,,,,,,,,,,,522945205.0,,,,,,,,,,,,,,,,,,,,,,,,,,,,,,,,,-0.0015,,,,,,,,,,,,,,,,,,,,,,-815000.0,,,,,,,,,,,,,,,,,,,,,,,,,,,,,,,,522945205.0,,,,,,4332000.0,,,,,,,,,,,,,,,,,,,,,,,,,,,,,,,,,,,,,,-0.0015,,4332000.0,4332000.0,,,,,,,,,,,,,,,,,,,,,,,,,,,,,,,,,,,,,,,,,,,,,
2005-09-30,,,,,-815000.0,,-815000.0,,,,,,,,,,,522945205.0,,,,,,,,,,,,,,,,,,,,,,,,,,,,,,,,,-0.0015,,,,,,,,,,,,,,,,,,,,,,-815000.0,,,,,,,,,,,,,,,,,,,,,,,,,,,,,,,,522945205.0,,,,,,4332000.0,,,,,,,,,,,,,,,,,,,,,,,,,,,,,,,,,,,,,,-0.0015,,4332000.0,4332000.0,,,,,,,,,,,,,,,,,,,,,,,,,,,,,,,,,,,,,,,,,,,,,
2005-12-31,,,37000.0,126710000.0,-815000.0,-181258000.0,-815000.0,,9278000.0,,14997000.0,421208000.0,,,238692000.0,,8503000.0,,,,37000.0,11879000.0,-617000.0,34417000.0,87000.0,138741000.0,-4087000.0,,34417000.0,,,,,87000.0,,,24283000.0,149000.0,,19769000.0,,4284000.0,5000000.0,522945205.0,,,,,17328000.0,-424000.0,,67794000.0,143513000.0,19769000.0,,19769000.0,5000000.0,,19769000.0,191206000.0,-3722000.0,,19769000.0,,-0.018,,,153552000.0,,72785000.0,-103483000.0,3000.0,-815000.0,,-3658000.0,163024000.0,,399276000.0,143513000.0,,9278000.0,421208000.0,,,72785000.0,,153552000.0,,20454000.0,,-77958000.0,-0.018,-4991000.0,16919000.0,,149000.0,0.0,,,,,21932000.0,,,,,,,14232000.0,,-16718000.0,4781000.0,-3259000.0,126710000.0,,11879000.0,238692000.0,,,191313000.0,2028000.0,,,,,,596000.0,,,0.0,14997000.0,,399276000.0,-4991000.0,16732000.0,163024000.0,,-91000.0,21932000.0,138741000.0,,,-4087000.0,67794000.0,,,24283000.0,-3259000.0,,,-16718000.0,4332000.0,-72000.0,,,,-3259000.0,,,-73674000.0,5537000.0,3000.0,,174315068.0,,,,,,,,,,,,,,,,,,,,,,,,,,,,,,,,,
2006-03-31,,,,,-6829000.0,,-6829000.0,,,,,,,,,,,503663004.0,,,,,,,,,,,,,,,,,,,,,,,,,,,,,,,,,-0.013701,,,,,,,,,,,,,,,,,,,,,,-6829000.0,,,,,,,,,,,,,,,,,,,,,,,,,,,,,,,,503663004.0,,,,,,6068000.0,,,,,,,,,,,,,,,,,,,,,,,,,,,,,,,,,,,,,,-0.013701,,6068000.0,6068000.0,,,,,,,,,,,,,,,,,,,,,,,,,,,,,,,,,,,,,,,,,,,,,
2006-06-30,,,,,-6829000.0,,-6829000.0,,,,,,,,,,,503663004.0,,,,,,,,,,,,,,,,,,,,,,,,,,,,,,,,,-0.013701,,,,,,,,,,,,,,,,,,,,,,-6829000.0,,,,,,,,,,,,,,,,,,,,,,,,,,,,,,,,503663004.0,,,,,,6068000.0,,,,,,,,,,,,,,,,,,,,,,,,,,,,,,,,,,,,,,-0.013701,,6068000.0,6068000.0,,,,,,,,,,,,,,,,,,,,,,,,,,,,,,,,,,,,,,,,,,,,,
2006-09-30,,,,145945000.0,-6829000.0,,-6829000.0,,37449000.0,,,,,,,,,503663004.0,,5981000.0,5000.0,56201000.0,,64797000.0,,,,,,,,,,103000.0,-2439000.0,,,,,7300000.0,,,,,,,,,,,-0.013701,,,7300000.0,,,10000000.0,,,,,,,,,,,15124000.0,275000.0,,,7000.0,-6829000.0,,,254036000.0,,598664000.0,341649000.0,,,636088000.0,,,187574000.0,,,,,,,,,,,886000.0,26392000.0,,,,,,,,503663004.0,,,,,,-6282000.0,,,,,,368206000.0,87000.0,,,,,,9063000.0,,,,,,,13538000.0,3823000.0,,-10480000.0,,,-534000.0,,37424000.0,203039000.0,,,-24573000.0,177094000.0,-9035000.0,,50997000.0,,-0.013701,,-8976000.0,6068000.0,,,,,,,,,,,,,,,,,,,,,,,,,,,,,,,,,,,,,,,,,,,,,
2006-12-31,-15631000.0,,414000.0,190513000.0,-52993000.0,-38645000.0,-52993000.0,576696000.0,42238000.0,,24046000.0,2279920000.0,,115647000.0,1890366000.0,,36512000.0,,,10724000.0,414000.0,14585000.0,14501000.0,81915000.0,196000.0,207613000.0,-77566000.0,,81915000.0,,115647000.0,,,196000.0,-12681000.0,1067474000.0,181941000.0,2509000.0,,583996000.0,,-20237000.0,11809000.0,503663004.0,,,,740000.0,36101000.0,-19998000.0,,279885000.0,427286000.0,583996000.0,,583996000.0,11809000.0,7300000.0,583996000.0,623109000.0,-57653000.0,,583996000.0,50109000.0,-0.348,,,904286000.0,10360000.0,292878000.0,-3555000.0,6000.0,-52993000.0,21110000.0,-80379000.0,389554000.0,,1693372000.0,427286000.0,-63736000.0,42238000.0,2279920000.0,,,292878000.0,,904286000.0,,65088000.0,-1814000.0,-35114000.0,-0.348,-12993000.0,30781000.0,-212000.0,2509000.0,407000.0,,22850000.0,,,586548000.0,740000.0,,,16186000.0,,,564227000.0,,-9615000.0,-21141000.0,-73479000.0,190513000.0,,14585000.0,1890366000.0,7173000.0,88590000.0,55640000.0,11184000.0,583996000.0,-93000.0,37898000.0,,,28666000.0,,,407000.0,24046000.0,19312000.0,1693372000.0,-12993000.0,7435000.0,389554000.0,-283000.0,-1885000.0,586548000.0,207613000.0,,,-77566000.0,279885000.0,-53276000.0,,181941000.0,-73479000.0,,7918000.0,-30725000.0,17897000.0,-109000.0,503737000.0,65740000.0,,-73479000.0,,,-55351000.0,19769000.0,6000.0,,211076146.0,,,,,,,,,,,,,,,,,,,,,,,,,,,,,,,,,
2007-03-31,0.0,,,13516000.0,-27192000.0,,-27192000.0,,157458000.0,,,,,,,,,401978299.0,,13945000.0,543000.0,130161000.0,,81915000.0,,,,,,,,,,293000.0,954000.0,,,,,500408000.0,,,,,,,,,,,-0.069,,,500408000.0,,,12080000.0,0.0,,,,,,0.0,,,,26311000.0,,,,5000.0,-27192000.0,,,327095000.0,,1837955000.0,1294413000.0,,,2352490000.0,,,448309000.0,,,,,,,,,,,2163000.0,0.0,,,,,,740000.0,,401978299.0,,,,,,-17285000.0,,,,,,2025395000.0,6347000.0,0.0,,,0.0,,42196000.0,,,,,,,23783000.0,23632000.0,,-12993000.0,,,-263000.0,,514535000.0,145845000.0,,,-104758000.0,435316000.0,-27455000.0,,181250000.0,,-0.069,,-35849000.0,20292000.0,,,,,,,,,,,,,,,,,,,,,,,,,,,,,,,,,,,,,,,,,,,,,
2007-06-30,0.0,,,121835000.0,-69217000.0,,-69217000.0,,37398000.0,,,,,,,,,402681215.0,,42376000.0,33042000.0,220219000.0,,81705000.0,,,,,,,,,,1877000.0,1701000.0,,,,,275147000.0,,,,,,,,,,,-0.171,,,275147000.0,,,12080000.0,0.0,,,,,,0.0,,,,28301000.0,1000.0,,,5000.0,-69217000.0,,,410049000.0,,2044220000.0,1272590000.0,,,2362617000.0,,,674617000.0,,,,,,,,,,,8358000.0,0.0,,,,,,-4402000.0,,403527852.0,,,,,,-49093000.0,,,,,,1952568000.0,2771000.0,0.0,,,0.0,,79362000.0,,,,,,,22226000.0,51864000.0,,-12993000.0,,,-1497000.0,,318397000.0,350417000.0,,,-173975000.0,661624000.0,-70714000.0,,59632000.0,,-0.171,,-76591000.0,45147000.0,,,,,,,,,,,,,,,,,,,,,,,,,,,,,,,,,,,,,,,,,,,,,
2007-09-30,0.0,,,10394000.0,-45203000.0,,-45203000.0,,38797000.0,,,,,,,,,402681215.0,,99563000.0,55804000.0,286114000.0,,81705000.0,,,,,,,614322000.0,,,3632000.0,-1031000.0,,,,,108364000.0,,,,,,,,,,,-0.111999,,,108364000.0,,,12080000.0,0.0,,,,,,0.0,,,,908161000.0,130000.0,,,5000.0,-45203000.0,,,976373000.0,,2215488000.0,413471000.0,,,2883195000.0,,,825144000.0,,,,,,,,,,,5019000.0,0.0,,,,,,-5806000.0,,403495469.0,,,,,,-14411000.0,,,,,,1906822000.0,13829000.0,0.0,,,0.0,,60114000.0,,,,,,,21716000.0,28240000.0,,-12993000.0,,,-321000.0,,667707000.0,301532000.0,,,-219178000.0,812151000.0,-45524000.0,,674841000.0,,-0.111999,,-46285000.0,113392000.0,,,,,,,,,,,,,,,,,,,,,,,,,,,,,,,,,,,,,,,,,,,,,
2007-12-31,151138000.0,,49390000.0,402290000.0,-36539000.0,-972620000.0,-36539000.0,,71931000.0,,21286000.0,3620268000.0,,614825000.0,2428541000.0,,114937000.0,,,138695000.0,49390000.0,75659000.0,203352000.0,81915000.0,1484000.0,483685000.0,-255717000.0,,81915000.0,,614825000.0,,,1484000.0,-2277000.0,722796000.0,708042000.0,5736000.0,,835419000.0,,151138000.0,13209000.0,408293344.0,,,,-11076000.0,358613000.0,-653000.0,,980241000.0,451688000.0,835419000.0,,835419000.0,13209000.0,0.0,835419000.0,1072905000.0,-195817000.0,,835419000.0,-522499000.0,-0.435,,,905433000.0,640000.0,1032879000.0,-298983000.0,,-36539000.0,,-179605000.0,1191727000.0,,2419277000.0,451688000.0,,71931000.0,3620268000.0,,,1032879000.0,,905433000.0,,262391000.0,-2755000.0,-673637000.0,-0.435,-52638000.0,148459000.0,,5736000.0,1000.0,,,,,1200991000.0,-11076000.0,,,,,,251423000.0,,-3118000.0,-80880000.0,-178151000.0,402290000.0,,75659000.0,2428541000.0,41087000.0,-972620000.0,-146318000.0,770000.0,835419000.0,,78179000.0,,,292039000.0,,,1000.0,21286000.0,45210000.0,2419277000.0,-52638000.0,66574000.0,1191727000.0,627000.0,-1454000.0,1200991000.0,483685000.0,,,-255717000.0,980241000.0,-35912000.0,,708042000.0,-178151000.0,,8410000.0,-37092000.0,179782000.0,-1288000.0,,,,-178151000.0,,,-522499000.0,583996000.0,,,408293344.0,,,,,,,,,,,,,,,,,,,,,,,,,,,,,,,,,
2008-03-31,0.0,,,5005000.0,43233000.0,,43233000.0,,197366000.0,,,,,,,,,440312968.0,,379788000.0,46139000.0,399861000.0,,81915000.0,,,,,,,500209000.0,,,1640000.0,-17955000.0,,,,,822786000.0,,,,,,,,,,,0.099,,,822786000.0,,,13209000.0,0.0,,,,,,0.0,,,,893548000.0,,,,,43233000.0,,,1127894000.0,,2578402000.0,447087000.0,,,3591273000.0,,,1208490000.0,,,,,,,,,,,4621000.0,0.0,,,,,,-20754000.0,,441009210.0,,,,,,59879000.0,,,,,,2463379000.0,103080000.0,0.0,,,0.0,,60986000.0,,,,,,,20832000.0,28892000.0,,-52638000.0,,,-496000.0,,1012871000.0,409487000.0,,,-212484000.0,1155852000.0,42737000.0,,718407000.0,,0.099,,42094000.0,482868000.0,,,,,,,,,,,,,,,,,,,,,,,,,,,,,,,,,,,,,,,,,,,,,
2008-06-30,0.0,,,3936000.0,-5686000.0,,-5686000.0,,186245000.0,,,,,,,,,440312968.0,,323486000.0,39930000.0,492076000.0,,81915000.0,,,,,,,500209000.0,,,1905000.0,-16694000.0,,,,,763037000.0,,,,,,,,,,,-0.012999,,,763037000.0,,,13209000.0,0.0,,,,,,0.0,,,,876367000.0,,,,,-5686000.0,,,1207609000.0,,2845437000.0,442515000.0,,,3678454000.0,,,1497278000.0,,,,,,,,,,,5000000.0,0.0,,,,,,-9543000.0,,440312968.0,,,,,,16225000.0,,,,,,2470845000.0,61128000.0,0.0,,,0.0,,65274000.0,,,,,,,20143000.0,30593000.0,,-52638000.0,,,-75000.0,,833017000.0,501012000.0,,,-218170000.0,1444640000.0,-5761000.0,,706597000.0,,-0.012999,,-4146000.0,384614000.0,,,,,,,,,,,,,,,,,,,,,,,,,,,,,,,,,,,,,,,,,,,,,
2008-09-30,0.0,,,4031000.0,-21125000.0,,-21125000.0,,185706000.0,,,,,,,,,440312968.0,,254722000.0,56101000.0,512534000.0,,81915000.0,,,,,,,985602000.0,,,2596000.0,-13780000.0,,,,,832099000.0,,,,,,,,,,,-0.048,,,832099000.0,,,13209000.0,0.0,,,,,,0.0,,,,870788000.0,3334000.0,,,,-21125000.0,,,1710088000.0,,3190956000.0,442575000.0,,,4157580000.0,,,1848309000.0,,,,,,,,,,,2638000.0,0.0,,,,,,-13735000.0,,441168545.0,,,,,,-2156000.0,,,,,,2447492000.0,40435000.0,0.0,,,0.0,,60410000.0,,,,,,,19577000.0,28282000.0,,-52638000.0,,,-445000.0,,966624000.0,519203000.0,,,-239295000.0,1795671000.0,-21570000.0,,1190885000.0,,-0.048,,-19975000.0,295157000.0,,,,,,,,,,,,,,,,,,,,,,,,,,,,,,,,,,,,,,,,,,,,,
2008-12-31,-11158000.0,,73405000.0,0.0,-18885000.0,-913602000.0,-18885000.0,,92195000.0,,19191000.0,4498289000.0,,1412516000.0,2408604000.0,,126885000.0,,,204224000.0,72755000.0,442671000.0,-148267000.0,81915000.0,2170000.0,450136000.0,-258180000.0,,81915000.0,,1528163000.0,,6855000.0,2170000.0,28156000.0,0.0,1639549000.0,2494000.0,,815144000.0,,-11158000.0,13212000.0,440315647.0,,,,-293865000.0,1416134000.0,972000.0,,2107722000.0,438073000.0,815144000.0,-3670000.0,815144000.0,13216000.0,0.0,815144000.0,904485000.0,1174000.0,,815144000.0,-1107240000.0,-0.006,,,784069000.0,-10285000.0,2215569000.0,180180000.0,,-18885000.0,,-3933000.0,2089685000.0,1954000.0,3522037000.0,438073000.0,,207842000.0,4498289000.0,,,2215569000.0,1954000.0,784069000.0,,252740000.0,,-1096082000.0,-0.006,-107847000.0,104034000.0,,2494000.0,0.0,,,,,976252000.0,-35685000.0,,,,-28743000.0,,-20275000.0,-181000.0,60709000.0,128059000.0,-2463000.0,0.0,,442671000.0,2408604000.0,49271000.0,-913602000.0,-7641000.0,0.0,815144000.0,,54365000.0,,,1162220000.0,,,0.0,19191000.0,38088000.0,3522037000.0,-107847000.0,253914000.0,2089685000.0,-454000.0,-1470000.0,976252000.0,450136000.0,,,-258180000.0,2107722000.0,-19339000.0,,1639549000.0,-2463000.0,,5378000.0,-5094000.0,253495000.0,-686000.0,,,,-2463000.0,,,-1107240000.0,835419000.0,,,440315647.0,,,,,,,,,,,,,,,,,,,,,,,,,,,,,,,,,
2009-03-31,,,,0.0,-35323000.0,,-35323000.0,,85628000.0,,,,,,,,,440837474.0,,175924000.0,74374000.0,402621000.0,,81915000.0,,,,,,,1798852000.0,,,2192000.0,-453000.0,,,,,798508000.0,,,,,,,,,,,-0.081,,,798508000.0,,,13308000.0,,,,,,,,,,,769759000.0,1196000.0,,,,-35323000.0,,,2313647000.0,,3797181000.0,433530000.0,,,4696529000.0,,,,274000.0,,,,,,,,,,2573000.0,0.0,,,,,,-35685000.0,,440837474.0,,,,,,-344000.0,,,,,,2382882000.0,40567000.0,,,,,,74140000.0,,,,,,,19025000.0,40579000.0,,,,,222000.0,,899348000.0,410142000.0,,,-258180000.0,2386697000.0,-35101000.0,,1903505000.0,,-0.081,,-33573000.0,216491000.0,,,,,,,,,,,,,,,,,,,,,,,,,,,,,,,,,,,,,,,,,,,,,
2009-06-30,,,,0.0,-143961000.0,,-143961000.0,,35503000.0,,,,,,,,,472947212.0,,203652000.0,167430000.0,592167000.0,,81915000.0,,,,,,,1845605000.0,,,4379000.0,-3930000.0,,,,,655632000.0,,,,,,,,,,,-0.303,,,655632000.0,,,14664000.0,,,,,,,,,,,742597000.0,,,,,-143961000.0,,,2510806000.0,,4061676000.0,428988000.0,,,4930987000.0,,,,580000.0,,,,,,,,,,6560000.0,0.0,,,,,,-35685000.0,,472947212.0,,,,,,-88288000.0,,,,,,2420181000.0,224730000.0,,,,,,148453000.0,,,,,,,18630000.0,100473000.0,,,,,-88000.0,,869311000.0,611068000.0,,,-437464000.0,2726872000.0,-144049000.0,,1899738000.0,,-0.303,,-136268000.0,215837000.0,,,,,,,,,,,,,,,,,,,,,,,,,,,,,,,,,,,,,,,,,,,,,
2009-09-30,,,,0.0,-39488000.0,,-39488000.0,,25113000.0,,,,,,,,,508516972.0,,407323000.0,201743000.0,556618000.0,,81915000.0,,,,,,,1838286000.0,,,5444000.0,-2482000.0,,,,,435343000.0,,,,,,,,,,,-0.078,,,435343000.0,,,15945000.0,,,,,,,,,,,728288000.0,,,,,-39488000.0,,,2455322000.0,,4117299000.0,424445000.0,,,5048133000.0,,,,1149000.0,,,,,,,,,,6939000.0,0.0,,,,,,-32703000.0,,508516972.0,,,,,,40216000.0,,,,,,2592811000.0,93005000.0,,,,,,117529000.0,,,,,,,18311000.0,52789000.0,,,,,252000.0,,930834000.0,573612000.0,,,-476952000.0,2797656000.0,-39236000.0,,1881710000.0,,-0.078,,-24524000.0,500328000.0,,,,,,,,,,,,,,,,,,,,,,,,,,,,,,,,,,,,,,,,,,,,,
2009-12-31,,,299701000.0,0.0,-89689000.0,-1143639000.0,-89689000.0,,60051000.0,,17757000.0,4900369000.0,,1793782000.0,2509044000.0,,217496000.0,,,357480000.0,299700000.0,497767000.0,-59185000.0,81915000.0,6534000.0,559167000.0,-566641000.0,,81915000.0,,1754350000.0,,11385000.0,6534000.0,2841000.0,383529000.0,1832158000.0,8719000.0,,212598000.0,,-112257000.0,15956000.0,488658006.0,,,,-595675000.0,1332873000.0,-5220000.0,,2786646000.0,451796000.0,212598000.0,6225000.0,212598000.0,15956000.0,,212598000.0,653350000.0,-272047000.0,,212598000.0,,-0.63,,,713979000.0,,3036426000.0,-177024000.0,44504000.0,-89689000.0,,-308593000.0,2391325000.0,768000.0,4125649000.0,451796000.0,,20619000.0,4900369000.0,,,3036426000.0,768000.0,713978000.0,,447404000.0,,-970345000.0,-0.63,-249780000.0,222868000.0,,8719000.0,0.0,,,,,774720000.0,-29034000.0,,,,-243702000.0,,-602546000.0,0.0,-11189000.0,-54551000.0,-308461000.0,0.0,,497767000.0,2509044000.0,42737000.0,,-870000.0,31824000.0,,,120419000.0,,,1157516000.0,,,0.0,17757000.0,42164000.0,4125649000.0,-249780000.0,175357000.0,2391325000.0,-518000.0,-132000.0,774720000.0,559167000.0,,,-566641000.0,2786646000.0,-90207000.0,,1832158000.0,-308461000.0,,16757000.0,-77682000.0,400217000.0,-4364000.0,,,,-308461000.0,,,-1082602000.0,815144000.0,44504000.0,,488658006.0,,,,,,,,,,,,,,,,,,,,,,,,,,,,,,,,,
2010-03-31,,,,0.0,-12474000.0,,-12474000.0,,20974000.0,,,,,,,,,531725286.0,,437802000.0,313395000.0,424230000.0,,81915000.0,,,,,,,1741776000.0,,,7208000.0,-3321000.0,,,,,252858000.0,,,,,,,,,,,-0.024,,,252858000.0,,,15967000.0,,,,,,,,,,,699670000.0,,,,89008000.0,-12474000.0,,,2307820000.0,,4090416000.0,446916000.0,,,4808696000.0,,,,722000.0,,,,,,,,,,8676000.0,0.0,,,,,,-25840000.0,,531725286.0,,,,,,82267000.0,,,,,,2500876000.0,129803000.0,,,,,,123634000.0,,,,,,,17709000.0,47536000.0,,,,,-161000.0,,718280000.0,527361000.0,,,-579115000.0,2765539000.0,-12635000.0,,1780459000.0,,-0.024,,6169000.0,567605000.0,,,,,,,,,,,,,,,,,,,,,,,,,,,,,,,,,,,,,,,,,,,,,
2010-06-30,,,,0.0,-30101000.0,,-30101000.0,,18715000.0,,,,,,,,,531795271.0,,454268000.0,327109000.0,402995000.0,,81915000.0,,,,,,,1847953000.0,,,7881000.0,-1397000.0,,,,,295232000.0,,,,,,,,,,,-0.057,,,295232000.0,,,15968000.0,,,,,,,,,,,685360000.0,21283000.0,,,130873000.0,-30101000.0,,,2431248000.0,,4065646000.0,442036000.0,,,4909773000.0,,,,989000.0,,,,,,,,,,9273000.0,0.0,,,,,,-628697000.0,,531795271.0,,,,,,67214000.0,,,,,,2478525000.0,119372000.0,,,,,,126775000.0,,,,,,,17430000.0,50761000.0,,,,,18000.0,,844127000.0,547150000.0,,,,2736580000.0,-30083000.0,,1884098000.0,,-0.057,,-7403000.0,573640000.0,,,,,,,,,,,,,,,,,,,,,,,,,,,,,,,,,,,,,,,,,,,,,
2010-09-30,,,,0.0,17547000.0,,17547000.0,,31510000.0,,,,,,,,,531798573.0,,541295000.0,276233000.0,477020000.0,,81915000.0,,,,,,,1641055000.0,,,7596000.0,-3385000.0,,,,,456393000.0,,,,,,,,,,,0.0294,,,456393000.0,,,0.0,,,,,,,,,,,671051000.0,,,,190360000.0,17547000.0,,,3467714000.0,,4016981000.0,437256000.0,,,5125054000.0,,,,,,,,,,,,,,10734000.0,0.0,,,,,,-10574000.0,,531798573.0,,,,,,112181000.0,,,,,,1657340000.0,186261000.0,,,,,,137354000.0,,,,,,,16908000.0,59646000.0,,,,,-234000.0,,1108073000.0,1778241000.0,,,-593811000.0,2686723000.0,17313000.0,,1689473000.0,,0.0294,,48907000.0,727556000.0,,,,,,,,,,,,,,,,,,,,,,,,,,,,,,,,,,,,,,,,,,,,,
2010-12-31,124014000.0,,261049000.0,0.0,12985000.0,-190310000.0,12985000.0,-49775000.0,6496000.0,,18010000.0,4884440000.0,,1661139000.0,2523191000.0,,313065000.0,,,584465000.0,259521000.0,462084000.0,43303000.0,81915000.0,10228000.0,675604000.0,,,81915000.0,,1661139000.0,,6043000.0,10228000.0,-209000.0,0.0,1685645000.0,8880000.0,,441923000.0,,401955000.0,16056000.0,531850674.0,,,,-588511000.0,2641976000.0,-9164000.0,,2671895000.0,432375000.0,441923000.0,64000.0,441923000.0,16056000.0,456393000.0,441923000.0,17680000.0,92512000.0,,441923000.0,108075000.0,-0.021,-31942000.0,,656742000.0,,3152935000.0,42021000.0,202997000.0,12985000.0,84324000.0,-9605000.0,2361249000.0,934000.0,3983968000.0,432375000.0,-24041000.0,6496000.0,4884440000.0,,,3152935000.0,934000.0,656742000.0,,531634000.0,,-232411000.0,-0.021,-481040000.0,218569000.0,,8880000.0,0.0,,-26496000.0,,,900472000.0,-588511000.0,,,5861000.0,-45795000.0,,229325000.0,-551402000.0,161405000.0,396413000.0,-10525000.0,0.0,,462084000.0,2523191000.0,2287041000.0,-42412000.0,-22944000.0,92953000.0,441923000.0,-2632000.0,144656000.0,-1854000.0,,2017830000.0,,33182000.0,0.0,18010000.0,60423000.0,3983968000.0,-481040000.0,624146000.0,2361249000.0,1665000.0,920000.0,900472000.0,675604000.0,,-107336000.0,,2671895000.0,14650000.0,,1685645000.0,-10525000.0,,35174000.0,42913000.0,772034000.0,-3694000.0,-131377000.0,-15939000.0,,-10525000.0,,,169544000.0,212598000.0,202997000.0,,531850674.0,,,,,,,,,,,,,,,,,,,,,,,,,,,,,,,,,
2011-03-31,,,,0.0,7152000.0,,7152000.0,,20778000.0,,,,,,,,,532807295.0,,637795000.0,250898000.0,504652000.0,,81915000.0,,,,,,,1565567000.0,,,15329000.0,-2536000.0,,,,,558837000.0,,,,,,,,,,,0.012,,,558837000.0,,,16069000.0,,,,,,,,,,,642433000.0,26606000.0,,,238884000.0,7152000.0,,,2358053000.0,,3902230000.0,427494000.0,,,4895558000.0,,,,1057000.0,,,,,,,,,,8803000.0,0.0,,,,,,-8467000.0,,536093659.0,,,,,,102563000.0,,,,,,2537505000.0,168792000.0,,,,,,132347000.0,,,,,,,17761000.0,49359000.0,,,,,151000.0,,993328000.0,753947000.0,,,-570014000.0,2617067000.0,7303000.0,,1604106000.0,,0.012,,36445000.0,806587000.0,,,,,,,,,,,,,,,,,,,,,,,,,,,,,,,,,,,,,,,,,,,,,
2011-06-30,,,,0.0,66656000.0,,66656000.0,,20869000.0,,,,1110000.0,,,,,533609567.0,,690693000.0,241413000.0,457869000.0,,81915000.0,,,,,,,2432388000.0,,,14192000.0,-33393000.0,,,,,1026851000.0,,,,,,,,,,,0.126,,,1026851000.0,,,16069000.0,,,,,,,,,,,1049061000.0,27390000.0,,,0.0,66656000.0,,,2940184000.0,,4237234000.0,422612000.0,,,5555011000.0,,,,1277000.0,,,,,,,,,,9676000.0,0.0,,,,,,-918000.0,,538415658.0,,,,,,163209000.0,,,,,,2614827000.0,269262000.0,,,,,,141905000.0,,,,,,,17325000.0,57240000.0,,,,,-82000.0,,1317777000.0,469602000.0,,,-503358000.0,2562896000.0,66574000.0,,2470582000.0,,0.123,,127357000.0,959955000.0,,,,,,,,,,,,,,,,,,,,,,,,,,,,,,,,,,,,,,,,,,,,,
2011-09-30,302050000.0,,,0.0,113302000.0,,111202000.0,63535000.0,198352000.0,,,,0.0,,,,,533753927.0,,761038000.0,274845000.0,631068000.0,,81915000.0,,,,,,,2321062000.0,,,14722000.0,-6274000.0,,,,,1090386000.0,,,,,,,,,,,0.2124,,,1090386000.0,,,16074000.0,1026851000.0,,,,,,245760000.0,,,,973891000.0,32149000.0,,,0.0,113302000.0,,,3232854000.0,,4795014000.0,958574000.0,-594678000.0,,6198760000.0,,,3329723000.0,1451000.0,,,,,,,,,,8941000.0,0.0,,109655000.0,,,,-1059000.0,,538518636.0,,,,,,218401000.0,,,,,,2730697000.0,294919000.0,-236579000.0,,,1090386000.0,,147586000.0,,,,,,,71254000.0,57428000.0,,-668496000.0,,,-799000.0,,1403746000.0,642186000.0,,,-390056000.0,2661227000.0,110403000.0,,2590668000.0,,0.2103,,147333000.0,1055957000.0,,-633000.0,,,,,,,,,,,,,,,,,,,,,,,,,,,,,,,,,,,,,,,,,,,
2011-12-31,121790000.0,,306500000.0,42832000.0,107546000.0,-585388000.0,103834000.0,67638000.0,83201000.0,,70028000.0,6269980000.0,0.0,2325980000.0,2956155000.0,,350862000.0,,,720300000.0,306500000.0,489901000.0,16477000.0,81915000.0,15258000.0,603119000.0,-282510000.0,,81915000.0,,2325980000.0,,8624000.0,15258000.0,-6024000.0,0.0,2479209000.0,12023000.0,,1158024000.0,,744660000.0,16531000.0,538951561.0,,,,-1034000.0,3830847000.0,-48227000.0,,2655429000.0,947188000.0,1158024000.0,3143000.0,1158024000.0,16531000.0,1090386000.0,1158024000.0,557910000.0,445110000.0,,1158024000.0,68579000.0,0.546,-44460000.0,,364807000.0,26797000.0,3385742000.0,-585388000.0,0.0,107546000.0,94186000.0,287208000.0,3082328000.0,1240000.0,4764464000.0,1546693000.0,-1108000.0,83201000.0,6269980000.0,,,3385742000.0,1240000.0,964312000.0,,575911000.0,,-109501000.0,0.552,-730313000.0,223939000.0,,38733000.0,0.0,,0.0,,,1505516000.0,-1034000.0,,,-92607000.0,-69741000.0,,716101000.0,-117076000.0,223911000.0,694639000.0,294656000.0,0.0,2207000.0,588719000.0,2956155000.0,288048000.0,-53092000.0,557910000.0,113806000.0,1158024000.0,-536000.0,154073000.0,3082000.0,42832000.0,2809826000.0,1110000.0,6153000.0,0.0,70028000.0,59887000.0,4764464000.0,-730313000.0,1021021000.0,3082328000.0,-906000.0,-1636000.0,1505516000.0,603119000.0,0.0,0.0,-282510000.0,2655429000.0,102928000.0,,2479209000.0,288844000.0,,24692000.0,133975000.0,1008348000.0,-268000.0,-1108000.0,-53211000.0,,294656000.0,42832000.0,-290058000.0,744660000.0,441923000.0,0.0,,534737775.0,,,,,,,,,,,,,,,,,,,,,,,,,,,,,,,,,
2012-03-31,,,,0.0,122091000.0,,118499000.0,,75436000.0,,,,,,,,,547701882.0,,729560000.0,255368000.0,621601000.0,,81915000.0,,,,,,,2326025000.0,,,15074000.0,-547000.0,,,,,1451321000.0,,,,,,,,,,,0.222,,,1451321000.0,,,16571000.0,,,,,,,,,,,949855000.0,23273000.0,,,,122091000.0,,,3105238000.0,,4718578000.0,935647000.0,,,6475057000.0,,,,1555000.0,,,,,,,,,,11016000.0,0.0,,,,,,-989000.0,,552471415.0,,,,,,221779000.0,,,,,,3081914000.0,297298000.0,,,,,,155740000.0,,,,,,,68866000.0,60663000.0,,,,,-761000.0,,1756479000.0,634911000.0,,,-160419000.0,2638697000.0,117738000.0,,2470327000.0,,0.222,,141558000.0,1026858000.0,,,,,,,,,,,,,,,,,,,,,,,,,,,,,,,,,,,,,,,,,,,,,
2012-06-30,,,,0.0,82262000.0,,78412000.0,,123168000.0,,,,568000.0,,,,,548557180.0,,684853000.0,311101000.0,642449000.0,,81915000.0,,,,,,,1645726000.0,,,15545000.0,189000.0,,,,,1472726000.0,,,,,,,,,,,0.15,,,1472726000.0,,,16571000.0,,,,,,,,,,,570886000.0,22789000.0,,,719919000.0,82262000.0,,,3212390000.0,,4469724000.0,1025797000.0,,,6663569000.0,,,,1788000.0,,,,,,,,,,9631000.0,0.0,,,,,,-1031000.0,,552440318.0,,,,,,194908000.0,,,,,,3167124000.0,253659000.0,,,,,,149440000.0,,,,,,,68259000.0,54884000.0,,,,,-281000.0,,2193845000.0,1375237000.0,,,-78157000.0,2626501000.0,78131000.0,,1837153000.0,,0.15,,104219000.0,938512000.0,,,,,,,,,,,,,,,,,,,,,,,,,,,,,,,,,,,,,,,,,,,,,
2012-09-30,,,,0.0,104869000.0,,100468000.0,,77526000.0,,,,3345000.0,,,,,548691265.0,,731402000.0,273348000.0,766247000.0,,81915000.0,,,,,,,1580345000.0,,,15346000.0,-1148000.0,,,,,1737132000.0,,,,,,,,,,,0.192,,,1737132000.0,,,16581000.0,,,,,,,,,,,556577000.0,,,,787949000.0,104869000.0,,,3293531000.0,,4423801000.0,1010000000.0,,,6847911000.0,,,,2011000.0,,,,,,,,,,11324000.0,0.0,,,,,,-1014000.0,,552677661.0,,,,,,204281000.0,,,,,,3274726000.0,279430000.0,,,,,,154912000.0,,,,,,,67158000.0,57069000.0,,,,,-823000.0,,2424110000.0,1568502000.0,,,26712000.0,2670921000.0,99645000.0,,1725029000.0,,0.189,,124518000.0,1010832000.0,,,,,,,,,,,,,,,,,,,,,,,,,,,,,,,,,,,,,,,,,,,,,
2012-12-31,,,320929000.0,0.0,107981000.0,-344558000.0,101293000.0,,213000.0,,16498000.0,5621441000.0,7186000.0,1480337000.0,2500075000.0,,334540000.0,548838598.0,,793991000.0,320929000.0,399579000.0,15642000.0,81915000.0,16576000.0,866618000.0,235715000.0,,81915000.0,,1480337000.0,,8973000.0,16576000.0,-193000.0,,2254748000.0,13745000.0,,1516952000.0,,871195000.0,0.0,548930752.0,,,,2635000.0,4095647000.0,5299000.0,0.198,2343180000.0,937907000.0,1516952000.0,1722000.0,1516952000.0,0.0,,1516952000.0,-23718000.0,570000000.0,,1516952000.0,,0.87781,,,53753000.0,28866000.0,3305722000.0,-227215000.0,128359000.0,107981000.0,,481465000.0,3121366000.0,5000.0,3471396000.0,937907000.0,,213000.0,5621441000.0,,,3305722000.0,5000.0,53753000.0,,585841000.0,,-117767000.0,0.87781,-962542000.0,251301000.0,,13745000.0,0.0,,,,,2150045000.0,2635000.0,,553420990.0,,-42367000.0,,502919000.0,0.0,224541000.0,901098000.0,481857000.0,0.0,,399579000.0,2500075000.0,307820000.0,,-23718000.0,85093000.0,,,171023000.0,,72141000.0,2939806000.0,11099000.0,,0.0,16498000.0,68377000.0,3471396000.0,-962542000.0,1155841000.0,3121366000.0,-1078000.0,-392000.0,2150045000.0,866618000.0,,,235715000.0,2343180000.0,100215000.0,,2254748000.0,481857000.0,0.195,10218000.0,136797000.0,1101811000.0,-1318000.0,,,,481857000.0,72141000.0,-5315000.0,753428000.0,1014033000.0,128359000.0,,548930752.0,,,,,,,,,,,,,,,,,,,,,,,,,,,,,,,,,
2013-03-31,,,,0.0,53776000.0,,41386000.0,,10996000.0,,,,17097000.0,,,,,549159142.0,,817219000.0,310533000.0,843098000.0,,81915000.0,,,,,,,2467842000.0,,,17815000.0,-55358000.0,,,,,1413907000.0,,,,,,,,,,,0.099,,,1413907000.0,,,16621000.0,,,,,,,,,,,791351000.0,41385000.0,,,198242000.0,53776000.0,,,3950846000.0,,5717913000.0,532179000.0,,,7737859000.0,,,2989416000.0,1453000.0,,,,,,,,,,10841000.0,0.0,,,,,,200000.0,,554302429.0,,,,,,176641000.0,,,,,,3440121000.0,327722000.0,,,,,,170662000.0,,,,,,,65247000.0,58731000.0,,,,,-964000.0,,2019946000.0,1079463000.0,,,188469000.0,2989416000.0,40422000.0,,2871383000.0,,0.096,,157060000.0,1144941000.0,,,,,,,,,,,,,,,,,,,,,,,,,,,,,,,,,,,,,,,,,,,,,
2013-06-30,,,,0.0,181045000.0,,164488000.0,,12959000.0,,,,2888000.0,,,,,,,906484000.0,295074000.0,885439000.0,,81915000.0,,,,,,,2402198000.0,,,17704000.0,-5039000.0,,,,,1959060000.0,,,,,,,,,,,,,,1959060000.0,,,16621000.0,,,,,,,,,,,373672000.0,41147000.0,,,262477000.0,181045000.0,,,3981100000.0,,5300050000.0,517869000.0,,,8308634000.0,,,3016788000.0,1556000.0,,,,,,,,,,9690000.0,0.0,,,,,,-9531000.0,,,,,,,,301773000.0,,,,,,3840632000.0,388527000.0,,,,,,168863000.0,,,,,,,64659000.0,69445000.0,,,,,-392000.0,,3008584000.0,1185680000.0,,,369514000.0,3016788000.0,164096000.0,,2795420000.0,,,,219664000.0,1295011000.0,,,,,,,,,,,,,,,,,,,,,,,,,,,,,,,,,,,,,,,,,,,,,
2013-09-30,,,,0.0,179396000.0,,163811000.0,,13385000.0,,,,1019000.0,,,,,550148242.0,,872812000.0,262656000.0,950717000.0,,81915000.0,,,,,,,2336557000.0,,,17747000.0,1663000.0,,,,,2068663000.0,,,,,,,,,,,0.327,,,2068663000.0,,,16621000.0,,,,,,,,,,,184406000.0,34645000.0,,,262518000.0,179396000.0,,,3961053000.0,,5231315000.0,503560000.0,,,8515781000.0,,,3118664000.0,1769000.0,,,,,,,,,,9735000.0,0.0,,,,,,-10645000.0,,554947829.0,,,,,,293440000.0,,,,,,4023627000.0,379854000.0,,,,,,172312000.0,,,,,,,63470000.0,75623000.0,,,,,-686000.0,,3284466000.0,1253343000.0,,,548910000.0,3118664000.0,163125000.0,,2707710000.0,,0.324,,207542000.0,1252666000.0,,,,,,,,,,,,,,,,,,,,,,,,,,,,,,,,,,,,,,,,,,,,,
2013-12-31,,-626940000.0,287880000.0,263663000.0,223246000.0,-1209270000.0,208328000.0,,28492000.0,,62806000.0,8813639000.0,5293000.0,2270894000.0,4246670000.0,,382806000.0,550345724.0,626940000.0,962058000.0,287880000.0,928751000.0,31242000.0,81915000.0,18169000.0,1237970000.0,772156000.0,,81915000.0,,2270894000.0,626940000.0,14987000.0,18169000.0,-1296000.0,338461000.0,2650687000.0,9825000.0,,1381757000.0,,1151934000.0,16667000.0,554732697.0,,,,-15592000.0,5087178000.0,-60030000.0,0.405,3308846000.0,489251000.0,2008697000.0,-3920000.0,1381757000.0,16667000.0,,2008697000.0,-264967000.0,839824000.0,,1381757000.0,,1.149,,,373371000.0,33139000.0,3308846000.0,73987000.0,262566000.0,223246000.0,,580454000.0,3888657000.0,6584000.0,5665192000.0,489251000.0,,28492000.0,8813639000.0,,,3308846000.0,6584000.0,373371000.0,,688781000.0,,-656660000.0,1.158,-1196725000.0,279678000.0,,9825000.0,8468000.0,-8770000.0,,,,3148447000.0,-15592000.0,,555327877.0,,-15261000.0,,-327452000.0,-1668007000.0,341722000.0,1115920000.0,637463000.0,263663000.0,,928751000.0,4246670000.0,432502000.0,,69332000.0,152660000.0,,,176944000.0,,80421000.0,3558573000.0,26297000.0,,8468000.0,62806000.0,75879000.0,5665192000.0,-1196725000.0,1528605000.0,3888657000.0,4483000.0,2441000.0,3148447000.0,1237970000.0,,,772156000.0,3308846000.0,212811000.0,,2650687000.0,578013000.0,0.402,35049000.0,255558000.0,1394560000.0,-1593000.0,,,,637463000.0,80421000.0,0.0,1151934000.0,1709209000.0,262566000.0,,549892881.0,,,,,,,,,,,,,,,,,,,,,,,,,,,,,,,,,
2014-03-31,,,,0.0,239543000.0,,225558000.0,,31701000.0,,,,1525000.0,,,,,550429805.0,410616000.0,936782000.0,257103000.0,1097622000.0,,81915000.0,,,,,,,2539347000.0,,,18034000.0,20402000.0,,,,,2038320000.0,,,,,,,,,,,0.435,,,2448936000.0,,,16667000.0,,,,,,,,,,,373370000.0,31868000.0,,,262611000.0,239543000.0,,,4299419000.0,,5834171000.0,474942000.0,,,9263185000.0,,,3495278000.0,4759000.0,,,,,,,,,,10169000.0,0.0,,,,,,-17080000.0,,555455158.0,,,,,,354944000.0,,,,,,4299781000.0,420537000.0,,,,,,173042000.0,,,,,,,61704000.0,76688000.0,,,,,2689000.0,,3429014000.0,1404172000.0,,,1011699000.0,3495278000.0,228247000.0,,2895247000.0,,0.432,,247495000.0,1357319000.0,,,,,,,,,,,,,,,,,,,,,,,,,,,,,,,,,,,,,,,,,,,,,
2014-06-30,,,,0.0,143638000.0,,126680000.0,,42718000.0,,,,4775000.0,,,,,,0.0,846336000.0,248830000.0,940298000.0,,81915000.0,,,,,,,2482158000.0,,,17380000.0,1135000.0,,,,,2346764000.0,,,,,,,,,,,,,,2346764000.0,,,16667000.0,,,,,,,,,,,438312000.0,28525000.0,,,262660000.0,143638000.0,,,4107950000.0,,6155574000.0,460632000.0,,,9263300000.0,,,3765532000.0,5799000.0,,,,,,,,,,10467000.0,0.0,,,,,,-12535000.0,,,,,,,,247206000.0,,,,,,4440404000.0,353199000.0,,,,,,190391000.0,,,,,,,60870000.0,93919000.0,,,,,304000.0,,3107726000.0,1249902000.0,,,1084120000.0,3765532000.0,126984000.0,,2858048000.0,,,,162808000.0,1199535000.0,,,,,,,,,,,,,,,,,,,,,,,,,,,,,,,,,,,,,,,,,,,,,
2014-09-30,,,,0.0,132155000.0,,108550000.0,,67260000.0,,,,2154000.0,,,,,550828285.0,110616000.0,768048000.0,247031000.0,992330000.0,,81915000.0,,,,,,,3703126000.0,,,19948000.0,620000.0,,,,,1881538000.0,,,,,,,,,,,0.24,,,1992154000.0,,,16612000.0,,,,,,,,,,,560577000.0,34146000.0,,,262704000.0,132155000.0,,,5401648000.0,,6657432000.0,446323000.0,,,10610201000.0,,,4154428000.0,7026000.0,,,,,,,,,,12843000.0,0.0,,,,,,-18700000.0,,554880813.0,,,,,,232208000.0,,,,,,4428284000.0,356022000.0,,,,,,208335000.0,,,,,,,60108000.0,117048000.0,,,,,379000.0,,3952769000.0,1304961000.0,,,1173470000.0,4154428000.0,108929000.0,,4096687000.0,,0.237,,147687000.0,1124070000.0,,,,,,,,,,,,,,,,,,,,,,,,,,,,,,,,,,,,,,,,,,,,,
2014-12-31,,-110616000.0,253665000.0,19000.0,92944000.0,-1605269000.0,66598000.0,,93441000.0,,58949000.0,10432563000.0,2280000.0,3640031000.0,4286141000.0,,368394000.0,545510343.0,110616000.0,793493000.0,253665000.0,1005720000.0,-84621000.0,81915000.0,23111000.0,1316657000.0,1227177000.0,626940000.0,81915000.0,,3640031000.0,110616000.0,20401000.0,23111000.0,-3927000.0,122167000.0,4074236000.0,14428000.0,,1597655000.0,,894614000.0,16337000.0,553501043.0,,,,-17149000.0,4802309000.0,18230000.0,0.171,4696391000.0,432014000.0,1708271000.0,4603000.0,1597655000.0,16337000.0,,1708271000.0,926950000.0,663288000.0,,1597655000.0,,1.098,,,369549000.0,29551000.0,4696391000.0,-757829000.0,262750000.0,92944000.0,,530422000.0,5390893000.0,6621000.0,6929602000.0,432014000.0,,93441000.0,10432563000.0,,,4696391000.0,6621000.0,369549000.0,,794362000.0,,-1364881000.0,1.107,-1410314000.0,414364000.0,,14428000.0,110616000.0,-302216000.0,,,,3502961000.0,-17149000.0,,549351882.0,,-7732000.0,,215898000.0,-262791000.0,188548000.0,1022906000.0,608280000.0,19000.0,,1005720000.0,4286141000.0,327892000.0,,79258000.0,124090000.0,,,222594000.0,,80898000.0,3344659000.0,10734000.0,,110616000.0,58949000.0,126709000.0,6929602000.0,-1410314000.0,1457650000.0,5390893000.0,-336000.0,3036000.0,3502961000.0,1316657000.0,,,1227177000.0,4696391000.0,66262000.0,,4074236000.0,527386000.0,0.168,38761000.0,105298000.0,1121385000.0,-4942000.0,,,,608280000.0,80898000.0,0.0,894614000.0,1381757000.0,262750000.0,-342718000.0,549190516.0,,,,,,,,,,,,,,,,,,,,,,,,,,,,,,,,,
2015-03-31,,,,0.0,60629000.0,,23838000.0,,112288000.0,,,,20000.0,,,,,538677240.0,123469000.0,745172000.0,235346000.0,977050000.0,,81915000.0,,,,,,,3534101000.0,,,22293000.0,1802000.0,,,,,1498907000.0,,,,,,,,,,,0.114,,,1622376000.0,,,16309000.0,,,,,,,,,,,360785000.0,27039000.0,,,301659000.0,60629000.0,,,5309659000.0,,7204237000.0,417705000.0,,,10351790000.0,,,5071043000.0,4871000.0,,,,,,,,,,15737000.0,123469000.0,,,,,,-17399000.0,,542494765.0,,,,,,162155000.0,,,,,,4322342000.0,309080000.0,,,,,,248869000.0,,,,,,,57917000.0,135009000.0,,,,,574000.0,,3147553000.0,1326941000.0,,,1260172000.0,5071043000.0,24412000.0,,3982718000.0,,0.111,,60211000.0,1054252000.0,,,,,,,,,,,,,,,,,,,,,,,,,,,,,,,,,,,,,,,,,,,,,
2015-06-30,,,,0.0,24254000.0,,-5791000.0,,95458000.0,,,,1000.0,,,,,539048007.0,274437000.0,654491000.0,276466000.0,1009669000.0,,81915000.0,,,,,,,3934583000.0,,,22357000.0,1717000.0,,,,,1523443000.0,,,,,,,,,,,0.045,,,1797880000.0,,,16309000.0,,,,,,,,,,,356979000.0,23931000.0,,,44989000.0,24254000.0,,,5470967000.0,,7478410000.0,403395000.0,,,10494501000.0,,,5381518000.0,5660000.0,,,,,,,,,,16473000.0,274437000.0,,,,,,-18146000.0,,542382832.0,,,,,,133662000.0,,,,,,4333142000.0,262297000.0,,,,,,240329000.0,,,,,,,56885000.0,120473000.0,,,,,-196000.0,,3016091000.0,1106014000.0,,,1266306000.0,5381518000.0,-5987000.0,,4364953000.0,,0.045,,21968000.0,916788000.0,,,,,,,,,,,,,,,,,,,,,,,,,,,,,,,,,,,,,,,,,,,,,
2015-09-30,,,,0.0,33203000.0,,-874000.0,,88349000.0,,,,36000.0,,,,,539301783.0,707704000.0,653384000.0,280002000.0,1099256000.0,,81915000.0,,,,,,,3948411000.0,,,26136000.0,-5955000.0,,,,,1141684000.0,,,,,,,,,,,0.063,,,1849388000.0,,,16309000.0,,,,,,,,,,,350607000.0,23244000.0,,,17445000.0,33203000.0,,,5532913000.0,,7691235000.0,389086000.0,,,10548098000.0,,,5672113000.0,5630000.0,,,,,,,,,,18038000.0,707704000.0,,,,,,-21555000.0,,542365450.0,,,,,,137016000.0,,,,,,4361383000.0,292346000.0,,,,,,258277000.0,,,,,,,55853000.0,139261000.0,,,,,387000.0,,2856863000.0,1170391000.0,,,1292283000.0,5672113000.0,-487000.0,,4362522000.0,,0.06,,34069000.0,945730000.0,,,,,,,,,,,,,,,,,,,,,,,,,,,,,,,,,,,,,,,,,,,,,
2015-12-31,148355000.0,-1034173000.0,271627000.0,0.0,-12339000.0,-469656000.0,-77981000.0,469342000.0,80962000.0,,55598000.0,10409782000.0,53000.0,3856200000.0,4339633000.0,,470634000.0,539314337.0,724736000.0,745933000.0,271627000.0,1056850000.0,-36652000.0,81915000.0,33074000.0,1214686000.0,1270074000.0,420053000.0,81915000.0,,3856200000.0,724736000.0,20827000.0,33074000.0,2116000.0,,4263237000.0,15588000.0,,1611026000.0,,522026000.0,16309000.0,542369590.0,-9870000.0,,,-18501000.0,3974800000.0,-320000.0,-0.024,5760229000.0,374777000.0,2335762000.0,1160000.0,1611026000.0,16309000.0,1141684000.0,2335762000.0,-29688000.0,98415000.0,,1611026000.0,-125571000.0,0.195,,-313616000.0,46097000.0,44116000.0,5760229000.0,1496059000.0,106505000.0,-12339000.0,,-59777000.0,5477923000.0,3487000.0,7389621000.0,374777000.0,-3062000.0,80962000.0,10409782000.0,296584000.0,,5760229000.0,3487000.0,46097000.0,,1077405000.0,30254000.0,-1351890000.0,0.195,-1726490000.0,590114000.0,,15588000.0,724736000.0,,626921000.0,,,3020161000.0,-18501000.0,,539314337.0,,-56172000.0,,13371000.0,-70351000.0,96354000.0,529187000.0,105747000.0,0.0,,1056850000.0,4339633000.0,312097000.0,336175000.0,-49877000.0,118330000.0,1611026000.0,,329930000.0,,83265000.0,2798980000.0,110000.0,,724736000.0,55598000.0,195371000.0,7389621000.0,-1726490000.0,1175820000.0,5477923000.0,266000.0,1031000.0,3020161000.0,1214686000.0,,-1545000.0,1270074000.0,5760229000.0,-77715000.0,,4263237000.0,-60808000.0,-0.024,49872000.0,-17833000.0,1058030000.0,-9963000.0,-14361000.0,-273926000.0,,105747000.0,83265000.0,,-829864000.0,1597655000.0,106505000.0,-62850000.0,539087680.0,,,,,,,,,,,,,,,,,,,,,,,,,,,,,,,,,
2016-03-31,,,,0.0,39796000.0,,4728000.0,,90554000.0,,,,6000.0,,,,,539338634.0,320493000.0,779267000.0,248536000.0,936300000.0,,81915000.0,,,,,,,3811823000.0,,,33665000.0,3398000.0,,,,,1715244000.0,,,,,,,,,,,0.075,,,2035737000.0,,,16309000.0,,,,,,,,,,,0.0,52490000.0,,,156661000.0,39796000.0,,,5379446000.0,,7357288000.0,360468000.0,,,9976033000.0,,,5764173000.0,2063000.0,,,,,,,,,,14690000.0,320493000.0,,,,,,-20466000.0,,542037862.0,,,,,,198140000.0,,,,,,4038528000.0,324300000.0,,,,,,258508000.0,,,,,,,55018000.0,111358000.0,,,,,938000.0,,2618745000.0,1143895000.0,,,1071284000.0,5764173000.0,5666000.0,,4235551000.0,,0.072,,65792000.0,1103567000.0,,,,,,,,,,,,,,,,,,,,,,,,,,,,,,,,,,,,,,,,,,,,,
2016-06-30,,,,0.0,30791000.0,,1959000.0,,100735000.0,,,,1000.0,,,,,507632776.0,49357000.0,746302000.0,223732000.0,940329000.0,,81915000.0,,,,,,,3633381000.0,,,33227000.0,3351000.0,,,,,1291398000.0,,,,,,,,,,,0.06,,,1340755000.0,,,14759000.0,,,,,,,,,,,0.0,58529000.0,,,201163000.0,30791000.0,,,5257865000.0,,7157103000.0,346158000.0,,,9043806000.0,,,5734096000.0,3595000.0,,,,,,,,,,15191000.0,49357000.0,,,,,,-21617000.0,,510358677.0,,,,,,199592000.0,,,,,,3258207000.0,324096000.0,,,,,,251677000.0,,,,,,,54912000.0,105739000.0,,,,,1416000.0,,1886703000.0,1194039000.0,,,493267000.0,5734096000.0,3375000.0,,4063826000.0,,0.06,,72419000.0,1070398000.0,,,,,,,,,,,,,,,,,,,,,,,,,,,,,,,,,,,,,,,,,,,,,
2016-09-30,,,,0.0,62043000.0,,43720000.0,,46868000.0,,,,0.0,,,,,,92819000.0,783473000.0,189307000.0,794799000.0,,81915000.0,,,,,,,3667778000.0,,,33667000.0,6162000.0,,,,,1631447000.0,,,,,,,,,,,,,,1724266000.0,,,14759000.0,,,,,,,,,,,0.0,56378000.0,,,117393000.0,62043000.0,,,5512849000.0,,7113953000.0,331849000.0,,,9334858000.0,,,7751663000.0,5242000.0,,,,,,,,,,17783000.0,92819000.0,,,,,,-23248000.0,,,,,,,,238832000.0,,,,,,3314076000.0,369080000.0,,,,,,260143000.0,,117582000.0,,,,,54934000.0,114005000.0,,-2037642000.0,,,1662000.0,,2220905000.0,1474157000.0,,,546090000.0,5714021000.0,45382000.0,,4038692000.0,,,,108937000.0,1152553000.0,,,,,,,,,,,,,,,,,,,,,,,,,,,,,,,,,,,,,,,,,,,,,
2016-12-31,253387000.0,-260197000.0,225438000.0,0.0,43276000.0,280604000.0,16511000.0,70863000.0,49287000.0,,56451000.0,9340341000.0,88000.0,3669692000.0,3343870000.0,,552272000.0,487886893.0,210840000.0,804696000.0,225438000.0,1369943000.0,369227000.0,81915000.0,32600000.0,1479140000.0,570925000.0,774093000.0,81915000.0,,3669692000.0,210840000.0,18487000.0,32600000.0,-19418000.0,0.0,4037787000.0,17434000.0,,1702310000.0,,1158128000.0,14759000.0,508428091.0,-18441000.0,,,-24768000.0,4519396000.0,-6507000.0,0.09,5655823000.0,317540000.0,1913150000.0,448339000.0,1702310000.0,14759000.0,1631447000.0,1913150000.0,-1339717000.0,363116000.0,,1702310000.0,164998000.0,0.345,,-167378000.0,130000.0,56170000.0,5655823000.0,246043000.0,50583000.0,43276000.0,,75096000.0,5516927000.0,7422000.0,7060787000.0,317540000.0,-19557000.0,49287000.0,9340341000.0,49357000.0,,5655823000.0,7422000.0,130000.0,-86000.0,1042542000.0,5459000.0,-508241000.0,0.348,-2142432000.0,455772000.0,,17434000.0,210840000.0,-805785000.0,131842000.0,,,2279554000.0,-24768000.0,,491200203.0,,-18339000.0,,91284000.0,-124333000.0,214371000.0,850935000.0,175906000.0,0.0,,1369943000.0,3343870000.0,388182000.0,-71878000.0,-27284000.0,223567000.0,1702310000.0,,272214000.0,,259693000.0,3113738000.0,95000.0,,210840000.0,56451000.0,124670000.0,7060787000.0,-2142432000.0,1405658000.0,5516927000.0,4162000.0,8178000.0,2279554000.0,1479140000.0,,-69538000.0,570925000.0,5655823000.0,20673000.0,,4037787000.0,66918000.0,0.087,57655000.0,115968000.0,1192878000.0,-5878000.0,-104827000.0,-88389000.0,,175906000.0,259693000.0,,649887000.0,1611026000.0,50583000.0,-385569000.0,505571426.0,,,,,,,,,,,,,,,,,,,,,,,,,,,,,,,,,
2017-03-31,,,,0.0,113446000.0,,102831000.0,,50431000.0,,,,1017000.0,,,,,488474338.0,20000000.0,847951000.0,179731000.0,1385951000.0,,81915000.0,,,,,,,3660102000.0,,,32392000.0,9368000.0,,,,,1356136000.0,,,,,,,,,,,0.231,,,1376136000.0,,,14759000.0,,,,,,,,,,,130000.0,58556000.0,,,50699000.0,113446000.0,,,5518879000.0,,7010434000.0,303231000.0,,,8759292000.0,,,5626651000.0,3299000.0,,,,,,,,,,19039000.0,20000000.0,,,,,,-25232000.0,,492093193.0,,,,,,297216000.0,,,,,,2771901000.0,429269000.0,,,,,,270772000.0,,,,,,,56030000.0,116734000.0,,,,,-1753000.0,,1748858000.0,1491077000.0,,,-4814000.0,5626651000.0,101078000.0,,4027802000.0,,0.231,,158497000.0,1277220000.0,,,,,,,,,,,,,,,,,,,,,,,,,,,,,,,,,,,,,,,,,,,,,
2017-06-30,,,,0.0,36477000.0,,28457000.0,,55649000.0,,,,3068000.0,,,,,489167177.0,52707000.0,887989000.0,167216000.0,1352240000.0,,81915000.0,,,,,,,3678797000.0,,,32547000.0,-30041000.0,,,,,1369704000.0,,,,,,,,,,,0.075,,,1422411000.0,,,14784000.0,,,,,,,,,,,130000.0,58549000.0,,,50779000.0,36477000.0,,,5514806000.0,,7009338000.0,288922000.0,,,8745527000.0,,,5629632000.0,4585000.0,,,,,,,,,,16788000.0,52707000.0,,,,,,-25615000.0,,493110495.0,,,,,,223665000.0,,,,,,2770360000.0,410231000.0,,,,,,282787000.0,,,,,,,55876000.0,130374000.0,,,,,1136000.0,,1736189000.0,1463046000.0,,,-925337000.0,5629632000.0,29593000.0,,4051760000.0,,0.075,,127444000.0,1298220000.0,,,,,,,,,,,,,,,,,,,,,,,,,,,,,,,,,,,,,,,,,,,,,
2017-09-30,,,,0.0,115907000.0,,112613000.0,,44276000.0,,,,14054000.0,,,,,489431333.0,35591000.0,905788000.0,137731000.0,1514948000.0,,81915000.0,,,,,,,3512524000.0,,,33646000.0,-13276000.0,,,,,1576898000.0,,,,,,,,,,,0.237,,,1612489000.0,,,14784000.0,,,,,,,,,,,130000.0,57744000.0,,,196788000.0,115907000.0,,,5651233000.0,,7023940000.0,274612000.0,,,8952885000.0,,,5685386000.0,5868000.0,,,,,,,,,,17267000.0,35591000.0,,,,,,-26506000.0,,493225806.0,,,,,,305914000.0,,,,,,2845149000.0,471039000.0,,,,,,278322000.0,,,,,,,56104000.0,116975000.0,,,,,1552000.0,,1928945000.0,1778744000.0,,,-809430000.0,5685386000.0,114165000.0,,3872489000.0,,0.234,,192717000.0,1376827000.0,,,,,,,,,,,,,,,,,,,,,,,,,,,,,,,,,,,,,,,,,,,,,
2017-12-31,,-153615000.0,176544000.0,0.0,81172000.0,-410226000.0,71392000.0,,48087000.0,,53994000.0,8895056000.0,12976000.0,3506530000.0,2887551000.0,,540575000.0,489781388.0,99758000.0,911121000.0,176544000.0,1563585000.0,174906000.0,81915000.0,34988000.0,1684014000.0,-772338000.0,263547000.0,81915000.0,,3506530000.0,99758000.0,17305000.0,34988000.0,2677000.0,,3875426000.0,16041000.0,,1408211000.0,,1162500000.0,14784000.0,493114070.0,,,,-26610000.0,5284823000.0,-31272000.0,0.165,5730760000.0,260303000.0,1507969000.0,181661000.0,1408211000.0,14784000.0,,1507969000.0,-1046041000.0,607612000.0,,1408211000.0,,0.705,,,130000.0,54733000.0,5730760000.0,-18335000.0,51032000.0,81172000.0,,315283000.0,5559440000.0,3179000.0,7050263000.0,260303000.0,,48087000.0,8895056000.0,,,5730760000.0,3179000.0,130000.0,,1124362000.0,2813000.0,-502755000.0,0.708,-2517364000.0,501011000.0,,16041000.0,9884000.0,0.0,,,,1844793000.0,-26610000.0,,494010073.0,,54903000.0,,-294099000.0,-896396000.0,258645000.0,1085440000.0,347002000.0,0.0,,1563585000.0,2887551000.0,421435000.0,,-34552000.0,229582000.0,,,292481000.0,,423603000.0,3552849000.0,31115000.0,,9884000.0,53994000.0,136928000.0,7050263000.0,-2517364000.0,1731974000.0,5559440000.0,-945000.0,-10000.0,1844793000.0,1684014000.0,,,-772338000.0,5730760000.0,70447000.0,,3875426000.0,315293000.0,0.165,35693000.0,128954000.0,1332556000.0,-2076000.0,,,,347002000.0,423603000.0,,659745000.0,1702310000.0,51032000.0,-821328000.0,489217736.0,,,,,,,,,,,,,,,,,,,,,,,,,,,,,,,,,
2018-03-31,,,,,156633000.0,,163314000.0,,39594000.0,,,,3889000.0,,,,,489913303.0,99077000.0,829924000.0,195557000.0,1442394000.0,,81915000.0,,,,,,,3347442000.0,,,34612000.0,2818000.0,,,,,1328289000.0,,,,,,,,,,,0.321,,,1427366000.0,,,14830000.0,,,,,,,,,,,130000.0,58736000.0,,,194179000.0,156633000.0,,,5401815000.0,,7001301000.0,245994000.0,,,8821931000.0,,,5692165000.0,4464000.0,,,,,,,,,,18143000.0,,,,,,,-28195000.0,,494584840.0,,,,,,353688000.0,,,,,,2969575000.0,483224000.0,,,,,,262086000.0,,,,,,,54392000.0,117120000.0,,,,,1938000.0,,1820630000.0,1704817000.0,,,-694267000.0,5692165000.0,165252000.0,,3696998000.0,,0.318,,221138000.0,1313148000.0,,,,,,,,,,,,,,,,,,,,,,,,,,,,,,,,,,,,,,,,,,,,,
2018-06-30,,,,,57273000.0,,53139000.0,,27674000.0,,,,3018000.0,,,,,490898510.0,117321000.0,787161000.0,188323000.0,1522002000.0,,81915000.0,,,,,,,3337943000.0,,,36002000.0,-996000.0,,,,,1387519000.0,,,,,,,,,,,0.117,,,1504840000.0,,,14830000.0,,,,,,,,,,,130000.0,61383000.0,,,191147000.0,57273000.0,,,5457435000.0,,7014224000.0,231684000.0,,,8870624000.0,,,5736756000.0,6512000.0,,,,,,,,,,21953000.0,,,,,,,-29955000.0,,495271916.0,,,,,,248741000.0,,,,,,2968209000.0,441469000.0,,,,,,323389000.0,,,,,,,54781000.0,164993000.0,,,,,2458000.0,,1856400000.0,1788265000.0,,,-703256000.0,5736756000.0,55597000.0,,3669170000.0,,0.114,,118080000.0,1228630000.0,,,,,,,,,,,,,,,,,,,,,,,,,,,,,,,,,,,,,,,,,,,,,
2018-09-30,,,,,9602000.0,,7227000.0,,28503000.0,,,,4821000.0,,,,,486303790.0,112827000.0,814814000.0,198900000.0,1643290000.0,,81915000.0,,,,,,,3720981000.0,,,40086000.0,-4382000.0,,,,,1226504000.0,,,,,,,,,,,0.021,,,1339331000.0,,,14830000.0,,,,,,,,,,,130000.0,70769000.0,,,86588000.0,9602000.0,,,5852894000.0,,7010972000.0,217375000.0,,,8766164000.0,,,5740402000.0,7859000.0,,,,,,,,,,24290000.0,,,,,,,-31046000.0,,488728098.0,,,,,,232254000.0,,,,,,2471352000.0,405463000.0,,,,,,321821000.0,,,,,,,54742000.0,153307000.0,,,,,1319000.0,,1755192000.0,1802833000.0,,,-763783000.0,5740402000.0,8546000.0,,4050061000.0,,0.021,,83642000.0,1220277000.0,,,,,,,,,,,,,,,,,,,,,,,,,,,,,,,,,,,,,,,,,,,,,
2018-12-31,,,242089000.0,46625000.0,128007000.0,,130171000.0,,28866000.0,,54063000.0,8877383000.0,11301000.0,3665370000.0,2127336000.0,,,466393887.0,91598000.0,884751000.0,242089000.0,1658550000.0,,81376000.0,40828000.0,2130007000.0,-703576000.0,,81376000.0,,3665370000.0,91598000.0,,40828000.0,-6831000.0,,4001673000.0,24879000.0,,1436558000.0,,,14830000.0,486969775.0,,,,-49804000.0,5158509000.0,-9391000.0,0.273,5661653000.0,227605000.0,1528156000.0,,,14830000.0,,1528156000.0,,626836000.0,,1436558000.0,,0.72,,,129000.0,73992000.0,5661653000.0,,395547000.0,128007000.0,,353406000.0,6131680000.0,4903000.0,6919921000.0,227605000.0,,28866000.0,8877383000.0,,,5661653000.0,4903000.0,129000.0,,1215023000.0,,,0.726,-2900794000.0,567140000.0,,24879000.0,,,,,,1957462000.0,-49804000.0,,468068179.0,,,,,,347679000.0,1182362000.0,351515000.0,46625000.0,,1658550000.0,2127336000.0,511703000.0,,-199267000.0,264880000.0,,,307727000.0,,386869000.0,3316650000.0,23029000.0,,,54063000.0,131720000.0,6919921000.0,-2900794000.0,1841859000.0,6131680000.0,-6160000.0,-445000.0,1957462000.0,2130007000.0,,,-703576000.0,5661653000.0,124011000.0,,4001673000.0,353851000.0,0.273,,203976000.0,1396454000.0,,,,,351515000.0,386869000.0,,,,395547000.0,,483683684.0,,,,,,,,,,,,,,,,,,,,,,,,,,,,,,,,,
2019-03-31,,,,38011000.0,117355000.0,,118399000.0,,10234000.0,,,,5520000.0,,,,,460017371.0,71029000.0,860190000.0,225933000.0,1463159000.0,,81185000.0,,,,,,,3822302000.0,,,44264000.0,2495000.0,,,,,1539268000.0,,,,,,,,,,,0.255,,,1610297000.0,,,14830000.0,,,,,,,,,,,129000.0,69623000.0,,,394356000.0,117355000.0,,,6246196000.0,,6963934000.0,212540000.0,,,9033466000.0,,,5731652000.0,3036000.0,,,,,,,,,,27396000.0,,,,,,,-59148000.0,,462103559.0,,,,,,348056000.0,,,,,,2171261000.0,501856000.0,,,,,,313900000.0,,,,,,,56240000.0,137985000.0,,,,,3691000.0,,2069532000.0,1971529000.0,,,-657620000.0,5731652000.0,122090000.0,,4274667000.0,,0.255,,187956000.0,1362046000.0,,,,,,,,,,,,,,,,,,,,,,,,,,,,,,,,,,,,,,,,,,,,,
2019-06-30,,,,,100312000.0,,97334000.0,,12117000.0,,,,3920000.0,,,,,460398260.0,133250000.0,898800000.0,283841000.0,1513145000.0,,81564000.0,,,,,,591708000.0,3815519000.0,,,42357000.0,-32444000.0,,,,,1449819000.0,,,,,,,,,,,0.219,,,1583069000.0,,,14010000.0,,,,,,,,,,,130000.0,75922000.0,,,884536000.0,100312000.0,,,6773638000.0,,7581071000.0,200497000.0,,,9631773000.0,,,5795081000.0,4739000.0,,,,,,,,,,20502000.0,,,,,,,-25513000.0,,463132168.0,,,,,,333663000.0,,,,,,2237810000.0,543853000.0,,,,,,338515000.0,,,,,,,56266000.0,151564000.0,,,,,579000.0,,2050702000.0,2502853000.0,,,-628715000.0,5795081000.0,97913000.0,,4270785000.0,,0.216,,205338000.0,1442653000.0,,,,,,,,,,,,,,,,,,,,,,,,,,,,,,,,,,,,,,,,,,,,,
2019-09-30,,,,,83190000.0,,92103000.0,,17068000.0,,,,30433000.0,,,,,478936984.0,74107000.0,915760000.0,319935000.0,1485735000.0,,81278000.0,,,,,,551551000.0,3804089000.0,,,42239000.0,-3894000.0,,,,,1669309000.0,,,,,,,,,,,0.174,,,1743416000.0,,,14565000.0,,,,,,,,,,,129000.0,80123000.0,,,933756000.0,83190000.0,,,6792315000.0,,7587629000.0,187081000.0,,,9848938000.0,,,5840951000.0,7552000.0,,,,,,,,,,25161000.0,,,,,,,-81557000.0,,481010559.0,,,,,,334523000.0,,,,,,2377393000.0,522896000.0,,,,,,347702000.0,,,,,,,57266000.0,148020000.0,,,,,1788000.0,,2261309000.0,2533090000.0,,,-633825000.0,5840951000.0,93891000.0,,4259225000.0,,0.174,,175194000.0,1438656000.0,,,,,,,,,,,,,,,,,,,,,,,,,,,,,,,,,,,,,,,,,,,,,
