,quarterlyTaxProvision,annualInventory,quarterlyAccumulatedDepreciation,quarterlyOtherIncomeExpense,quarterlyNonCurrentDeferredTaxesLiabilities,quarterlyInventory,quarterlyNetPPE,trailingOperatingCashFlow,quarterlyCashCashEquivalentsAndMarketableSecurities,annualCapitalStock,quarterlyCashAndCashEquivalents,quarterlyCurrentDeferredRevenue,trailingOtherIncomeExpense,annualOperatingCashFlow,annualTotalNonCurrentAssets,annualDilutedEPS,quarterlyCurrentDebt,annualCurrentLiabilities,annualDilutedAverageShares,quarterlyOperatingExpense,trailingChangeInInventory,trailingDepreciationAndAmortization,quarterlyInterestExpense,annualGrossProfit,annualStockBasedCompensation,trailingCashFlowFromContinuingFinancingActivities,quarterlyOtherIntangibleAssets,annualOtherIntangibleAssets,quarterlyOtherNonCurrentAssets,trailingPurchaseOfBusiness,annualPurchaseOfBusiness,annualOtherNonCurrentLiabilities,annualEbitda,trailingOtherNonCashItems,annualNetPPE,quarterlyResearchAndDevelopment,quarterlyDilutedEPS,quarterlyPretaxIncome,annualBasicAverageShares,annualNonCurrentDeferredTaxesLiabilities,annualChangeInInventory,annualCashCashEquivalentsAndMarketableSecurities,trailingCashDividendsPaid,trailingChangesInAccountReceivables,trailingPretaxIncome,quarterlyTotalAssets,annualChangesInAccountReceivables,annualInterestExpense,trailingBeginningCashPosition,annualNonCurrentDeferredRevenue,quarterlyOtherCurrentLiabilities,annualPurchaseOfInvestment,trailingPurchaseOfInvestment,trailingCapitalExpenditure,trailingInvestingCashFlow,trailingChangeInCashSupplementalAsReported,annualGrossPPE,annualDeferredIncomeTax,quarterlyTotalNonCurrentAssets,annualGoodwill,annualPretaxIncome,trailingRepaymentOfDebt,quarterlyAccountsPayable,trailingChangeInWorkingCapital,quarterlyGainsLossesNotAffectingRetainedEarnings,annualRepaymentOfDebt,quarterlyCapitalStock,annualOtherIncomeExpense,annualOtherCurrentLiabilities,trailingGrossProfit,trailingDeferredIncomeTax,quarterlyBasicAverageShares,annualOperatingIncome,trailingNetOtherFinancingCharges,annualInvestingCashFlow,annualCapitalExpenditure,annualChangeInCashSupplementalAsReported,trailingStockBasedCompensation,trailingInterestExpense,annualCashFlowFromContinuingFinancingActivities,annualEndCashPosition,annualCurrentDebt,quarterlyNetIncomeCommonStockholders,trailingCostOfRevenue,trailingTotalRevenue,quarterlyBasicEPS,trailingChangeInAccountPayable,annualCostOfRevenue,annualTotalRevenue,annualOtherCurrentAssets,annualCurrentDeferredRevenue,annualAccountsPayable,annualResearchAndDevelopment,trailingOperatingIncome,quarterlyEbitda,annualTotalNonCurrentLiabilitiesNetMinorityInterest,annualChangeInAccountPayable,annualCommonStockIssuance,annualOtherShortTermInvestments,trailingTaxProvision,annualFreeCashFlow,trailingEndCashPosition,annualNetOtherFinancingCharges,quarterlyTotalLiabilitiesNetMinorityInterest,annualRepurchaseOfCapitalStock,annualInvestmentsAndAdvances,annualAccumulatedDepreciation,quarterlyNonCurrentDeferredRevenue,annualOperatingExpense,annualChangeInWorkingCapital,annualOtherNonCurrentAssets,quarterlyOtherShortTermInvestments,trailingNetIncomeContinuousOperations,quarterlyRetainedEarnings,annualNetIncomeContinuousOperations,trailingNetOtherInvestingChanges,trailingSellingGeneralAndAdministration,annualGainsLossesNotAffectingRetainedEarnings,quarterlyTotalRevenue,annualNetOtherInvestingChanges,trailingOperatingExpense,annualCashAndCashEquivalents,quarterlyOperatingIncome,quarterlyCurrentAssets,trailingNetIncome,trailingFreeCashFlow,quarterlyCurrentLiabilities,annualTotalLiabilitiesNetMinorityInterest,quarterlyGrossPPE,quarterlyOtherCurrentAssets,annualNetIncome,annualCashDividendsPaid,quarterlyOtherNonCurrentLiabilities,annualCurrentAssets,annualAccountsReceivable,annualLongTermDebt,annualBeginningCashPosition,annualBasicEPS,quarterlyLongTermDebt,annualNetIncomeCommonStockholders,quarterlyDilutedAverageShares,quarterlyAccountsReceivable,annualSaleOfInvestment,quarterlyCostOfRevenue,quarterlyCurrentAccruedExpenses,quarterlyInvestmentsAndAdvances,quarterlyGrossProfit,trailingRepurchaseOfCapitalStock,annualStockholdersEquity,annualSellingGeneralAndAdministration,quarterlyTotalNonCurrentLiabilitiesNetMinorityInterest,annualOtherNonCashItems,annualDepreciationAndAmortization,quarterlyNetIncomeContinuousOperations,quarterlyGoodwill,trailingNetIncomeCommonStockholders,annualCurrentAccruedExpenses,quarterlyNetIncome,annualRetainedEarnings,quarterlyStockholdersEquity,quarterlySellingGeneralAndAdministration,annualTotalAssets,annualTaxProvision,trailingBasicAverageShares,quarterlyChangesInAccountReceivables,quarterlyFreeCashFlow,quarterlyStockBasedCompensation,trailingCommonStockIssuance,quarterlyBeginningCashPosition,quarterlyDepreciationAndAmortization,quarterlyInvestingCashFlow,quarterlyRepurchaseOfCapitalStock,quarterlyEndCashPosition,quarterlySaleOfInvestment,quarterlyCashFlowFromContinuingFinancingActivities,quarterlyOperatingCashFlow,trailingBasicEPS,trailingDilutedEPS,quarterlyChangeInAccountPayable,quarterlyChangeInInventory,quarterlyCommonStockIssuance,quarterlyNetOtherFinancingCharges,quarterlyCashDividendsPaid,quarterlyDeferredIncomeTax,annualIncomeTaxPayable,quarterlyChangeInCashSupplementalAsReported,quarterlyPurchaseOfInvestment,quarterlyRepaymentOfDebt,quarterlyNetOtherInvestingChanges,quarterlyPurchaseOfBusiness,trailingSaleOfInvestment,quarterlyCapitalExpenditure,quarterlyOtherNonCashItems,trailingResearchAndDevelopment,quarterlyIncomeTaxPayable,quarterlyChangeInWorkingCapital,trailingDilutedAverageShares
0,,,,,,,,,,,,,,,,,,,,,,,,,,,,,,,,,,,,,,,,,,,,,,,,,,,,,,,,,,,,,,,,,,,,,,,,,,,,,,,,,,,,,,,,,,,,,,,,,,,,,,,,,,,,,,,,,,,,,,,,,,,,,,,,,,,,,,,,,,,,,,,,,,,,,,,,,,,,,,,,,,,,,,,,,,,,,,,,,,,,,,,,,,,,,,,,,,,,,
859766400,,,,,,,,,,,,,,,,,,,,,,,,,,,,,,,,,,,,,0.534483,,,,,,,,,,,,,,,,,,,,,,,,,,,,,,,,,,,995645161.0,,,,,,,,,,,532155811.0,,,0.534483,,,,,,,,,5611903286.0,,,,,,,,,,,,,,,,,,,,,,,,5611903286.0,,,,5611903286.0,,,,,,,,,,,,,,,,,,995645161.0,,,,,,,,,,,,,532155811.0,,,,532155811.0,,,,,,,,,,,,,,,,,,,,,,,,,,,,,,,,,,,,,,,
867628800,,,,,,,,,,,,,,,,,,,,,,,,,,,,,,,,,,,,,0.55038,,,,,,,,,,,,,,,,,,,,,,,,,,,,,,,,,,,995645161.0,,,,,,,,,,,547983383.0,,,0.55038,,,,,,,,,5778814558.0,,,,,,,,,,,,,,,,,,,,,,,,5778814558.0,,,,5778814558.0,,,,,,,,,,,,,,,,,,995645161.0,,,,,,,,,,,,,547983383.0,,,,547983383.0,,,,,,,,,,,,,,,,,,,,,,,,,,,,,,,,,,,,,,,
875577600,,,,,,,,,,,,,,,,,,,,,,,,,,,,,,,,,,,,,0.559166,,,,,,,,,,,,,,,,,,,,,,,,,,,,,,,,,,,995645161.0,,,,,,,,,,,556730524.0,,,0.559166,,,,,,,,,5871058424.0,,,,,,,,,,,,,,,,,,,,,,,,5871058424.0,,,,5871058424.0,,,,,,,,,,,,,,,,,,995645161.0,,,,,,,,,,,,,556730524.0,,,,556730524.0,,,,,,,,,,,,,,,,,,,,,,,,,,,,,,,,,,,,,,,
883526400,,374545080.0,-36493145325.0,,,374545080.0,25799974200.0,,410908680.0,,410908680.0,,,6184539270.0,33273603090.0,2.245452,6916356720.0,15289984710.0,999595142.0,,,,,15315439230.0,,,680908410.0,680908410.0,6792720480.0,,,3746359890.0,8523627840.0,,25799974200.0,,,,999595142.0,,25454520.0,410908680.0,,,,42312684960.0,,1064544390.0,,,4308177510.0,-869999130.0,,,,,62293119525.0,-285454260.0,33273603090.0,,3150905940.0,,4065450480.0,,,,,235454310.0,4308177510.0,,,,3831814350.0,,-5328176490.0,-4516359120.0,-73636290.0,,,-956362680.0,0.0,6916356720.0,574351638.0,,,,,8356355280.0,23671794510.0,2885451660.0,,4065450480.0,808181010.0,,-13781360922.0,12689987310.0,,,,,1668180150.0,,-5579994420.0,27979972020.0,,,-36493145325.0,,11483624880.0,-46363590.0,6792720480.0,,,2870906220.0,2244543210.0,,,,6058619238.0,-417272310.0,,410908680.0,-13781360922.0,9039081870.0,,,15289984710.0,27979972020.0,62293119525.0,2885451660.0,2244543210.0,-4545450.0,3746359890.0,9039081870.0,,8943627420.0,484544970.0,2.245452,8943627420.0,2244543210.0,,,418181400.0,,,,,,14153622210.0,5983630380.0,12689987310.0,,4691813490.0,574351638.0,,,,574351638.0,2870906220.0,14153622210.0,,42312684960.0,906362730.0,,,,,,,,,,,,,,,,,,,,,,,,,,,,,,,,,,
891302400,,,,,,,,,,,,,,,,,,,,,,,,,,,,,,,,,,,,,0.622103,,,,,,,,,,,,,,,,,,,,,,,,,,,,,,,,,,,992647059.0,,,,,,,,,,,626744250.0,,,0.631387,,,,,,,,,6717305595.0,,,,,,,,,,,,,,,,,,,,,,,,6717305595.0,,,,6717305595.0,,,,,,,,,,,,,,,,,,1007461183.0,,,,,,,,,,,,,626744250.0,,,,626744250.0,,,,,,,,,,,,,,,,,,,,,,,,,,,,,,,,,,,,,,,
899164800,,,,,,,,,,,,,,,,,,,,,,,,,,,,,,,,,,,,,0.610203,,,,,,,,,,,,,,,,,,,,,,,,,,,,,,,,,,,992647059.0,,,,,,,,,,,614756250.0,,,0.61931,,,,,,,,,6588820875.0,,,,,,,,,,,,,,,,,,,,,,,,6588820875.0,,,,6588820875.0,,,,,,,,,,,,,,,,,,1007462687.0,,,,,,,,,,,,,614756250.0,,,,614756250.0,,,,,,,,,,,,,,,,,,,,,,,,,,,,,,,,,,,,,,,
907113600,,,,,,,,,,,,,,,,,,,,,,,,,,,,,,,,,,,,,0.568523,,,,,,,,,,,,,,,,,,,,,,,,,,,,,,,,,,,992647059.0,,,,,,,,,,,572764500.0,,,0.577007,,,,,,,,,6138762630.0,,,,,,,,,,,,,,,,,,,,,,,,6138762630.0,,,,6138762630.0,,,,,,,,,,,,,,,,,,1007461183.0,,,,,,,,,,,,,572764500.0,,,,572764500.0,,,,,,,,,,,,,,,,,,,,,,,,,,,,,,,,,,,,,,,
915062400,,420361380.0,-39948826320.0,,,420361380.0,26606402640.0,,2080490400.0,3909446100.0,2043826020.0,,,7137616860.0,35674441740.0,2.293655,3068723340.0,12293651880.0,1003717472.0,,,,,16435021500.0,,,1519440120.0,1519440120.0,7548598980.0,,,4033081800.0,8802861840.0,,26606402640.0,,,,1000000000.0,,-20463840.0,2080490400.0,,,,46209056040.0,,1317359700.0,,,5135571180.0,-1908253080.0,,,,,66555228960.0,177353280.0,35674441740.0,,3742324740.0,,4089357360.0,,2286834120.0,,3909446100.0,648021600.0,5135571180.0,,,,4131990360.0,,-5023872720.0,-4664902860.0,1626875280.0,,,-468963000.0,2042120700.0,3068723340.0,583888500.0,,,,,8239253580.0,24674275080.0,2338846380.0,,4089357360.0,769951980.0,,-14284297530.0,16126358580.0,,1464869880.0,36664380.0,,2472714000.0,,-577250820.0,28420010460.0,,,-39948826320.0,,12303031140.0,278819820.0,7548598980.0,36664380.0,,4177181340.0,2302182000.0,,,2286834120.0,6257987190.0,269440560.0,,2043826020.0,-14284297530.0,10534614300.0,,,12293651880.0,28420010460.0,66555228960.0,2338846380.0,2302182000.0,-8526600.0,4033081800.0,10534614300.0,,12093276780.0,415245420.0,2.302182,12093276780.0,2302182000.0,,,1115279280.0,,,,,,17009714340.0,6862207680.0,16126358580.0,,4670871480.0,583888500.0,,,,583888500.0,4177181340.0,17009714340.0,,46209056040.0,1440142740.0,,,,,,,,,,,,,,,,,,,,,,,,,,,,,,,,,,
922838400,,,,,,,,,,,,,,,,,,,,,,,,,,,,,,,,,,,,,0.529496,,,,,,,,,,,,,,,,,,,,,,,,,,,,,,,,,,,1031896552.0,,,,,,,,,,,555970590.0,,,0.538785,,,,,,,,,6232722930.0,,,,,,,,,,,,,,,,,,,,,,,,6232722930.0,,,,6232722930.0,,,,,,,,,,,,,,,,,,1050000000.0,,,,,,,,,,,,,555970590.0,,,,555970590.0,,,,,,,,,,,,,,,,,,,,,,,,,,,,,,,,,,,,,,,
930700800,,,,,,,,,,,,,,,,,,,,,,,,,,,,,,,,,,,,,0.550563,,,,,,,,,,,,,,,,,,,,,,,,,,,,,,,,,,,1031896552.0,,,,,,,,,,,578091150.0,,,0.560222,,,,,,,,,6480706050.0,,,,,,,,,,,,,,,,,,,,,,,,6480706050.0,,,,6480706050.0,,,,,,,,,,,,,,,,,,1050000000.0,,,,,,,,,,,,,578091150.0,,,,578091150.0,,,,,,,,,,,,,,,,,,,,,,,,,,,,,,,,,,,,,,,
938649600,,,,,,,,,,,,,,,,,,,,,,,,,,,,,,,,,,,,,0.720166,,,,,,,,,,,,,,,,,,,,,,,,,,,,,,,,,,,1019230769.0,,,,,,,,,,,743547600.0,,,0.729518,,,,,,,,,6548830560.0,,,,,,,,,,,,,,,,,,,,,,,,6548830560.0,,,,6548830560.0,,,,,,,,,,,,,,,,,,1032467532.0,,,,,,,,,,,,,743547600.0,,,,743547600.0,,,,,,,,,,,,,,,,,,,,,,,,,,,,,,,,,,,,,,,
946598400,,621118750.0,-42929740420.0,,,621118750.0,28985872930.0,,2636524870.0,4101371330.0,2425841390.0,,,8114295350.0,40593340130.0,2.663357,5033546350.0,17381387100.0,1022269531.0,,,,,17561263090.0,,,2132673340.0,2132673340.0,9474793860.0,,,4184849690.0,9485725550.0,,28985872930.0,,,,1022269531.0,,-175900830.0,2636524870.0,,,,54095964860.0,,682733730.0,,,7014169820.0,,,,,,71915613350.0,297143210.0,40593340130.0,,4568452630.0,,5333670930.0,,153043660.0,,4101371330.0,592298840.0,7014169820.0,,,,4461123310.0,,-6651436470.0,-5003732650.0,382609150.0,,,-1106088270.0,2425841390.0,5033546350.0,907608760.0,,,,,9692433870.0,27253696960.0,3356028830.0,,5333670930.0,593292630.0,,-14638229570.0,16427348700.0,,,210683480.0,,3110562700.0,,-825839490.0,33808735800.0,,,-42929740420.0,,13100139780.0,672795830.0,9474793860.0,210683480.0,,8028829410.0,2770686520.0,,,153043660.0,8154344080.0,-532671440.0,,2425841390.0,-14638229570.0,13502624730.0,,,17381387100.0,33808735800.0,71915613350.0,3356028830.0,2770686520.0,-71552880.0,4184849690.0,13502624730.0,,12242499010.0,2043232240.0,2.703109,12242499010.0,2770686520.0,,,287205310.0,,,,,,18917786440.0,7482244910.0,16427348700.0,,5024602240.0,907608760.0,,,,907608760.0,8028829410.0,18917786440.0,,54095964860.0,1797766110.0,,,,,,,,,,,,,,,,,,,,,,,,,,,,,,,,,,
954460800,,,,,,,,,,,,,,,,,,,,,,,,,,,,,,,,,,,,,1.820562,,,,,,,,,,,,,,,,,,,,,,,,,,,,,,,,,,,1024719101.0,,,,,,,,,,,1908451200.0,,,1.862414,,,,,,,,,7662054900.0,,,,,,,,,,,,,,,,,,,,,,,,7662054900.0,,,,7662054900.0,,,,,,,,,,,,,,,,,,1048275862.0,,,,,,,,,,,,,1908451200.0,,,,1908451200.0,,,,,,,,,,,,,,,,,,,,,,,,,,,,,,,,,,,,,,,
962323200,579495120.0,,-45349692380.0,1446638180.0,,987871210.0,30119048900.0,,4201339620.0,,3888496240.0,,,,,,9757983950.0,,,3576702670.0,,,260352880.0,,,,7195397740.0,,14491577240.0,,,,,,,107080620.0,1.826669,2490149320.0,,,,,,,,68694317350.0,,,,,7400110690.0,,,,,,,,51806023880.0,,,,5856889990.0,,347487110.0,,4103707290.0,,,,,1024615901.0,,,,,,,,,,,1910654200.0,,,1.868662,,,,,,,,,2663367970.0,,,,,,,,,45120833800.0,,,,,,,,312843380.0,,10828790150.0,,,,,7672011480.0,,,,1294415730.0,16888293470.0,,,23014984630.0,,75468741280.0,3810810300.0,,,4185592470.0,,,,,,17920256700.0,,1024615901.0,,,2800893080.0,,,4871118400.0,,,,22105849170.0,,,1910654200.0,,,,1910654200.0,,21917933180.0,2100669810.0,,,,,,,,,,,,,,,,,,,,,,,,,,,,,,,,,,,,
970272000,,,,,,,,,,,,,,,,,,,,,,,,,,,,,,,,,,,,,-0.170049,,,,,,,,,,,,,,,,,,,,,,,,,,,,,,,,,,,733549083.0,,,,,,,,,,,-77088880.0,,,-0.10509,,,,,,,,,9184913320.0,,,,,,,,,,,,,,,,,,,,,,,,9184913320.0,,,,9184913320.0,,,,,,,,,,,,,,,,,,1024615901.0,,,,,,,,,,,,,-77088880.0,,,,-77088880.0,,,,,,,,,,,,,,,,,,,,,,,,,,,,,,,,,,,,,,,
978220800,,1219127300.0,-43301911060.0,,,1219127300.0,34719041920.0,,2261507760.0,4627360040.0,2045365540.0,1951668420.0,,6631200720.0,111246164680.0,3.389387,32797186220.0,58787489620.0,1153831943.0,,,,,20998802280.0,,,52483164080.0,52483164080.0,21504553780.0,,,5234261840.0,11705751560.0,,34719041920.0,,,,1153831943.0,,-330069400.0,2261507760.0,,,,129944063820.0,,2152904280.0,,,8135678340.0,,,,,,78020952980.0,-277897140.0,111246164680.0,,4987242160.0,,7639509500.0,,1570491500.0,,4627360040.0,3087746000.0,8135678340.0,,,,4869056020.0,,-47017853660.0,-14352695200.0,-385435880.0,,,40020382380.0,2045365540.0,32797186220.0,-68651900.0,,,,,12768362080.0,33767164360.0,1064740.0,1951668420.0,7639509500.0,450385020.0,,-19639539520.0,35865766900.0,,,216142220.0,,-7721494480.0,,824108760.0,94653256520.0,,,-43301911060.0,,16129746260.0,-250213900.0,21504553780.0,216142220.0,,2755547120.0,3670158780.0,,,1570491500.0,9258568820.0,-29961783600.0,,2045365540.0,-19639539520.0,18697899140.0,,,58787489620.0,94653256520.0,78020952980.0,1064740.0,3670158780.0,-214012740.0,5234261840.0,18697899140.0,8807529280.0,30631505060.0,2430801420.0,3.449545,30631505060.0,3670158780.0,,8807529280.0,7951478320.0,,7750242460.0,,,,33248635980.0,9711493540.0,35865766900.0,,6836695540.0,-68651900.0,,,7750242460.0,-68651900.0,2755547120.0,33248635980.0,,129944063820.0,1317083380.0,,,,,,,,,,,,,,,,,,,,,,,,,,,,,,,,,,
985996800,,,,,,,,,,,,,,,,,,,,,,,,,,,,,,,,,,,,,-1.878535,,,,,,,,,,,,,,,,,,,,,,,,,,,,,,,,,,,1102333495.0,,,,,,,,,,,-2070771700.0,,,-1.878535,,,,,,,,,10762533400.0,,,,,,,,,,,,,,,,,,,,,,,,10762533400.0,,,,10762533400.0,,,,,,,,,,,,,,,,,,1102333495.0,,,,,,,,,,,,,-2070771700.0,,,,-2070771700.0,,,,,,,,,,,,,,,,,,,,,,,,,,,,,,,,,,,,,,,
993859200,,,,,,,,,,,,,,,,,,,,,,,,,,,,,,,,,,,,,-1.876206,,,,,,,,,,,,,,,,,,,,,,,,,,,,,,,,,,,1102470839.0,,,,,,,,,,,-2068462800.0,,,-1.876206,,,,,,,,,10748241000.0,,,,,,,,,,,,,,,,,,,,,,,,10748241000.0,,,,10748241000.0,,,,,,,,,,,,,,,,,,1102470839.0,,,,,,,,,,,,,-2068462800.0,,,,-2068462800.0,,,,,,,,,,,,,,,,,,,,,,,,,,,,,,,,,,,,,,,
1001808000,,,,,,,,,,,,,,,,,,,,,,,,,,,,,,,,,,,,,-2.042161,,,,,,,,,,,,,,,,,,,,,,,,,,,,,,,,,,,1102451086.0,,,,,,,,,,,-2251382700.0,,,-2.042161,,,,,,,,,11700384300.0,,,,,,,,,,,,,,,,,,,,,,,,11700384300.0,,,,11700384300.0,,,,,,,,,,,,,,,,,,1102451086.0,,,,,,,,,,,,,-2251382700.0,,,,-2251382700.0,,,,,,,,,,,,,,,,,,,,,,,,,,,,,,,,,,,,,,,
1009756800,,901375820.0,-43875198580.0,,,901375820.0,31783050890.0,,4087660670.0,4622641830.0,2948015930.0,3263834640.0,,7088500370.0,104518010450.0,-7.523116,12983408320.0,35024407330.0,1176996343.0,,,,,25450941950.0,,,53244112340.0,53244112340.0,14112937870.0,,,8677709110.0,17928612320.0,,31783050890.0,,,,1103126514.0,,341668640.0,4087660670.0,,,,127579519740.0,,3853887390.0,,,2484965010.0,-1104803530.0,,,,,75658249470.0,-2093844330.0,104518010450.0,,-11231232630.0,,8646239630.0,,-4164086550.0,,4622641830.0,-10976105060.0,2484965010.0,,,,5208198940.0,,-10842359770.0,-8567565930.0,904747550.0,,,4733908920.0,2948015930.0,12983408320.0,-1540307700.0,,,,,17649882640.0,43100824590.0,1123910.0,3263834640.0,8646239630.0,567574550.0,,-29891856260.0,63316593760.0,,,1139644740.0,,-1479065560.0,,-661982990.0,98341001090.0,,,-43875198580.0,,20242743010.0,-330429540.0,14112937870.0,1139644740.0,,-3604379370.0,-8294455800.0,,,-4164086550.0,8000769390.0,2824385830.0,,2948015930.0,-29891856260.0,23061509290.0,,,35024407330.0,98341001090.0,75658249470.0,1123910.0,-8294455800.0,-128125740.0,8677709110.0,23061509290.0,7608870700.0,54638884650.0,2043268380.0,-7.523116,54638884650.0,-8294455800.0,,7608870700.0,4531605120.0,,7271697700.0,,,,21123888450.0,12541711690.0,63316593760.0,,12720413380.0,-1540307700.0,,,7271697700.0,-1540307700.0,-3604379370.0,21123888450.0,,127579519740.0,-2936776830.0,,,,,,,,,,,,,,,,,,,,,,,,,,,,,,,,,,
1017532800,,,,,,,,,,,,,,,,,,,,,,,,,,,,,,,,,,,,,-5.639783,,,,,,,,,,,,,,,,,,,,,,,,,,,,,,,,,,,1078381512.0,,,,,,,,,,,-6081837300.0,,,-5.639783,,,,,,,,,11225183200.0,,,,,,,,,,,,,,,,,,,,,,,,11225183200.0,,,,11225183200.0,,,,,,,,,,,,,,,,,,1078381512.0,,,,,,,,,,,,,-6081837300.0,,,,-6081837300.0,,,,,,,,,,,,,,,,,,,,,,,,,,,,,,,,,,,,,,,
1025395200,1146517400.0,,-49730066400.0,-4921267400.0,,848563800.0,37067038400.0,,2431945600.0,,2283975400.0,3324799800.0,,,,,22941420600.0,,,5070244200.0,,,875742000.0,,,,53232027800.0,,7501183200.0,,,,,,,140924000.0,-5.635651,-4931333400.0,,,,,,,,119383766600.0,,,,,2633265600.0,,,,,,,,101833695600.0,,,,7884697800.0,,-12882466800.0,,4742092600.0,,,,,1187519899.0,,,,,,,,,,,-6077850800.0,,,-5.635651,,,,,,,,,4114980800.0,,,,,,,,,109690208600.0,,,,,,,,147970200.0,,-17012546600.0,,,,,11217550400.0,,,,1588414800.0,17550071000.0,,,45480201200.0,,86797104800.0,0.0,,,15138257400.0,,,,,,49071750000.0,,1187519899.0,7717602200.0,,4558891400.0,8241034200.0,,6658659000.0,,,,64210007400.0,,,-6077850800.0,,,,-6077850800.0,,-438877600.0,3088248800.0,,,,,,,,,,,,,,,,,,,,,,,,,,,,,,,,,,,,
1033344000,,,,,,,,,,,,,,,,,,,,,,,,,,,,,,,,,,,,,-4.477274,,,,,,,,,,,,,,,,,,,,,,,,,,,,,,,,,,,1187519899.0,,,,,,,,,,,-4894185780.0,,,-4.477274,,,,,,,,,13470403320.0,,,,,,,,,,,,,,,,,,,,,,,,13470403320.0,,,,13470403320.0,,,,,,,,,,,,,,,,,,1187519899.0,,,,,,,,,,,,,-4894185780.0,,,,-4894185780.0,,,,,,,,,,,,,,,,,,,,,,,,,,,,,,,,,,,,,,,
1041292800,,695668100.0,-50166246740.0,,,695668100.0,36238590190.0,,2861768910.0,4757226240.0,2816979320.0,3197214350.0,,11829216610.0,92664896860.0,-19.110802,23966242530.0,44845815230.0,1084176031.0,,,,,28049718980.0,,,46048463370.0,46048463370.0,6478290060.0,,,14966393850.0,30732329530.0,,36238590190.0,,,,1084176031.0,,192499940.0,2861768910.0,,,,106500115320.0,,4037733890.0,,,1710581150.0,-672796820.0,,,,,86404836930.0,1584789110.0,92664896860.0,,-18222692340.0,,8495727550.0,,-3311570750.0,,4757226240.0,-13433065120.0,1710581150.0,,,,14905403770.0,,-11504253840.0,-7936334160.0,-123886100.0,,,-193452910.0,2816979320.0,23966242530.0,-3596405800.0,,,,,18542890260.0,46592609240.0,0.0,3197214350.0,8495727550.0,575593880.0,,-21135165630.0,61825834690.0,,69566810.0,44789590.0,,3892882450.0,,-394529580.0,106671649920.0,,,-50166246740.0,,13144315210.0,3258204430.0,6478290060.0,44789590.0,,-26149496800.0,-20719473740.0,,,-3311570750.0,10552039840.0,-7060554730.0,,2816979320.0,-21135165630.0,13835218460.0,,,44845815230.0,106671649920.0,86404836930.0,0.0,-20719473740.0,-76237600.0,14966393850.0,13835218460.0,5469094830.0,46859440840.0,2940865420.0,-19.110802,46859440840.0,-20719473740.0,,5469094830.0,145804410.0,,7389329380.0,,,,-9943288980.0,12568721330.0,61825834690.0,,15625849090.0,-3596405800.0,,,7389329380.0,-3596405800.0,-26149496800.0,-9943288980.0,,106500115320.0,2496781400.0,,,,,,,,,,,,,,,,,,,,,,,,,,,,,,,,,,
1049068800,,,,,,,,,,,,,,,,,,,,,,,,,,,,,,,,,,,,,0.756729,,,,,,,,,,,,,,,,,,,,,,,,,,,,,,,,,,,1190158724.0,,,,,,,,,,,1325282000.0,,,0.793522,,,,,,,,,12009910500.0,,,,,,,,,,,,,,,,,,,,,,,,12009910500.0,,,,12009910500.0,,,,,,,,,,,,,,,,,,1190158724.0,,,,,,,,,,,,,1325282000.0,,,,1325282000.0,,,,,,,,,,,,,,,,,,,,,,,,,,,,,,,,,,,,,,,
1056931200,-1612199050.0,,-50548306710.0,-933424140.0,,481486940.0,32164891990.0,,9549780680.0,,6746900930.0,3092293380.0,,,,,15145110860.0,,,4785319660.0,,,1094209490.0,,,,41505217160.0,,5907340670.0,,,,,,,119937180.0,0.71858,-353727770.0,,,,,,,,106079221050.0,,,,,1405350870.0,,,,,,,,86141837650.0,,,,7396126100.0,,-13215686660.0,,8879696870.0,,,,,1669070913.0,,,,,,,,,,,1258471280.0,,,0.753518,,,,,,,,,4614104990.0,,,,,,,,,91824947940.0,,,,,,,,2802879750.0,,-3375623240.0,,,,,11404461420.0,,,,2317916370.0,19937383400.0,,,34078672210.0,,82713198700.0,-869110.0,,,14107393520.0,,,,,,43638882210.0,,1848384444.0,5199885130.0,,4301225390.0,6862492560.0,,7103236030.0,,,,57746275730.0,,,1258471280.0,,,,1258471280.0,,4642785620.0,2748994930.0,,,,,,,,,,,,,,,,,,,,,,,,,,,,,,,,,,,,
1064880000,,,,,,,,,,,,,,,,,,,,,,,,,,,,,,,,,,,,,0.140602,,,,,,,,,,,,,,,,,,,,,,,,,,,,,,,,,,,1669070913.0,,,,,,,,,,,487258800.0,,,0.140602,,,,,,,,,13614079500.0,,,,,,,,,,,,,,,,,,,,,,,,13614079500.0,,,,13614079500.0,,,,,,,,,,,,,,,,,,1848384444.0,,,,,,,,,,,,,487258800.0,,,,487258800.0,,,,,,,,,,,,,,,,,,,,,,,,,,,,,,,,,,,,,,,
1072828800,,515325470.0,-51856511240.0,,,515325470.0,30581271420.0,,5215189040.0,9591882400.0,3344454360.0,3159445370.0,,11302223020.0,85225621990.0,1.602482,10608240800.0,31756435820.0,1997360966.0,,,,,28847109900.0,,,42317828850.0,42317828850.0,4413218740.0,,,11245846890.0,20081812730.0,,30581271420.0,,,,1948643974.0,,131014950.0,5215189040.0,,,,99658705300.0,,3958239550.0,,,1376053990.0,-2037480980.0,,,,,82437782660.0,-2935528910.0,85225621990.0,,614579220.0,,7355099890.0,,-3670006660.0,,9591882400.0,-1634907770.0,1376053990.0,,,,9537094330.0,,-3730352940.0,-5092908420.0,529618010.0,,,-6855655020.0,3344454360.0,10608240800.0,229142530.0,,,,,17193131590.0,46040241490.0,0.0,3159445370.0,7355099890.0,477212030.0,,-26590400570.0,49942104910.0,,14868211750.0,1870734680.0,,6209314600.0,,-1858824230.0,81698540730.0,,,-51856511240.0,,19310015570.0,1240274860.0,4413218740.0,1870734680.0,,-9222658450.0,3200734930.0,,,-3670006660.0,9912746590.0,2653648260.0,,3344454360.0,-26590400570.0,14433083310.0,,,31756435820.0,81698540730.0,82437782660.0,0.0,3200734930.0,-119104500.0,11245846890.0,14433083310.0,3812138030.0,38696258020.0,2814042320.0,1.642545,38696258020.0,3200734930.0,,3812138030.0,351755290.0,,9024150950.0,,,,12004939570.0,11097363280.0,49942104910.0,-1588060.0,10334300450.0,229142530.0,,,9024150950.0,229142530.0,-9222658450.0,12004939570.0,,99658705300.0,-2586155710.0,,,,,,,,,,,,,,,,,,,,,,,,,,,,,,,,,,
1080691200,,,,,,,,,,,,,,,,,,,,,,,,,,,,,,,,,,,,,0.224749,,,,,,,,,,,,,,,,,,,,,,,,,,,,,,,,,,,2409902508.0,,,,,,,,,,,553552120.0,,,0.229699,,,,,,,,,11576706580.0,,,,,,,,,,,,,,,,,,,,,,,,11576706580.0,,,,11576706580.0,,,,,,,,,,,,,,,,,,2462983026.0,,,,,,,,,,,,,553552120.0,,,,553552120.0,,,,,,,,,,,,,,,,,,,,,,,,,,,,,,,,,,,,,,,
1088553600,384504960.0,,-53542110720.0,-272186880.0,,492723840.0,29590485120.0,,3323631360.0,,2948144640.0,3185898240.0,,,,,8871488640.0,,,4713260160.0,,,879688320.0,,,,45284682240.0,,2666939520.0,,,,,,,129534720.0,0.2248,937896960.0,,,,,,,,101051018880.0,,,,,3108833280.0,,,,,,,,85514231040.0,,,,6834186240.0,,-4184463360.0,,9857756160.0,,,,,2424512991.0,,,,,,,,,,,553392000.0,,,0.229801,,,,,,,,,4876408320.0,,,,,,,,,81555223680.0,,,,,,,,375486720.0,,-3032588160.0,,,,,11579420160.0,,,,2634145920.0,15536787840.0,,,29156789760.0,,83132595840.0,-819840.0,,,10037301120.0,,,,,,42361132800.0,,2436004518.0,7010451840.0,,4232014080.0,6862060800.0,,7347406080.0,,,,52398433920.0,,,553392000.0,,,,553392000.0,,15312151680.0,2787456000.0,,,,,,,,,,,,,,,,,,,,,,,,,,,,,,,,,,,,
1096502400,,,,,,,,,,,,,,,,,,,,,,,,,,,,,,,,,,,,,0.389625,,,,,,,,,,,,,,,,,,,,,,,,,,,,,,,,,,,2461882496.0,,,,,,,,,,,973861980.0,,,0.395576,,,,,,,,,16136675880.0,,,,,,,,,,,,,,,,,,,,,,,,16136675880.0,,,,16136675880.0,,,,,,,,,,,,,,,,,,2499484004.0,,,,,,,,,,,,,973861980.0,,,,973861980.0,,,,,,,,,,,,,,,,,,,,,,,,,,,,,,,,,,,,,,,
1104451200,,578341120.0,-56701035520.0,,,578341120.0,29012216720.0,,3449391680.0,9862043920.0,3200793520.0,3589550880.0,,12808337840.0,80371711360.0,1.123015,11355845920.0,30936086160.0,2477075068.0,,,,,29997019520.0,,,41678920000.0,41678920000.0,2567864080.0,,,9600905200.0,20552502480.0,,29012216720.0,,,,2433617610.0,,-64915840.0,3449391680.0,,,,96253961760.0,,3394803360.0,,,788579920.0,,,,,,85713252240.0,1127912720.0,80371711360.0,,4777953360.0,,7780310960.0,,-3723070960.0,,9862043920.0,-120979520.0,788579920.0,,,,10815864160.0,,-5559894160.0,-5210971520.0,-146798320.0,,,-7417372400.0,3200793520.0,11355845920.0,722286300.0,,,,,17125241200.0,47122260720.0,737680.0,3589550880.0,7780310960.0,563587520.0,,-28036484180.0,45599689200.0,,,248598160.0,,7597366320.0,,-244172080.0,76535775360.0,,,-56701035520.0,,19181155360.0,649896080.0,2567864080.0,248598160.0,,-3134402320.0,2781791280.0,,,-3723070960.0,8269912380.0,-2345084720.0,,3200793520.0,-28036484180.0,15882250400.0,,,30936086160.0,76535775360.0,85713252240.0,737680.0,2781791280.0,-853495760.0,9600905200.0,15882250400.0,6594121520.0,35998784000.0,3347591840.0,1.143068,35998784000.0,2781791280.0,,6594121520.0,1819856560.0,,7137054000.0,,,,15669060880.0,11185441840.0,45599689200.0,,9736638320.0,722286300.0,,,7137054000.0,722286300.0,-3134402320.0,15669060880.0,,96253961760.0,1996162080.0,,,,,,,,,,,,,,,,,,,,,,,,,,,,,,,,,,
1112227200,,,,,,,,,,,,,,,,,,,,,,,,,,,,,,,,,,,,,0.654713,,,,,,,,,,,,,,,,,,,,,,,,,,,,,,,,,,,2473042251.0,,,,,,,,,,,1680945970.0,,,0.679708,,,,,,,,,11828336190.0,,,,,,,,,,,,,,,,,,,,,,,,11828336190.0,,,,11828336190.0,,,,,,,,,,,,,,,,,,2567456109.0,,,,,,,,,,,,,1680945970.0,,,,1680945970.0,,,,,,,,,,,,,,,,,,,,,,,,,,,,,,,,,,,,,,,
1120089600,507946950.0,,-63484283520.0,45426150.0,1877338890.0,604580760.0,26219973780.0,,3376401840.0,,2940310800.0,4358432610.0,,,,,11985896160.0,,,3835618920.0,,,811889190.0,,,,44454856320.0,,2389415490.0,,,,,,,,0.653641,2186236710.0,,,,,,,,95605527150.0,,,,,6056544690.0,,,,,,,,81768721860.0,,,,7635722850.0,,2010313620.0,,9853344900.0,,,,,2467560866.0,,,,,,,,,,,1678289760.0,,,0.678584,,,,,,,,,5047258230.0,,,,,,,,,74587260510.0,,,,,,,,436091040.0,,-6314234850.0,,,,,11808321210.0,,,,3319412670.0,13836805290.0,,,31195376100.0,,89704257300.0,464172660.0,,,3906648900.0,,,,,,37607896620.0,,2651622721.0,6701596020.0,,4653289620.0,1158779790.0,,7155031590.0,,,,43391884410.0,,,1678289760.0,,,,1678289760.0,,18206800920.0,2339859690.0,,,,,,,,,,,,,,,,,,,,,,,,,,,,,,,,,,,,
1128038400,,,,,,,,,,,,,,,,,,,,,,,,,,,,,,,,,,,,,0.44103,,,,,,,,,,,,,,,,,,,,,,,,,,,,,,,,,,,2551057622.0,,,,,,,,,,,1162834810.0,,,0.455825,,,,,,,,,12609152300.0,,,,,,,,,,,,,,,,,,,,,,,,12609152300.0,,,,12609152300.0,,,,,,,,,,,,,,,,,,2636632799.0,,,,,,,,,,,,,1162834810.0,,,,1162834810.0,,,,,,,,,,,,,,,,,,,,,,,,,,,,,,,,,,,,,,,
1135987200,,853597410.0,-53497170220.0,,3717496930.0,853597410.0,28548654030.0,,4299226520.0,10404432130.0,4094059190.0,3752113640.0,,13363738680.0,94199666700.0,2.190995,9186092800.0,29978070860.0,2603840520.0,,,,,28866958900.0,,,18850909370.0,18850909370.0,2087978630.0,,,4550830900.0,25884011670.0,,28548654030.0,,,,2512477797.0,3717496930.0,-142688390.0,4299226520.0,,,,109267222960.0,,3042893240.0,,,6133912150.0,-1563662120.0,,,,,82045824250.0,,94199666700.0,33700633650.0,7272042030.0,,9511152150.0,,1931781280.0,,10404432130.0,-1557751950.0,6133912150.0,,,,18855130920.0,,-11668364200.0,-6137289390.0,943938580.0,,,-859507580.0,4094059190.0,9186092800.0,1164211700.0,,,,,20133416260.0,49000375160.0,908477560.0,3752113640.0,9511152150.0,,,-17521068240.0,50872210430.0,,2994767570.0,205167330.0,,7226449290.0,,143532700.0,80850281290.0,,,-53497170220.0,,10011827980.0,996285800.0,2087978630.0,205167330.0,,-2613983760.0,5705002670.0,,,1931781280.0,12624176000.0,0.0,,4094059190.0,-17521068240.0,15067556260.0,,,29978070860.0,80850281290.0,82045824250.0,908477560.0,5705002670.0,-1182878310.0,4550830900.0,15067556260.0,7115844680.0,42603882600.0,3150964920.0,2.270668,42603882600.0,5705002670.0,,7115844680.0,1817799430.0,,1394800120.0,,,,24841288820.0,9315272230.0,50872210430.0,-546268570.0,7028880750.0,1164211700.0,33700633650.0,,1394800120.0,1164211700.0,-2613983760.0,24841288820.0,,109267222960.0,1567039360.0,,,,,,,,,,,,,,,,,,,,,,,,,,,,,,,,,,
1143763200,,,,,,,,,,,,,,,,,,,,,,,,,,,,,,,,,,,,,0.439813,,,,,,,,,,,,,,,,,,,,,,,,,,,,,,,,,,,2606666667.0,,,,,,,,,,,1172339210.0,,,0.449796,,,,,,,,,12921306620.0,,,,,,,,,,,,,,,,,,,,,,,,12921306620.0,,,,12921306620.0,,,,,,,,,,,,,,,,,,2665909091.0,,,,,,,,,,,,,1172339210.0,,,,1172339210.0,,,,,,,,,,,,,,,,,,,,,,,,,,,,,,,,,,,,,,,
1151625600,643297200.0,,-52776196200.0,-89999000.0,3260311600.0,759904600.0,27718909400.0,,2410408000.0,,2262496600.0,3620307600.0,,,,,9084420800.0,,,4685426200.0,,,619819200.0,,,,18567185000.0,,1835979600.0,,,,,,,,0.440292,1817197200.0,,,,,,,,103902671600.0,,,,,5817065800.0,,,,,,,,91217508200.0,,,,8761207000.0,,1306159400.0,,10423449400.0,,,,,2606666667.0,,,,,,,,,,,1173900000.0,,,0.450308,,,,,,,,,4642383200.0,,,,,,,,,76556279800.0,,,,,,,,147911400.0,,-2988749400.0,,,,,12936378000.0,,,,2721882800.0,12685163400.0,,,28308989800.0,,80495105600.0,1902500600.0,,,4526558400.0,,,,,,40460420000.0,,2665909091.0,6875141000.0,,5529069000.0,1025988600.0,,7407309000.0,,,,48247290000.0,,,1173900000.0,33446758800.0,,,1173900000.0,,23895125800.0,2753969400.0,,,,,,,,,,,,,,,,,,,,,,,,,,,,,,,,,,,,
1159574400,,,,,,,,,,,,,,,,,,,,,,,,,,,,,,,,,,,,,0.335907,,,,,,,,,,,,,,,,,,,,,,,,,,,,,,,,,,,2596531792.0,,,,,,,,,,,884879080.0,,,0.340793,,,,,,,,,12798834280.0,,,,,,,,,,,,,,,,,,,,,,,,12798834280.0,,,,12798834280.0,,,,,,,,,,,,,,,,,,2634295097.0,,,,,,,,,,,,,-718619520.0,,,,884879080.0,,,,,,,,,,,,,,,,,,,,,,,,,,,,,,,,,,,,,,,
1167523200,,844066660.0,-55038601600.0,,1748748520.0,844066660.0,28221679430.0,,4569628390.0,10427329780.0,3970295600.0,3176994170.0,,13862696240.0,88386811570.0,1.568633,8057275460.0,27486720130.0,2638768401.0,,,,,28892992770.0,,,18712669930.0,18712669930.0,1685860250.0,,,4233971720.0,15387926210.0,,28221679430.0,,,,2605576401.0,1748748520.0,757690.0,4569628390.0,,,,103170858850.0,,3155021160.0,,,5997116350.0,-794059120.0,,,,,83260281030.0,,88386811570.0,31516873240.0,3108044380.0,,9014995620.0,,2220031700.0,,10427329780.0,-3289132290.0,5997116350.0,,,,7554926990.0,,-4690858790.0,-7038940100.0,-127291920.0,,,-9271094840.0,3970295600.0,8057275460.0,890501390.0,,,,,22808742070.0,51701734840.0,726624710.0,3176994170.0,9014995620.0,,,-31294652850.0,44046035080.0,,53795990.0,599332790.0,,6823756140.0,,-1175177190.0,71532755210.0,-9849970.0,,-55038601600.0,,21338065780.0,14396110.0,1685860250.0,599332790.0,,-1031973780.0,928170250.0,,,2220031700.0,12852155000.0,0.0,,3970295600.0,-31294652850.0,14784047280.0,,,27486720130.0,71532755210.0,83260281030.0,726624710.0,4139260470.0,-2601907460.0,4233971720.0,14784047280.0,6756321730.0,38063314840.0,4096829830.0,1.588616,38063314840.0,4139260470.0,,6756321730.0,2808756830.0,,1240338530.0,,,,26794191470.0,9300644750.0,44046035080.0,2091982090.0,7832999220.0,-717090230.0,31516873240.0,,1240338530.0,890501390.0,-1031973780.0,26794191470.0,,103170858850.0,2179874130.0,,,,,,,,,,,,,,,,,,,,,,,,,,,,,,,,,,
1175299200,,,,,,,,,,,,,,,,,,,,,,,,,,,,,,,,,,,,,0.619807,,,,,,,,,,,,,,,,,,,,,,,,,,,,,,,,,,,2602307251.0,,,,,,,,,,,1653569040.0,,,0.634779,,,,,,,,,12952333680.0,,,,,,,,,,,,,,,,,,,,,,,,12952333680.0,,,,12952333680.0,,,,,,,,,,,,,,,,,,2762661322.0,,,,,,,,,,,,,1653569040.0,,,,1653569040.0,,,,,,,,,,,,,,,,,,,,,,,,,,,,,,,,,,,,,,,
1183161600,271128590.0,,-55034671150.0,265957200.0,1631204160.0,803781760.0,27584194260.0,,3690156150.0,,3256498160.0,3153070360.0,,,,,9753241540.0,,,4687495650.0,,,619828030.0,,,,17632962360.0,,3057769030.0,,,,,,,,0.634973,1925234620.0,,,,,,,,100748281210.0,,,,,5189120480.0,,,,,,,,87250214540.0,,,,8196653150.0,,2273195290.0,,10435126250.0,,,,,2602307251.0,,,,,,,,,,,1654106030.0,,,0.634973,,,,,,,,,4756940030.0,,,,,,,,,69354250060.0,,,,,,,,433657990.0,,-890217850.0,,,,,12955809490.0,,,,2753395790.0,13498066670.0,,,27284992410.0,,82618865410.0,1781174470.0,,,4511668390.0,,,,,,35926385100.0,,2762661322.0,6501176000.0,,5514918050.0,992906880.0,,7440891440.0,,,,42069257650.0,,,1654106030.0,31119947480.0,,,1654106030.0,,27032333070.0,2999406200.0,,,,,,,,,,,,,,,,,,,,,,,,,,,,,,,,,,,,
1191110400,,,,,,,,,,,,,,,,,,,,,,,,,,,,,,,,,,,,,0.574561,,,,,,,,,,,,,,,,,,,,,,,,,,,,,,,,,,,2603976095.0,,,,,,,,,,,1496143950.0,,,0.574561,,,,,,,,,13526963310.0,,,,,,,,,,,,,,,,,,,,,,,,13526963310.0,,,,13526963310.0,,,,,,,,,,,,,,,,,,2603976095.0,,,,,,,,,,,,,1496143950.0,,,,1496143950.0,,,,,,,,,,,,,,,,,,,,,,,,,,,,,,,,,,,,,,,
1199059200,,1069957200.0,-57703614840.0,,1442384610.0,1069957200.0,27892961160.0,,4566522460.0,10473234900.0,4031543860.0,3279830340.0,,14667329950.0,86224147050.0,2.366556,9792165990.0,28324373390.0,2763924859.0,,,,,29849748270.0,,,16684473620.0,16684473620.0,2923863810.0,,,3067210640.0,19148118660.0,,27892961160.0,,,,2601559094.0,1442384610.0,-250342550.0,4566522460.0,,,,101342779460.0,,2524687470.0,,,5657055760.0,-1876540320.0,,,,,85596576000.0,,86224147050.0,31438223190.0,7641963540.0,,9595321300.0,,1749654370.0,,10473234900.0,362139360.0,5657055760.0,,,,11024674380.0,,-6891621760.0,-7075434920.0,54869600.0,,,-7665968990.0,4031543860.0,9792165990.0,1504824110.0,,,,,23192694050.0,53042442320.0,2160490500.0,3279830340.0,9595321300.0,,,-28422369690.0,38639172320.0,,,534978600.0,,7591895030.0,,-916322320.0,66963545710.0,-214677310.0,,-57703614840.0,,18825073890.0,294238230.0,2923863810.0,534978600.0,,2337444960.0,6310004000.0,,,1749654370.0,13595398250.0,125514210.0,,4031543860.0,-28422369690.0,15118632410.0,,,28324373390.0,66963545710.0,85596576000.0,2160490500.0,6310004000.0,-3122080240.0,3067210640.0,15118632410.0,6566519380.0,34129577070.0,3975988390.0,2.426723,34129577070.0,6310004000.0,,6566519380.0,1821670720.0,,,,,,29901874390.0,9735238780.0,38639172320.0,-1319613880.0,8123444280.0,1504824110.0,31438223190.0,,,1504824110.0,2337444960.0,29901874390.0,,101342779460.0,1331959540.0,,,,,,,,,,,,,,,,,,,,,,,,,,,,,,,,,,
1206921600,,,,,,,,,,,,,,,,,,,,,,,,,,,,,,,,,,,,,0.257075,,,,,,,,,,,,,,,,,,,,,,,,,,,,,,,,,,,2911330049.0,,,,,,,,,,,748430580.0,,,0.257075,,,,,,,,,6572512200.0,,,,,,,,,,,,,,,,,,,,,,,,6572512200.0,,,,6572512200.0,,,,,,,,,,,,,,,,,,2911330049.0,,,,,,,,,,,,,748430580.0,,,,748430580.0,,,,,,,,,,,,,,,,,,,,,,,,,,,,,,,,,,,,,,,
1214784000,633543650.0,,-53461679400.0,-14615350.0,1303943400.0,837523100.0,27776154950.0,,3883234950.0,,3883234950.0,2749592150.0,,,,,,,,4688350100.0,,,578259500.0,,,,16023507200.0,,3220460600.0,,,,,,,,0.257357,1971801350.0,,,,,,,,99079999450.0,,,,,13489968050.0,,,,,,,,84913277150.0,,,,9364626650.0,,1784343600.0,,10468403300.0,,,,,2614784715.0,,,,,,,,,,,1338257700.0,,,0.257357,,,,,,,,,4760155950.0,,,,,,,,,65672486600.0,,,,,,,,,,1792604450.0,,,,,13163346750.0,,,,2838555150.0,14166722300.0,,,25604186850.0,,81237834350.0,2270462850.0,,,38764356350.0,,,,,,,,2614784715.0,6244567150.0,,5636441500.0,,,7526905250.0,,,,40068299750.0,,,1338257700.0,31659389900.0,,,1338257700.0,,29383208000.0,2879859400.0,,,,,,,,,,,,,,,,,,,,,,,,,,,,,,,,,,,,
1222732800,,,,,,,,,,,,,,,,,,,,,,,,,,,,,,,,,,,,,0.26626,,,,,,,,,,,,,,,,,,,,,,,,,,,,,,,,,,,2614784715.0,,,,,,,,,,,696503140.0,,,0.26626,,,,,,,,,13576846340.0,,,,,,,,,,,,,,,,,,,,,,,,13576846340.0,,,,13576846340.0,,,,,,,,,,,,,,,,,,2614784715.0,,,,,,,,,,,,,696503140.0,,,,696503140.0,,,,,,,,,,,,,,,,,,,,,,,,,,,,,,,,,,,,,,,
1230681600,,978379080.0,-58945543720.0,,1290856980.0,978379080.0,26597256840.0,,5534091360.0,10484890640.0,4811441320.0,2769200700.0,,15034856200.0,79818349100.0,1.537731,9172483460.0,26915481460.0,2658555815.0,,,,,29906649220.0,,,14485326100.0,14485326100.0,2697366700.0,,,2538613560.0,18562623940.0,,26597256840.0,,,,2611889097.0,1290856980.0,38072020.0,5534091360.0,,,,95521261500.0,,2772792400.0,,,5432087080.0,-762877080.0,,,,,85542800560.0,,79818349100.0,30884309960.0,6878105500.0,,9541710220.0,,-143668000.0,,10484890640.0,-1013577740.0,5432087080.0,,,,10767916600.0,,-8054028080.0,-7232965460.0,776525540.0,,,-6071409680.0,4811441320.0,9172483460.0,710411290.0,,,,,23708093360.0,53614742580.0,887149900.0,2769200700.0,9541710220.0,,,-29083127620.0,37333566480.0,,,722650040.0,,7801890740.0,,-424538940.0,64249047940.0,-35198660.0,,-58945543720.0,,19138732620.0,159471480.0,2697366700.0,722650040.0,,1962504880.0,4078734520.0,,,-143668000.0,13763698360.0,-347676560.0,,4811441320.0,-29083127620.0,15702912400.0,,,26915481460.0,64249047940.0,85542800560.0,887149900.0,4078734520.0,-4960856040.0,2538613560.0,15702912400.0,6177724000.0,33504095940.0,4034197440.0,1.557702,33504095940.0,4078734520.0,,6177724000.0,56030520.0,,,,,,27665428420.0,9388703800.0,37333566480.0,247827300.0,7794707340.0,710411290.0,30884309960.0,,,710411290.0,1962504880.0,27665428420.0,,95521261500.0,2799370980.0,,,,,,,,,,,,,,,,,,,,,,,,,,,,,,,,,,
1246320000,,,,,1382000000.0,812000000.0,25628000000.0,,6329000000.0,,5054000000.0,2669000000.0,,,,,7854000000.0,,,,,,,,,,14783000000.0,,231000000.0,,,,,,,,0.0,,,,,,,,,93466000000.0,,,,,2432000000.0,,,,,,,,77377000000.0,,,,8503000000.0,,,,10594000000.0,,,,,,,,,,,,,,,,,,,0.0,,,,,,,,,,,,,,,,,,62915000000.0,,,,,,,,1275000000.0,,1676000000.0,,,,,,,,,,16089000000.0,,,24588000000.0,,,1982000000.0,,,574000000.0,,,,,,34188000000.0,,,5964000000.0,,,1406000000.0,410000000.0,,,,,38327000000.0,,,,30069000000.0,,,,,28035000000.0,,,,,,,,,,,,,,,,,,,,,,,,,,,,,,,,,,,,,
1262217600,,632000000.0,-57139000000.0,,1090000000.0,632000000.0,24321000000.0,,4041000000.0,10595000000.0,3949000000.0,2486000000.0,,15325000000.0,78352000000.0,1.13,7488000000.0,23744000000.0,2649121002.0,,,,,26774000000.0,42000000.0,,10376000000.0,10376000000.0,8517000000.0,,,4199000000.0,14957000000.0,,24321000000.0,,,,2648020634.0,1090000000.0,236000000.0,4041000000.0,,,,92044000000.0,238000000.0,2293000000.0,,,2725000000.0,-1532000000.0,,,,,81460000000.0,2338000000.0,78352000000.0,28173000000.0,5560000000.0,,7795000000.0,,,-9255000000.0,10595000000.0,-737000000.0,2725000000.0,,,,8590000000.0,,-7437000000.0,-6127000000.0,-926000000.0,,,-8260000000.0,3949000000.0,7488000000.0,,,,,,19170000000.0,45944000000.0,1867000000.0,2486000000.0,7795000000.0,,,,39552000000.0,,,92000000.0,,9198000000.0,,-358000000.0,63296000000.0,-7000000.0,491000000.0,-57139000000.0,,18184000000.0,775000000.0,8517000000.0,92000000.0,,-304000000.0,3265000000.0,,,,,-87000000.0,,3949000000.0,,13692000000.0,,,23744000000.0,63296000000.0,81460000000.0,1867000000.0,2997000000.0,-3752000000.0,4199000000.0,13692000000.0,5494000000.0,31483000000.0,4830000000.0,1.13,31483000000.0,2997000000.0,,5494000000.0,622000000.0,,1700000000.0,491000000.0,,,26021000000.0,10058000000.0,39552000000.0,-27000000.0,7104000000.0,,28173000000.0,,1700000000.0,,-304000000.0,26021000000.0,,92044000000.0,2295000000.0,,,,,,,,,,,,,,,,,,,,,,,,,,,,,,,,,,
1277856000,,,,,1000000000.0,562000000.0,23305000000.0,,8430000000.0,,7495000000.0,2453000000.0,,,,,9281000000.0,,,,,,,,,,9920000000.0,,150000000.0,,,,,,,,0.0,,,,,,,,,92606000000.0,,,,,2561000000.0,,,,,,,,75611000000.0,,,,7378000000.0,,,,10595000000.0,,,,,,,,,,,,,,,,,,,0.0,,,,,,,,,,,,,,,,,,59669000000.0,,,,,,,,935000000.0,,4230000000.0,,,,,,,,,,16995000000.0,,,24528000000.0,,,1871000000.0,,,546000000.0,,,,,,30903000000.0,,,5289000000.0,,,1511000000.0,8897000000.0,,,,,35141000000.0,,,,27960000000.0,,,,,30555000000.0,,,,,,,,,,,,,,,,,,,,,,,,,,,,,,,,,,,,,
1293753600,,708000000.0,-60840000000.0,,1265000000.0,708000000.0,24756000000.0,,5186000000.0,10595000000.0,4428000000.0,2588000000.0,,12588000000.0,79146000000.0,1.82,4891000000.0,23591000000.0,2681318681.0,,,,,14337000000.0,14000000.0,,11302000000.0,11302000000.0,140000000.0,,-1065000000.0,994000000.0,14140000000.0,,24756000000.0,,,,2652173913.0,1265000000.0,-13000000.0,5186000000.0,,,,94276000000.0,228000000.0,2117000000.0,,,2123000000.0,-19000000.0,,,,,85596000000.0,1779000000.0,79146000000.0,29033000000.0,5562000000.0,,8274000000.0,,,-6988000000.0,10595000000.0,-639000000.0,2123000000.0,,,,8198000000.0,,-5951000000.0,-5888000000.0,520000000.0,,,-6117000000.0,4428000000.0,4891000000.0,,,,,,31166000000.0,45503000000.0,2418000000.0,2588000000.0,8274000000.0,,,,39136000000.0,,15000000.0,758000000.0,,6700000000.0,,-195000000.0,62727000000.0,,8272000000.0,-60840000000.0,,6139000000.0,-646000000.0,140000000.0,758000000.0,,2775000000.0,3807000000.0,,,,,964000000.0,,4428000000.0,,15130000000.0,,,23591000000.0,62727000000.0,85596000000.0,2418000000.0,4880000000.0,-4318000000.0,994000000.0,15130000000.0,5596000000.0,33792000000.0,3805000000.0,1.84,33792000000.0,4880000000.0,,5596000000.0,57000000.0,,1816000000.0,8272000000.0,,,29101000000.0,336000000.0,39136000000.0,8357000000.0,6461000000.0,,29033000000.0,,1816000000.0,,2775000000.0,29101000000.0,,94276000000.0,1755000000.0,,,,,,,,,,,,,,,,,,,,,,,,,,,,,,,,,,
1309392000,,,,,1166000000.0,641000000.0,24057000000.0,,5084000000.0,,4995000000.0,2427000000.0,,,,,,,,,,,,,,,10998000000.0,,153000000.0,,,,,,,,0.0,,,,,,,,,90712000000.0,,,,,7857000000.0,,,,,,,,76370000000.0,,,,7718000000.0,,,,10596000000.0,,,,,,,,,,,,,,,,,,,0.0,,,,,,,,,,,,,,,,,,60513000000.0,,,,,,,,89000000.0,,1842000000.0,,,,,,,,,,14342000000.0,,,23574000000.0,,,2029000000.0,,,32168000000.0,,,,,,,,,5104000000.0,,,1640000000.0,7593000000.0,,,,,36939000000.0,,,,28751000000.0,,,,,28169000000.0,,,,,,,,,,,,,,,,,,,,,,,,,,,,,,,,,,,,,
1325289600,,631000000.0,-61834000000.0,,1264000000.0,631000000.0,23634000000.0,,8992000000.0,10596000000.0,8044000000.0,2322000000.0,,12879000000.0,75899000000.0,1.46,7459000000.0,27212000000.0,2711972965.0,,,,,26297000000.0,21000000.0,,11343000000.0,11343000000.0,2200000000.0,,,867000000.0,14716000000.0,,23634000000.0,,,,2643535474.0,1264000000.0,43000000.0,8992000000.0,,,,96083000000.0,596000000.0,2066000000.0,,,2280000000.0,-609000000.0,,,,,85468000000.0,2087000000.0,77548000000.0,27340000000.0,5915000000.0,,8151000000.0,,,-1717000000.0,10596000000.0,-428000000.0,3320000000.0,,,,8284000000.0,,-6308000000.0,-6711000000.0,3711000000.0,,,-2860000000.0,8061000000.0,7459000000.0,,,,,,19638000000.0,45935000000.0,2284000000.0,2322000000.0,8151000000.0,,,,39279000000.0,-41000000.0,,948000000.0,,6168000000.0,,-928000000.0,66491000000.0,-275000000.0,8058000000.0,-61834000000.0,,18013000000.0,369000000.0,551000000.0,948000000.0,,1246000000.0,3828000000.0,,,,,81000000.0,,8044000000.0,,18535000000.0,,,26172000000.0,66491000000.0,85468000000.0,2284000000.0,3895000000.0,-3703000000.0,1907000000.0,20184000000.0,4905000000.0,34192000000.0,4428000000.0,1.46,34192000000.0,3895000000.0,,4905000000.0,857000000.0,,1829000000.0,8058000000.0,,,27573000000.0,8815000000.0,40319000000.0,-3080000000.0,6735000000.0,,27340000000.0,,1829000000.0,,1246000000.0,27573000000.0,,96083000000.0,2087000000.0,,,,,,,,,,,,,,,,,,,,,,,,,,,,,,,,,,
1341014400,,,,,1221000000.0,575000000.0,23493000000.0,,7402000000.0,,7162000000.0,2316000000.0,,,,,,,,,,,,,,,12028000000.0,,174000000.0,,,,,,,,0.0,,,,,,,,,90981000000.0,,,,,8989000000.0,,,,,,,,75461000000.0,,,,7489000000.0,,,,10596000000.0,,,,,,,,,,,,,,,,,,,0.0,,,,,,,,,,,,,,,,,,61948000000.0,,,,,,,,240000000.0,,-5000000.0,,,,,,,,,,15520000000.0,,,23584000000.0,,,1939000000.0,,,33460000000.0,,,,,,,,,4865000000.0,,,1783000000.0,7981000000.0,,,,,38364000000.0,,,,27282000000.0,,,,,27381000000.0,,,,,,,,,,,,,,,,,,,,,,,,,,,,,,,,,,,,,
1356912000,,586000000.0,-63634000000.0,,1102000000.0,586000000.0,23662000000.0,,8462000000.0,10596000000.0,8321000000.0,2198000000.0,,10016000000.0,73853000000.0,0.31,7331000000.0,24917000000.0,2646157346.0,,,,,24415000000.0,-5000000.0,,11818000000.0,11818000000.0,209000000.0,,-94000000.0,1042000000.0,10465000000.0,,23662000000.0,,,,2632833980.0,1102000000.0,0.0,8462000000.0,,,,89980000000.0,331000000.0,1801000000.0,,,1396000000.0,-24000000.0,,,,,23662000000.0,3088000000.0,73853000000.0,25773000000.0,2335000000.0,,7697000000.0,,,-3139000000.0,10596000000.0,-2010000000.0,1396000000.0,,,,6045000000.0,,-4710000000.0,-6763000000.0,234000000.0,,,-5072000000.0,8321000000.0,7331000000.0,,,,,,19100000000.0,43515000000.0,670000000.0,2198000000.0,7697000000.0,,,,38679000000.0,-244000000.0,,141000000.0,,3253000000.0,,-1977000000.0,63596000000.0,-94000000.0,7590000000.0,-63634000000.0,,18370000000.0,123000000.0,209000000.0,141000000.0,,-3080000000.0,1104000000.0,,,,,22000000.0,,8321000000.0,,16127000000.0,,,24917000000.0,63596000000.0,87296000000.0,670000000.0,820000000.0,-3632000000.0,1042000000.0,16127000000.0,4635000000.0,31883000000.0,8061000000.0,0.31,31883000000.0,820000000.0,,4635000000.0,591000000.0,,1948000000.0,7590000000.0,,,24306000000.0,10363000000.0,38679000000.0,1728000000.0,6329000000.0,,25773000000.0,,1948000000.0,,-3080000000.0,24306000000.0,,89980000000.0,1231000000.0,,,,,,,,,,,,,,,,,,,,,,,,,,,,,,,,,,
1372550400,,,,,1065000000.0,574000000.0,23070000000.0,,6127000000.0,,5795000000.0,2097000000.0,,,,,6315000000.0,,,,,,,,,,11564000000.0,,322000000.0,,,,,,,,0.0,,,,,,,,,86085000000.0,,,,,2707000000.0,,,,,,,,72423000000.0,,,,7138000000.0,,,,10596000000.0,,,,,,,,,,,,,,,,,,,0.0,,,,,,,,,,,,,,,,,,59883000000.0,,,,,,,,332000000.0,,-3051000000.0,,,,,,,,,,13662000000.0,,,23097000000.0,,23070000000.0,1571000000.0,,,873000000.0,,,,,,29973000000.0,,,4702000000.0,,,1821000000.0,7046000000.0,,,,,36786000000.0,,,,25439000000.0,,,,,24335000000.0,,,,,,,,,,,,,,,,,,,,,,,,,,,,,,,,,,,,,
1388448000,,637000000.0,-64218000000.0,,954000000.0,637000000.0,23157000000.0,,6129000000.0,10596000000.0,5916000000.0,1974000000.0,,7259000000.0,71751000000.0,0.71,7100000000.0,22156000000.0,2638028169.0,,,,,23016000000.0,8000000.0,,11744000000.0,11744000000.0,118000000.0,,-71000000.0,846000000.0,11336000000.0,,23157000000.0,,,,2638028169.0,954000000.0,-81000000.0,6129000000.0,,,,85833000000.0,118000000.0,1746000000.0,,,1561000000.0,-52000000.0,,,,,23157000000.0,3122000000.0,71751000000.0,24988000000.0,3538000000.0,,7540000000.0,,,-4001000000.0,10596000000.0,-1137000000.0,1561000000.0,,,,6407000000.0,,-6044000000.0,-5997000000.0,-2322000000.0,,,-3537000000.0,5934000000.0,7100000000.0,,,,,,17965000000.0,40981000000.0,769000000.0,1974000000.0,7540000000.0,,,,37343000000.0,51000000.0,,213000000.0,,1262000000.0,,-1256000000.0,59499000000.0,-24000000.0,6620000000.0,-64218000000.0,,16609000000.0,-110000000.0,118000000.0,213000000.0,,-3037000000.0,2133000000.0,,,,,27000000.0,,5916000000.0,,14082000000.0,,,22156000000.0,59499000000.0,87375000000.0,769000000.0,1873000000.0,-1314000000.0,846000000.0,14082000000.0,4360000000.0,30295000000.0,8321000000.0,0.71,30295000000.0,1873000000.0,,4360000000.0,-39000000.0,,2009000000.0,6620000000.0,,,24349000000.0,9019000000.0,37343000000.0,5236000000.0,6052000000.0,,24988000000.0,,2009000000.0,,-3037000000.0,24349000000.0,,85833000000.0,1405000000.0,,,,,,,,,,,,,,,,,,,,,,,,,,,,,,,,,,
1404086400,,,,,944000000.0,662000000.0,22879000000.0,,6395000000.0,,5945000000.0,1910000000.0,,,,,4121000000.0,,,,,,,,,,11834000000.0,,147000000.0,,,,,,,,0.0,,,,,,,,,85549000000.0,,,,,1718000000.0,,,,,,,,71482000000.0,,,,7141000000.0,,,,10596000000.0,,,,,,,,,,,,,,,,,,,0.0,,,,,,,,,,,,,,,,,,56976000000.0,,,,,,,,450000000.0,,-722000000.0,,,,,,,,,,14067000000.0,,,19039000000.0,,22879000000.0,680000000.0,,,795000000.0,,,,,,30661000000.0,,,4395000000.0,,,1829000000.0,6577000000.0,,,,,37937000000.0,,,,24768000000.0,,,,,26664000000.0,,,,,,,,,,,,,,,,,,,,,,,,,,,,,,,,,,,,,
1419984000,,709000000.0,-65285000000.0,,957000000.0,709000000.0,23314000000.0,,7003000000.0,10596000000.0,6758000000.0,1956000000.0,,8802000000.0,68216000000.0,0.31,4891000000.0,20015000000.0,2632656483.0,,,,,22194000000.0,78000000.0,,11811000000.0,11811000000.0,76000000.0,,-48000000.0,677000000.0,10624000000.0,,23314000000.0,,,,2632656483.0,957000000.0,-73000000.0,7003000000.0,,,,88404000000.0,-196000000.0,1653000000.0,,,1463000000.0,-1440000000.0,,,,,88599000000.0,3368000000.0,68216000000.0,24784000000.0,2933000000.0,,5775000000.0,,,-5101000000.0,10596000000.0,-520000000.0,1463000000.0,,,,5113000000.0,,-6352000000.0,-6111000000.0,2296000000.0,,,-154000000.0,6758000000.0,4891000000.0,,,,,,17251000000.0,39445000000.0,677000000.0,1956000000.0,5775000000.0,,,,36688000000.0,140000000.0,125000000.0,245000000.0,,2691000000.0,,385000000.0,56703000000.0,,4835000000.0,-65285000000.0,,17081000000.0,104000000.0,76000000.0,245000000.0,,2173000000.0,1360000000.0,,,,,97000000.0,,6758000000.0,,20188000000.0,,,20015000000.0,56703000000.0,88599000000.0,677000000.0,925000000.0,-1846000000.0,677000000.0,20188000000.0,4612000000.0,29482000000.0,5934000000.0,0.31,29482000000.0,822000000.0,,4612000000.0,1076000000.0,,1984000000.0,4835000000.0,,,29559000000.0,9066000000.0,36688000000.0,1638000000.0,6038000000.0,,24784000000.0,,1984000000.0,,2173000000.0,29559000000.0,,88404000000.0,1573000000.0,,,,,,,,,,,,,,,,,,,,,,,,,,,,,,,,,,
1435622400,,,,,1003000000.0,706000000.0,23429000000.0,,6200000000.0,,4861000000.0,1989000000.0,,,,,4368000000.0,,,,,,,,,,11836000000.0,,84000000.0,,,,,,,,0.0,,,,,,,,,88463000000.0,,,,,1599000000.0,,,,,,,,68746000000.0,,,,5747000000.0,,,,10596000000.0,,,,,,,,,,,,,,,,,,,0.0,,,,,,,,,,,,,,,,,,56363000000.0,,,,,,,,1339000000.0,,2657000000.0,,,,,,,,,,19717000000.0,,,19515000000.0,,23429000000.0,641000000.0,,,776000000.0,,,,,,30109000000.0,,,4627000000.0,,,2014000000.0,4479000000.0,,,,,36848000000.0,,,,24745000000.0,,,,,30043000000.0,,,,,,,,,,,,,,,,,,,,,,,,,,,,,,,,,,,,,
1451520000,,763000000.0,-68065000000.0,,879000000.0,763000000.0,25123000000.0,,5752000000.0,10596000000.0,4469000000.0,2136000000.0,,9527000000.0,71330000000.0,0.92,4536000000.0,21626000000.0,2700700303.0,,,,,22539000000.0,9000000.0,,14327000000.0,14327000000.0,85000000.0,,-3455000000.0,792000000.0,11221000000.0,,25123000000.0,,,,2648620953.0,879000000.0,-48000000.0,5752000000.0,,,,91430000000.0,52000000.0,1597000000.0,,,1826000000.0,-10000000.0,,,,,93188000000.0,2432000000.0,71330000000.0,27071000000.0,3159000000.0,,6227000000.0,,,-4412000000.0,10596000000.0,-32000000.0,1826000000.0,,,,4775000000.0,,-9406000000.0,-7771000000.0,-3803000000.0,,,-3924000000.0,4469000000.0,4536000000.0,,,,,,17697000000.0,40236000000.0,983000000.0,2136000000.0,6227000000.0,,,,36537000000.0,86000000.0,32000000.0,1283000000.0,,1756000000.0,,1330000000.0,58163000000.0,-1000000.0,997000000.0,-68065000000.0,,17764000000.0,303000000.0,85000000.0,1283000000.0,,3521000000.0,2510000000.0,,,,,1053000000.0,,4469000000.0,,20100000000.0,,,21626000000.0,58163000000.0,93188000000.0,983000000.0,2652000000.0,-1589000000.0,792000000.0,20100000000.0,4876000000.0,29528000000.0,6758000000.0,0.93,29528000000.0,2466000000.0,,4876000000.0,389000000.0,,2214000000.0,997000000.0,,,30907000000.0,9032000000.0,36537000000.0,1583000000.0,6465000000.0,,27071000000.0,,2214000000.0,,3521000000.0,30907000000.0,,91430000000.0,649000000.0,,,,,,,,,,,,,,,,,,,,,,,,,,,,,,,,,,
1467244800,,,,,822000000.0,779000000.0,25307000000.0,,7428000000.0,,5817000000.0,2051000000.0,,,,,6187000000.0,,,,,,,,,,14548000000.0,,87000000.0,,,,,,,,0.0,,,,,,,,,89791000000.0,,,,,1572000000.0,,,,,,,,73845000000.0,,,,6016000000.0,,,,10640000000.0,,,,,,,,,,,,,,,,,,,0.0,,,,,,,,,,,,,,,,,,56220000000.0,,,,,,,,1611000000.0,,-1875000000.0,,,,,,,,,,15946000000.0,,,22409000000.0,,25307000000.0,932000000.0,,,635000000.0,,,,,,26838000000.0,,,4869000000.0,,,2070000000.0,3590000000.0,,,,,33811000000.0,,,,26995000000.0,,,,,31422000000.0,,,,,,,,,,,,,,,,,,,,,,,,,,,,,,,,,,,,,
1483142400,,819000000.0,-68274000000.0,,658000000.0,819000000.0,25912000000.0,,8217000000.0,10640000000.0,6355000000.0,5980000000.0,,8750000000.0,75844000000.0,1.04,4759000000.0,25386000000.0,2654045007.0,,,,,22637000000.0,61000000.0,,14602000000.0,14602000000.0,106000000.0,,-1206000000.0,608000000.0,10115000000.0,,25912000000.0,,,,2654045007.0,658000000.0,-62000000.0,8217000000.0,,,,94668000000.0,113000000.0,1407000000.0,,518000000.0,1580000000.0,-502000000.0,,,,,94186000000.0,2778000000.0,75844000000.0,27156000000.0,1980000000.0,,6211000000.0,,,-2694000000.0,10640000000.0,-1463000000.0,1580000000.0,,,,5391000000.0,,-4879000000.0,-8504000000.0,1988000000.0,,,-1883000000.0,6355000000.0,4759000000.0,,,,,,18281000000.0,40918000000.0,1073000000.0,5980000000.0,6211000000.0,,,,36108000000.0,85000000.0,6000000.0,1862000000.0,,246000000.0,,-1144000000.0,61494000000.0,,4012000000.0,-68274000000.0,518000000.0,17246000000.0,-790000000.0,106000000.0,1862000000.0,,-2614000000.0,1010000000.0,,,,,600000000.0,,6355000000.0,,18824000000.0,,,25386000000.0,61494000000.0,94186000000.0,1073000000.0,2935000000.0,-1596000000.0,608000000.0,18824000000.0,4964000000.0,28909000000.0,4469000000.0,1.04,28909000000.0,2752000000.0,,4964000000.0,4588000000.0,,2266000000.0,4012000000.0,,,30688000000.0,8866000000.0,36108000000.0,2083000000.0,6728000000.0,,27156000000.0,,2266000000.0,,-2614000000.0,30688000000.0,,94668000000.0,970000000.0,,,,,,,,,,,,,,,,,,,,,,,,,,,,,,,,,,
1498780800,,,,,631000000.0,772000000.0,26115000000.0,,8741000000.0,,6807000000.0,5809000000.0,,,,,4936000000.0,,,,,,,,,,14481000000.0,,108000000.0,,,,,,,,0.0,,,,,,,,,93790000000.0,,,,,1755000000.0,,,,,,,,74862000000.0,,,,6252000000.0,,,,10640000000.0,,,,,,,,,,,,,,,,,,,0.0,,,,,,,,,,,,,,,,,,61189000000.0,,,,512000000.0,,,,1934000000.0,,-3106000000.0,,,,,,,,,,18928000000.0,,,25667000000.0,,26115000000.0,1043000000.0,,,571000000.0,,,,,,28362000000.0,,,4999000000.0,,,2203000000.0,3432000000.0,,,,,35522000000.0,,,,27123000000.0,,,,,30196000000.0,,,,,,,,,,,,,,,,,,,,,,,,,,,,,,,,,,,,,
1514678400,,827000000.0,-70427000000.0,,611000000.0,827000000.0,26665000000.0,,8675000000.0,10640000000.0,5810000000.0,6741000000.0,,10174000000.0,74035000000.0,0.62,6311000000.0,29036000000.0,2711501117.0,,,,,22621000000.0,5000000.0,,14339000000.0,14339000000.0,110000000.0,,-34000000.0,521000000.0,11322000000.0,,26665000000.0,,,,2659421767.0,611000000.0,-14000000.0,8675000000.0,,,,94714000000.0,-262000000.0,1274000000.0,,,1969000000.0,-1020000000.0,,,,,97092000000.0,2934000000.0,74035000000.0,27095000000.0,3202000000.0,,6522000000.0,,,-2728000000.0,10640000000.0,-664000000.0,1969000000.0,,,,5518000000.0,,-7947000000.0,-7570000000.0,-505000000.0,,,-2738000000.0,5810000000.0,6311000000.0,,,,,,18475000000.0,41096000000.0,1101000000.0,6741000000.0,6522000000.0,,,,32736000000.0,409000000.0,0.0,2865000000.0,,2604000000.0,,-1676000000.0,61772000000.0,-4000000.0,3788000000.0,-70427000000.0,,17103000000.0,192000000.0,110000000.0,2865000000.0,,-2814000000.0,2114000000.0,,,,,2000000.0,,5810000000.0,,20679000000.0,,,29036000000.0,61772000000.0,97092000000.0,1101000000.0,1906000000.0,-1729000000.0,521000000.0,20679000000.0,5175000000.0,26293000000.0,6355000000.0,0.62,26293000000.0,1639000000.0,,5175000000.0,19000000.0,,2448000000.0,3788000000.0,,,30488000000.0,8572000000.0,32736000000.0,1723000000.0,6846000000.0,,27095000000.0,,2448000000.0,,-2814000000.0,30488000000.0,,94714000000.0,1088000000.0,,,,,,,,,,,,,,,,,,,,,,,,,,,,,,,,,,
1530316800,,,,,642000000.0,866000000.0,26818000000.0,,7755000000.0,,5406000000.0,100000000.0,,,,,5239000000.0,,,,,,,,,,14042000000.0,,114000000.0,,,,,,,,0.0,,,,,,,,,94926000000.0,,,,,9150000000.0,,,,,,,,73702000000.0,,,,6238000000.0,,,,10640000000.0,,,,,,,,,,,,,,,,,,,0.0,,,,,,,,,,,,,,,,,,62189000000.0,,,,,,,,2349000000.0,,-2976000000.0,,,,,,,,,,21223000000.0,,,28254000000.0,,26818000000.0,1043000000.0,,,521000000.0,,,,,,27862000000.0,,,5216000000.0,,,,4035000000.0,,,,,33935000000.0,,,,26850000000.0,,,,,30326000000.0,,,,,,,,,,,,,,,,,,,,,,,,,,,,,,,,,,,,,
1546214400,,965000000.0,-72206000000.0,,631000000.0,965000000.0,27693000000.0,,8443000000.0,10640000000.0,5634000000.0,58000000.0,,9506000000.0,74701000000.0,0.734571,7270000000.0,30296000000.0,2660056599.0,,,,,22818000000.0,50000000.0,,14073000000.0,14073000000.0,186000000.0,,-290000000.0,462000000.0,11855000000.0,,27693000000.0,,,,2660056599.0,631000000.0,-152000000.0,8443000000.0,,,,96592000000.0,-97000000.0,1341000000.0,,,8758000000.0,-49000000.0,,,,,99899000000.0,3149000000.0,74701000000.0,27174000000.0,3467000000.0,,6736000000.0,,,-4095000000.0,10640000000.0,-287000000.0,8758000000.0,,,,5112000000.0,,-8552000000.0,-7642000000.0,-177000000.0,,,-1131000000.0,5634000000.0,7270000000.0,,,,,,18563000000.0,41381000000.0,1152000000.0,58000000.0,6736000000.0,,,,33047000000.0,177000000.0,3000000.0,2809000000.0,,1864000000.0,,-249000000.0,63343000000.0,-101000000.0,3946000000.0,-72206000000.0,,17706000000.0,-253000000.0,186000000.0,2809000000.0,,-2633000000.0,2158000000.0,,,,,-873000000.0,,5634000000.0,,21891000000.0,,,30296000000.0,63343000000.0,99899000000.0,1152000000.0,1954000000.0,-1860000000.0,462000000.0,21891000000.0,5295000000.0,26749000000.0,5810000000.0,0.734571,26749000000.0,1954000000.0,,5295000000.0,55000000.0,,,3946000000.0,,,30669000000.0,9074000000.0,33047000000.0,1361000000.0,7047000000.0,,27174000000.0,,,,-2633000000.0,30669000000.0,,96592000000.0,1309000000.0,,,,,,,,,,,,,,,,,,,,,,,,,,,,,,,,,,
1561852800,,,-74012000000.0,,636000000.0,951000000.0,33792000000.0,9468000000.0,11843000000.0,,5960000000.0,114000000.0,-9000000.0,,,,5889000000.0,,,,-89000000.0,7702000000.0,,,,-19000000.0,14518000000.0,,133000000.0,-386000000.0,,,,1186000000.0,,,0.0,,,,,,-1857000000.0,-247000000.0,3679000000.0,103941000000.0,,,5406000000.0,,8403000000.0,,-42000000.0,-8392000000.0,-8903000000.0,550000000.0,,,80933000000.0,,,-4298000000.0,6486000000.0,-500000000.0,-2991000000.0,,10640000000.0,,,23557000000.0,3059000000.0,,,-627000000.0,,,,52000000.0,1234000000.0,,,,,18135000000.0,41692000000.0,0.0,222000000.0,,,,,,,4866000000.0,,,,,,1263000000.0,,5956000000.0,,71163000000.0,,,,,,,,5883000000.0,2416000000.0,-2991000000.0,,9000000.0,9276000000.0,,,,18691000000.0,,,23009000000.0,2204000000.0,1076000000.0,29134000000.0,,107804000000.0,1660000000.0,,,421000000.0,,,,,,30125000000.0,,,5527000000.0,,,,3502000000.0,,-31000000.0,,,42029000000.0,,,,27252000000.0,1911000000.0,,,,30311000000.0,,,,,,,,,,,,,,,,,,,,,,,,,,,,,,,,,,,,,
