,annualGrossProfit,quarterlyPretaxIncome,annualOtherIntangibleAssets,annualTotalNonCurrentAssets,annualOtherIncomeExpense,annualCashCashEquivalentsAndMarketableSecurities,quarterlyOtherIntangibleAssets,annualNetPPE,trailingGrossProfit,annualOperatingCashFlow,quarterlyCashCashEquivalentsAndMarketableSecurities,quarterlyCapitalStock,quarterlyCashAndCashEquivalents,annualEbitda,quarterlyTaxProvision,quarterlyNetPPE,annualChangeInInventory,quarterlyCurrentDebt,annualGrossPPE,quarterlyInterestExpense,quarterlyBasicAverageShares,annualBeginningCashPosition,quarterlyAccumulatedDepreciation,quarterlyOtherNonCurrentAssets,annualPurchaseOfBusiness,trailingOtherIncomeExpense,annualOtherNonCurrentLiabilities,quarterlyGrossPPE,trailingOperatingExpense,annualCapitalExpenditure,trailingSellingGeneralAndAdministration,annualOperatingExpense,annualAccumulatedDepreciation,annualInvestingCashFlow,annualDeferredIncomeTax,annualChangesInAccountReceivables,quarterlyOperatingIncome,quarterlyOtherCurrentLiabilities,trailingNetIncomeContinuousOperations,quarterlyResearchAndDevelopment,trailingInterestExpense,annualNonCurrentDeferredTaxesLiabilities,quarterlyGainsLossesNotAffectingRetainedEarnings,quarterlyAccountsPayable,quarterlyEbitda,annualNetOtherFinancingCharges,annualChangeInCashSupplementalAsReported,annualStockBasedCompensation,annualGoodwill,annualCashFlowFromContinuingFinancingActivities,annualOtherCurrentLiabilities,annualInventory,annualRepaymentOfDebt,annualInterestExpense,trailingResearchAndDevelopment,quarterlyDilutedEPS,annualPurchaseOfInvestment,annualBasicAverageShares,annualTotalRevenue,annualCapitalStock,annualFreeCashFlow,annualCommonStockIssuance,annualOtherShortTermInvestments,quarterlyDilutedAverageShares,quarterlyCurrentAssets,annualGainsLossesNotAffectingRetainedEarnings,quarterlyCurrentLiabilities,annualResearchAndDevelopment,annualTotalNonCurrentLiabilitiesNetMinorityInterest,annualAccountsPayable,annualTotalLiabilitiesNetMinorityInterest,annualBasicEPS,quarterlySellingGeneralAndAdministration,annualChangeInAccountPayable,trailingCostOfRevenue,annualEndCashPosition,annualOtherCurrentAssets,quarterlyOtherShortTermInvestments,annualChangeInWorkingCapital,annualOperatingIncome,quarterlyTotalNonCurrentLiabilitiesNetMinorityInterest,quarterlyRetainedEarnings,trailingTotalRevenue,quarterlyTotalNonCurrentAssets,trailingNetIncome,trailingPretaxIncome,quarterlyTotalRevenue,annualCashAndCashEquivalents,annualNetOtherInvestingChanges,trailingTaxProvision,annualCashDividendsPaid,quarterlyTotalLiabilitiesNetMinorityInterest,annualPretaxIncome,annualNetIncomeContinuousOperations,trailingOperatingIncome,quarterlyNetIncomeCommonStockholders,annualInvestmentsAndAdvances,annualCostOfRevenue,annualCurrentDebt,quarterlyTotalAssets,annualNetIncome,annualOtherNonCurrentAssets,annualSaleOfInvestment,quarterlyBasicEPS,annualSellingGeneralAndAdministration,quarterlyNetIncomeContinuousOperations,quarterlyNetIncome,annualCurrentAssets,annualDilutedAverageShares,quarterlyOtherNonCurrentLiabilities,annualStockholdersEquity,annualOtherNonCashItems,annualRepurchaseOfCapitalStock,annualLongTermDebt,quarterlyOtherCurrentAssets,annualCurrentAccruedExpenses,quarterlyAccountsReceivable,quarterlyGoodwill,annualCurrentLiabilities,quarterlyCurrentAccruedExpenses,annualTotalAssets,quarterlyCostOfRevenue,trailingNetIncomeCommonStockholders,annualTaxProvision,annualDilutedEPS,annualDepreciationAndAmortization,annualNetIncomeCommonStockholders,quarterlyStockholdersEquity,annualRetainedEarnings,quarterlyLongTermDebt,quarterlyInvestmentsAndAdvances,annualAccountsReceivable,quarterlyNonCurrentDeferredTaxesLiabilities,quarterlyOtherIncomeExpense,quarterlyOperatingExpense,quarterlyInventory,quarterlyGrossProfit,trailingBeginningCashPosition,trailingBasicAverageShares,quarterlyChangesInAccountReceivables,trailingChangeInCashSupplementalAsReported,quarterlyFreeCashFlow,quarterlyStockBasedCompensation,trailingCommonStockIssuance,quarterlyBeginningCashPosition,quarterlyDepreciationAndAmortization,trailingPurchaseOfBusiness,quarterlyInvestingCashFlow,quarterlyRepurchaseOfCapitalStock,quarterlyNonCurrentDeferredRevenue,trailingOtherNonCashItems,quarterlyEndCashPosition,quarterlySaleOfInvestment,trailingChangeInWorkingCapital,trailingCashFlowFromContinuingFinancingActivities,quarterlyCashFlowFromContinuingFinancingActivities,quarterlyOperatingCashFlow,annualNonCurrentDeferredRevenue,trailingBasicEPS,trailingDilutedEPS,trailingRepaymentOfDebt,trailingStockBasedCompensation,quarterlyChangeInAccountPayable,trailingPurchaseOfInvestment,quarterlyChangeInInventory,annualCurrentDeferredRevenue,trailingChangesInAccountReceivables,quarterlyCommonStockIssuance,quarterlyNetOtherFinancingCharges,quarterlyCashDividendsPaid,quarterlyDeferredIncomeTax,trailingCapitalExpenditure,trailingNetOtherInvestingChanges,annualIncomeTaxPayable,quarterlyChangeInCashSupplementalAsReported,quarterlyPurchaseOfInvestment,quarterlyRepaymentOfDebt,quarterlyNetOtherInvestingChanges,trailingChangeInInventory,trailingChangeInAccountPayable,quarterlyPurchaseOfBusiness,trailingCashDividendsPaid,trailingEndCashPosition,trailingOperatingCashFlow,trailingNetOtherFinancingCharges,trailingInvestingCashFlow,trailingDepreciationAndAmortization,trailingSaleOfInvestment,quarterlyCapitalExpenditure,trailingDeferredIncomeTax,quarterlyOtherNonCashItems,quarterlyCurrentDeferredRevenue,quarterlyIncomeTaxPayable,trailingRepurchaseOfCapitalStock,quarterlyChangeInWorkingCapital,trailingDilutedAverageShares,trailingFreeCashFlow
0,,,,,,,,,,,,,,,,,,,,,,,,,,,,,,,,,,,,,,,,,,,,,,,,,,,,,,,,,,,,,,,,,,,,,,,,,,,,,,,,,,,,,,,,,,,,,,,,,,,,,,,,,,,,,,,,,,,,,,,,,,,,,,,,,,,,,,,,,,,,,,,,,,,,,,,,,,,,,,,,,,,,,,,,,,,,,,,,,,,,,,,,,,,,,,,,,,,,,
946598400,3858000000.0,,258000000.0,1934000000.0,,2356000000.0,,1143000000.0,,828000000.0,,,,1207000000.0,,,-56000000.0,,1234000000.0,,,791000000.0,,,,,846000000.0,,,-414000000.0,,2887000000.0,-91000000.0,962000000.0,,,,,,,,,,,,-7000000.0,1565000000.0,,3000000.0,-238000000.0,1251000000.0,764000000.0,-31000000.0,,,,,1470588235.0,5350000000.0,1462000000.0,414000000.0,6000000.0,2154000000.0,,,-15000000.0,,,983000000.0,642000000.0,3200000000.0,0.425,,,,2356000000.0,424000000.0,,-44000000.0,971000000.0,,,,,,,,202000000.0,1376000000.0,,-178000000.0,,,625000000.0,,,371000000.0,1492000000.0,324000000.0,,625000000.0,159000000.0,,,1892000000.0,,,4877000000.0,1470588235.0,,3578000000.0,11000000.0,,137000000.0,,,,,2217000000.0,,6811000000.0,,,,0.425,236000000.0,625000000.0,,,,,,,,,,,,,,,,,,,,,,,,,,,,,,,,,,,,,,,,,,,,,,,,,,,,,,,,,,,,,,,,,,,,,,
978220800,4521000000.0,,319000000.0,2442000000.0,-35000000.0,2879000000.0,,1217000000.0,,1199000000.0,,,,1818000000.0,,,31000000.0,,1417000000.0,,,2240000000.0,,,,,1130000000.0,,,-372000000.0,,2944000000.0,-200000000.0,-389000000.0,,,,,,,,4000000.0,,,,-183000000.0,340000000.0,,82000000.0,-471000000.0,1300000000.0,737000000.0,-29000000.0,,,,-93000000.0,1462465050.0,5963000000.0,1463000000.0,827000000.0,3000000.0,2672000000.0,,,-30000000.0,,945000000.0,1255000000.0,667000000.0,3513000000.0,0.675,,,,2580000000.0,553000000.0,,-84000000.0,1577000000.0,,,,,,,,207000000.0,-5000000.0,,-241000000.0,,1560000000.0,999000000.0,,,427000000.0,1442000000.0,291000000.0,,985000000.0,397000000.0,,,2016000000.0,,,5403000000.0,1462465050.0,,4304000000.0,57000000.0,,121000000.0,,,,,2258000000.0,,7845000000.0,,,611000000.0,0.675,241000000.0,985000000.0,,,,,1234000000.0,,,,,,,,,,,,,,,,,,,,,,,,,,,,,,,,,,,,,,,,,,,,,,,,,,,,,,,,,,,,,,,,,
1009756800,5235000000.0,,668000000.0,2296000000.0,-68000000.0,4289000000.0,,1229000000.0,,1818000000.0,,,,2407000000.0,,,-105000000.0,,1630000000.0,,,2580000000.0,,,,,1053000000.0,,,-565000000.0,,3129000000.0,-401000000.0,-113000000.0,75000000.0,,,,,,,,,,,-163000000.0,1225000000.0,,141000000.0,-483000000.0,1994000000.0,805000000.0,-12000000.0,,,,,1463422450.0,6488000000.0,1464000000.0,1253000000.0,7000000.0,4166000000.0,,,-17000000.0,,1031000000.0,1172000000.0,717000000.0,4178000000.0,1.085,,,,3805000000.0,540000000.0,,-270000000.0,2106000000.0,,,,,,,,123000000.0,-40000000.0,,-323000000.0,,2140000000.0,1586000000.0,,,258000000.0,1253000000.0,285000000.0,,1585000000.0,0.0,,,2306000000.0,,,7671000000.0,1463422450.0,,5768000000.0,127000000.0,,119000000.0,,,,,3006000000.0,,9967000000.0,,,842000000.0,1.085,301000000.0,1585000000.0,,,,,1566000000.0,,,,,,,,,,,,,,,,,,,,,,,,,,,,,,,,,,,,,,,,,,,,,,,,,,,,,,,,,,,,,,,,,
1025395200,,601946800.0,,,,,1406220200.0,,,,3039932000.0,1461583200.0,192260600.0,,156023000.0,1313613000.0,,383514600.0,,,1463525994.0,,-475115200.0,155016400.0,,,,1788728200.0,,,,,,,,,615032600.0,1611566600.0,,292920600.0,,,-118778800.0,636171200.0,644224000.0,,,,,,,,,,,0.282049,,,,,,,,1463525994.0,6542900000.0,,2645344800.0,,,,,,618052400.0,,,,,2847671400.0,,,866682600.0,828431800.0,,2874849600.0,,,1837045000.0,,,,,3512027400.0,,,,414719200.0,,,,9417749600.0,,,,0.282049,,414719200.0,414719200.0,,,798233800.0,,,,,701600200.0,,1495807600.0,,,,,352310000.0,,,,,,5895656200.0,,68448800.0,,,,51336600.0,869702400.0,819372400.0,1484735000.0,,,,,,,,,,,,,,,,,,,,,,,,,,,,,,,,,,,,,,,,,,,,,,,,,,,,,,,,,,,,
1033344000,,,,,,,,,,,,,,,,,,,,,1440760570.0,,,,,,,,,,,,,,,,1871395680.0,,,,,,,,1871395680.0,,,,,,,,,,,0.320506,,,,,,,,1440760570.0,,,,,,,,,,,,,,,,,,,,,,,1871395680.0,,,,,,,,,461772960.0,,,,,,,,0.320506,,461772960.0,461772960.0,,,,,,,,,,,,,,,,,,,,,,,,,,,,,,,,,,,,,,,,,,,,,,,,,,,,,,,,,,,,,,,,,,,,,,,,,,,,,,,,,,,,,,,,,,
1041292800,6076136720.0,,1296039200.0,2901793650.0,221089040.0,3090481710.0,1296039200.0,1396101050.0,,1677227200.0,3090481710.0,1466620830.0,143898470.0,2996137680.0,,1396101050.0,-78143540.0,351645930.0,1990754330.0,,,3808068120.0,-594653280.0,209653400.0,,,786200250.0,1990754330.0,,-1404677780.0,,3459281100.0,-594653280.0,-1410395600.0,63848990.0,,-2950749060.0,1600036630.0,,,,10482670.0,-160098960.0,596559220.0,-2950749060.0,4764850.0,-1340828790.0,,,-1592412870.0,1600036630.0,823366080.0,,,,,-32400980.0,1455372744.0,7455084310.0,1466620830.0,272549420.0,3811880.0,2946583240.0,,6565963300.0,-160098960.0,2548241780.0,1218848630.0,861484880.0,596559220.0,3409726660.0,1.210051,,,,2467239330.0,336398410.0,2946583240.0,-595606250.0,2616855620.0,861484880.0,1760135590.0,,2901793650.0,,,1887479630.0,143898470.0,4764850.0,,-476485000.0,3409726660.0,2507264070.0,1760135590.0,,464943450.0,,1378947590.0,351645930.0,9467756950.0,1760135590.0,209653400.0,,,2430073500.0,464943450.0,464943450.0,6565963300.0,1458546323.0,786200250.0,6040876830.0,,-1171200130.0,64801960.0,336398410.0,,1312239690.0,,2548241780.0,,9467756950.0,,,747128480.0,1.210051,379282060.0,1760135590.0,6040876830.0,1760135590.0,64801960.0,,1312239690.0,10482670.0,,,823366080.0,,,,,,,,,,,,,,,,,,,,,,,,,,,,,,,,,,,,,,,,,,,,,,,,,,,,,,,,,,,,,
1049068800,,,,,,,,,,,,,,,,,,,,,1408221107.0,,,,,,,,,,,,,,,,1945821500.0,,,,,,,,1945821500.0,,,,,,,,,,,0.334066,,,,,,,,1408221107.0,,,,,,,,,,,,,,,,,,,,,,,1945821500.0,,,,,,,,,470438500.0,,,,,,,,0.334066,,470438500.0,470438500.0,,,,,,,,,,,,,,,,,,,,,,,,,,,,,,,,,,,,,,,,,,,,,,,,,,,,,,,,,,,,,,,,,,,,,,,,,,,,,,,,,,,,,,,,,,
1056931200,,699633550.0,,,,,1145486980.0,,,,2269246210.0,1461843020.0,107769640.0,,228575930.0,1418387520.0,,247696350.0,,,1413028140.0,,-674429360.0,249434570.0,,,,2092816880.0,,,,,,,,,694418890.0,1506167630.0,,310272270.0,,,-283329860.0,630973860.0,729183290.0,,,,,,,,,,,0.334347,,,,,,,,1413028140.0,6006419210.0,,2384837840.0,,,,,,600555010.0,,,,,2161476570.0,,,836083820.0,942115240.0,,2813309070.0,,,1947675510.0,,,,,3220921660.0,,,,471057620.0,,,,8819728280.0,,,,0.334347,,471057620.0,471057620.0,,,768293240.0,,,,,891706860.0,,1546146690.0,,,,,374586410.0,,,,,,5580555310.0,,59099480.0,,,8691100.0,41717280.0,878670210.0,829130940.0,1573089100.0,,,,,,,,,,,,,,,,,,,,,,,,,,,,,,,,,,,,,,,,,,,,,,,,,,,,,,,,,,,,
1064880000,,,,,,,,,,,,,,,,,,,,,1412177113.0,,,,,,,,,,,,,,,,2417421300.0,,,,,,,,2417421300.0,,,,,,,,,,,0.463497,,,,,,,,1412177113.0,,,,,,,,,,,,,,,,,,,,,,,2417421300.0,,,,,,,,,654539550.0,,,,,,,,0.463497,,654539550.0,654539550.0,,,,,,,,,,,,,,,,,,,,,,,,,,,,,,,,,,,,,,,,,,,,,,,,,,,,,,,,,,,,,,,,,,,,,,,,,,,,,,,,,,,,,,,,,,
1072828800,6608711690.0,,1019534520.0,2706848270.0,291409010.0,3372245410.0,1019534520.0,1446722660.0,,2261397440.0,3372245410.0,1463397290.0,151659730.0,3458794680.0,,1446722660.0,-54788070.0,314435880.0,2226460120.0,,,2460698970.0,-779737460.0,240591090.0,,,751946410.0,2226460120.0,,-370017980.0,,3538991710.0,-779737460.0,-349373200.0,-15086570.0,,-3192585020.0,1617439110.0,,,,8734330.0,-403367240.0,655868780.0,-3192585020.0,3176120.0,299349310.0,,,-1595206270.0,1617439110.0,798000150.0,,,,,,1405490416.0,8033995540.0,1463397290.0,1891379460.0,7146270.0,3220585680.0,,7024783410.0,-403367240.0,2587743770.0,1313325620.0,813880750.0,655868780.0,3401624520.0,1.477288,,,,2760048280.0,895665840.0,3220585680.0,-162776150.0,3069719980.0,813880750.0,2072418300.0,,2706848270.0,,,1771690540.0,151659730.0,3970150.0,,-581229960.0,3401624520.0,3128478200.0,2072418300.0,,487969350.0,,1425283850.0,314435880.0,9731631680.0,2072418300.0,240591090.0,,,2472609420.0,487969350.0,487969350.0,7024783410.0,1410247160.0,751946410.0,6311744470.0,794030.0,-1001271830.0,53200010.0,895665840.0,,1488012220.0,,2587743770.0,,9731631680.0,,,1056059900.0,1.477288,389074700.0,2072418300.0,6311744470.0,2072418300.0,53200010.0,,1488012220.0,8734330.0,,,798000150.0,,,,,,,,,,,,,,,,,,,,,,,,,,,,,,,,,,,,,,,,,,,,,,,,,,,,,,,,,,,,,
1080691200,,,,,,,,,,,,,,,,,,,,,1465696144.0,,,,,,,,,,,,,,,,2227195040.0,,,,,,,,2227195040.0,,,,,,,,,,,0.814014,,,,,,,,1465696144.0,,,,,,,,,,,,,,,,,,,,,,,2227195040.0,,,,,,,,,568162000.0,,,,,,,,0.814014,,568162000.0,568162000.0,,,,,,,,,,,,,,,,,,,,,,,,,,,,,,,,,,,,,,,,,,,,,,,,,,,,,,,,,,,,,,,,,,,,,,,,,,,,,,,,,,,,,,,,,,
1088553600,,844435200.0,,,,,1315843200.0,,,,3214592640.0,1464234240.0,133633920.0,,287763840.0,1507685760.0,,273826560.0,,,1392543016.0,,-903463680.0,256609920.0,,,,2411149440.0,,,,,,,,,865751040.0,1811026560.0,,351711360.0,,,-341053440.0,764090880.0,900184320.0,,,,,,,,,,,0.407132,,,,,,,,1392543016.0,7466282880.0,,2848944000.0,,,,,,677187840.0,,,,,3080958720.0,,,855093120.0,1137118080.0,,3080138880.0,,,2227505280.0,,,,,3704037120.0,,,,568149120.0,,,,10546421760.0,,,,0.407132,,568149120.0,568149120.0,,,795244800.0,,,,,1196146560.0,,1802828160.0,,,,,399262080.0,,,,,,6826807680.0,,49190400.0,,,10657920.0,81164160.0,962492160.0,842795520.0,1828243200.0,,,,,,,,,,,,,,,,,,,,,,,,,,,,,,,,,,,,,,,,,,,,,,,,,,,,,,,,,,,,
1096502400,,,,,,,,,,,,,,,,,,,,,1392543016.0,,,,,,,,,,,,,,,,5334930120.0,,,,,,,,5334930120.0,,,,,,,,,,,-0.578045,,,,,,,,1392543016.0,,,,,,,,,,,,,,,,,,,,,,,5334930120.0,,,,,,,,,-2362680840.0,,,,,,,,-0.578045,,-2362680840.0,-2362680840.0,,,,,,,,,,,,,,,,,,,,,,,,,,,,,,,,,,,,,,,,,,,,,,,,,,,,,,,,,,,,,,,,,,,,,,,,,,,,,,,,,,,,,,,,,,
1104451200,11281340240.0,,53035503600.0,62258716640.0,-303186480.0,2488194640.0,53035503600.0,5881522640.0,,4026257440.0,2488194640.0,2820888320.0,1530686000.0,2211564640.0,,5881522640.0,161551920.0,7382701440.0,6955584720.0,,,2762611600.0,-1074062080.0,3341690400.0,,,5762756160.0,6955584720.0,,,,11586002080.0,-1074062080.0,-14131735760.0,,,-10010310260.0,4848770640.0,,,,11386828480.0,-3013422800.0,2762611600.0,-10010310260.0,0.0,-913247840.0,,,9215098560.0,4848770640.0,3055470560.0,,,,,,1846573078.0,15031705360.0,2820888320.0,4026257440.0,8852160.0,957508640.0,,14439348320.0,-3013422800.0,14994083680.0,7449830320.0,25781178320.0,2762611600.0,40775262000.0,-1.960261,,,,1849363760.0,1078488160.0,957508640.0,111389680.0,-304661840.0,25781178320.0,-3607255200.0,,62258716640.0,,,5326056940.0,1530686000.0,-11802880.0,,-734729280.0,40775262000.0,-1841986960.0,-3607255200.0,,-2359972020.0,,3750365120.0,7382701440.0,76698064960.0,-3607255200.0,3341690400.0,,,4496897280.0,-2359972020.0,-2359972020.0,14439348320.0,1846573078.0,5762756160.0,35548061520.0,737680.0,,8631593680.0,1078488160.0,,4497634960.0,,14994083680.0,,76698064960.0,,,818087120.0,-1.960261,2516226480.0,-3607255200.0,35548061520.0,-3607255200.0,8631593680.0,,4497634960.0,11386828480.0,,,3055470560.0,,,,,,,,,,,,,,,,,,,,,,,,,,,,,,,,,,,,,,,,,,,,,,,,,,,,,,,,,,,,,
1112227200,,2040432350.0,,,,,,,,,,,,,649544060.0,,,,,162000300.0,2669100378.0,,,,,,,,,,,,,,,,4011436000.0,,,922630280.0,,,,,4038436050.0,,,,,,,,,,,0.529818,,,,,,,,2669100378.0,,,,,,,,,,,,,,,,,,,,,,,6657440900.0,,,,,,,,,1414802620.0,,,,,,,,0.529818,,1414802620.0,1414802620.0,,,,,,,,,,,,,,,1696374570.0,,,,,,,,,,,,-13114310.0,949630330.0,,4961066330.0,,,,,,,,,,,,,,,,,,,,,,,,,,,,,,,,,,,,,,,,,,,,,,,,,,,,,,,,,,,,
1120089600,,632662380.0,,,,,63025066440.0,,,,2721439350.0,2786687820.0,2259744480.0,,115630200.0,5964866460.0,,7900846380.0,,152797050.0,2670283104.0,,-1764186480.0,4317136110.0,,,,7729052940.0,,,,,,,,,1420599600.0,5484175200.0,,948993570.0,,,1751797530.0,2869280820.0,2403456300.0,,,,,,,,,,,0.202105,,,,,,,,2687799678.0,13098423870.0,,16254302400.0,,,,,,1970668980.0,,,,,461694870.0,,,28354176900.0,,,76033463940.0,,,6812270640.0,,,,,44608479300.0,,,,542636010.0,,,,89131887810.0,,,,0.202105,,542636010.0,542636010.0,,,7662978540.0,,,,,1917809460.0,,4849860960.0,,,,,1841823900.0,,,,,,44102184210.0,,7112909160.0,,,13578289200.0,-229608540.0,3549847140.0,3307023720.0,4970446740.0,,,,,,,,,,,,,,,,,,,,,,,,,,,,,,,,,,,,,,,,,,,,,,,,,,,,,,,,,,,,
1128038400,,846151420.0,,,,,,,,,,,,,140471110.0,,,,,123016120.0,2674112564.0,,,,,,,,,,,,,,,,3575779380.0,,,990778480.0,,,,,4549102870.0,,,,,,,,,,,0.269721,,,,,,,,2674112564.0,,,,,,,,,,,,,,,,,,,,,,,7509801650.0,,,,,,,,,713992210.0,,,,,,,,0.269721,,713992210.0,713992210.0,,,,,,,,,,,,,,,1969920300.0,,,,,,,,,,,,-11636660.0,1964101970.0,,5539881350.0,,,,,,,,,,,,,,,,,,,,,,,,,,,,,,,,,,,,,,,,,,,,,,,,,,,,,,,,,,,,
1135987200,20931289210.0,528116700.0,60417134980.0,73481143610.0,-1299393090.0,1558596260.0,60417134980.0,6179504890.0,,6393115320.0,1558596260.0,2800576270.0,1247890180.0,11666675580.0,104662030.0,6179504890.0,-585951140.0,6420133240.0,8434656900.0,104683640.0,,1838907180.0,-2255152010.0,3791796210.0,,,7447658510.0,8434656900.0,,-1142351430.0,,15211088960.0,-2255152010.0,-1100135930.0,-2098110350.0,,-3939058740.0,5797876770.0,,1149988840.0,,12198590880.0,2672241150.0,3190647490.0,-2845695780.0,0.0,-590172690.0,,,-5980247730.0,5797876770.0,3427054290.0,,531915300.0,,,,2673000000.0,28491240950.0,2800576270.0,5250763890.0,418777760.0,310706080.0,,13111289990.0,2672241150.0,15408657500.0,4040867660.0,24392960210.0,3190647490.0,39801617710.0,0.841542,,,,1247890180.0,1757853420.0,310706080.0,-238939730.0,5720200250.0,24392960210.0,,,73481143610.0,,,7344104970.0,1247890180.0,5065860.0,,-1612632100.0,39801617710.0,2641001680.0,2255996320.0,,455638780.0,,7559951740.0,6420133240.0,86592433600.0,2255996320.0,3791796210.0,,,8243842840.0,455638780.0,455638780.0,13111289990.0,2693000000.0,7447658510.0,46601690450.0,,,4746710820.0,1757853420.0,,5016890020.0,,15408657500.0,,86592433600.0,1903703790.0,,477035150.0,0.836562,5946475330.0,2255996320.0,46601690450.0,,4746710820.0,,5016890020.0,12198590880.0,-858031200.0,9379459920.0,3427054290.0,5440401180.0,,,,,,,,,,,,,,,,,,,,,,,,,,,,,,,,,,,,,,,,,,,,,,,,,,,,,,,,,,,,
1143763200,,1899173020.0,,,,,,,,,,,,,450455460.0,,,,,108901320.0,2688800000.0,,,,,,,,,,,,,,,,3403166250.0,,,1045287670.0,,,,,4403078370.0,,,,,,,,,,,0.559687,,,,,,,,2688800000.0,,,,,,,,,,,,,,,,,,,,,,,7320313730.0,,,,,,,,,1511418320.0,,,,,,,,0.559687,,1511418320.0,1511418320.0,,,,,,,,,,,,,,,1871947690.0,,,,,,,,,,,,735083910.0,2045199790.0,,5448366040.0,,,,,,,,,,,,,,,,,,,,,,,,,,,,,,,,,,,,,,,,,,,,,,,,,,,,,,,,,,,,
1151625600,,998597600.0,,,,,26840049600.0,,,,1508852800.0,,1160595800.0,,201128200.0,6102714800.0,,6232626400.0,,171389400.0,2690400000.0,,-2258583600.0,4041346400.0,,,,8361298400.0,,,,,,,,,1094857400.0,5306810600.0,,1098770400.0,,,45037064800.0,2708578600.0,2093455000.0,,,,,,,,,,,0.315232,,,,,,,,2718400000.0,12300906800.0,,14248015600.0,,,,,,2044151200.0,,,,,348257000.0,,,22178884000.0,,,69285143200.0,,,7444091200.0,,,,,36426899600.0,,,,869468600.0,,,,81586050000.0,,,,0.325248,,869468600.0,869468600.0,,,7834608600.0,,,,,1925196000.0,,5259072000.0,29086894200.0,,,,1896239800.0,,,,,,45037064800.0,,3720480400.0,,,10623795000.0,-179215400.0,4452994000.0,3607786000.0,5547851400.0,,,,,,,,,,,,,,,,,,,,,,,,,,,,,,,,,,,,,,,,,,,,,,,,,,,,,,,,,,,,
1159574400,,,,,,,,,,,,,,,,,,,,,2708391676.0,,,,,,,,,,,,,,,,7355606600.0,,,,,,,,7355606600.0,,,,,,,,,,,0.299661,,,,,,,,2708391676.0,,,,,,,,,,,,,,,,,,,,,,,7355606600.0,,,,,,,,,811598800.0,,,,,,,,0.299661,,811598800.0,811598800.0,,,,,,,,,,,,,,,,,,,,,,,,,,,,,,,,,,,,,,,,,,,,,,,,,,,,,,,,,,,,,,,,,,,,,,,,,,,,,,,,,,,,,,,,,,
1167523200,21902544830.0,,23737670010.0,65603073270.0,106076600.0,1261553850.0,23737670010.0,6219119520.0,,6604026040.0,1261553850.0,2719349410.0,1153204180.0,12116978480.0,,6219119520.0,-372025790.0,2445065630.0,9339286940.0,,,1248673120.0,-3120167420.0,3682373400.0,,,7920133570.0,9339286940.0,,-1454007110.0,,15898609270.0,-3120167420.0,-790270670.0,-2463250190.0,,-16099130400.0,4824969920.0,,,,9246091070.0,-692528660.0,3008029300.0,-16099130400.0,-7576900.0,-96226630.0,,28471717130.0,-5853912940.0,4824969920.0,3658885010.0,,455371690.0,,,-512956130.0,2693600000.0,29489294800.0,2719349410.0,5150018930.0,356871990.0,108349670.0,,12160166810.0,-692528660.0,10278064850.0,4430213430.0,21665387860.0,3008029300.0,31943452710.0,1.483707,,,,1153204180.0,0.0,108349670.0,-1006212320.0,6003935560.0,21665387860.0,,,65603073270.0,,,7386228840.0,1153204180.0,3030760.0,,-2041974550.0,31943452710.0,4747685540.0,4005907030.0,,815456990.0,,7586749970.0,2445065630.0,77763240080.0,4005907030.0,3682373400.0,,,8020148650.0,815456990.0,815456990.0,12160166810.0,2717600000.0,7920133570.0,45600057270.0,433398680.0,,4499163220.0,0.0,,5031819290.0,28471717130.0,10278064850.0,,77763240080.0,,,800120640.0,1.473716,6113042920.0,4005907030.0,45600057270.0,,4499163220.0,,5031819290.0,9246091070.0,,,3658885010.0,,,,,,,,,,,,,,,,,,,,,,,,,,,,,,,,,,,,,,,,,,,,,,,,,,,,,,,,,,,,,
1175299200,,,,,,,,,,,,,,,,,,,,,2703000000.0,,,,,,,,,,,,,,,,7055926560.0,,,,,,,,7055926560.0,,,,,,,,,,,0.489933,,,,,,,,2719600000.0,,,,,,,,,,,,,,,,,,,,,,,7055926560.0,,,,,,,,,1332436800.0,,,,,,,,0.492927,,1332436800.0,1332436800.0,,,,,,,,,,,,,,,,,,,,,,,,,,,,,,,,,,,,,,,,,,,,,,,,,,,,,,,,,,,,,,,,,,,,,,,,,,,,,,,,,,,,,,,,,,
1183161600,,1583184110.0,,,,,21615671430.0,,,,1176860610.0,2723844990.0,1083036820.0,,320626180.0,6368197400.0,,2478573350.0,,84958550.0,2703000000.0,,-3042254860.0,3576385570.0,,,,9410452260.0,,,,,,,,,1665187580.0,4567814910.0,,1091163290.0,,,-711435510.0,2729016380.0,2581262380.0,,,,,,,,,,,0.490026,,,,,,,,2719600000.0,12417984930.0,,9775404640.0,,,,,,1901593980.0,,,,,93823790.0,,,19185118130.0,,,62648434770.0,,,7330814710.0,,,,,28960522770.0,,,,1332741080.0,,,,75066419700.0,,,,0.493055,,1332741080.0,1332741080.0,,,6559538830.0,,,,,2031617500.0,,5278511650.0,28148614540.0,,,,1852096390.0,,,,,,46017244530.0,,4182915740.0,,,8442663560.0,223847310.0,3813530740.0,3930995170.0,5478718320.0,,,,,,,,,,,,,,,,,,,,,,,,,,,,,,,,,,,,,,,,,,,,,,,,,,,,,,,,,,,,
1191110400,,,,,,,,,,,,,,,,,,,,,2678027822.0,,,,,,,,,,,,,,,,6969858420.0,,,,,,,,6969858420.0,,,,,,,,,,,0.485143,,,,,,,,2678027822.0,,,,,,,,,,,,,,,,,,,,,,,6969858420.0,,,,,,,,,1299227580.0,,,,,,,,0.485143,,1299227580.0,1299227580.0,,,,,,,,,,,,,,,,,,,,,,,,,,,,,,,,,,,,,,,,,,,,,,,,,,,,,,,,,,,,,,,,,,,,,,,,,,,,,,,,,,,,,,,,,,
1199059200,21670062650.0,,19211904570.0,59454640950.0,925238630.0,1713989130.0,19211904570.0,6548000890.0,,7117272990.0,1713989130.0,2736621300.0,1713989130.0,10729064410.0,,6548000890.0,-89163100.0,2210559010.0,10394359850.0,,,1155005080.0,-3846358960.0,3536345720.0,,,6867616310.0,10394359850.0,,-1612480370.0,,15612458810.0,-3846358960.0,-1718790220.0,-1478049850.0,,-15032069310.0,4720843210.0,,,,6945805490.0,-3195468330.0,2753082180.0,-15032069310.0,-9602180.0,558984050.0,,27242070530.0,-4827838930.0,4720843210.0,3734562150.0,,329217600.0,,,-436213320.0,2693800000.0,29253041370.0,2736621300.0,5504792620.0,294924100.0,,,12572682970.0,-3195468330.0,9684484400.0,4543888750.0,17553470910.0,2753082180.0,27237955310.0,1.960431,,,,1713989130.0,82990270.0,,-812755950.0,6057603840.0,17553470910.0,37924495780.0,,59454640950.0,,,8163368220.0,1713989130.0,685870.0,,-2367623240.0,27237955310.0,5781198230.0,5271596820.0,,1306640160.0,,7582978720.0,2210559010.0,72027323920.0,5271596820.0,3536345720.0,,,7873101730.0,1306640160.0,1306640160.0,12572682970.0,2707800000.0,6867616310.0,44612414150.0,-620026480.0,-1808639190.0,3740049110.0,82990270.0,,4911515070.0,27242070530.0,9684484400.0,,72027323920.0,,,687927610.0,1.950403,4671460570.0,5271596820.0,44612414150.0,37924495780.0,3740049110.0,,4911515070.0,6945805490.0,,,3734562150.0,,,,,,,,,,,,,,,,,,,,,,,,,,,,,,,,,,,,,,,,,,,,,,,,,,,,,,,,,,,,,
1206921600,,2477000000.0,,,,,,,,,,,,,733000000.0,,,,,78000000.0,2641600000.0,,,,,,,,,,,,,,,,2418000000.0,,,1089000000.0,,,,,2597000000.0,,,,,,,,,,,0.705,,,,,,,,2641600000.0,,,,,,,,,1783000000.0,,,,,,,,,,,,,,7221000000.0,,,,,,,,,1863000000.0,,,,,,,,0.705,,1978000000.0,1863000000.0,,,,,,,,,,,,,,,1889000000.0,,,,,,,,,,,,76000000.0,2914000000.0,,5332000000.0,,,,,,,,,,,,,,,,,,,,,,,,,,,,,,,,,,,,,,,,,,,,,,,,,,,,,,,,,,,,
1214784000,,1458357750.0,,,,,16847050400.0,,,,946820500.0,2632033900.0,946820500.0,,385718150.0,6553395850.0,,2260931100.0,,80066700.0,2627400000.0,,-3563603600.0,3261764850.0,,,,10116999450.0,,,,,,,,,1587989550.0,4152665750.0,,1090432200.0,,,-4815440100.0,2553873550.0,2442669800.0,,,,,,,,,,,0.445387,,,,,,,,2631600000.0,11922312900.0,,8967470400.0,,,,,,1787520850.0,,,,,,,,17092334100.0,,,55643814700.0,,,7104331000.0,,,,,26059804500.0,,,,1169863450.0,,,,67566127600.0,,,,0.445387,,1169863450.0,1169863450.0,,,6688746700.0,,,,,2042971750.0,,5172563000.0,26462679800.0,,,,1808490700.0,,,,,,41387493950.0,,4283568450.0,,,6120018950.0,127725450.0,3707850750.0,3759957650.0,5295840300.0,,,,,,,,,,,,,,,,,,,,,,,,,,,,,,,,,,,,,,,,,,,,,,,,,,,,,,,,,,,,
1222732800,,2529000000.0,,,,,,,,,,,,,749000000.0,,,,,89000000.0,2609600000.0,,,,,,,,,,,,,,,,2640000000.0,,,1089000000.0,,,,,2659000000.0,,,,,,,,,,,0.725,,,,,,,,2631600000.0,,,,,,,,,1651000000.0,,,,,,,,,,,,,,7165000000.0,,,,,,,,,1888000000.0,,,,,,,,0.725,,1999000000.0,1888000000.0,,,,,,,,,,,,,,,1793000000.0,,,,,,,,,,,,168000000.0,2732000000.0,,5372000000.0,,,,,,,,,,,,,,,,,,,,,,,,,,,,,,,,,,,,,,,,,,,,,,,,,,,,,,,,,,,,
1230681600,21482000000.0,-2965000000.0,15260000000.0,56584000000.0,890000000.0,4629000000.0,15260000000.0,6961000000.0,,8523000000.0,4629000000.0,2631000000.0,4226000000.0,10007000000.0,-1428000000.0,6961000000.0,-84000000.0,1833000000.0,11551000000.0,86000000.0,,1711000000.0,-4590000000.0,0.0,-661000000.0,,0.0,11551000000.0,,-1606000000.0,,11720000000.0,-4590000000.0,-2154000000.0,-1473000000.0,-309000000.0,-1594000000.0,4721000000.0,,1306000000.0,,5668000000.0,-4419000000.0,2791000000.0,480000000.0,0.0,2515000000.0,,28163000000.0,-3809000000.0,4721000000.0,3590000000.0,-1253000000.0,335000000.0,,,-6000000.0,2618600000.0,28817000000.0,2631000000.0,6917000000.0,57000000.0,403000000.0,,15403000000.0,-4419000000.0,9345000000.0,4575000000.0,17571000000.0,2791000000.0,26916000000.0,2.745,1945000000.0,,,4226000000.0,1708000000.0,403000000.0,-1000000.0,9762000000.0,17571000000.0,,,56584000000.0,,,7456000000.0,4226000000.0,-4000000.0,,-2708000000.0,26916000000.0,9492000000.0,7627000000.0,,-1505000000.0,2459000000.0,7335000000.0,1833000000.0,71987000000.0,7186000000.0,0.0,,,7168000000.0,-954000000.0,-1064000000.0,15403000000.0,2631600000.0,0.0,44866000000.0,219000000.0,-1227000000.0,4173000000.0,1708000000.0,,5303000000.0,28163000000.0,9345000000.0,,71987000000.0,1929000000.0,,2755000000.0,2.745,5985000000.0,7186000000.0,44866000000.0,,4173000000.0,2459000000.0,5303000000.0,5668000000.0,-1107000000.0,7121000000.0,3590000000.0,5527000000.0,,,,,,,,,,,,,,,,,,,,,,,,,,,,,,,,,,,,,,,,,,,,,,,,,,,,,,,,,,,,
1238457600,,1982000000.0,,,,,,,,,,,,,534000000.0,,,,,65000000.0,2611000000.0,,,,,,,,,,,,,,,,2054000000.0,,,1152000000.0,,,,,2941000000.0,,,,,,,,,,,0.605,,,,,,,,2611000000.0,,,,,,,,,1732000000.0,,,,,,,,,,,,,,7451000000.0,,,,,,,,,1578000000.0,,,,,,,,0.605,,1699000000.0,1578000000.0,,,,,,,,,,,,,,,1767000000.0,,,,,,,,,,,,-28000000.0,3630000000.0,,5684000000.0,,,,,,,,,,,,,,,,,,,,,,,,,,,,,,,,,,,,,,,,,,,,,,,,,,,,,,,,,,,,
1246320000,,1186000000.0,,,,,15130000000.0,,,,6403000000.0,2631000000.0,6214000000.0,,261000000.0,7559000000.0,,2936000000.0,,86000000.0,,,,0.0,,,,,,,,,,,,,2163000000.0,5118000000.0,,1108000000.0,,,-3856000000.0,2733000000.0,2183000000.0,,,,,,,,,,,,,,,,,,,,18525000000.0,,10787000000.0,,,,,,1895000000.0,,,,,189000000.0,,,21187000000.0,,,58233000000.0,,,7797000000.0,,,,,31974000000.0,,,,1059000000.0,,,,76758000000.0,,,,,,1170000000.0,1059000000.0,,,0.0,,,,,1982000000.0,,5869000000.0,29471000000.0,,,,1852000000.0,,,,,,44621000000.0,,6983000000.0,3026000000.0,,5546000000.0,-907000000.0,3782000000.0,4271000000.0,5945000000.0,,,,,,,,,,,,,,,,,,,,,,,,,,,,,,,,,,,,,,,,,,,,,,,,,,,,,,,,,,,,
1254268800,,1686000000.0,,,,,,,,,,,,,432000000.0,,,,,74000000.0,2611400000.0,,,,,,,,,,,,,,,,2141000000.0,,,1109000000.0,,,,,2633000000.0,,,,,,,,,,,0.545,,,,,,,,2613000000.0,,,,,,,,,1707000000.0,,,,,,,,,,,,,,7772000000.0,,,,,,,,,1419000000.0,,,,,,,,0.545,,50000000.0,1419000000.0,,,,,,,,,,,,,,,2028000000.0,,,,,,,,,,,,1755000000.0,3603000000.0,,5744000000.0,,,,,,,,,,,,,,,,,,,,,,,,,,,,,,,,,,,,,,,,,,,,,,,,,,,,,,,,,,,,
1262217600,22869000000.0,1212000000.0,43480000000.0,62517000000.0,-1452000000.0,4692000000.0,13747000000.0,7830000000.0,,8515000000.0,4969000000.0,2637000000.0,4692000000.0,9918000000.0,137000000.0,7830000000.0,-489000000.0,2866000000.0,13104000000.0,99000000.0,,4226000000.0,-5274000000.0,6342000000.0,-5563000000.0,,1433000000.0,13104000000.0,,-1785000000.0,,15051000000.0,-5274000000.0,-7287000000.0,-1169000000.0,-429000000.0,1460000000.0,5445000000.0,,1214000000.0,,4933000000.0,-3936000000.0,2654000000.0,2161000000.0,0.0,466000000.0,,29733000000.0,-787000000.0,5445000000.0,4444000000.0,-2774000000.0,324000000.0,,,-5000000.0,2612903226.0,30749000000.0,2637000000.0,6730000000.0,168000000.0,277000000.0,,17532000000.0,-3936000000.0,10965000000.0,4583000000.0,20638000000.0,8099000000.0,31603000000.0,2.015,1991000000.0,-336000000.0,,4692000000.0,12840000000.0,277000000.0,-847000000.0,7818000000.0,20638000000.0,,,62517000000.0,,,7729000000.0,4692000000.0,-19000000.0,,-2878000000.0,31603000000.0,6066000000.0,5691000000.0,,1209000000.0,4865000000.0,7880000000.0,2866000000.0,80049000000.0,5265000000.0,6342000000.0,,,7325000000.0,5364000000.0,1209000000.0,17532000000.0,2613000000.0,1433000000.0,48188000000.0,101000000.0,0.0,5961000000.0,2104000000.0,,6015000000.0,29733000000.0,10965000000.0,,80049000000.0,2233000000.0,,1364000000.0,2.015,5011000000.0,5265000000.0,48188000000.0,,5961000000.0,1953000000.0,6015000000.0,4933000000.0,-6489000000.0,4036000000.0,4444000000.0,5496000000.0,,,,,,,,,,,,,,,,,,,,,,,,,,,,,,,,,,,,,,,,,,,,,,,,,,,,,,,,,,,,
1269993600,,1943000000.0,,,,,,,,,,,,,490000000.0,,,,,103000000.0,2614600000.0,,,,,,,,,,,,,,,,2155000000.0,,,1110000000.0,,,,,2894000000.0,,,,,,,,,,,0.655,,,,,,,,2614600000.0,,,,,,,,,1701000000.0,,,,,,,,,,,,,,7775000000.0,,,,,,,,,1714000000.0,,,,,,,,0.655,,1689000000.0,1714000000.0,,,,,,,,,,,,,,,2031000000.0,,,,,,,,,,,,-167000000.0,3589000000.0,,5744000000.0,,,,,,,,,,,,,,,,,,,,,,,,,,,,,,,,,,,,,,,,,,,,,,,,,,,,,,,,,,,,
1277856000,,1925000000.0,,,,,14503000000.0,,,,3402000000.0,2622000000.0,3221000000.0,,484000000.0,8234000000.0,,2507000000.0,,111000000.0,,,,8757000000.0,,,,,,,,,,,,,2151000000.0,5044000000.0,,1080000000.0,,,,2874000000.0,2990000000.0,,,,,,,,,,,,,,,,,,,,17489000000.0,,10425000000.0,,,,,,1958000000.0,,,,,181000000.0,,,23247000000.0,,,68756000000.0,,,8191000000.0,,,,,33672000000.0,,,,1707000000.0,,,,86245000000.0,,,,,,1681000000.0,1707000000.0,,,1644000000.0,,,,,1983000000.0,,6986000000.0,33050000000.0,,,,2074000000.0,,,,,,52417000000.0,,7060000000.0,950000000.0,,5249000000.0,-131000000.0,3966000000.0,5118000000.0,6117000000.0,,,,,,,,,,,,,,,,,,,,,,,,,,,,,,,,,,,,,,,,,,,,,,,,,,,,,,,,,,,,
1285804800,,1587000000.0,,,,,,,,,,,,,364000000.0,,,,,115000000.0,2616260163.0,,,,,,,,,,,,,,,,2187000000.0,,,1085000000.0,,,,,2581000000.0,,,,,,,,,,,0.615,,,,,,,,2616260163.0,,,,,,,,,1851000000.0,,,,,,,,,,,,,,8259000000.0,,,,,,,,,1609000000.0,,,,,,,,0.615,,1508000000.0,1609000000.0,,,,,,,,,,,,,,,2296000000.0,,,,,,,,,,,,-473000000.0,3776000000.0,,5963000000.0,,,,,,,,,,,,,,,,,,,,,,,,,,,,,,,,,,,,,,,,,,,,,,,,,,,,,,,,,,,,
1293753600,23318000000.0,144000000.0,44411000000.0,65221000000.0,-1805000000.0,6465000000.0,12479000000.0,8155000000.0,,9759000000.0,6516000000.0,2622000000.0,6465000000.0,9595000000.0,-96000000.0,8155000000.0,-378000000.0,1565000000.0,14376000000.0,138000000.0,,4692000000.0,-6221000000.0,8680000000.0,-1659000000.0,,2060000000.0,14376000000.0,,-1573000000.0,,15552000000.0,-6221000000.0,-3383000000.0,-1512000000.0,-82000000.0,840000000.0,5722000000.0,,1126000000.0,,3808000000.0,-1152000000.0,2800000000.0,1563000000.0,-97000000.0,1773000000.0,,31932000000.0,-4647000000.0,98000000.0,13578000000.0,-1981000000.0,467000000.0,,,-74000000.0,2610600000.0,32035000000.0,2622000000.0,8186000000.0,75000000.0,51000000.0,,20043000000.0,-1152000000.0,10087000000.0,4401000000.0,21889000000.0,8424000000.0,31976000000.0,2.095,2057000000.0,28000000.0,,6465000000.0,2000000000.0,51000000.0,-277000000.0,7766000000.0,21889000000.0,,,65221000000.0,,,7810000000.0,6465000000.0,-208000000.0,,-3138000000.0,31976000000.0,5599000000.0,5335000000.0,,437000000.0,5619000000.0,8717000000.0,1565000000.0,85264000000.0,5467000000.0,7036000000.0,,,7567000000.0,457000000.0,437000000.0,20043000000.0,2610600000.0,2060000000.0,53097000000.0,566000000.0,-321000000.0,6695000000.0,2000000000.0,,6507000000.0,31932000000.0,10087000000.0,,85264000000.0,2316000000.0,,1242000000.0,2.095,5129000000.0,5467000000.0,53097000000.0,,6695000000.0,924000000.0,6507000000.0,3808000000.0,-601000000.0,4654000000.0,5020000000.0,5494000000.0,,,,,,,,,,,,,,,,,,,,,,,,,,,,,,,,,,,,,,,,,,,,,,,,,,,,,,,,,,,,
1301529600,,1280000000.0,,,,,,,,,,,,,269000000.0,,,,,101000000.0,2610400000.0,,,,,,,,,,,,,,,,1480000000.0,,,1100000000.0,,,,,2149000000.0,,,,,,,,,,,0.465,,,,,,,,2610400000.0,,,,,,,,,1933000000.0,,,,,,,,,,,,,,8192000000.0,,,,,,,,,1218000000.0,,,,,,,,0.465,,1296000000.0,1218000000.0,,,,,,,,,,,,,,,2364000000.0,,,,,,,,,,,,-122000000.0,4348000000.0,,5828000000.0,,,,,,,,,,,,,,,,,,,,,,,,,,,,,,,,,,,,,,,,,,,,,,,,,,,,,,,,,,,,
1309392000,,996000000.0,,,,,24192000000.0,,,,6653000000.0,2701000000.0,6538000000.0,,203000000.0,10669000000.0,,6753000000.0,,133000000.0,,,,2168000000.0,,,,,,,,,,,,,1510000000.0,6174000000.0,,1197000000.0,,,,3111000000.0,2062000000.0,,,,,,,,,,,,,,,,,,,,22592000000.0,,16038000000.0,,,,,,2268000000.0,,,,,115000000.0,,,30957000000.0,,,77002000000.0,,,8771000000.0,,,,,46995000000.0,,,,1006000000.0,,,,99594000000.0,,,,,,1064000000.0,1006000000.0,,,1404000000.0,,,,,1966000000.0,,7709000000.0,35885000000.0,,,,2850000000.0,,,,,,52456000000.0,,13289000000.0,910000000.0,,6560000000.0,-414000000.0,4411000000.0,6264000000.0,5921000000.0,,,,,,,,,,,,,,,,,,,,,,,,,,,,,,,,,,,,,,,,,,,,,,,,,,,,,,,,,,,,
1317340800,,2213000000.0,,,,,,,,,,,,,398000000.0,,,,,153000000.0,2678800000.0,,,,,,,,,,,,,,,,2411000000.0,,,1221000000.0,,,,,3170000000.0,,,,,,,,,,,0.76,,,,,,,,2678800000.0,,,,,,,,,2114000000.0,,,,,,,,,,,,,,9172000000.0,,,,,,,,,2030000000.0,,,,,,,,0.76,,2084000000.0,2030000000.0,,,,,,,,,,,,,,,2895000000.0,,,,,,,,,,,,-77000000.0,3866000000.0,,6277000000.0,,,,,,,,,,,,,,,,,,,,,,,,,,,,,,,,,,,,,,,,,,,,,,,,,,,,,,,,,,,,
1325289600,24156000000.0,830000000.0,61718000000.0,79374000000.0,-1456000000.0,4124000000.0,23639000000.0,10750000000.0,,9319000000.0,4297000000.0,2682000000.0,4124000000.0,9185000000.0,-415000000.0,10750000000.0,-232000000.0,2940000000.0,18210000000.0,165000000.0,,6465000000.0,-7460000000.0,2466000000.0,-13590000000.0,,1356000000.0,18210000000.0,,-1782000000.0,,16969000000.0,-7460000000.0,-14701000000.0,-1865000000.0,-257000000.0,1786000000.0,7441000000.0,,1293000000.0,,6011000000.0,-960000000.0,3183000000.0,1804000000.0,-17000000.0,-2341000000.0,,38079000000.0,2893000000.0,220000000.0,16667000000.0,-2931000000.0,552000000.0,,,-26000000.0,2643400000.0,35058000000.0,2682000000.0,7537000000.0,73000000.0,173000000.0,,20791000000.0,-960000000.0,13564000000.0,4811000000.0,30212000000.0,10404000000.0,43776000000.0,2.155,2221000000.0,-87000000.0,,4124000000.0,2401000000.0,173000000.0,-515000000.0,7187000000.0,30212000000.0,,,79374000000.0,,,8923000000.0,4124000000.0,697000000.0,,-1372000000.0,43776000000.0,5319000000.0,5934000000.0,,1439000000.0,6839000000.0,10902000000.0,2940000000.0,100165000000.0,5693000000.0,67000000.0,,,8536000000.0,1490000000.0,1439000000.0,20791000000.0,2643400000.0,1356000000.0,56219000000.0,6180000000.0,-1074000000.0,12499000000.0,2401000000.0,,8042000000.0,38079000000.0,13564000000.0,,100165000000.0,2793000000.0,,455000000.0,2.155,5553000000.0,5693000000.0,56219000000.0,,12499000000.0,807000000.0,8042000000.0,6011000000.0,-843000000.0,4344000000.0,6051000000.0,6130000000.0,,,,,,,,,,,,,,,,,,,,,,,,,,,,,,,,,,,,,,,,,,,,,,,,,,,,,,,,,,,,
1333152000,,2087000000.0,,,,,,,,,,,,,496000000.0,,,,,139000000.0,2642400000.0,,,,,,,,,,,,,,,,2121000000.0,,,1176000000.0,,,,,3059000000.0,,,,,,,,,,,0.69,,,,,,,,2642400000.0,,,,,,,,,2121000000.0,,,,,,,,,,,,,,8937000000.0,,,,,,,,,1827000000.0,,,,,,,,0.69,,1880000000.0,1827000000.0,,,,,,,,,,,,,,,2627000000.0,,,,,,,,,,,,85000000.0,4189000000.0,,6310000000.0,,,,,,,,,,,,,,,,,,,,,,,,,,,,,,,,,,,,,,,,,,,,,,,,,,,,,,,,,,,,
1341014400,,1455000000.0,,,,,22415000000.0,,,,4638000000.0,2644000000.0,4307000000.0,,367000000.0,10723000000.0,,5912000000.0,,181000000.0,2634800000.0,,,3408000000.0,,,,,,,,,,,,,1813000000.0,6884000000.0,,1235000000.0,,,354000000.0,3278000000.0,2478000000.0,,,,,,,,,,,0.44,,,,,,,,2634800000.0,21448000000.0,,16074000000.0,,,,,,2285000000.0,,,,,331000000.0,,,29315000000.0,,,80295000000.0,,,9117000000.0,,,,,45389000000.0,,,,1153000000.0,,,,101743000000.0,,,,0.44,,1203000000.0,1153000000.0,,,1472000000.0,,,,,2028000000.0,,8194000000.0,39047000000.0,,,,2728000000.0,,,,,,56208000000.0,,10270000000.0,734000000.0,,6398000000.0,-202000000.0,4576000000.0,6588000000.0,6389000000.0,,,,,,,,,,,,,,,,,,,,,,,,,,,,,,,,,,,,,,,,,,,,,,,,,,,,,,,,,,,,
1348963200,,2034000000.0,,,,,,,,,,,,,456000000.0,,,,,186000000.0,2636800000.0,,,,,,,,,,,,,,,,2214000000.0,,,1144000000.0,,,,,3036000000.0,,,,,,,,,,,0.585,,,,,,,,2636800000.0,,,,,,,,,2176000000.0,,,,,,,,,,,,,,9240000000.0,,,,,,,,,1539000000.0,,,,,,,,0.585,,1577000000.0,1539000000.0,,,,,,,,,,,,,,,2880000000.0,,,,,,,,,,,,-45000000.0,4146000000.0,,6360000000.0,,,,,,,,,,,,,,,,,,,,,,,,,,,,,,,,,,,,,,,,,,,,,,,,,,,,,,,,,,,,
1356912000,24839000000.0,251000000.0,20192000000.0,77506000000.0,-1258000000.0,6381000000.0,20192000000.0,10578000000.0,,8171000000.0,6381000000.0,2653000000.0,6381000000.0,9721000000.0,-197000000.0,10578000000.0,-445000000.0,3812000000.0,19124000000.0,146000000.0,2641800000.0,4124000000.0,-8546000000.0,101000000.0,-282000000.0,,1350000000.0,19124000000.0,,-1612000000.0,,17244000000.0,-8546000000.0,-1587000000.0,-916000000.0,368000000.0,1323000000.0,138000000.0,,1358000000.0,,5932000000.0,-171000000.0,9948000000.0,1197000000.0,-72000000.0,2257000000.0,,38073000000.0,-4351000000.0,138000000.0,16419000000.0,-1345000000.0,553000000.0,,0.155,-328000000.0,2639000000.0,35957000000.0,2653000000.0,6559000000.0,646000000.0,56000000.0,2641800000.0,22901000000.0,-171000000.0,13898000000.0,4922000000.0,29037000000.0,9948000000.0,42935000000.0,1.88,2354000000.0,67000000.0,,6381000000.0,2355000000.0,56000000.0,-332000000.0,7595000000.0,29037000000.0,,,77506000000.0,,,8663000000.0,6381000000.0,-5000000.0,,-3487000000.0,42935000000.0,5877000000.0,5136000000.0,,410000000.0,8663000000.0,11118000000.0,3812000000.0,100407000000.0,4967000000.0,3900000000.0,,0.155,8947000000.0,438000000.0,410000000.0,22901000000.0,2639000000.0,1350000000.0,57338000000.0,43000000.0,-823000000.0,10719000000.0,2355000000.0,752000000.0,7507000000.0,38073000000.0,13898000000.0,752000000.0,100407000000.0,2874000000.0,,1134000000.0,1.88,4907000000.0,4967000000.0,57338000000.0,,10719000000.0,8663000000.0,7507000000.0,5932000000.0,-923000000.0,4466000000.0,16419000000.0,5789000000.0,,,,,,,,,,,,,,,,,,,,,,,,,,,,,,,,,,,,,,,,,,,,,,,,,,,,,,,,,,,,
1364688000,,1344000000.0,,,,,,,,,,,,,311000000.0,,,,,157000000.0,2644400000.0,,,,,,,,,,,,,,,,1548000000.0,,,1155000000.0,,,,,2276000000.0,,,,,,,,,,,0.38,,,,,,,,2644400000.0,,,,,,,,,2129000000.0,,,,,,,,,,,,,,8157000000.0,,,,,,,,,1004000000.0,,,,,,,,0.38,,1044000000.0,1004000000.0,,,,,,,,,,,,,,,2539000000.0,,,,,,,,,,,,-64000000.0,4070000000.0,,5618000000.0,,,,,,,,,,,,,,,,,,,,,,,,,,,,,,,,,,,,,,,,,,,,,,,,,,,,,,,,,,,,
1372550400,,547000000.0,,,,,18266000000.0,,,,4263000000.0,,4181000000.0,,48000000.0,10409000000.0,,3971000000.0,,154000000.0,2651400000.0,,,4542000000.0,,,,,,,,,,,,,1219000000.0,6403000000.0,,1185000000.0,,,,3270000000.0,1469000000.0,,,,,,,,,,,0.17,,,,,,,,2651400000.0,20859000000.0,,13644000000.0,,,,,,2306000000.0,,,,,82000000.0,,,27148000000.0,,,76128000000.0,,,8086000000.0,,,,,40792000000.0,,,,448000000.0,,,,96987000000.0,,,,0.17,,492000000.0,448000000.0,,,1347000000.0,,,,,2078000000.0,,7614000000.0,38144000000.0,,,,2673000000.0,,,,,,56066000000.0,,10689000000.0,3952000000.0,,5547000000.0,-535000000.0,4194000000.0,6852000000.0,5413000000.0,,,,,,,,,,,,,,,,,,,,,,,,,,,,,,,,,,,,,,,,,,,,,,,,,,,,,,,,,,,,
1380499200,,1494000000.0,,,,,,,,,,,,,275000000.0,,,,,147000000.0,2647000000.0,,,,,,,,,,,,,,,,1716000000.0,,,1183000000.0,,,,,2330000000.0,,,,,,,,,,,0.46,,,,,,,,2647000000.0,,,,,,,,,2016000000.0,,,,,,,,,,,,,,8518000000.0,,,,,,,,,1213000000.0,,,,,,,,0.46,,1248000000.0,1213000000.0,,,,,,,,,,,,,,,2874000000.0,,,,,,,,,,,,-99000000.0,3928000000.0,,5644000000.0,,,,,,,,,,,,,,,,,,,,,,,,,,,,,,,,,,,,,,,,,,,,,,,,,,,,,,,,,,,,
1388448000,22316000000.0,1225000000.0,15395000000.0,72139000000.0,-1687000000.0,8257000000.0,15395000000.0,10182000000.0,,6954000000.0,8257000000.0,2649000000.0,8257000000.0,8129000000.0,132000000.0,10182000000.0,-117000000.0,4176000000.0,19561000000.0,154000000.0,2642200000.0,6381000000.0,-9379000000.0,14000000.0,-235000000.0,,884000000.0,19561000000.0,,-1398000000.0,,15523000000.0,-9379000000.0,-1273000000.0,-1010000000.0,175000000.0,2317000000.0,25000000.0,,1246000000.0,,5060000000.0,-963000000.0,9757000000.0,2061000000.0,-52000000.0,1876000000.0,200000000.0,37134000000.0,-3726000000.0,25000000.0,15655000000.0,-2822000000.0,612000000.0,,0.4,-253000000.0,2646200000.0,33306000000.0,2649000000.0,5556000000.0,1006000000.0,59000000.0,2642200000.0,23926000000.0,-963000000.0,13958000000.0,4770000000.0,25093000000.0,9757000000.0,39051000000.0,1.405,2148000000.0,-124000000.0,,8257000000.0,0.0,59000000.0,135000000.0,6793000000.0,25093000000.0,,,72139000000.0,,,8545000000.0,8257000000.0,-31000000.0,,-3638000000.0,39051000000.0,4603000000.0,3875000000.0,,1056000000.0,9428000000.0,10990000000.0,4176000000.0,96065000000.0,3717000000.0,14000000.0,,0.4,8602000000.0,1095000000.0,1056000000.0,23926000000.0,2646200000.0,884000000.0,56885000000.0,25000000.0,-1641000000.0,10414000000.0,0.0,740000000.0,6831000000.0,37134000000.0,13958000000.0,740000000.0,96065000000.0,2902000000.0,,763000000.0,1.405,5569000000.0,3717000000.0,56885000000.0,,10414000000.0,9428000000.0,6831000000.0,5060000000.0,-989000000.0,3326000000.0,15655000000.0,5643000000.0,,,,,,,,,,,,,,,,,,,,,,,,,,,,,,,,,,,,,,,,,,,,,,,,,,,,,,,,,,,,
1396224000,,1387000000.0,,,,,,,,,,,,,274000000.0,,,,,147000000.0,2639800000.0,,,,,,,,,,,,,,,,1482000000.0,,,1139000000.0,,,,,2211000000.0,,,,,,,,,,,0.41,,,,,,,,2639800000.0,,,,,,,,,2078000000.0,,,,,,,,,,,,,,7925000000.0,,,,,,,,,1084000000.0,,,,,,,,0.41,,1118000000.0,1084000000.0,,,,,,,,,,,,,,,2516000000.0,,,,,,,,,,,,-54000000.0,3927000000.0,,5409000000.0,,,,,,,,,,,,,,,,,,,,,,,,,,,,,,,,,,,,,,,,,,,,,,,,,,,,,,,,,,,,
1404086400,,1152000000.0,,,,,14254000000.0,,,,4374000000.0,,4306000000.0,,350000000.0,10090000000.0,,4683000000.0,,145000000.0,,,,18000000.0,,,,,,,,,,,,,1401000000.0,6289000000.0,,1188000000.0,,,,3228000000.0,1921000000.0,,,,,,,,,,,,,,,,,,,,20387000000.0,,14200000000.0,,,,,,2255000000.0,,,,,68000000.0,,,24753000000.0,,,70333000000.0,,,8146000000.0,,,,,38953000000.0,,,,777000000.0,,,,90720000000.0,,,,,,804000000.0,777000000.0,,,974000000.0,,,,,2074000000.0,,7137000000.0,37421000000.0,,,,2608000000.0,,,,,,51637000000.0,,10113000000.0,2850000000.0,,4600000000.0,-155000000.0,4137000000.0,6784000000.0,5538000000.0,,,,,,,,,,,,,,,,,,,,,,,,,,,,,,,,,,,,,,,,,,,,,,,,,,,,,,,,,,,,
1412035200,,1645000000.0,,,,,,,,,,,,,381000000.0,,,,,154000000.0,2626000000.0,,,,,,,,,,,,,,,,1982000000.0,,,1146000000.0,,,,,2360000000.0,,,,,,,,,,,0.455,,,,,,,,2626000000.0,,,,,,,,,2309000000.0,,,,,,,,,,,,,,8868000000.0,,,,,,,,,1190000000.0,,,,,,,,0.455,,1221000000.0,1190000000.0,,,,,,,,,,,,,,,2864000000.0,,,,,,,,,,,,-198000000.0,4022000000.0,,6004000000.0,,,,,,,,,,,,,,,,,,,,,,,,,,,,,,,,,,,,,,,,,,,,,,,,,,,,,,,,,,,,
1419984000,23080000000.0,1547000000.0,14543000000.0,73955000000.0,-385000000.0,7341000000.0,14543000000.0,10396000000.0,,7690000000.0,7341000000.0,2639000000.0,7341000000.0,8818000000.0,166000000.0,10396000000.0,-11000000.0,1538000000.0,20880000000.0,159000000.0,2631600000.0,8257000000.0,-10484000000.0,2585000000.0,,,1133000000.0,20880000000.0,,-1557000000.0,,16552000000.0,-10484000000.0,-3460000000.0,-1270000000.0,-23000000.0,1663000000.0,131000000.0,,1351000000.0,,4105000000.0,-977000000.0,11363000000.0,2326000000.0,-8000000.0,-916000000.0,202000000.0,39197000000.0,-5180000000.0,131000000.0,16086000000.0,-3032000000.0,605000000.0,,0.51,-2296000000.0,2631600000.0,34109000000.0,2639000000.0,6133000000.0,681000000.0,9000000.0,2631600000.0,23437000000.0,-977000000.0,13032000000.0,4824000000.0,28092000000.0,11363000000.0,41124000000.0,1.67,2465000000.0,478000000.0,,7341000000.0,2157000000.0,9000000.0,957000000.0,6528000000.0,28092000000.0,,,73955000000.0,,,9170000000.0,7341000000.0,124000000.0,,-3676000000.0,41124000000.0,5731000000.0,4509000000.0,,1339000000.0,9819000000.0,11029000000.0,1538000000.0,97392000000.0,4390000000.0,2585000000.0,124000000.0,0.51,9107000000.0,1366000000.0,1339000000.0,23437000000.0,2631600000.0,1133000000.0,56120000000.0,10000000.0,-1801000000.0,13276000000.0,2157000000.0,,7149000000.0,39197000000.0,13032000000.0,,97392000000.0,3041000000.0,,1171000000.0,1.67,3777000000.0,4390000000.0,56120000000.0,,13276000000.0,9819000000.0,7149000000.0,4105000000.0,22000000.0,4466000000.0,16086000000.0,6129000000.0,,,,,,,,,,,,,,,,,,,,,,,,,,,,,,,,,,,,,,,,,,,,,,,,,,,,,,,,,,,,
1427760000,,1306000000.0,,,,,,,,,,,,,220000000.0,,,,,133000000.0,2616800000.0,,,,,,,,,,,,,,,,1783000000.0,,,1199000000.0,,,,,2057000000.0,,,,,,,,,,,0.39,,,,,,,,2616800000.0,,,,,,,,,2438000000.0,,,,,,,,,,,,,,8890000000.0,,,,,,,,,1023000000.0,,,,,,,,0.39,,1055000000.0,1023000000.0,,,,,,,,,,,,,,,2786000000.0,,,,,,,,,,,,-380000000.0,4321000000.0,,6104000000.0,,,,,,,,,,,,,,,,,,,,,,,,,,,,,,,,,,,,,,,,,,,,,,,,,,,,,,,,,,,,
1435622400,,1883000000.0,,,,,14401000000.0,,,,4927000000.0,2622000000.0,4701000000.0,,519000000.0,10540000000.0,,3962000000.0,,134000000.0,,,,16000000.0,,,,,,,,,,,,,2024000000.0,8368000000.0,,1290000000.0,,,993000000.0,3969000000.0,2628000000.0,,,,,,,,,,,,,,,,,,,,22025000000.0,,16299000000.0,,,,,,2648000000.0,,,,,226000000.0,,,24850000000.0,,,75898000000.0,,,9461000000.0,,,,,41149000000.0,,,,1302000000.0,,,,97923000000.0,,,,,,1329000000.0,1302000000.0,,,1132000000.0,,,,,2170000000.0,,7765000000.0,40661000000.0,,,,2938000000.0,,,,,,56618000000.0,,10770000000.0,4454000000.0,,3742000000.0,-29000000.0,4499000000.0,7147000000.0,6523000000.0,,,,,,,,,,,,,,,,,,,,,,,,,,,,,,,,,,,,,,,,,,,,,,,,,,,,,,,,,,,,
1443571200,,1850000000.0,,,,,,,,,,,,,272000000.0,,,,,127000000.0,2611000000.0,,,,,,,,,,,,,,,,2222000000.0,,,1355000000.0,,,,,2575000000.0,,,,,,,,,,,0.625,,,,,,,,2611000000.0,,,,,,,,,2461000000.0,,,,,,,,,,,,,,9680000000.0,,,,,,,,,1628000000.0,,,,,,,,0.625,,1651000000.0,1628000000.0,,,,,,,,,,,,,,,2998000000.0,,,,,,,,,,,,-267000000.0,4460000000.0,,6682000000.0,,,,,,,,,,,,,,,,,,,,,,,,,,,,,,,,,,,,,,,,,,,,,,,,,,,,,,,,,,,,
1451520000,23942000000.0,363000000.0,12026000000.0,71641000000.0,-1562000000.0,9148000000.0,12026000000.0,9943000000.0,,8920000000.0,9148000000.0,2611000000.0,9148000000.0,7939000000.0,-218000000.0,9943000000.0,-466000000.0,3436000000.0,21109000000.0,172000000.0,2609800000.0,7341000000.0,-11166000000.0,5752000000.0,,,1121000000.0,21109000000.0,,-2772000000.0,,16756000000.0,-11166000000.0,-3257000000.0,-1253000000.0,-493000000.0,1328000000.0,1113000000.0,,1364000000.0,,2895000000.0,912000000.0,13259000000.0,1230000000.0,-20000000.0,1807000000.0,,39557000000.0,-3578000000.0,1113000000.0,15780000000.0,-708000000.0,559000000.0,,0.13,-362000000.0,2612400000.0,34861000000.0,2611000000.0,6148000000.0,574000000.0,13000000.0,2609800000.0,30680000000.0,912000000.0,17808000000.0,5082000000.0,26303000000.0,13259000000.0,44111000000.0,1.64,2482000000.0,241000000.0,,9148000000.0,0.0,13000000.0,1055000000.0,7186000000.0,26303000000.0,,,71641000000.0,,,8818000000.0,9148000000.0,-88000000.0,,-3694000000.0,44111000000.0,5243000000.0,4512000000.0,,334000000.0,10115000000.0,10919000000.0,3436000000.0,102321000000.0,4287000000.0,5752000000.0,,0.13,9382000000.0,553000000.0,334000000.0,30680000000.0,2612400000.0,1121000000.0,58049000000.0,7000000.0,-1784000000.0,13118000000.0,0.0,581000000.0,7386000000.0,39557000000.0,17808000000.0,581000000.0,102321000000.0,2865000000.0,,709000000.0,1.64,4276000000.0,4287000000.0,58049000000.0,,13118000000.0,10115000000.0,7386000000.0,2895000000.0,-892000000.0,4625000000.0,15780000000.0,5953000000.0,,,,,,,,,,,,,,,,,,,,,,,,,,,,,,,,,,,,,,,,,,,,,,,,,,,,,,,,,,,,
1459382400,,1037000000.0,,,,,,,,,,,,,117000000.0,,,,,129000000.0,2576800000.0,,,,,,,,,,,,,,,,1654000000.0,,,1235000000.0,,,,,1610000000.0,,,,,,,,,,,0.42,,,,,,,,2576800000.0,,,,,,,,,2212000000.0,,,,,,,,,,,,,,7928000000.0,,,,,,,,,1087000000.0,,,,,,,,0.42,,1013000000.0,1087000000.0,,,,,,,,,,,,,,,2447000000.0,,,,,,,,,,,,-500000000.0,3827000000.0,,5481000000.0,,,,,,,,,,,,,,,,,,,,,,,,,,,,,,,,,,,,,,,,,,,,,,,,,,,,,,,,,,,,
1467244800,,1362000000.0,,,,,11094000000.0,,,,6076000000.0,2574000000.0,6076000000.0,,380000000.0,9819000000.0,,2427000000.0,,112000000.0,2573600000.0,,,6010000000.0,,,,,,,,,,,,,1615000000.0,1186000000.0,,1279000000.0,,,3458000000.0,12607000000.0,1907000000.0,,,,,,,,,,,0.45,,,,,,,,2573600000.0,28345000000.0,,16220000000.0,,,,,,2397000000.0,,,,,130000000.0,,,28546000000.0,,,70768000000.0,,,8308000000.0,,,,,44766000000.0,,,,1158000000.0,,,,99113000000.0,,,,0.45,,987000000.0,1158000000.0,,,1027000000.0,,,,,1772000000.0,,7290000000.0,39420000000.0,,,,2523000000.0,,,,,,54190000000.0,,14850000000.0,10435000000.0,,2774000000.0,-179000000.0,4170000000.0,16259000000.0,5785000000.0,,,,,,,,,,,,,,,,,,,,,,,,,,,,,,,,,,,,,,,,,,,,,,,,,,,,,,,,,,,,
1475193600,,2147000000.0,,,,,,,,,,,,,460000000.0,,,,,261000000.0,2577000000.0,,,,,,,,,,,,,,,,2475000000.0,,,1221000000.0,,,,,2811000000.0,,,,,,,,,,,0.65,,,,,,,,2577000000.0,,,,,,,,,2274000000.0,,,,,,,,,,,,,,9295000000.0,,,,,,,,,1674000000.0,,,,,,,,0.65,,1693000000.0,1674000000.0,,,,,,,,,,,,,,,2776000000.0,,,,,,,,,,,,-84000000.0,4044000000.0,,6519000000.0,,,,,,,,,,,,,,,,,,,,,,,,,,,,,,,,,,,,,,,,,,,,,,,,,,,,,,,,,,,,
1483142400,24006000000.0,1132000000.0,10879000000.0,71564000000.0,-860000000.0,10273000000.0,10879000000.0,10019000000.0,,7838000000.0,10273000000.0,2584000000.0,10273000000.0,8294000000.0,369000000.0,10019000000.0,-323000000.0,1764000000.0,21877000000.0,422000000.0,2565800000.0,9148000000.0,-11858000000.0,6421000000.0,,,1378000000.0,21877000000.0,,-2083000000.0,,16612000000.0,-11858000000.0,-2511000000.0,-542000000.0,168000000.0,1650000000.0,1393000000.0,,1437000000.0,,2292000000.0,1964000000.0,14472000000.0,1966000000.0,-32000000.0,1125000000.0,241000000.0,40287000000.0,-4101000000.0,1393000000.0,16414000000.0,-2576000000.0,924000000.0,,0.31,-634000000.0,2573200000.0,34708000000.0,2584000000.0,5755000000.0,305000000.0,31000000.0,2565800000.0,33108000000.0,1964000000.0,17629000000.0,5172000000.0,29319000000.0,14472000000.0,46948000000.0,1.83,2603000000.0,447000000.0,,10273000000.0,31000000.0,31000000.0,828000000.0,7394000000.0,29319000000.0,,,71564000000.0,,,9177000000.0,10273000000.0,-3000000.0,,-3759000000.0,46948000000.0,5678000000.0,4486000000.0,,790000000.0,10379000000.0,10702000000.0,1764000000.0,104672000000.0,4709000000.0,6421000000.0,,0.31,9486000000.0,793000000.0,790000000.0,33108000000.0,2573200000.0,1378000000.0,57554000000.0,5000000.0,-2908000000.0,16815000000.0,31000000.0,676000000.0,7311000000.0,40287000000.0,17629000000.0,676000000.0,104672000000.0,2956000000.0,,1326000000.0,1.83,3301000000.0,4709000000.0,57554000000.0,,16815000000.0,10379000000.0,7311000000.0,2292000000.0,-97000000.0,4571000000.0,16414000000.0,6221000000.0,,,,,,,,,,,,,,,,,,,,,,,,,,,,,,,,,,,,,,,,,,,,,,,,,,,,,,,,,,,,
1490918400,,1638000000.0,,,,,,,,,,,,,336000000.0,,,,,111000000.0,2524800000.0,,,,,,,,,,,,,,,,1820000000.0,,,1309000000.0,,,,,2252000000.0,,,,,,,,,,,2.26,,,,,,,,2524800000.0,,,,,,,,,2478000000.0,,,,,,,,,,,,,,8897000000.0,,,,,,,,,5701000000.0,,,,,,,,2.26,,1308000000.0,5701000000.0,,,,,,,,,,,,,,,2785000000.0,,,,,,,,,,,,-119000000.0,4292000000.0,,6112000000.0,,,,,,,,,,,,,,,,,,,,,,,,,,,,,,,,,,,,,,,,,,,,,,,,,,,,,,,,,,,,
1498780800,,1315000000.0,,,,,13849000000.0,,,,10877000000.0,,10877000000.0,,274000000.0,9633000000.0,,3241000000.0,,107000000.0,2516400000.0,,,28000000.0,,,,,,,,,,,,,1639000000.0,244000000.0,,1358000000.0,,,,13580000000.0,1909000000.0,,,,,,,,,,,0.41,,,,,,,,2516400000.0,27099000000.0,,17065000000.0,,,,,,2568000000.0,,,,,,,,27013000000.0,,,74771000000.0,,,8933000000.0,,,,,44078000000.0,,,,1037000000.0,,,,101870000000.0,,,,0.41,,1073000000.0,1037000000.0,,,1287000000.0,,,,,2091000000.0,,6857000000.0,40964000000.0,,,,2885000000.0,,,,,,57631000000.0,,15186000000.0,10325000000.0,,2128000000.0,-264000000.0,4409000000.0,16194000000.0,6048000000.0,,,,,,,,,,,,,,,,,,,,,,,,,,,,,,,,,,,,,,,,,,,,,,,,,,,,,,,,,,,,
1506729600,,1901000000.0,,,,,,,,,,,,,412000000.0,,,,,103000000.0,2508600000.0,,,,,,,,,,,,,,,,2393000000.0,,,1341000000.0,,,,,2438000000.0,,,,,,,,,,,0.625,,,,,,,,2508600000.0,,,,,,,,,2314000000.0,,,,,,,,,,,,,,9393000000.0,,,,,,,,,1567000000.0,,,,,,,,0.625,,1531000000.0,1567000000.0,,,,,,,,,,,,,,,2853000000.0,,,,,,,,,,,,-415000000.0,4147000000.0,,6540000000.0,,,,,,,,,,,,,,,,,,,,,,,,,,,,,,,,,,,,,,,,,,,,,,,,,,,,,,,,,,,,
1514678400,24593000000.0,676000000.0,13080000000.0,73440000000.0,-1239000000.0,10315000000.0,13080000000.0,9579000000.0,,7379000000.0,10315000000.0,2508000000.0,10315000000.0,7816000000.0,700000000.0,9579000000.0,-145000000.0,1275000000.0,21978000000.0,99000000.0,2505800000.0,10273000000.0,-12399000000.0,34000000.0,,,1026000000.0,21978000000.0,,-1956000000.0,,17551000000.0,-12399000000.0,639000000.0,-909000000.0,-529000000.0,1190000000.0,343000000.0,,1464000000.0,,1605000000.0,-585000000.0,13839000000.0,1217000000.0,-52000000.0,42000000.0,,40264000000.0,-7902000000.0,343000000.0,16037000000.0,-2368000000.0,420000000.0,,0.05,-1312000000.0,2513800000.0,36204000000.0,2508000000.0,5423000000.0,319000000.0,77000000.0,2505800000.0,26386000000.0,-585000000.0,15457000000.0,5472000000.0,26111000000.0,13839000000.0,41568000000.0,3.355,2698000000.0,577000000.0,,10315000000.0,77000000.0,77000000.0,148000000.0,7042000000.0,26111000000.0,,,73440000000.0,,,8981000000.0,10315000000.0,-163000000.0,,-3710000000.0,41568000000.0,5530000000.0,3912000000.0,,129000000.0,10517000000.0,11611000000.0,1275000000.0,99826000000.0,8434000000.0,34000000.0,,0.05,10058000000.0,0.0,129000000.0,26386000000.0,2513800000.0,1026000000.0,58089000000.0,204000000.0,-2162000000.0,14326000000.0,77000000.0,572000000.0,7216000000.0,40264000000.0,15457000000.0,572000000.0,99826000000.0,3088000000.0,,1722000000.0,3.355,3686000000.0,8434000000.0,58089000000.0,,14326000000.0,10517000000.0,7216000000.0,1605000000.0,-441000000.0,4703000000.0,16037000000.0,5893000000.0,,,,,,,,,,,,,,,,,,,,,,,,,,,,,,,,,,,,,,,,,,,,,,,,,,,,,,,,,,,,
1522454400,,1203000000.0,,,,,,,,,,,,,187000000.0,,,,,95000000.0,2496400000.0,,,,,,,,,,,,,,,,1444000000.0,,,1280000000.0,,,,,1756000000.0,,,,,,,,,,,0.405,,,,,,,,2496400000.0,,,,,,,,,2312000000.0,,,,,,,,,,,,,,8126000000.0,,,,,,,,,1016000000.0,,,,,,,,0.405,,1046000000.0,1016000000.0,,,,,,,,,,,,,,,2545000000.0,,,,,,,,,,,,-243000000.0,4137000000.0,,5581000000.0,,,,,,,,,,,,,,,,,,,,,,,,,,,,,,,,,,,,,,,,,,,,,,,,,,,,,,,,,,,,
1530316800,,854000000.0,,,,,22436000000.0,,,,7493000000.0,,7493000000.0,,110000000.0,9470000000.0,,6153000000.0,,107000000.0,,,,,,,,,,,,,,,,,1493000000.0,721000000.0,,1475000000.0,,,,4582000000.0,1502000000.0,,,,,,,,,,,,,,,,,,,,25469000000.0,,19878000000.0,,,,,,2507000000.0,,,,,,,,36539000000.0,,,87309000000.0,,,8481000000.0,,,,,56417000000.0,,,,762000000.0,,,,112778000000.0,,,,,,789000000.0,762000000.0,,,1018000000.0,,,,,2477000000.0,,6602000000.0,44828000000.0,,,,2720000000.0,,,,,,56197000000.0,,22788000000.0,5245000000.0,,3784000000.0,-532000000.0,4268000000.0,7364000000.0,5761000000.0,,,,,,,,,,,,,,,,,,,,,,,,,,,,,,,,,,,,,,,,,,,,,,,,,,,,,,,,,,,,
1538265600,,2608000000.0,,,,,,,,,,,,,427000000.0,,,,,130000000.0,2494200000.0,,,,,,,,,,,,,,,,2437000000.0,,,1461000000.0,,,,,3275000000.0,,,,,,,,,,,0.91,,,,,,,,2494200000.0,,,,,,,,,2310000000.0,,,,,,,,,,,,,,9744000000.0,,,,,,,,,2274000000.0,,,,,,,,0.91,,2304000000.0,2274000000.0,,,,,,,,,,,,,,,3032000000.0,,,,,,,,,,,,277000000.0,4275000000.0,,6712000000.0,,,,,,,,,,,,,,,,,,,,,,,,,,,,,,,,,,,,,,,,,,,,,,,,,,,,,,,,,,,,
1546214400,24242000000.0,-260000000.0,21889000000.0,86761000000.0,-1696000000.0,6925000000.0,21889000000.0,9651000000.0,,5547000000.0,6925000000.0,2495000000.0,6925000000.0,7010000000.0,-243000000.0,9651000000.0,-701000000.0,2633000000.0,22697000000.0,103000000.0,2491200000.0,10315000000.0,-13046000000.0,,,,963000000.0,22697000000.0,,-1977000000.0,,17870000000.0,-13046000000.0,-12872000000.0,-727000000.0,-35000000.0,998000000.0,341000000.0,,1678000000.0,,3414000000.0,-168000000.0,14402000000.0,477000000.0,-91000000.0,-3390000000.0,,44235000000.0,3934000000.0,341000000.0,17654000000.0,-787000000.0,435000000.0,,0.1,-12994000000.0,2494200000.0,35677000000.0,2495000000.0,3570000000.0,177000000.0,199000000.0,2491200000.0,24647000000.0,-168000000.0,17376000000.0,5894000000.0,34997000000.0,14402000000.0,52373000000.0,1.725,2730000000.0,270000000.0,,6925000000.0,,199000000.0,-1280000000.0,6372000000.0,34997000000.0,,,86761000000.0,,,9326000000.0,6925000000.0,-58000000.0,,-3773000000.0,52373000000.0,4405000000.0,4423000000.0,,254000000.0,10986000000.0,11435000000.0,2633000000.0,111408000000.0,4306000000.0,,,0.1,9859000000.0,284000000.0,254000000.0,24647000000.0,2494200000.0,963000000.0,58876000000.0,136000000.0,-1101000000.0,22007000000.0,,,7260000000.0,44235000000.0,17376000000.0,,111408000000.0,3138000000.0,,481000000.0,1.725,4279000000.0,4306000000.0,58876000000.0,,22007000000.0,10986000000.0,7260000000.0,3414000000.0,-1198000000.0,5190000000.0,17654000000.0,6188000000.0,,,,,,,,,,,,,,,,,,,,,,,,,,,,,,,,,,,,,,,,,,,,,,,,,,,,,,,,,,,,
1553990400,,1355000000.0,,,,,,,,,,,,,255000000.0,,,,,106000000.0,2491600000.0,,,,,,,,,,,,,,,,1735000000.0,,,1385000000.0,,,,,2018000000.0,,,,,,,,,,,0.455,,,,,,,,2491600000.0,,,,,,,,,2376000000.0,,,,,,,,,,,,,,8713000000.0,,,,,,,,,1137000000.0,,,,,,,,0.455,,1147000000.0,1137000000.0,,,,,,,,,,,,,,,2618000000.0,,,,,,,,,,,,-326000000.0,4360000000.0,,6095000000.0,,,,,,,,,,,,,,,,,,,,,,,,,,,,,,,,,,,,,,,,,,,,,,,,,,,,,,,,,,,,
1561852800,,-393000000.0,,,,,19098000000.0,,,,6742000000.0,2504000000.0,6742000000.0,,-242000000.0,10711000000.0,,4411000000.0,,138000000.0,,,,,,,,10711000000.0,,,,,,,,,1647000000.0,273000000.0,,1587000000.0,,,271000000.0,5082000000.0,304000000.0,,,,,,,,,,,,,,,,,,,,25384000000.0,,19206000000.0,,,,,,2459000000.0,,,,,,,,34821000000.0,,,85161000000.0,,,8980000000.0,,,,,54027000000.0,,,,-87000000.0,,,,110545000000.0,,,,,,-82000000.0,-87000000.0,,,739000000.0,,,,,2920000000.0,,7229000000.0,44418000000.0,,,,2767000000.0,,,,,,56353000000.0,,21087000000.0,4935000000.0,,2938000000.0,-1944000000.0,4566000000.0,8423000000.0,6213000000.0,,,,,,,,,,,,,,,,,,,,,,,,,,,,,,,,,,,,,,,,,,,,,,,,,,,,,,,,,,,,
1569801600,,2052000000.0,,,,,,,25283000000.0,,,,,,268000000.0,,,,,109000000.0,2504400000.0,,,,,-3865000000.0,,,18374000000.0,,9876000000.0,,,,,,2529000000.0,,3224000000.0,1360000000.0,456000000.0,,,,2681000000.0,,,,,,,,,,6010000000.0,0.705,,,,,,,,2504400000.0,,,,,,,,,2311000000.0,,11657000000.0,,,,,,,,36940000000.0,,3070000000.0,2754000000.0,9921000000.0,,,38000000.0,,,,,6909000000.0,1766000000.0,,,,,,,,0.705,,1875000000.0,1766000000.0,,,,,,,,,,,,,,,3134000000.0,3070000000.0,,,,,,,,,,,-397000000.0,4258000000.0,,6787000000.0,,,,,,,,,,,,,,,,,,,,,,,,,,,,,,,,,,,,,,,,,,,,,,,,,,,,,,,,,,,,
