date,annualNetIncomeContinuousOperations,annualCashAndCashEquivalents,quarterlyPurchaseOfInvestment,trailingNetOtherFinancingCharges,quarterlyChangeInWorkingCapital,annualInvestmentsAndAdvances,quarterlyOperatingIncome,quarterlyTotalRevenue,annualNetOtherFinancingCharges,trailingRepurchaseOfCapitalStock,quarterlyInvestingCashFlow,quarterlyGrossProfit,quarterlyNetIncomeCommonStockholders,quarterlyEndCashPosition,quarterlyChangeInAccountPayable,annualCurrentAccruedExpenses,annualCapitalExpenditure,annualOperatingExpense,annualCurrentDeferredRevenue,trailingSellingGeneralAndAdministration,quarterlyTotalLiabilitiesNetMinorityInterest,annualTotalRevenue,trailingResearchAndDevelopment,annualResearchAndDevelopment,quarterlyOtherNonCashItems,trailingCostOfRevenue,annualTotalNonCurrentLiabilitiesNetMinorityInterest,annualChangesInAccountReceivables,annualChangeInAccountPayable,annualDeferredIncomeTax,trailingBeginningCashPosition,trailingFreeCashFlow,annualInterestExpense,quarterlyCurrentAssets,trailingChangesInAccountReceivables,annualOtherShortTermInvestments,quarterlyGrossPPE,quarterlyCurrentLiabilities,quarterlyRetainedEarnings,quarterlyRepurchaseOfCapitalStock,quarterlyDeferredIncomeTax,quarterlyEbitda,annualAccumulatedDepreciation,quarterlyStockBasedCompensation,annualRepurchaseOfCapitalStock,trailingOperatingExpense,annualChangeInWorkingCapital,annualOtherNonCurrentAssets,annualCurrentAssets,trailingNetIncomeContinuousOperations,trailingNetOtherInvestingChanges,trailingNetIncomeCommonStockholders,quarterlyStockholdersEquity,quarterlyDilutedEPS,quarterlyCostOfRevenue,annualNetIncomeCommonStockholders,quarterlyGoodwill,annualTotalLiabilitiesNetMinorityInterest,quarterlyNetOtherInvestingChanges,quarterlyAccountsReceivable,quarterlyCurrentAccruedExpenses,annualCommonStockIssuance,annualFreeCashFlow,annualNetIncome,quarterlyDilutedAverageShares,annualRetainedEarnings,quarterlyOperatingExpense,quarterlyCurrentDeferredRevenue,annualBasicEPS,quarterlyLongTermDebt,annualOtherCurrentAssets,trailingChangeInAccountPayable,annualCostOfRevenue,annualBeginningCashPosition,quarterlySellingGeneralAndAdministration,quarterlyOtherNonCurrentLiabilities,annualLongTermDebt,annualCashDividendsPaid,quarterlyNetIncomeContinuousOperations,annualCurrentDebt,quarterlyRepaymentOfDebt,annualTaxProvision,annualTotalAssets,trailingTaxProvision,quarterlyOtherCurrentAssets,annualSellingGeneralAndAdministration,quarterlyTotalNonCurrentLiabilitiesNetMinorityInterest,annualTotalNonCurrentAssets,annualOtherNonCashItems,quarterlyCurrentDebt,quarterlyCommonStockIssuance,quarterlyCapitalExpenditure,annualPurchaseOfBusiness,annualStockholdersEquity,quarterlyCashFlowFromContinuingFinancingActivities,quarterlyInterestExpense,trailingDepreciationAndAmortization,trailingStockBasedCompensation,trailingPurchaseOfBusiness,annualNonCurrentDeferredTaxesLiabilities,annualDepreciationAndAmortization,annualSaleOfInvestment,quarterlyOtherIncomeExpense,annualStockBasedCompensation,trailingSaleOfInvestment,quarterlyNetIncome,quarterlyNetOtherFinancingCharges,quarterlyInvestmentsAndAdvances,quarterlyAccumulatedDepreciation,annualDilutedEPS,quarterlyOtherNonCurrentAssets,quarterlyNonCurrentDeferredTaxesLiabilities,annualCapitalStock,trailingOperatingCashFlow,annualOperatingCashFlow,annualAccountsReceivable,quarterlyOperatingCashFlow,quarterlyChangeInCashSupplementalAsReported,annualBasicAverageShares,annualCashCashEquivalentsAndMarketableSecurities,quarterlyTaxProvision,trailingNetIncome,annualOtherIntangibleAssets,quarterlyPurchaseOfBusiness,quarterlyPretaxIncome,annualGrossProfit,quarterlyNetPPE,annualCurrentLiabilities,quarterlyResearchAndDevelopment,annualNetPPE,annualEbitda,quarterlyOtherCurrentLiabilities,quarterlyFreeCashFlow,quarterlyOtherShortTermInvestments,annualOtherNonCurrentLiabilities,annualNetOtherInvestingChanges,annualOtherCurrentLiabilities,quarterlyChangesInAccountReceivables,annualGoodwill,quarterlyTotalAssets,quarterlyOtherIntangibleAssets,trailingPretaxIncome,annualChangeInCashSupplementalAsReported,quarterlyTotalNonCurrentAssets,trailingGrossProfit,trailingChangeInWorkingCapital,annualRepaymentOfDebt,annualPurchaseOfInvestment,annualGainsLossesNotAffectingRetainedEarnings,quarterlyCashAndCashEquivalents,annualDilutedAverageShares,trailingOperatingIncome,quarterlyCashCashEquivalentsAndMarketableSecurities,annualAccountsPayable,trailingDeferredIncomeTax,trailingOtherIncomeExpense,trailingInvestingCashFlow,trailingTotalRevenue,annualInvestingCashFlow,annualPretaxIncome,annualEndCashPosition,annualCashFlowFromContinuingFinancingActivities,trailingInterestExpense,trailingCashFlowFromContinuingFinancingActivities,trailingEndCashPosition,quarterlyDepreciationAndAmortization,quarterlyAccountsPayable,quarterlyGainsLossesNotAffectingRetainedEarnings,annualOtherIncomeExpense,trailingChangeInCashSupplementalAsReported,quarterlyBasicEPS,quarterlyBeginningCashPosition,annualOperatingIncome,annualGrossPPE,trailingPurchaseOfInvestment,quarterlyCapitalStock,trailingCapitalExpenditure,quarterlyBasicAverageShares,trailingBasicAverageShares,quarterlyNonCurrentDeferredRevenue,quarterlyChangeInInventory,quarterlySaleOfInvestment,quarterlyInventory,annualInventory,trailingRepaymentOfDebt,trailingCashDividendsPaid,trailingChangeInInventory,trailingOtherNonCashItems,trailingDilutedEPS,trailingBasicEPS,quarterlyIncomeTaxPayable,trailingCommonStockIssuance,annualChangeInInventory,quarterlyCashDividendsPaid,annualNonCurrentDeferredRevenue,annualIncomeTaxPayable,trailingDilutedAverageShares
2000-12-31,-23977000.0,88908000.0,,815000000.0,,,,,,-753000000.0,,,,,,,,36243000.0,,12768000000.0,,6453000.0,10395000000.0,6817000.0,,7098000000.0,94154000.0,,,,24503000000.0,7922000000.0,,,-1696000000.0,,,,,,,,,,,23163000000.0,,,,1839000000.0,-705000000.0,1881000000.0,,,,-26173000.0,,103890000.0,,,,,,-23977000.0,,,,,-0.37875,,,1847000000.0,1950000.0,,,,,,,,,-7088000.0,117890000.0,1305000000.0,,29055000.0,,,,,,,,14000000.0,,,1045000000.0,1729000000.0,-81000000.0,,,,,,5405000000.0,,,,,-0.37875,,,,8649000000.0,,,,,69103630.0,88908000.0,,1881000000.0,,,,4503000.0,,9736000.0,,,-31740000.0,,,,94154000.0,,,,,,,3447000000.0,,,26672000000.0,2922000000.0,,,,,69103630.0,3509000000.0,,,-109000000.0,-524000000.0,-10518000000.0,33770000000.0,,-31065000.0,,,1682000000.0,3416000000.0,26050000000.0,,,,675000.0,2400000000.0,,,-31740000.0,,-14203000000.0,,-727000000.0,,,,,,,,,,,,,,,,,,,,
2001-12-31,-15261000.0,,,,,,,,,,,,,,,,,55696000.0,,,,43984000.0,,7759000.0,,,108470000.0,,,,,,,,,,,,,,,,,,,,,,,,,,,,,-29577000.0,,121432000.0,,,,,,-15261000.0,,,,,-0.4075,,,,7940000.0,,,,,,,,,-2342000.0,108925000.0,,,46980000.0,,,,,,,,-12507000.0,,,,,,,,,,,,,,,,-0.4075,,,,,,,,,72581595.0,,,,,,,36044000.0,,12962000.0,,,-19652000.0,,,,108470000.0,,,,,,,,,,,,,,,,72581595.0,,,,,,,,,-17603000.0,,,,,,,,,2049000.0,,,,-19652000.0,,,,,,,,,,,,,,,,,,,,,,,,
2002-12-31,14195210.1936,38935725.77184,,,,,,,899065.71264,,,,,,,,-13204473.02304,63112975.95264,,,,100060497.30432,,13366499.88288,,,124977302.87424,,,,,,41266.2288,,,,,,,,,,,,,,4858280.9808,8535644.18112,59518103.81952,,,,,,,-19063573.87584,,138072381.07008,,,,,10225125.8064,14195210.1936,,-41803815.59328,,,-0.124171,,0.0,,13674634.85472,42468561.97344,,,,-27327233.46048,,,,10043811.02016,97266380.40576,,,48478025.87136,,37748276.58624,,,,,,-41634057.00672,,,,,,,3587049.34752,,,,,,,,,-0.124171,,,1146141.5664,,23429598.82944,13971056.34336,,,152331168.0,38935725.77184,,,10503227.904,,,86385862.4496,,13095078.19584,,18709404.50112,26859935.84448,,,,0.0,-5600659.1952,12093604.35552,,,,,,-3532836.2016,,,,,,-976382.97984,,152331168.0,,,1001473.84032,,,,,3427298.95968,24239021.21376,38935725.77184,-30428640.96672,,,,,,,-298043.99232,,,,23272886.49696,18709404.50112,,,,,,,,,,,,,,,,,,,,,,,
2003-03-31,,,,,,,43294219.53285,43294219.53285,,,,,13455735.4738,,,,,,,,,,,,,,,,,,,,,,,,,,,,,43294219.53285,,,,,,,,,,,,0.007761,,,,,,,,,,,114844368.0,,,,,,,,,,,,,,13455735.4738,,,,,,,,,,,,,,,,,,,,,,,,,,,13455735.4738,,,,,,,,,,,,,,,,,,,,,,,,,,,,,,,,,,,,,,,,,,,,,,,,,,,,,,,,,,,,,,,,,0.010348,,,,,,,84847664.0,,,,,,,,,,,,,,,,,,,
2003-06-30,,,,,,,43294219.53285,43294219.53285,,,,,13455735.4738,,,,,,,,,,,,,,,,,,,,,,,,,,,,,43294219.53285,,,,,,,,,,,,0.007761,,,,,,,,,,,114844368.0,,,,,,,,,,,,,,13455735.4738,,,,,,,,,,,,,,,,,,,,,,,,,,,13455735.4738,,,,,,,,,,,,,,,,,,,,,,,,,,,,,,,,,,,,,,,,,,,,,,,,,,,,,,,,,,,,,,,,,0.010348,,,,,,,84847664.0,,,,,,,,,,,,,,,,,,,
2003-09-30,,,,,,,43294219.53285,43294219.53285,,,,,13455735.4738,,,,,,,,,,,,,,,,,,,,,,,,,,,,,43294219.53285,,,,,,,,,,,,0.007761,,,,,,,,,,,114844368.0,,,,,,,,,,,,,,13455735.4738,,,,,,,,,,,,,,,,,,,,,,,,,,,13455735.4738,,,,,,,,,,,,,,,,,,,,,,,,,,,,,,,,,,,,,,,,,,,,,,,,,,,,,,,,,,,,,,,,,0.010348,,,,,,,84847664.0,,,,,,,,,,,,,,,,,,,
2003-12-31,53822941.8952,472051536.8574,,,,,-71797255.8776,43294202.97655,0.0,,,,-37083868.62135,,,,-9379822.7583,89432910.7435,,,63928443.8388,173176861.5751,,20687444.5323,,,0.0,,,51846.05345,,,,509281638.9985,,,33507658.15245,63928443.8388,-10454152.78715,,,-71797255.8776,-10224326.5087,,-82814504.98405,,13628285.2324,13504642.784,509281638.9985,,,,492810488.0494,,,3283337.80005,,63928443.8388,,28944766.7069,,452488248.5388,64775811.8291,53822941.8952,,-10454152.78715,,,0.038757,,0.0,,25658548.11065,38937942.43315,,0.0,,,13455735.4738,,,10251197.3836,557302682.18135,,0.0,68357237.5325,0.0,48021043.18285,,,,,,492810488.0494,,,,,,,5521385.32145,,,,,13455735.4738,,,-10224326.5087,0.028755,13504642.784,,2498925.1405,,74155634.5874,28944766.7069,,,84847656.0,472051536.8574,,,11233068.7551,,,147518313.46445,23283331.64375,63928443.8388,,23283331.64375,63606788.0424,49231813.68,,,0.0,-2810763.051,49231813.68,,,557302682.18135,11233068.7551,,433113594.42425,48021043.18285,,,,,2112004.4095,472051536.8574,114844360.0,,472051536.8574,14696630.1588,,,,,-12190585.8093,63580124.12125,472051536.8574,369673743.55475,,,,,14696630.1588,2112004.4095,5667618.8412,,,,58085402.72095,33507658.15245,,2498925.1405,,,,,,,,,,,,,,,,,,,,,
2004-03-31,,,,,,,29202788.36425,67994513.83395,,,0.0,58273954.1435,21729680.1736,0.0,,,,,,,59771198.29955,,,,,,,,,,,,,518442339.1263,,,39287412.81355,59771198.29955,11275899.9032,,,29326033.46145,,,,,,,,,,,515788620.85895,0.082782,9720559.69045,,,,,37401327.3957,,,,,257281552.0,,29071165.77925,,,,,,,,21858355.7372,0.0,,,21729680.1736,,,,,,0.0,,0.0,,,,,,,,,,,,,,,,-199503.415,,,21729680.1736,,,-10224326.5087,,17529322.02915,,,,,,0.0,,,,4345854.90885,,,,26096155.9541,,29063086.30485,,7089573.223,,,39674937.8495,0.0,,,,,,,576144173.767,11109426.3067,,,57701834.6407,,,,,,472623002.38635,,,472623002.38635,,,,,,,,,,,,,,20096260.45005,1248047.0066,,,0.087955,0.0,,,,2527120.5194,,243694432.0,,,,,,,,,,,,,,,,,,,
2004-06-30,,,,,,,40872140.4588,85193579.06885,,,0.0,74168606.44845,31442748.1383,0.0,,,,,,,61704585.0665,,,,,,,,,,,,,550039963.17295,,,38895740.42445,61704585.0665,42719210.9557,,,40995385.556,,,,,,,,,,,549331585.32115,0.118998,11024972.6204,,,,,40952206.7256,,,,,257967920.0,,33296465.98965,,,,,,,,24878357.3076,0.0,,,31442748.1383,,,,,,0.0,,0.0,,,,,,,,,,,,,,,,392607.82005,,,31442748.1383,,,-10224326.5087,,21914820.99835,,,,,,0.0,,,,6236286.35545,,,,37671393.7613,,28671413.91575,,8294863.58485,,,38885905.98225,0.0,,,,,,,611612909.09815,10986711.0111,,,61572945.9252,,,,,,500895583.31325,,,500895583.31325,,,,,,,,,,,,,,22818679.08425,1600000.832,,,0.129346,0.0,,,,2538759.5983,,244755184.0,,,,,,,,,,,,,,,,,,,
2004-09-30,,,,,,,46663517.6425,96197500.3538,,,-10007248.58125,83928628.07995,38354059.6792,558292003.88785,,,,,,,87317893.0874,,,,,,,,,,,,,612027412.62495,,,40084457.93,87317893.0874,81072202.75355,,,46910007.8369,,,,,,,,,,,590565240.8686,0.155215,12268872.27385,,,,,37591608.9516,,,,,255379248.0,,37265110.43745,,,,,,,,27937473.13675,0.0,,,38354059.6792,,,,,,0.0,,0.0,,,,,,,,,,,,,,,,3089554.5867,,,38354059.6792,,,-10224326.5087,,25721809.73295,,,,,,103989905.0681,,,,7201932.55295,,,,45568930.9806,,29860131.4213,,9574119.21695,,,62330959.5644,92172316.1415,,,,,,,678472811.41495,10863457.63575,,,66445398.79,,,,,,558292003.88785,,,558292003.88785,,,,,,,,,,,,,,24986933.523,2225166.72,,,0.155215,0.0,,,,2563933.45245,,244623632.0,,,,,,,,,,,,,,,,,,,
2004-12-31,133126360.6164,615875684.4936,,,14286845.1775,,18931499.9106,84434654.83315,0.0,,-3082095.97355,68973752.75375,41599872.6253,615875684.4936,,,-14899345.496,149674995.0495,,,138743764.1997,333820248.08975,,37959225.0368,,,0.0,,,-468104.54805,,,,670866623.6849,,,48017880.92955,138743764.1997,69010557.40865,2293.04755,148377.5606,20094522.03855,-16120215.33615,,-12309128.9173,,20071235.6026,27215560.5097,670866623.6849,,,,601371678.60715,,15460902.0794,133126360.6164,,138743764.1997,-339.40415,35418495.2388,,7998423.03335,146600961.99405,133126360.6164,,69010557.40865,50042252.84315,,0.541358,,0.0,,48475306.6641,471581751.8449,36548677.9457,0.0,,,41599872.6253,,,12517125.7142,740718059.01425,,0.0,111222864.12725,0.0,69851435.32935,,,1761101.90915,-3081756.5694,,601371678.60715,1763394.9567,,,,,,6773828.0257,,1187318.4982,,,41599872.6253,0.0,,-16120215.33615,0.528856,27215560.5097,,2613544.4054,,161500307.49005,35418495.2388,57510402.42195,58059169.2636,245699728.0,615875684.4936,-5266948.10305,,10738209.22625,,36345970.88665,285344941.42565,31897665.5934,138743764.1997,13000669.012,31897665.5934,142443774.40185,108593442.23015,54428645.85255,,0.0,1810000.9412,108593442.23015,,,740718059.01425,10738209.22625,,144293932.6487,69851435.32935,,,,,18380026.1139,615875684.4936,252037616.0,,615875684.4936,30150321.96955,,,,,-13089344.5548,145682451.58265,615875684.4936,-4310705.88395,,,,1163022.12795,30150321.96955,18380026.1139,4469977.48995,,,558292003.88785,135669946.37615,48017880.92955,,2613544.4054,,,,,,,,,,,,,,,,,,,,,
2005-03-31,,,,,,,45608566.7628,103310815.311,,,0.0,88307968.10555,39616419.60715,0.0,,,,,,,141517614.97985,,,,,,,,,,,,,693059491.18545,,,48484718.92065,141517614.97985,108640693.91035,,,45731820.13815,,,,,,,,,,,641434869.9698,0.155215,15002847.20545,,,,,59297530.8347,,,,,259253424.0,,42699401.34275,,,,,,,,30881514.40275,0.0,,,39616419.60715,,,,,,0.0,,0.0,,,,,,,,,,,,,,,,3208122.52915,,,39616419.60715,,,-16120215.33615,,47584718.45265,,,,,,0.0,,,,5423214.7406,,,,45110213.85465,,32364503.5845,,11694633.56465,,,100823852.09725,0.0,,,,,,,783625804.8362,10617091.6136,,,90566313.65075,,,,,,617186529.5461,,,617186529.5461,,,,,,,,,,,,,,40693762.8826,17849065.5729,,,0.155215,0.0,,,,2619214.93815,,252602736.0,,,,,,,,,,,,,,,,,,,
2005-06-30,,,,,,,65740241.13855,137456693.994,,,0.0,117736667.1833,56551271.1285,0.0,,,,,,,123041131.86215,,,,,,,,,,,,,727037033.6882,,,49787799.06845,123041131.86215,165191956.7607,,,65863494.5139,,,,,,,,,,,703059703.3392,0.217301,19720026.8107,,,,,61133541.7232,,,,,260574416.0,,51996426.04475,,,,,,,,37749903.7359,0.0,,,56551271.1285,,,,,,0.0,,0.0,,,,,,,,,,,,,,,,3346160.6804,,,56551271.1285,,,-16120215.33615,,51223495.17925,,,,,,0.0,,,,7172694.12715,,,,63797657.34695,,33667583.7323,,14123268.9335,,,83330159.2257,0.0,,,,,,,826847838.90105,14919726.3013,,,99810805.21285,,,,,,642994026.4097,,,642994026.4097,,,,,,,,,,,,,,39710972.63645,19063552.9594,,,0.227649,0.0,,,,2631408.6531,,253862704.0,,,,,,,,,,,,,,,,,,,
2005-09-30,,,,,,,72165273.12288,150301253.43522,,,0.0,126294900.45003,65523472.92675,0.0,,,,,,,149755100.75415,,,,,,,,,,,,,773740409.61537,,,49551940.03221,149755100.75415,230661891.73035,,,72288481.76262,,,,,,,,,,,765179399.78298,0.247817,24006352.98519,,,,,64544552.52849,,,,,262180016.0,,54129627.32715,,,,,,,,40100884.12773,0.0,,,65523472.92675,,,,,,0.0,,0.0,,,,,,,,,,,,,,,,10344630.08421,,,65523472.92675,,,-15757702.05879,,93613100.70987,,,,,,0.0,,,,10075992.20019,,,,75745145.22291,,33794237.97342,,13905534.55968,,,92116648.99917,0.0,,,,,,,915826941.83826,14679193.5396,,,142086532.22289,,,,,,665193670.83234,,,665193670.83234,,,,,,,,,,,,,,57638451.75498,11343254.47812,,,0.257932,0.0,,,,2639947.00158,,254477552.0,,,,,,,,,,,,,,,,,,,
2005-12-31,224337521.003,735362467.7065,,,,,38582006.94441,135783485.22228,0.0,,-72845454.6975,105068303.73976,64808987.55476,735362467.7065,,37738889.5025,-73345656.4635,213182220.73,160049.064,,270424603.2695,521437840.2105,,57533359.553,,,0.0,,,-1126229.0295,,,,851662736.8775,,,74417906.072,270424603.2695,203553183.338,,,38582006.94441,-20843758.625,,,,-2731539.549,120764672.466,851662736.8775,,,,765028309.325,,30715181.48252,224337521.003,9519738.349,270424603.2695,,63466154.881,37738889.5025,9601676.3005,158112957.965,224337521.003,,203553183.338,66486296.79535,160049.064,0.88286,,17247708.696,,88663556.4545,616127198.713,48459950.22398,0.0,,-39954217.535,64808987.55476,,,30589902.1345,1036324672.9775,,17247708.696,155648861.177,0.0,184661936.1,1777582.8625,,,,,765028309.325,,,,,,,8836623.367,,6186908.38936,,,64808987.55476,,,-20843758.625,0.864104,120764672.466,,2653226.599,,231458614.4285,63466154.881,231458614.4285,,254099352.0,735362467.7065,8201259.33016,,803377.838,,72992443.65173,432774283.756,53574147.447,270424603.2695,18390518.48933,53574147.447,228428686.393,160142684.306,158112957.965,,0.0,500201.766,160142684.306,,9519738.349,1036324672.9775,803377.838,,119235268.9935,184661936.1,,,,,33678395.339,735362467.7065,259529048.0,,735362467.7065,72382980.397,,,,,-72845454.6975,255196327.202,735362467.7065,-30352541.2345,,,,,72382980.397,33678395.339,22938428.2,,,0.0,219592063.026,74417906.072,,2653226.599,,,,,,,,,,,,,,,,,,,,,
2006-03-31,,,,,,,61111024.74954,167341331.8116,,,0.0,139163142.88812,48430332.84027,0.0,,,,,,,291245225.74686,,,,,,,,,,,,,931934389.12842,,,78738582.14541,291245225.74686,251996005.12029,,,61111024.74954,,,,,,,,,,,835848805.62774,0.180461,28178188.92348,,9520321.95141,,,96393770.06043,,,,,262524784.0,,78052118.13858,,,,,,,,55055722.28847,0.0,,,48430332.84027,,,,,,0.0,,0.0,,,,,,,,,,,,,,,,2744139.64674,,,48430332.84027,,,-20706848.4225,,128437111.70208,,,,,,0.0,,,,8508291.02634,,,,56896339.94877,,58031733.72291,,22996395.85011,,,212591788.91097,0.0,,,,,,,1127923556.50482,,,,195989167.3764,,,,,,787799012.00709,,,787799012.00709,,,,,,,,,,,,,,78653436.83589,31816137.76749,,,0.190486,0.0,,,,2661705.25608,,256543400.0,,,,,,,,,,,,,,,,,,,
2006-06-30,,,,,,,16301023.9161,33994385.23206,,,0.0,26599927.96934,12143480.66162,0.0,,,,,,,317424359.3895,,,,,,,,,,,,,966784342.34998,,,102534426.67226,317424359.3895,312471115.95128,,,16301023.9161,,,,,,,,,,,924115282.79092,0.042476,7394457.26272,,9517227.90634,,,110671989.98284,,,,,266160680.0,,10298904.05324,,,,,,,,8693639.55812,0.0,,,12143480.66162,,,,,,0.0,,0.0,,,,,,,,,,,,,,,,-2118109.29044,,,12143480.66162,,,-20642278.855,,184366456.62578,,,,,,0.0,,,,2067897.80164,,,,14444941.84078,,81892147.81726,,1605264.49512,,,224020092.40952,0.0,,,,,,,1242560174.69936,,,,275775832.34938,,,,,,801608173.05228,,,801608173.05228,,,,,,,,,,,,,,93404266.97998,30636683.8096,,,0.044974,0.0,,,,2686018.81878,,258345768.0,,,,,,,,,,,,,,,,,,,
2006-09-30,,,,,,,78544026.5613,222383987.7608,,,0.0,178780925.3682,64641635.4359,0.0,,,,,,,308519791.477,,,,,,,,,,,,,971382115.14,,,126650326.8464,306084358.9246,376802579.7428,,,78544026.5613,,,,,,,,,,,1005373405.2918,0.246791,43603062.3926,,14583477.9693,,,135135691.3936,,,,,266934608.0,,100236898.8069,,,,,,,,72911032.52,2435432.5524,,,64641635.4359,,,,,,0.0,,2435432.5524,,,,,,,,,,,,,,,,8109776.8565,,,64641635.4359,,,-20388854.275,,222278882.5951,,,,,,0.0,,,,11295302.8602,,,,75949818.7924,,106261472.5714,,27325866.2869,,,164027529.0921,0.0,,,,,,,1314505948.2758,,,,343123833.1358,,,,,,758753606.7881,,,758753606.7881,,,,,,,,,,,,,,142056829.8325,27872683.2362,,,0.246791,0.0,,,,2688130.3578,,259828056.0,,,,,,,,,,,,,,,,,,,
2006-12-31,240360401.51,843678497.7275,,,,,92617836.0942,246104114.1029,0.0,,-206798316.2375,199576519.0927,68218617.7923,843678497.7275,,61522259.405,-125700713.7925,371289448.2175,,,423124631.65,833321296.8075,,105848590.6925,,,2435439.96,,,-780319.2175,,,,1052576337.625,,,185784467.005,420689191.69,359541921.8575,,,92617836.0942,-32223964.095,,,,38278574.6925,160455418.8925,1052576337.625,,,,1026827815.2025,,46527595.0102,240360401.51,14583508.3,423124631.65,,136572760.245,61522259.405,40109747.39,221897067.7425,240360401.51,,359541921.8575,106958682.9985,,0.929095,,5293972.27,,153002357.86,734440248.0125,75371302.5151,2435439.96,,-67216851.63,68218617.7923,,,41242115.935,1450624661.53,,5293972.27,265440857.525,2435439.96,398048323.905,54635780.3175,,,,,1026827815.2025,,,,,,,14202241.74,,-225101.3861,,,68218617.7923,,,-32223964.095,0.90287,160455418.8925,,2698605.585,,347597781.535,136572760.245,347597781.535,,258743984.0,843678497.7275,11125746.5904,,69448893.8025,,79405383.1264,680318938.9475,153560502.91,420689191.69,31587380.4834,153560502.91,323231732.47,207886784.8575,221897067.7425,,2435439.96,-749363.1425,207886784.8575,,14583508.3,1450624661.53,69448893.8025,,109238249.715,398048323.905,,,,-80348239.3025,37656770.8525,843678497.7275,266145760.0,,843678497.7275,151280147.4275,,,,,-206798316.2375,281823701.33,843678497.7275,-27107104.24,,,,,151280147.4275,37656770.8525,11204321.32,,,0.0,309029490.73,185784467.005,,2698605.585,,,,,,,,,,,,,,,,,,,,,
2007-03-31,,,,,,,88015514.0736,249103922.0832,,,0.0,200559237.6672,64902195.1992,0.0,,,,,,,456074542.9536,,,,,,,,,,,,,1122484925.5488,,,224518130.8368,454450048.0296,424636618.9152,,,88015514.0736,,,,,,,,,,,1116086744.9136,0.241275,48544684.416,,14591316.0168,,,198600046.0632,,,,,269938848.0,,112543723.5936,,,,,,,,78536757.4008,1624494.924,,,64902195.1992,,,,,,0.0,,1624494.924,,,,,,,,,,,,,,,,2833317.4176,,,64902195.1992,,,-32231050.9392,,177389973.876,,,,,,0.0,,,,12245489.9112,,,,77154433.0896,,192287079.8976,,34006966.1928,,,243984082.0248,0.0,,,,,,,1572840610.176,66087314.8368,,,450355684.6272,,,,,,858721103.5824,,,858721103.5824,,,,,,,,,,,,,,210465966.0048,34368369.12,,,0.250926,0.0,,,,2707506.9816,,261357288.0,,,,,,,,,,,,,,,,,,,
2007-06-30,,,,,,,116231108.0445,308832629.2845,,,0.0,251673264.81,88129233.549,0.0,,,,,,,548920441.1445,,,,,,,,,,,,,1290368565.9405,,,284831223.4935,547297253.568,512423527.092,,,116231108.0445,,,,,,,,,,,1269444691.9815,0.323149,57159364.4745,,14579551.5765,,,235689316.3695,36232084.1475,,,,271103400.0,,135442156.7655,,,,,,,,93934505.799,1623187.5765,,,88129233.549,,,,,,0.0,,1623187.5765,,,,,,,,,,,,,,,,5665345.0395,,,88129233.549,,,-32232339.0075,,195791318.7495,,,,,,0.0,,,,15720099.387,,,,103836817.575,,252598884.486,,41507650.9665,,,274078277.7585,0.0,12985485.405,,,,,,1819031389.8135,65693069.061,,,528662823.873,,,,,,969925399.7595,,,982910885.1645,,,,,,,,,,,,,,236986891.662,30850912.317,,,0.342158,0.0,,,,2727763.2285,,262369600.0,,,,,,,,,,,,,,,,,,,
2007-09-30,,,,,,,134199411.288,345978629.6,,,0.0,281939634.456,109725256.136,0.0,,,,,,,672878447.496,,,,,,,,,,,,,1540043372.744,,,294031102.232,671252752.496,622940717.664,,,134199411.288,,,,,,,,,,,1417772301.28,0.39354,64038995.144,,14602080.568,,,219607028.752,40422232.472,,,,273577568.0,,147740223.168,,,,,,,,99778408.952,1625695.0,,,109725256.136,,,,,,0.0,,1625695.0,,,,,,,,,,,,,,,,13583524.088,,,109725256.136,,,-31776630.92,,209487953.472,,,,,,0.0,,,,19526817.64,,,,129284808.808,,262254471.312,,47961814.216,,,280745858.976,0.0,13005552.504,,,,,,2091840978.648,65453100.552,,,551797605.904,,,,,,1189444778.44,,,1202450330.944,,,,,,,,,,,,,,350084661.048,29046827.592,,,0.41228,0.0,,,,2739840.472,,264560696.0,,,,,,,,,,,,,,,,,,,
2007-12-31,398895873.07668,1065947506.70804,,,,,-205455742.36348,396831748.20084,490704.13884,,-269970247.46064,327787779.59164,139274881.49268,1065947506.70804,,93451843.0176,-127028584.001,923777873.32312,,,674633985.24784,1289127635.61684,,177556719.29392,,,1627330.75636,,,-8371628.98508,,,,1549864970.55024,,141376915.32364,319514746.42648,673006654.49148,632498232.67228,,,-205455742.36348,-51936087.1918,,,,-22411890.47396,227836094.6976,1549864970.55024,,,,1452202450.20032,,69043968.6092,398895873.07668,14616822.23296,674633985.24784,,261058290.92828,93451843.0176,88172315.6,359249779.42608,398895873.07668,,632498232.67228,533243521.95512,,1.512703,,5169417.94676,,236565446.1452,845605722.80276,113171116.299,1627330.75636,,-72272838.20032,139274881.49268,,,58089316.78756,2127996869.3214,,5169417.94676,381806032.891,1627330.75636,578131898.77116,90687198.9662,,,,,1452202450.20032,,,,,,,26316543.39492,,13428337.3682,,,139274881.49268,,,-51936087.1918,1.458946,227836094.6976,,2746147.58884,,486278363.42708,261058290.92828,486278363.42708,,263419632.0,1207324422.03168,11175705.73156,,68100322.60592,,150419621.31024,1052562189.47164,267578659.23468,673006654.49148,55657284.51792,267578659.23468,155100859.54344,348318516.15472,359249779.42608,141376915.32364,1627330.75636,-1564748.136,348318516.15472,,14616822.23296,2127996869.3214,68100322.60592,,220341783.90528,578131898.77116,,,,-141376915.32364,24484261.31408,1065947506.70804,272971120.0,,1207324422.03168,231236295.31916,,,,,-269970247.46064,456981172.07024,1065947506.70804,16390181.53852,,,,,231236295.31916,24484261.31408,35347930.6802,,,0.0,128784316.14852,319514746.42648,,2746147.58884,,,,,,,,,,,,,,,,,,,,,
2008-03-31,,,,,,,136517191.4748,366733153.084,,,0.0,298722981.07784,98868612.35152,0.0,,,,,,,693316608.5748,,,,,,,,,,,,,1659677047.09512,,,313121872.0396,692503949.51152,730581942.64088,,,136517191.4748,,,,,,,,,,,1572763022.4648,0.350668,68010172.00616,,14598680.54808,,,333496692.76344,48930466.39336,,,,276169216.0,,162205789.60304,,,,,,,,108665813.38976,812659.06328,,,98868612.35152,,,,,,0.0,,812659.06328,,,,,,,,,,,,,,,,18856589.59112,,,98868612.35152,,,-51901725.45088,,218094476.96008,,,,,,0.0,,,,37757903.37896,,,,136655480.90728,,261220146.58872,,53539976.21328,,,353273680.65416,0.0,244722858.31496,,,,,,2267267589.0232,113677237.8312,,,607590541.92808,,,,,,995835170.99112,,,1240558029.30608,,,,,,,,,,,,,,290299802.464,-6713384.56608,,,0.368201,0.0,,,,2750913.31304,,265772920.0,,,,,,,,,,,,,,,,,,,
2008-06-30,,,,,,,154055170.30493,401666706.13591,,,0.0,322038258.73146,119250655.62066,0.0,,,,,,,589637407.30962,,,,,,,,,,,,,1704506596.62994,,,317382283.37782,588825347.6009,910130458.78771,,,154055170.30493,,,,,,,,,,,1716001838.71945,0.430067,79628447.40445,,14587912.01298,,,337560886.7332,53278201.23139,,,,277188128.0,,167983088.42653,,,,,,,,111123703.60547,812059.70872,,,119250655.62066,,,,,,0.0,,812059.70872,,,,,,,,,,,,,,,,24584330.28254,,,119250655.62066,,,-51907394.59082,,209306964.00562,,,,,,0.0,,,,41578374.33497,,,,161080361.53057,,265474888.787,,56859384.82106,,,276619519.83323,0.0,162075500.75051,,,,,,2307077660.32858,113201298.89304,,,602571063.69864,,,,,,1117573475.11181,,,1279648975.86232,,,,,,,,,,,,,,258927626.53628,-86731467.6457,,,0.44757,0.0,,,,2753994.07936,,266714912.0,,,,,,,,,,,,,,,,,,,
2008-09-30,,,,,,,134645750.77952,400331634.23104,,,0.0,313212678.4128,105360041.5968,0.0,,,,,,,588838364.87808,,,,,,,,,,,,,1702196748.10496,,,313787920.2848,588027405.6256,848142804.93312,,,134645750.77952,,,,,,,,,,,1713676412.5088,0.378616,87118955.81824,,14568143.32032,,,337103443.7888,53206001.70176,,,,275579584.0,,178566927.63328,,,,,,,,116806084.90176,810959.25248,,,105360041.5968,,,,,,0.0,,810959.25248,,,,,,,,,,,,,,,,11536829.17184,,,105360041.5968,,,-48672787.6768,,209023323.34208,,,,,,0.0,,,,21783247.57056,,,,127129884.54272,,265115132.608,,61760842.73152,,,276244661.09632,0.0,161855865.42784,,,,,,2303951242.43072,113047895.05536,,,601754494.32576,,,,,,1116059004.32704,,,1277914869.75488,,,,,,,,,,,,,,258576742.82752,-25859636.36928,,,0.391111,0.0,,,,2750262.02624,,267202064.0,,,,,,,,,,,,,,,,,,,
2008-12-31,444338164.0,1069827364.0,,,,237943497.0,279048885.55136,786884771.06752,0.0,,-498726937.0,626913803.43456,219658777.35776,1069827364.0,,58046062.0,-165285145.0,694187293.0,,,629478118.0,1482004632.0,,235800504.0,,,812500.0,-9784687.0,-92578544.0,2802900.0,,,,1631307004.0,,176585908.0,434416791.0,626037525.0,1060620258.0,,,279048885.55136,-88299708.0,,,,-6703372.0,169998765.0,1631307004.0,,,,1931088198.0,,159970967.63296,444107873.0,63689736.0,626850025.0,,274302454.0,58046062.0,,425593727.0,444107873.0,,1060620258.0,347864917.8832,,1.665,812500.0,0.0,,326610463.0,1064418278.0,230607588.89376,2628093.0,812500.0,-112266834.0,219889068.35776,187576416.0,,102913404.0,2560566316.0,,0.0,458386789.0,3440593.0,929259312.0,35931584.0,187576416.0,,,,1931088198.0,,,,,,,2625968.0,,18856750.8048,128517475.0,,219658777.35776,,383443499.0,-88299708.0,1.6125,0.0,,2761259.0,,590878872.0,274302454.0,590878872.0,,266822760.0,1246413272.0,39608126.69696,,111510231.0,,259259608.6944,1155394169.0,346117083.0,626037525.0,117257328.98944,346117083.0,461206876.0,0.0,425593727.0,176585908.0,812500.0,0.0,367044095.0,,63689736.0,2560566316.0,136008994.0,,5409086.0,929259312.0,,,,-333441792.0,-175929389.0,1069827364.0,275396392.0,,1246413272.0,138657593.0,,,,,-498726937.0,547251568.0,1069827364.0,-72088208.0,,,,,138657593.0,-175929389.0,54944595.0,,,0.0,461206876.0,434416791.0,,2761259.0,,,,,,,,,,,,,,,,,,,,,
2009-03-31,,,,,,,135238905.0,400577420.0,,,,310606972.0,121392280.0,,,,,,,,650281889.0,,,,,,,,,,,,,1796984814.0,,,,650281889.0,1182012538.0,,,135238905.0,,,,,,,,,,,2119097791.0,0.44625,89970448.0,,63689736.0,,,332378582.0,62746010.0,,,,271656856.0,,175368067.0,,,0.0,,,,,112045349.0,0.0,,,121392280.0,,,,,,0.0,,0.0,,,,,,,,,,,,,,,,9583089.0,,,121392280.0,,424270361.0,,,23427869.0,,,,,,,,,,26792879.0,,,,148185159.0,,352862570.0,,63322718.0,,,114749654.0,,108000000.0,,,,,,2772098528.0,110863178.0,,,975113714.0,,,,,,1264513770.0,,,1372513770.0,,,,,,,,,,,,,,232615214.0,-146636066.0,,,0.4525,,,,,2766286.0,,267917560.0,,,,,,,,,,,,,,,,,,,
2009-06-30,,,,,,,163678034.0,476286925.0,,,,368225464.0,158858808.0,,,,,,,,854748199.0,,,,,,,,,,,,,1737893193.0,,,,854748199.0,1340871346.0,,,163678034.0,,,,,,,,,,,2395158587.0,0.5675,108061461.0,,322936838.0,,,392658712.0,69762952.0,,,,279784824.0,,204547430.0,162314375.0,,,,,,,128261648.0,0.0,,,160143493.0,,,,,,0.0,,0.0,,,,,,,,,,,,,,,,18276381.0,,,158858808.0,,632282851.0,,,211130020.0,,,,,,,,,,33393036.0,,,,186955392.0,,397440374.0,,76285782.0,,,0.0,,113175500.0,,,,,,3411899400.0,110216124.0,,,1674006207.0,,,,,,1075353097.0,,,1188528597.0,,,,,,,,,,,,,,294477061.0,-76830002.0,,,0.59125,,,,,0.0,,268596104.0,,,,,,,,,,,,,,,,,,,
2009-09-30,,,,,,,199197549.0,545429135.0,,,,421076429.0,188516721.0,,,,,,,,950816041.0,,,,,,,,,,,,,2012439413.0,,,,950816041.0,1529388067.0,,,199197549.0,,,,,,,,,,,2655882862.0,0.6625,124352706.0,,322936838.0,,,419659326.0,81804478.0,,,,284818984.0,,221878880.0,,,,,,,,141120309.0,0.0,,,190927211.0,,,,,,0.0,,0.0,,,,,,,,,,,,,,,,2625101.0,,,188516721.0,,786105830.0,,,68481339.0,,,,,,,,,,26809547.0,,,,206163152.0,,473135623.0,,80758571.0,,,261977257.0,,167123775.0,,,,,,3772668114.0,109569071.0,,,1760228701.0,,,,,,1191983450.0,,,1359107225.0,,,,,,,,,,,,,,198784840.0,-77755001.0,,,0.69875,,,,,2791606.0,,269628128.0,,,,,,,,,,,,,,,,,,,
2009-12-31,666771308.0,1434618382.0,,,,658051285.0,459045657.0,1100845916.0,0.0,,,882657310.0,311598093.0,,,88254996.0,-178146816.0,850037963.0,276792049.0,,1170051399.0,1988006958.0,,308451348.0,,,11509937.0,-143175414.0,111326932.0,-14343474.0,,,,2306295816.0,,180183917.0,690104002.0,1158541462.0,1707684596.0,,,459045657.0,-139597407.0,,,,219778233.0,143195191.0,2306295816.0,,,,2925047919.0,,218188606.0,658973622.0,322936838.0,1170051399.0,,420579005.0,88254996.0,,849441367.0,658973622.0,,1707684596.0,423611653.0,,2.4525,0.0,0.0,,450602773.0,1069827364.0,272204658.0,0.0,0.0,0.0,315700604.0,,,131658085.0,4156759697.0,,0.0,541586615.0,11509937.0,1850463881.0,49125713.0,,,,-178156916.0,2925047919.0,,,,,,11509937.0,8135635.0,9123201.0,39899798.0,130528827.0,,311598093.0,,801246476.0,-139597407.0,2.33625,0.0,11509937.0,0.0,,1027588183.0,420579005.0,,,268738672.0,1614802299.0,71455502.0,,175773972.0,,372441430.0,1537404185.0,550506595.0,1158541462.0,151406995.0,550506595.0,687366222.0,276792049.0,,180183917.0,0.0,-56971348.0,276792049.0,,322936838.0,4156759697.0,175773972.0,,364791018.0,1850463881.0,,,,-358215242.0,-77742443.0,1434618382.0,282002680.0,,1614802299.0,291045743.0,,,,,-762367121.0,765559974.0,1434618382.0,96857641.0,,,,,291045743.0,-77742443.0,60801280.0,,,,687366222.0,690104002.0,,2801334.0,,,,,,,,,,,,,,,,,,,,,
2010-03-31,,,,,,,196441733.0,586721873.0,,,,458344365.0,190445431.0,,,,,,,,1617459385.0,,,,,,,,,,,,,4016873140.0,,,,1606455513.0,1898130027.0,,,196441733.0,,,,,,,,,,,4833293164.0,0.65125,128377508.0,,322936838.0,,,501919455.0,95105131.0,,,,292489376.0,,261902632.0,,,,,,,,161180812.0,0.0,,,189282573.0,,,,,,0.0,,11003872.0,,,,,,,,,,,,,,,,581797.0,,,190445431.0,,1359067300.0,,,0.0,11003872.0,,,,,,,,,24314306.0,,,,202360581.0,,623460333.0,,100721820.0,,,234044801.0,,137608859.0,,,,,,6495972354.0,173634743.0,,,2479099214.0,,,,,,3093630609.0,,,3231239468.0,,,,,,,,,,,,,,465865801.0,-634195.0,,,0.69125,,,,,2916471.0,,275738672.0,,,,,,,,,,,,,,,,,,,
2010-06-30,,,,,,,257378183.0,695180390.0,,,,544025541.0,235211413.0,,,,,,,,1755472575.0,,,,,,,,,,,,,3822624962.0,,,,1706291695.0,2133341440.0,,,257378183.0,,,,,,,,,,,5156900359.0,0.775,151154849.0,,758231441.0,,,647605152.0,103249360.0,,,,303338280.0,,286647358.0,,,,,,,,177353384.0,0.0,,,237145504.0,,,,,,0.0,,49180880.0,,,,,,,,,,,,,,,,15980806.0,,,235211413.0,,1398199671.0,,,0.0,49180880.0,,,,,,,,,52389816.0,,,,282313139.0,,612880727.0,,109293974.0,,,487229567.0,,1038322278.0,,,,,,6995452226.0,403515425.0,,,3172827264.0,,,,,,1539479378.0,,,2577801656.0,,,,,,,,,,,,,,625913266.0,16883180.0,,,0.8225,,,,,2920614.0,,286054608.0,,,,,,,,,,,,,,,,,,,
2010-09-30,,,,,,,308021649.0,812204703.0,,,,636004960.0,320139161.0,,,,,,,,1764141808.0,,,,,,,,,,,,,4189323502.0,,,,1718603782.0,2453480601.0,,,308021649.0,,,,,,,,,,,5829883366.0,1.0525,176199743.0,,758231441.0,,,681675655.0,112486338.0,,,,304040696.0,,327983311.0,,,,,,,,204783539.0,,,,323140494.0,,,,,,,,45538026.0,,,,,,,,,,,,,,,,44345553.0,,,320139161.0,,1711205601.0,,,,45538026.0,,,,,,,,,62186716.0,,,,362135105.0,,620476327.0,,123199772.0,,,472594721.0,,1261505559.0,,,,,,7680105799.0,400868928.0,,,3490782297.0,,,,,,1648035779.0,,,2909541338.0,,,,,,,,,,,,,,580225956.0,291004259.0,,,1.1175,,,,,2925256.0,,286525672.0,,,,,,,,,,,,,,,,,,,
2010-12-31,1051991699.0,2153935111.0,,,,1730087245.0,292283722.0,787126531.0,150000.0,,,617597289.0,302273735.0,,,121319301.0,-165962045.0,1201846868.0,,,1926281225.0,2881233497.0,,453853000.0,,,45382710.0,-179508575.0,186294824.0,-18127580.0,,,,4570908450.0,,1178278063.0,842479225.0,1880898515.0,2734858610.0,,,292283722.0,-188800245.0,,,,263236035.0,0.0,4570908450.0,,,,6103692771.0,,169529242.0,1048069740.0,758231441.0,1926281225.0,,621548849.0,121319301.0,1564203741.0,1384255787.0,1048069740.0,,2734858610.0,325313567.0,,3.7025,,0.0,,625261342.0,1434618382.0,204676133.0,0.0,,0.0,302423128.0,,,205016961.0,8116204013.0,,0.0,747993868.0,45382710.0,3545295563.0,65451618.0,,,,-636643782.0,6103692771.0,,,,,,45382710.0,9742475.0,,38217360.0,242561458.0,,302273735.0,,1730087245.0,-188800245.0,3.48625,0.0,45382710.0,2926132.0,,1550217832.0,621548849.0,,,283083608.0,3332213174.0,66126123.0,,403297897.0,,344027843.0,2255972155.0,653678980.0,1880898515.0,120637434.0,653678980.0,1054125287.0,595737152.0,,1178278063.0,0.0,-104698534.0,595737152.0,,758231441.0,8116204013.0,403297897.0,,719316729.0,3545295563.0,,,,-1533096133.0,198972084.0,2153935111.0,300616448.0,,3332213174.0,595283281.0,,,,,-2440400494.0,1190836668.0,2153935111.0,1625347819.0,,,,,595283281.0,198972084.0,99125516.0,,,,1054125287.0,842479225.0,,2926132.0,,,,,,,,,,,,,,,,,,,,,
2011-03-31,,,,,,,262741672.0,764523010.0,,,,599816111.0,234908333.0,,,,,,,,1678051962.0,,,,,,,,,,,,,4655069577.0,,,,1632824570.0,2969766943.0,,,262741672.0,,,,,,,,,,,6255963278.0,0.77125,164706899.0,,758231441.0,,,690045097.0,130073077.0,,,,304481712.0,,337074439.0,,,,,,,,206787729.0,0.0,,,236627440.0,,,,,,0.0,,45227392.0,,,,,,,,,,,,,,,,12924512.0,,,234908333.0,,1569179011.0,,,0.0,45227392.0,,,,,,,,,62849199.0,,,,294679757.0,,638836798.0,,130286710.0,,,455574918.0,,1295137083.0,,,,,,8021964364.0,400647537.0,,,3366894787.0,,,,,,2049804216.0,,,3344941299.0,,,,,,,,,,,,,,622248619.0,31651310.0,,,0.81875,,,,,2930063.0,,287128840.0,,,,,,,,,,,,,,,,,,,
2011-06-30,,,,,,,268378753.0,833027708.0,,,,643263928.0,263702372.0,,,,,,,,2043626840.0,,,,,,,,,,,,,5345316920.0,,,,1994886265.0,3233469315.0,,,268378753.0,,,,,,,,,,,6613905091.0,0.8625,189763780.0,,788196542.0,,,793671121.0,137794878.0,,,,305901616.0,,374885175.0,724424981.0,,,,,,,238061906.0,0.0,,,265671280.0,,,,,,0.0,,48740575.0,,,,,,,,,,,,,,,,17520128.0,,,263702372.0,,1412844621.0,,,156981178.0,48740575.0,,,,,,,,,47954023.0,,,,308944193.0,,643444995.0,,136823269.0,,,0.0,,572772160.0,,,,,,8759459296.0,412675040.0,,,3414142376.0,,,,,,3332218515.0,,,3904990675.0,,,,,,,,,,,,,,672536795.0,14953560.0,,,0.91625,,,,,0.0,,287700984.0,,,,,,,,,,,,,,,,,,,
2011-09-30,,,,,,,304292261.0,974700811.0,,,,748574749.0,325280298.0,,,,,,,,2212553999.0,,,,,,,,,,,,,5877992574.0,,,,2164029366.0,3558749613.0,,,304292261.0,,,,,,,,,,,6856535697.0,1.0675,226126062.0,,798601767.0,,,859767242.0,148659930.0,,,,304823840.0,,444282488.0,738008367.0,,,,,,,282703177.0,0.0,,,328190200.0,,,,,,0.0,,48524633.0,,,,,,,,,,,,,,,,54347195.0,,,325280298.0,,1271948031.0,,,157983472.0,48524633.0,,,,,,,,,82055004.0,,,,389872967.0,,650687294.0,,161579311.0,,,0.0,,1124602452.0,,,,,,9169913324.0,412700186.0,,,3291920750.0,,,,,,2900100504.0,,,4024702956.0,,,,,,,,,,,,,,736318369.0,-164319915.0,,,1.1275,,,,,0.0,,288393952.0,,,,,,,,,,,,,,,,,,,
2011-12-31,1084960155.0,3503428418.0,,,,1305145043.0,493323156.0,1690356109.0,-10404359.0,,,1301116167.0,487432227.0,,,161838531.0,-218194142.0,1626960674.0,1090852066.0,,2616368945.0,3498084628.0,,601485367.0,,,48308692.0,-166668439.0,166395703.0,-3388535.0,,,,6398542515.0,,1288471562.0,928474808.0,2568060253.0,3806608747.0,,,493323156.0,-244570938.0,,-158761225.0,,391036345.0,155360492.0,6398542515.0,,,,7042294864.0,,389239942.0,1076414897.0,798601767.0,2616368945.0,,789036329.0,161838531.0,0.0,1633120765.0,1076414897.0,,3806608747.0,807793011.0,1090852066.0,3.74,0.0,0.0,,805129784.0,2153935111.0,504710224.0,0.0,,,491098675.0,,,262186225.0,9761434778.0,,0.0,1025475307.0,48308692.0,3362892263.0,342791357.0,0.0,,,-27532356.0,7042294864.0,,,,,,48308692.0,89876523.0,,45756402.0,342791357.0,,487432227.0,,1305145043.0,-244570938.0,3.5375,155360492.0,48308692.0,0.0,,1851314907.0,789036329.0,,,287816504.0,4791899980.0,132177198.0,,419881091.0,,590803390.0,2692954844.0,683903870.0,2568060253.0,303082787.0,683903870.0,1065994170.0,0.0,,1288471562.0,0.0,5527208.0,0.0,,798601767.0,9761434778.0,419881091.0,,1349493307.0,3362892263.0,,,,-99747972.0,-172466277.0,3503428418.0,304247792.0,,4791899980.0,763256074.0,,,,,-339947262.0,1289620550.0,3503428418.0,-114749048.0,,,,,763256074.0,-172466277.0,117623725.0,,,,1065994170.0,928474808.0,,2939527.0,,,,,,,,,,,,,,,,,,,,,
2012-03-31,,,,,,,176556188.0,910808391.0,,,,684851651.0,169053001.0,,,,,,,,2588310203.0,,,,,,,,,,,,,6586876311.0,,,,2540217453.0,3975661748.0,,,176556188.0,,,,,,,,,,,7323980631.0,0.555,225956740.0,,798601767.0,,,832743004.0,173441232.0,,,,304426488.0,,508295463.0,880348965.0,,,,,,,312079313.0,0.0,,,171130848.0,,,,,,0.0,,48092750.0,,,,,,,,,,,,,,,,9437752.0,,,169053001.0,,1328462640.0,,,158347808.0,48092750.0,,,,,,,,,64797513.0,,,,231767293.0,,686403058.0,,196216150.0,,,0.0,,1977502865.0,,,,,,9975699853.0,417008269.0,,,3388823542.0,,,,,,2964876678.0,,,4942379543.0,,,,,,,,,,,,,,970132455.0,-253617950.0,,,0.58875,,,,,0.0,,287295968.0,,,,,,,,,,,,,,,,,,,
2012-06-30,,,,,,,-8506316.0,62816657.0,,,,47604510.0,-49383302.0,,,,,,,,3558895000.0,,,,,,,,,,,,,7044529000.0,,,,3505335000.0,,,,-8506316.0,,,,,,,,,,,6848406000.0,,15212147.0,,,,,1045489000.0,,,,,,,56110826.0,,,,,,,,43982962.0,53560000.0,,,-49596214.0,,,,,,717820000.0,,53560000.0,,,381110000.0,,,,,,,,,,,,,46928660.0,,,-49383302.0,,,,,,,,,,,,,,,51760197.0,,,,24514555.0,,,,12127864.0,,,3124225000.0,,1630600000.0,,,,,,10473305000.0,,,,3428776000.0,,,,,,2850208000.0,,,4480808000.0,,,,,,,,,,,,,,,,,,,,,,,,,,,,,,,,,,,,,,,,,,,,
2012-09-30,,,,,,,30246440.0,186641189.0,,,,141140820.0,30838976.0,,,,,,,,5348008328.0,,,,,,,,,,,,,7436396169.0,,,,4163273976.0,4328462585.0,,,30246440.0,,,,,,,,,,,5824409704.0,0.1125,45500369.0,,801585341.0,,,1050091257.0,201193567.0,,,,274270712.0,,110894380.0,1223772416.0,,1131264000.0,,,,,72190694.0,0.0,,,31137870.0,,,,,,0.0,,1184734352.0,,,947080758.0,,,,,,,,,,,,,971386.0,,,30838976.0,,1435620564.0,,,0.0,53470352.0,,,,,,,,,9450491.0,,,,39825878.0,,736282355.0,,38703686.0,,,0.0,,1251016553.0,,,,,,11231964230.0,434710192.0,,,3795568061.0,,,,,,2849990911.0,,,4101007464.0,,,,,,,,,,,,,,965431397.0,-64159376.0,,,0.11625,,,,,0.0,,266297200.0,,,,,,,,,,,,,,,,,,,
2012-12-31,690510763.0,3421532962.0,,,,1437247949.0,119906922.0,1101355266.0,-646234806.0,,,816650520.0,192552026.0,,,217548153.0,-543123309.0,2466394344.0,1414865769.0,,5084871395.0,4158791249.0,,911904722.0,,,1174727153.0,-193874838.0,255160851.0,-22757864.0,,,,7643219513.0,,1408664335.0,1234596475.0,3910144242.0,4515841767.0,,,119906922.0,-322484031.0,,-1733127675.0,,533638093.0,50404889.0,7643219513.0,,,,6489632075.0,0.68875,284704746.0,714405864.0,822585341.0,5084871395.0,,983804403.0,217548153.0,0.0,1111244497.0,714405864.0,285752632.0,4515841767.0,696743598.0,1414865769.0,2.60875,1121418000.0,22249774.0,,1037791093.0,3503428418.0,432643964.0,0.0,1121418000.0,,162835652.0,453478628.0,,294525956.0,11669751008.0,,22249774.0,1554489622.0,1174727153.0,4026531495.0,431721322.0,453478628.0,,,-14461919.0,6489632075.0,,,,,,53309153.0,99001189.0,,58378812.0,431721322.0,,192552026.0,,1437247949.0,-322484031.0,2.49,50404889.0,53309153.0,2979144.0,,1654367806.0,983804403.0,,,273894088.0,4830197297.0,53776285.0,,321483420.0,,212346897.0,3121000156.0,1234596475.0,3910144242.0,264099634.0,1234596475.0,654605812.0,0.0,,1408664335.0,0.0,-558620548.0,0.0,,822585341.0,11669751008.0,321483420.0,,-81895456.0,4026531495.0,,,,-123698692.0,44443837.0,3421532962.0,288726280.0,,4830197297.0,1023672151.0,,,,,-1239904468.0,950693719.0,3421532962.0,-515563521.0,,,,,1023672151.0,44443837.0,130287943.0,,0.745,,654605812.0,1234596475.0,,2979144.0,,258258392.0,,,,,,,,,,,,,,,,,,,
2013-03-31,,,,,,,160016746.0,1160508134.0,,,,856336447.0,153471473.0,,,,,,,,5453200863.0,,,,,,,,,,,,,8237728492.0,,,1412242196.0,4282108909.0,4669313240.0,,,160016746.0,,,,,,,,,,,6747131691.0,0.54875,304171687.0,,828989339.0,,,1254443621.0,228917574.0,,,,288120864.0,,696319701.0,1330890648.0,,1117944000.0,,,,,428787084.0,0.0,,,128974954.0,,,,,,0.0,,1171091954.0,,,452201931.0,,,,,,,,,,,,,7689137.0,,,153471473.0,,1413670522.0,,,0.0,53147954.0,,,,,,,,,61378155.0,,,,190265303.0,,1412242196.0,,267532617.0,,,0.0,,1487624662.0,,,,,,12403793562.0,319630175.0,,,4166065070.0,,,,,,3939763848.0,,,5427388510.0,,,,,,,,,,,,,,1472683797.0,21068350.0,,,0.59125,,,,,2993488.0,,259512104.0,,,,,,,,,,,,,,,,,,,
2013-06-30,,,,,,,35923927.0,84347569.0,,,,79408194.0,56909621.0,,,,,,,,6160021582.0,,,,,,,,,,,,,9317847446.0,,,1440881979.0,5002274927.0,4879694334.0,,,35923927.0,,,,,,,,,,,7130309896.0,,4939375.0,,828989339.0,,,1545038631.0,251719921.0,,,,,,43484267.0,1834217371.0,,1104732000.0,,,,,1165160.0,0.0,,,59139325.0,,,,,,0.0,,1157746655.0,,,446631874.0,,,,,,3932234.0,,,,,,,16367104.0,,,56909621.0,,1368876743.0,,,0.0,53014655.0,,,,,,,,,9040943.0,,,,72793947.0,,1440881979.0,,42319107.0,,,0.0,,3225957978.0,,,,,,13471475671.0,318007012.0,,,4153628225.0,,,,,,2750523923.0,,,5976481901.0,,,,,,,,,,,,,,1532591707.0,18844561.0,,,,,,,,3007548.0,,,,,,,,,,,,,,,,,,,,,
2013-09-30,,,,,,,299541399.0,1540975612.0,,,,1161853903.0,372987716.0,,,,,,,,6764478341.0,,,,,,,,,,,,,10195191117.0,,,1476212239.0,5599671769.0,5252682050.0,,,299541399.0,,,,,,,,,,,7760121112.0,1.2175,379121709.0,,944779314.0,,,1552182097.0,263195944.0,,,,309962784.0,,862312504.0,1932614867.0,,1101600000.0,,,,,526850675.0,0.0,,,352536887.0,,,,,,0.0,,1164806572.0,,,536996185.0,,,,,,,,,,,,,67808945.0,,,372987716.0,,1528385821.0,,,0.0,63206572.0,,,,,,,,,92166420.0,,,,419962610.0,,1476212239.0,,335461829.0,,,0.0,,2910609793.0,,,,,,14729392817.0,358219821.0,,,4534201700.0,,,,,,3074316806.0,,,5984926599.0,,,,,,,,,,,,,,1595409419.0,88984309.0,,,1.4175,,,,,3023467.0,,263098208.0,,,,,,,,,,,,,,,,,,,
2013-12-31,906402585.0,7138344814.0,,,,2857213480.0,182942866.0,1440406093.0,-578031952.0,,,1046043484.0,261479401.0,,,284668935.0,-651765217.0,3161536791.0,2451931450.0,,12088388503.0,5386745542.0,,1245719192.0,,,5720379805.0,-487446257.0,537669487.0,-35871972.0,,,57043756.0,14365719868.0,,3635090955.0,1520420487.0,6368008698.0,5498934733.0,,,317066979.0,-389308423.0,,0.0,,1068698999.0,151334628.0,14365719868.0,,,,8530395531.0,0.8425,394362609.0,998319684.0,972531184.0,12088388503.0,,1518230029.0,284668935.0,,1801062135.0,998319684.0,314322928.0,5498934733.0,863100618.0,2451931450.0,3.7925,5657182650.0,32767408.0,,1386767067.0,3421532962.0,530227596.0,0.0,5657182650.0,,236776465.0,774599341.0,,293740322.0,20818474462.0,,32767408.0,1915817599.0,5720379805.0,6452754594.0,437929477.0,774599341.0,,,-119739607.0,8530395531.0,,45765307.0,,,,63197155.0,121040782.0,17352846.0,63568051.0,437929477.0,,261479401.0,,2857213480.0,-389308423.0,3.32875,151334628.0,63197155.0,3033490.0,,2452827352.0,1518230029.0,,,263244808.0,10773435769.0,69776649.0,,356653022.0,,271301672.0,3999978475.0,1520420487.0,6368008698.0,332873022.0,1520420487.0,1201632591.0,0.0,,3635090955.0,0.0,31954414.0,0.0,,972531184.0,20818474462.0,356653022.0,,3716811852.0,6452754594.0,,,-4706419.0,-3363946166.0,491083810.0,7138344814.0,304558728.0,,10773435769.0,1637545824.0,,,,,-4086143730.0,1144588835.0,7138344814.0,5315974964.0,,,,,1637545824.0,491083810.0,163122374.0,,0.9725,,838441684.0,1520420487.0,,3033490.0,,268846120.0,,,,,,,,,,,,,,,,,,,
2014-03-31,,,-234211614.0,,-28000355.0,,70947131.0,1581788122.0,,,-424062806.0,1132376235.0,115351753.0,6930728084.0,446820445.0,,,,,,12676853597.0,,,,121644243.0,,,,,,,,,14686496027.0,,,1617841712.0,6795409522.0,5614286486.0,-103710403.0,-8789297.0,184741429.0,,121644243.0,,,,,,,,,8450369955.0,0.375,449411887.0,,1180513074.0,,4496438.0,1578612951.0,326356756.0,,,,315970960.0,,1061429104.0,2082398077.0,,5809225800.0,,,,,620775647.0,0.0,,,88361565.0,,,,,,0.0,,5881444075.0,,,947766159.0,,-67681497.0,,,29686596.0,32998931.0,,,,,,,-14298252.0,,,115351753.0,0.0,2739370065.0,,,191550417.0,72218275.0,,,,,191529406.0,-207616730.0,,,46686845.0,,,-126666133.0,115816419.0,,1617841712.0,,440653457.0,,,0.0,123847909.0,3874040537.0,,,,-61686339.0,,21389664455.0,426640957.0,,,6703168428.0,,,,,,6930728084.0,,,10804768621.0,,,,,,,,,,,,,35926079.0,2082438868.0,195330589.0,,,0.42375,7138344814.0,,,,3053078.0,,271956000.0,,,,,,,,,,,,,,,,,,,
2014-06-30,,,,,,,90919659.0,1722260930.0,,,,1243659537.0,134888180.0,,,,,,,,14758637787.0,,,,,,,,,,,,,14692164213.0,,,2201313155.0,8889368812.0,5749174666.0,,,179462837.0,,,,,,,,,,,8588883631.0,0.43875,478601393.0,,1180513074.0,,,1998512645.0,373838765.0,,,,315970960.0,,1152739878.0,3071903156.0,,5797264200.0,,,,,673477684.0,0.0,,,111895423.0,,,,,,0.0,,5869268975.0,,,1540973395.0,,,,,,33693033.0,,,,,,,5265556.0,,,134888180.0,,3030398888.0,,,189131150.0,72004775.0,,,,,,,,,47090068.0,,,,145769804.0,,2201313155.0,,479262194.0,,,0.0,,3012465793.0,,,,,,23773445204.0,426170269.0,,,9081280991.0,,,,,,6548622152.0,,,9561087945.0,,,,,,,,,,,,,,2171110809.0,321183353.0,,,0.49625,,,,,3069141.0,,271956000.0,,,,,,,,,,,,,,,,,,,
2014-09-30,,,,,,,88242546.0,2129570543.0,,,,1540590313.0,216924554.0,,,,,,,,18304855428.0,,,,,,,,,,,,,16194112928.0,,,3584654872.0,10253664153.0,5966099220.0,,,267761830.0,,,,,,,,,,,9426589320.0,0.68875,588980230.0,,1185513074.0,,,2017679173.0,410536094.0,,,,319245656.0,,1452347767.0,3381752999.0,,7979400000.0,,,,,840102264.0,0.0,,,188486662.0,,,,,,0.0,,8051191275.0,,,2377417044.0,,,,,,45175681.0,,,,,,,107538979.0,,,216924554.0,,5067386530.0,,,187195951.0,71791275.0,,,,,,,,,50423327.0,,,,222586149.0,,3584654872.0,,612245503.0,,,0.0,,3225218438.0,,,,,,28267486269.0,425307831.0,,,12073373341.0,,,,,,6969956248.0,,,10195174686.0,,,,,,,,,,,,,,2152769646.0,660198444.0,,,0.79375,,,,,3081448.0,,273335960.0,,,,,,,,,,,,,,,,,,,
2014-12-31,91622345.0,5300887799.0,,,,5318756447.0,-400906480.0,1913298774.0,102600824.0,,,1329685871.0,-224424706.0,,,430852908.0,-4797676371.0,5397109100.0,3937477522.0,,20913189425.0,7346918369.0,,2321348753.0,,,8198486644.0,-261973182.0,585953759.0,-97573997.0,,,162354675.0,17076682924.0,,6438854587.0,5325195329.0,12714702781.0,5726024997.0,,,-298247182.0,-535470330.0,,-446155147.0,,1423753274.0,117767262.0,17076682924.0,,,,9529179295.0,-0.80125,583612903.0,242739781.0,1892507708.0,20913189425.0,,1826765949.0,430852908.0,,-2839072515.0,242739781.0,280261184.0,5726024997.0,1730592351.0,3937477522.0,0.885,8065980000.0,58815332.0,,2100606413.0,7138344814.0,941404752.0,0.0,8065980000.0,,-297121305.0,3560488641.0,,130821156.0,31290917013.0,,58815332.0,3075760347.0,8198486644.0,14214234089.0,529643489.0,3560488641.0,,,-91928451.0,9529179295.0,,50487030.0,,,,132506644.0,182121001.0,0.0,45500152.0,496643489.0,,-224424706.0,,5318756447.0,-535470330.0,0.79375,117767262.0,132506644.0,3085272.0,,1958603856.0,1826765949.0,,,274313360.0,11739742386.0,-13379084.0,,668202371.0,,-348734212.0,5246311956.0,5325195329.0,12714702781.0,789187599.0,5325195329.0,297792835.0,173300293.0,,6438854587.0,0.0,401379759.0,173300293.0,,1892507708.0,31290917013.0,668202371.0,,-1837457015.0,14214234089.0,,,0.0,-4878185835.0,577678123.0,5300887799.0,305662864.0,,11739742386.0,2304111525.0,,,,,-9366410898.0,135438160.0,5300887799.0,5422195462.0,,,,,2304111525.0,577678123.0,144006435.0,,-0.80125,,-150797144.0,5325195329.0,,3085272.0,,280261184.0,,,,,,,,,,,,,,,,,,,
2015-03-31,,,-404858583.0,,748857536.0,,-180267358.0,2314776242.0,,,-1266902470.0,1610169928.0,-125986681.0,4311369022.0,1213478094.0,,,,,,21352200640.0,,,,158910698.0,,,,,,,,,16802161112.0,,,5360800480.0,13091838826.0,5600038316.0,0.0,-64889114.0,-70331426.0,,158910698.0,,,,,,,,,9528928326.0,-0.4475,704606314.0,,2560115471.0,,-30638076.0,2210788815.0,498639966.0,,,,281429152.0,,1790437286.0,3375465619.0,,8058700000.0,,,,,981990744.0,0.0,,,-183106103.0,,-425100400.0,,,,0.0,,8260361814.0,,,3115803370.0,,-214215472.0,,,-436638738.0,53078347.0,,,,,,,-15496474.0,,,-125986681.0,-1071726.0,5203328079.0,,,195065148.0,201661814.0,,,,,726752930.0,-989518777.0,,,6289394.0,,,-617190339.0,-186208269.0,,5360800480.0,,808446542.0,,,0.0,512537458.0,6842571354.0,,,,-382093647.0,,31943854079.0,998373386.0,,,15141692967.0,,,,,,4311369022.0,,,11153940376.0,,,,,,,,,,,,,62798496.0,3517158340.0,457998021.0,,,-0.4475,5300887799.0,,,,3107849.0,,281429152.0,,,,,,,,,,,,,,,,,,,
2015-06-30,,,-2394581735.0,,380473187.0,,60883292.0,2527136246.0,,,-3143919435.0,1797117215.0,142778422.0,12923666794.0,278381591.0,,,,,,34329995945.0,,,,153093945.0,,,,,,,,,26695907511.0,,,5454780382.0,17686793025.0,5742816738.0,-489561850.0,-19937302.0,287371491.0,,153093945.0,,,,,,,,,9699280910.0,0.45125,730019031.0,,2535966703.0,,-303310882.0,2708586983.0,542975155.0,,,,319525000.0,,1736233923.0,4767922969.0,,16430000000.0,,,,,939730043.0,0.0,,,98529195.0,,425100400.0,,,,0.0,,16643202920.0,,,5924906000.0,,-197987412.0,,,11061046248.0,58841079.0,,,,,,,11924843.0,,,142778422.0,-850523744.0,8558036064.0,,,1018119578.0,213202920.0,,,,,715552423.0,8612297772.0,,,31322795.0,,,-310019406.0,150331307.0,,5454780382.0,,796503880.0,,,0.0,517565011.0,6401326452.0,,,,-502784062.0,,45741806303.0,1063545732.0,,,19045898792.0,,,,,,12923666794.0,,,19324993246.0,,,,,,,,,,,,,78199105.0,3794225569.0,1024058624.0,,,0.50125,4311369022.0,,,,3122255.0,,285170432.0,,,,,,,,,,,,,,,,,,,
2015-09-30,,,,,,,405234326.0,3181600455.0,,,,2336022326.0,2415136281.0,,,,,,,,36365780356.0,,,,,,,,,,,,,25750457901.0,,,5417683422.0,18873778740.0,8157953019.0,,,2920778538.0,,,,,,,,,,,11821887859.0,6.63,845578129.0,,2719036781.0,,,3179848066.0,575420307.0,,,,375034992.0,,1930788000.0,5360571301.0,,16842340000.0,,,,,1099487232.0,0.0,,,2434223931.0,,,,,,0.0,,17492001616.0,,,5819378028.0,,,,,,95338026.0,,,,,,,2393697312.0,,,2415136281.0,,11855647100.0,,,1040172587.0,649661616.0,,,,,,,,,361093550.0,,,,2825440512.0,,5417683422.0,,831300768.0,,,0.0,,7231623333.0,,,,,,49250974526.0,1042417811.0,,,23500516625.0,,,,,,8946005987.0,,,16177629320.0,,,,,,,,,,,,,,4143374543.0,915770478.0,,,8.52125,,,,,3125951.0,,283442416.0,,,,,,,,,,,,,,,,,,,
2015-12-31,2399395247.0,19215674674.0,,,,13870523498.0,95192685.0,2874055118.0,-529531517.0,,,2110818773.0,75727862.0,,,593346816.0,-658133430.0,7473085297.0,5955827306.0,,55157663979.0,10897568061.0,,3296692936.0,,,21491569911.0,-1002531319.0,2098144678.0,86464693.0,,,302425829.0,40600868431.0,,8235785516.0,5658287680.0,33666094068.0,8198838659.0,,,310968809.0,-774468598.0,,-918527793.0,,1696743536.0,62397033.0,40600868431.0,,,,44550729734.0,0.1925,763236345.0,2507655884.0,45690440903.0,55157663979.0,,3150768364.0,593346816.0,,2390676486.0,2507655884.0,394963144.0,8198838659.0,2015626088.0,5955827306.0,8.2925,18354608260.0,213280229.0,,3043439819.0,5300887799.0,1155184342.0,91702261.0,18354608260.0,,49748224.0,12710213398.0,,470188423.0,118842591960.0,,213280229.0,4176392361.0,21491569911.0,78241723529.0,642596474.0,12710213398.0,,,-1502561561.0,44550729734.0,,95168377.0,,,,3045259390.0,316214010.0,61980000.0,90854149.0,642596474.0,,75727862.0,,13870523498.0,-774468598.0,7.10625,62397033.0,3045259390.0,4121245.0,,3048809916.0,3150768364.0,,,302381584.0,27451460190.0,71482684.0,,11007915171.0,,215800432.0,7854128242.0,5658287680.0,33666094068.0,860441746.0,5658287680.0,3307789811.0,0.0,,8235785516.0,91702261.0,111326538.0,0.0,,45690440903.0,118842591960.0,11007915171.0,,13914786875.0,78241723529.0,,,,-6552153083.0,729018250.0,19215674674.0,379001984.0,,27451460190.0,5944501681.0,,,,,-4426581331.0,3005363982.0,19215674674.0,15233586344.0,,,,,5944501681.0,729018250.0,2480979830.0,,0.21125,,381042945.0,5658287680.0,,4121245.0,,357860320.0,,,,,,,,,,,,,,,,,,,
2016-03-31,,,,,,,-1827375631.0,4178006556.0,,,,3042062073.0,-1578684091.0,,,,,,,,49805702218.0,,,,,,,,,,,,,30129583154.0,,,5664609305.0,27523018655.0,6620154568.0,,,-1318482114.0,,,,,,,,,,,55856195703.0,-3.4875,1135944483.0,,46440453882.0,,,2797741510.0,621644908.0,,,,452729136.0,,4869437704.0,4402731865.0,,19157574462.0,,,,,2472516108.0,94737850.0,,,-1678030961.0,,,,,,0.0,,22282683563.0,,,11496943520.0,,,,,,158107727.0,,,,,,,318195868.0,,,-1578684091.0,,14743122934.0,,,912448425.0,3030371251.0,,,,,,,,,93531478.0,,,,-1476589841.0,,5664609305.0,,2396921596.0,,,0.0,,6046785842.0,,,,,,109968542810.0,10947068997.0,,,79838959656.0,,,,,,12405654720.0,,,18452440562.0,,,,,,,,,,,,,,6054256191.0,817807526.0,,,-3.4875,,,,,4550789.0,,452729136.0,,,,,,,,,,,,,,,,,,,
2016-06-30,,,,,,,-395913002.0,4411284781.0,,,,3178136245.0,-521252534.0,,,,,,,,52527535667.0,,,,,,,,,,,,,29145769816.0,,,5669675063.0,29651523933.0,6098902034.0,,,-275477739.0,,,,,,,,,,,56078227546.0,,1233148536.0,,46392118214.0,,,3658078229.0,633476833.0,,,,,,3574049247.0,5468053610.0,,19737568172.0,,,,,1850291699.0,97786088.0,,,-591085127.0,,,,,,0.0,,22876011734.0,,,11329152241.0,,,,,,162964862.0,,,,,,,-30423035.0,,,-521252534.0,,17977129465.0,,,367127221.0,3040657474.0,,,,,,,,,52984311.0,,,,-438442601.0,,5669675063.0,,1723757548.0,,,0.0,,5443944270.0,,,,,,112212800709.0,10919161286.0,,,83067030893.0,,,,,,10116920988.0,,,15560865258.0,,,,,,,,,,,,,,7654067391.0,342118431.0,,,,,,,,4608787.0,,,,,,,,,,,,,,,,,,,,,
2016-09-30,,,,,,,447423744.0,5571866642.0,,,,4337569481.0,23917442.0,,,,,,,,64301604297.0,,,,,,,,,,,,,52222056629.0,,,5674409292.0,33173778699.0,6122819476.0,,,518685684.0,,,,,,,,,,,67578435388.0,0.0475,1234297161.0,,46431214140.0,,,4389989942.0,658408047.0,,,,507282184.0,,3890145737.0,5725990840.0,,28018488022.0,,,,,2045739706.0,97819073.0,,,42435508.0,,,,,,0.0,,31127825598.0,,,13571544004.0,,,,,,191169801.0,,,,,,,-27905573.0,,,23917442.0,,18285751277.0,,,939232153.0,3011518503.0,,,,,,,,,221246469.0,,,,327515883.0,,5674409292.0,,1844406031.0,,,0.0,,6196985613.0,,,,,,135558251264.0,10890708038.0,,,83336194635.0,,,,,,30772339369.0,,,36969324982.0,,,,,,,,,,,,,,7679780572.0,547723795.0,,,0.05,,,,,4882438.0,,472961504.0,,,,,,,,,,,,,,,,,,,
2016-12-31,-1636230855.0,18434681251.0,,,,20532822365.0,207386403.0,5067281835.0,86609482.0,,,3940921823.0,645315988.0,,,658170680.0,-689041961.0,16067168108.0,8190840057.0,,68893149166.0,19228439814.0,,7687421506.0,,,38598122980.0,-1332377049.0,1251267578.0,23475428.0,,,731922838.0,45911441840.0,,14112862288.0,5691504853.0,30295026186.0,6699580613.0,,,47092006.0,-1256759503.0,,-6532152666.0,,3409586202.0,124228221.0,45911441840.0,,,,71536834710.0,1.1825,1126360012.0,-1430703195.0,56015185590.0,68893149166.0,,4624818322.0,658170680.0,10652571135.0,4583688530.0,-1430703195.0,556669864.0,6699580613.0,3733535420.0,8190840057.0,-3.0225,34650673553.0,296719656.0,,4729750192.0,19215674674.0,2011199089.0,339566619.0,34650673553.0,,590449725.0,6887309589.0,,478009033.0,144413901668.0,,296719656.0,8379746602.0,38598122980.0,98502459828.0,,6887309589.0,,,-9247722070.0,71536834710.0,,219680448.0,,,,3607882808.0,718835720.0,382387499.0,-286715547.0,3559718706.0,,645315988.0,,20532822365.0,-1256759503.0,-3.0225,124228221.0,3607882808.0,4960354.0,,5272730491.0,4624818322.0,,,473332656.0,32547543539.0,110246775.0,,13924769931.0,,-172588442.0,14498689622.0,5691504853.0,30295026186.0,1722336331.0,5691504853.0,-1028182163.0,0.0,,14112862288.0,339566619.0,737468256.0,0.0,,56015185590.0,144413901668.0,13924769931.0,,-780993423.0,98502459828.0,,,-3854878966.0,-11343390943.0,1247869552.0,18434681251.0,473332656.0,,32547543539.0,7278791082.0,,,,,-19825478996.0,-1760105001.0,18434681251.0,12289757662.0,,,,,7278791082.0,1247869552.0,-26848287.0,,1.27625,,-1568478486.0,5691504853.0,,4960354.0,,505557352.0,,,,,,,,,,,,,,,,,,,
2017-03-31,,,,,,,414173786.0,6085061889.0,,,,4895755099.0,82447981.0,,,,,,,,69935349857.0,,,,,,,,,,,,,46617016511.0,,,5663753358.0,31729035540.0,6782028594.0,,,456052848.0,,,,,,,,,,,74186335287.0,0.15125,1189306790.0,,56015185590.0,,,4815578150.0,643186036.0,,,,547868304.0,,4481581313.0,6275608546.0,,34304414250.0,,,,,2518896076.0,339895061.0,,,74616659.0,,,,,,0.0,,38206314317.0,,,10692421425.0,,,,,,260257970.0,,,,,,,-88401074.0,,,82447981.0,,21478148266.0,,,814640214.0,3562005006.0,,,,,,,,,148445807.0,,,,195794878.0,,5663753358.0,,1962685237.0,,,0.0,,14899370234.0,,,,,,145941586825.0,13828398969.0,,,99324570314.0,,,,,,18920074163.0,,,33819444397.0,,,,,,,,,,,,,,6416823521.0,2398533758.0,,,0.15875,,,,,5059117.0,,519520856.0,,,,,,,,,,,,,,,,,,,
2017-06-30,,,,,,,645262254.0,6415769201.0,,,,5291675055.0,326872069.0,,,,,,,,74378035070.0,,,,,,,,,,,,,54785951495.0,,,5745683366.0,34767263530.0,7108900663.0,,,1291791715.0,,,,,,,,,,,78309027307.0,0.59,1124094146.0,,56218081472.0,,,5266699517.0,631248684.0,,,,554893440.0,,4646412801.0,7782891124.0,,35595921305.0,,,,,2609674780.0,478675528.0,,,352446245.0,,,,,,0.0,,39610771540.0,,,10587149173.0,,,,,,383446788.0,,,,,,,397102679.0,,,326872069.0,,22166556356.0,,,427828839.0,3536174707.0,,,,,,,,,529202309.0,,,,908344927.0,,5745683366.0,,2036738021.0,,,0.0,,24259372528.0,,,,,,154681632783.0,13736713759.0,,,99895681288.0,,,,,,16196266530.0,,,40455639058.0,,,,,,,,,,,,,,7029505820.0,2984308400.0,,,0.62125,,,,,5139501.0,,525944624.0,,,,,,,,,,,,,,,,,,,
2017-09-30,,,,,,,1358998269.0,7899676057.0,,,,6596192399.0,1229117787.0,,,,,,,,79562069116.0,,,,,,,,,,,,,63241354944.0,,,5728928840.0,41972480475.0,8338018450.0,,,1864035526.0,,,,,,,,,,,81730326140.0,2.095,1303483658.0,,56265595482.0,,,5855141594.0,625387271.0,,,,629040880.0,,5237194130.0,8771501445.0,,33597170400.0,,,,,3051754761.0,481780815.0,,,1264208413.0,,,,,,0.0,,37589588641.0,,,14838803823.0,,,,,,318779226.0,,,,,,,233444936.0,,,1229117787.0,,22609358318.0,,,325487591.0,3510637426.0,,,,,,,,,313405180.0,,,,1545256300.0,,5728928840.0,,2185439369.0,,,0.0,,27062816401.0,,,,,,163227455707.0,13790776378.0,,,99986100763.0,,,,,,18323479861.0,,,45386296262.0,,,,,,,,,,,,,,8314060992.0,4592002941.0,,,2.29375,,,,,5163296.0,,535910432.0,,,,,,,,,,,,,,,,,,,
2017-12-31,2160855280.0,18242991687.0,,,,25573785268.0,507736235.0,6379123871.0,57859460.0,,,5317799362.0,503573700.0,,,609621643.0,-494185656.0,19175251371.0,7867532529.0,,75575447910.0,26779631018.0,,8259232508.0,,,33415515509.0,-34728011.0,171091615.0,-171901260.0,,,1286284010.0,59226820149.0,,28129938110.0,5712261793.0,42159932401.0,8695442393.0,,,1180898607.0,-1661282084.0,,-1759478448.0,,2197383167.0,247689752.0,59226820149.0,,,,84693813552.0,0.88375,1061324509.0,2142011537.0,56246051292.0,75575447910.0,,4559052701.0,609621643.0,0.0,6574675570.0,2142011537.0,590762600.0,8695442393.0,4810063127.0,7867532529.0,4.03875,29220254767.0,512382566.0,,4678209103.0,18434681251.0,2735693246.0,347820491.0,29220254767.0,,469583963.0,16316282473.0,,1280523340.0,162048477313.0,,512382566.0,10916018863.0,33415515509.0,102821657164.0,,16316282473.0,,,-319269297.0,84693813552.0,,323800026.0,,,,3847440251.0,883201662.0,0.0,336851596.0,1833812105.0,,503573700.0,,25573785268.0,-1661282084.0,3.82125,247689752.0,3847440251.0,5173301.0,,7068861226.0,4559052701.0,,,530406464.0,46372929797.0,289470044.0,,13750315921.0,,857098581.0,22101421915.0,5712261793.0,42159932401.0,2074369881.0,5712261793.0,4792778696.0,0.0,,28129938110.0,347820491.0,-395078515.0,0.0,,56246051292.0,162048477313.0,13750315921.0,,-191689564.0,102821657164.0,,,0.0,-15476730603.0,6762920449.0,18242991687.0,574207144.0,,46372929797.0,7459203252.0,,,,,-15232251815.0,3506494686.0,18242991687.0,8019066003.0,,,,,7459203252.0,6762920449.0,878998137.0,,0.9325,,2926170544.0,5712261793.0,,5173301.0,,539990040.0,,,,,,,,,,,,,,,,,,,
2018-03-31,,,,,,,590000000.0,6731000000.0,,,,5487000000.0,1060000000.0,,,,,,,,80467000000.0,,,,,,,,,,,,,66315000000.0,,,5881000000.0,47269000000.0,16197000000.0,,,1467000000.0,,,,,,,,,,,86839000000.0,1.81125,1244000000.0,,56488000000.0,,,5178000000.0,588000000.0,,,,606845640.0,,4897000000.0,6254000000.0,,29072000000.0,,,,,2737000000.0,340000000.0,,,1044000000.0,,,,,,,,33198000000.0,,,20576000000.0,,,,,,322000000.0,,,,,,,397000000.0,,,1060000000.0,,25224000000.0,,,,3786000000.0,,,,,,,,,179000000.0,,,,1145000000.0,,5881000000.0,,2160000000.0,,,,,34123000000.0,,,,,,169181000000.0,13715000000.0,,,102866000000.0,,,,,,17253000000.0,,,51376000000.0,,,,,,,,,,,,,,9416000000.0,863000000.0,,,1.93375,,,,,5000000.0,,548048720.0,,,,,,,,,,,,,,,,,,,
2018-06-30,,,,,,,724000000.0,7319000000.0,,,,5850000000.0,2381000000.0,,,,,,,,89674000000.0,,,,,,,,,,,,,74293000000.0,,,5917000000.0,55233000000.0,,,,3304000000.0,,,,,,,,,,,89063000000.0,3.88625,1469000000.0,,57657000000.0,,,6261000000.0,528000000.0,,,,643395352.0,,5126000000.0,8183000000.0,,29912000000.0,,,,,2875000000.0,614000000.0,,,2398000000.0,,,,,,,,34441000000.0,,,24462000000.0,,,,,,371000000.0,,,,,,,2256000000.0,,,2381000000.0,,27008000000.0,,,,3915000000.0,,,,,,,,,322000000.0,,,,2933000000.0,,5917000000.0,,2251000000.0,,,,,33178000000.0,,,,,,180640000000.0,13868000000.0,,,106347000000.0,,,,,,22041000000.0,,,55219000000.0,,,,,,,,,,,,,,11108000000.0,,,,4.355,,,,,,,546811408.0,,,,,,,,,,,,,,,,,,,
2018-09-30,,,,,,,1480000000.0,9355000000.0,,,,7364000000.0,-1139000000.0,,,,,,,,99383000000.0,,,,,,,,,,,,,84464000000.0,,,5932000000.0,69065000000.0,,,,-624000000.0,,,,,,,,,,,87756000000.0,-2.0775,1991000000.0,,58107000000.0,,,6797000000.0,533000000.0,,,,548148008.0,,5884000000.0,7823000000.0,,26062000000.0,,,,,3393000000.0,391000000.0,,,-1105000000.0,,,,,,,,30318000000.0,,,36026000000.0,,,,,,393000000.0,,,,,,,-2625000000.0,,,-1139000000.0,,25416000000.0,,,,3865000000.0,,,,,,,,,257000000.0,,,,-1017000000.0,,5932000000.0,,2491000000.0,,,,,37793000000.0,,,,,,189370000000.0,13768000000.0,,,104906000000.0,,,,,,21490000000.0,,,59283000000.0,,,,,,,,,,,,,,13599000000.0,,,,-2.0775,,,,,,,548148008.0,,,,,,,,,,,,,,,,,,,
2018-12-31,1096000000.0,21530000000.0,,,,26874000000.0,-189000000.0,7560000000.0,393000000.0,,,5940000000.0,-1190000000.0,,,528000000.0,-708000000.0,22036000000.0,9472000000.0,,97097000000.0,30965000000.0,,9620000000.0,,,28313000000.0,-704000000.0,3687000000.0,-632000000.0,,,1508000000.0,79394000000.0,,36753000000.0,5966000000.0,68784000000.0,15943000000.0,,,-718000000.0,-2127000000.0,,-1196000000.0,,2123000000.0,164000000.0,79394000000.0,,,,86715000000.0,-2.165,1620000000.0,1112000000.0,58026000000.0,97097000000.0,,5668000000.0,528000000.0,0.0,6407000000.0,1112000000.0,550064416.0,15943000000.0,6129000000.0,9472000000.0,2.03125,24146000000.0,728000000.0,,6324000000.0,19992000000.0,3411000000.0,329000000.0,24146000000.0,,-1241000000.0,35403000000.0,,793000000.0,185830000000.0,,728000000.0,12416000000.0,28313000000.0,106436000000.0,,35403000000.0,,,-2000000.0,86715000000.0,,422000000.0,,,,3838000000.0,982000000.0,723000000.0,-1103000000.0,1707000000.0,,-1190000000.0,,26874000000.0,-2127000000.0,1.95875,164000000.0,3838000000.0,5000000.0,,7115000000.0,5668000000.0,,,547227408.0,58283000000.0,35000000.0,,13723000000.0,,-1140000000.0,24641000000.0,5966000000.0,68784000000.0,2718000000.0,5966000000.0,3429000000.0,,,36753000000.0,329000000.0,-894000000.0,,,58026000000.0,185830000000.0,13723000000.0,,5782000000.0,106436000000.0,,,-3297000000.0,-13198000000.0,-998000000.0,21530000000.0,567396984.0,,58283000000.0,11714000000.0,,,,,-14078000000.0,1921000000.0,25774000000.0,11926000000.0,,,,,11714000000.0,-998000000.0,-1075000000.0,,-2.165,,2605000000.0,5966000000.0,,5000000.0,,550064416.0,,,,,,,,,,,,,,,,,,,
2019-03-31,,,,,,,885000000.0,8164000000.0,,,,6475000000.0,4613000000.0,,,,,,,,99329000000.0,,,,,,,,,,,,,79349000000.0,,,6758000000.0,69505000000.0,,,,5988000000.0,,,,,,,,,,,91908000000.0,7.44875,1689000000.0,,57920000000.0,,,6108000000.0,494000000.0,,,,633744432.0,,5590000000.0,8646000000.0,,24465000000.0,,,,,3046000000.0,345000000.0,,,4587000000.0,,,,,,,,29824000000.0,,,37924000000.0,,,,,,441000000.0,,,,,,,4616000000.0,,,4613000000.0,,34244000000.0,,,814000000.0,3978000000.0,,,,,,,,,677000000.0,,,,5547000000.0,,6758000000.0,,2544000000.0,,,,,33703000000.0,,,,,,193227000000.0,13502000000.0,,,113878000000.0,,,,,,22708000000.0,,,56411000000.0,,,,,,,,,,,,,,10969000000.0,,,,8.3175,,,,,,,554767312.0,,,,,,,,,,,,,,,,,,,
2019-06-30,,,,,,,1333000000.0,8691000000.0,,,,6893000000.0,-403000000.0,,,,,,,,101210000000.0,,,,,,,,,,,,,80165000000.0,,,7030000000.0,74629000000.0,20153000000.0,,,483000000.0,,,,,,,,,,,92077000000.0,-0.72625,1798000000.0,,57920000000.0,,,7927000000.0,470000000.0,,,,555874112.0,,5560000000.0,10680000000.0,,21673000000.0,,,,,2918000000.0,123000000.0,,,-402000000.0,,,,,,,,26581000000.0,,,37690000000.0,,,,,,426000000.0,,,,,,,-1412000000.0,,,-403000000.0,,35000000000.0,,,,3657000000.0,,,,,,,,,336000000.0,,,,57000000.0,,7030000000.0,,2642000000.0,,,,,32949000000.0,,,,,,195272000000.0,13388000000.0,,,115107000000.0,,,,,,23002000000.0,,,55951000000.0,,,,,,,,,,,,,,12925000000.0,-885000000.0,,,-0.72625,,,,,5000000.0,,555874112.0,,,,,,,,,,,,,,,,,,,
2019-09-30,,,,,,,2242000000.0,10476000000.0,,,,8319000000.0,793000000.0,,,,,,,,100374000000.0,,,,,,,,,,,,,75578000000.0,,,7063000000.0,74118000000.0,,,,1402000000.0,,,,,,,,,,,100662000000.0,1.35375,2157000000.0,,57915000000.0,,,9295000000.0,471000000.0,,,,601626816.0,,6077000000.0,9944000000.0,,20600000000.0,,,,,3287000000.0,257000000.0,,,820000000.0,,,,,,,,26256000000.0,,,36751000000.0,,,,,,423000000.0,,,,,,,-1349000000.0,,,793000000.0,,47647000000.0,,,,3624000000.0,,,,,,,,,365000000.0,,,,979000000.0,,7063000000.0,,2790000000.0,,,,,26069000000.0,,,,,,203083000000.0,13281000000.0,,,127505000000.0,,,,,,18330000000.0,,,44399000000.0,,,,,,,,,,,,,,13386000000.0,,,,1.39875,,,,,,,567837216.0,,,,,,,,,,,,,,,,,,,
