date,trailingBeginningCashPosition,quarterlyChangeInInventory,annualInterestExpense,trailingChangesInAccountReceivables,annualBeginningCashPosition,annualCurrentAssets,trailingInterestExpense,quarterlyDilutedEPS,quarterlyOtherCurrentAssets,annualChangesInAccountReceivables,annualDeferredIncomeTax,trailingOperatingExpense,trailingChangeInCashSupplementalAsReported,annualNetIncomeCommonStockholders,quarterlySaleOfInvestment,annualOtherNonCurrentAssets,trailingCapitalExpenditure,quarterlyChangesInAccountReceivables,annualAccumulatedDepreciation,annualGrossPPE,annualSellingGeneralAndAdministration,quarterlyBeginningCashPosition,trailingRepaymentOfDebt,annualRepaymentOfDebt,quarterlyCapitalStock,annualDilutedAverageShares,quarterlyGrossProfit,quarterlyChangeInAccountPayable,quarterlyGainsLossesNotAffectingRetainedEarnings,quarterlyAccountsPayable,trailingGrossProfit,annualCapitalExpenditure,quarterlyOperatingExpense,annualOtherCurrentLiabilities,quarterlyNetOtherInvestingChanges,quarterlyCurrentDeferredRevenue,trailingNetIncomeCommonStockholders,trailingDeferredIncomeTax,annualCurrentAccruedExpenses,quarterlyStockholdersEquity,annualChangeInCashSupplementalAsReported,quarterlyAccumulatedDepreciation,quarterlyRepaymentOfDebt,trailingResearchAndDevelopment,annualTaxProvision,annualCurrentDeferredRevenue,annualCostOfRevenue,quarterlyTaxProvision,annualCapitalStock,quarterlyNetPPE,annualCurrentDebt,trailingCostOfRevenue,trailingChangeInInventory,quarterlyEbitda,annualTotalNonCurrentAssets,annualNetOtherFinancingCharges,annualOtherCurrentAssets,trailingDepreciationAndAmortization,annualInventory,trailingTaxProvision,quarterlyCommonStockIssuance,quarterlyOtherNonCashItems,annualResearchAndDevelopment,annualGrossProfit,annualBasicAverageShares,quarterlyResearchAndDevelopment,trailingOtherNonCashItems,annualChangeInWorkingCapital,annualTotalLiabilitiesNetMinorityInterest,trailingNetIncomeContinuousOperations,quarterlyOperatingIncome,quarterlyRetainedEarnings,annualFreeCashFlow,annualNonCurrentDeferredTaxesLiabilities,annualPurchaseOfBusiness,quarterlyPurchaseOfBusiness,quarterlyPretaxIncome,quarterlyDeferredIncomeTax,quarterlyChangeInWorkingCapital,quarterlyNonCurrentDeferredRevenue,trailingSellingGeneralAndAdministration,quarterlyCurrentLiabilities,annualChangeInInventory,quarterlyCurrentAssets,annualOperatingExpense,quarterlyTotalRevenue,trailingFreeCashFlow,quarterlyIncomeTaxPayable,quarterlyGrossPPE,annualNetIncomeContinuousOperations,quarterlyCapitalExpenditure,quarterlyOperatingCashFlow,quarterlyCashFlowFromContinuingFinancingActivities,annualPretaxIncome,trailingPurchaseOfInvestment,trailingPretaxIncome,trailingCashDividendsPaid,annualAccountsReceivable,quarterlyLongTermDebt,quarterlyOtherCurrentLiabilities,quarterlyTotalAssets,annualTotalAssets,trailingNetIncome,annualGoodwill,annualNetIncome,quarterlyTotalNonCurrentAssets,annualLongTermDebt,annualCashDividendsPaid,annualNonCurrentDeferredRevenue,annualBasicEPS,quarterlyCostOfRevenue,quarterlyAccountsReceivable,quarterlyCurrentAccruedExpenses,trailingNetOtherInvestingChanges,quarterlyOtherShortTermInvestments,trailingInvestingCashFlow,quarterlyDilutedAverageShares,quarterlyChangeInCashSupplementalAsReported,quarterlyOtherNonCurrentLiabilities,quarterlyInvestmentsAndAdvances,trailingChangeInWorkingCapital,annualOtherNonCashItems,annualSaleOfInvestment,annualCommonStockIssuance,annualStockholdersEquity,quarterlyTotalNonCurrentLiabilitiesNetMinorityInterest,quarterlyNetIncomeContinuousOperations,quarterlyNetIncome,annualInvestingCashFlow,quarterlyGoodwill,annualDepreciationAndAmortization,annualTotalRevenue,quarterlyBasicEPS,trailingChangeInAccountPayable,annualPurchaseOfInvestment,trailingSaleOfInvestment,quarterlySellingGeneralAndAdministration,annualRetainedEarnings,annualEndCashPosition,quarterlyNonCurrentDeferredTaxesLiabilities,trailingOperatingCashFlow,annualCashFlowFromContinuingFinancingActivities,quarterlyOtherIncomeExpense,trailingOperatingIncome,quarterlyBasicAverageShares,quarterlyInventory,quarterlyEndCashPosition,quarterlyInvestingCashFlow,quarterlyNetIncomeCommonStockholders,trailingTotalRevenue,trailingOtherIncomeExpense,quarterlyCashDividendsPaid,annualNetPPE,annualDilutedEPS,quarterlyPurchaseOfInvestment,annualOperatingIncome,annualOtherIntangibleAssets,annualOtherShortTermInvestments,annualOtherIncomeExpense,quarterlyCurrentDebt,trailingEndCashPosition,trailingCashFlowFromContinuingFinancingActivities,quarterlyDepreciationAndAmortization,quarterlyCashAndCashEquivalents,annualOperatingCashFlow,quarterlyCashCashEquivalentsAndMarketableSecurities,annualAccountsPayable,annualChangeInAccountPayable,quarterlyInterestExpense,annualCurrentLiabilities,annualTotalNonCurrentLiabilitiesNetMinorityInterest,quarterlyNetOtherFinancingCharges,quarterlyOtherNonCurrentAssets,annualRepurchaseOfCapitalStock,annualEbitda,annualIncomeTaxPayable,quarterlyTotalLiabilitiesNetMinorityInterest,quarterlyFreeCashFlow,quarterlyOtherIntangibleAssets,annualOtherNonCurrentLiabilities,annualInvestmentsAndAdvances,annualGainsLossesNotAffectingRetainedEarnings,annualCashCashEquivalentsAndMarketableSecurities,annualNetOtherInvestingChanges,annualCashAndCashEquivalents,quarterlyStockBasedCompensation,trailingPurchaseOfBusiness,quarterlyRepurchaseOfCapitalStock,trailingStockBasedCompensation,trailingBasicAverageShares,trailingRepurchaseOfCapitalStock,trailingBasicEPS,annualStockBasedCompensation,trailingNetOtherFinancingCharges,trailingDilutedEPS,trailingDilutedAverageShares,trailingCommonStockIssuance
2002-03-31,1294000000.0,,5199900000.0,219396138.793108,,,661732905.471865,,,,,13282247539.822952,1489284312.995659,-3413900000.0,,,-3640407241.861578,,,,13079100000.0,,-3847760344.781162,,,267206408.0,,,,,11140173485.04887,,,,,,-3428211238.649449,-219684699.781582,,,,,,42089170000.0,-513000000.0,,62243800000.0,,,,,21760999847.946568,380371916.364276,,,,,2455317615.865509,,-219684699.781582,,,1214400000.0,14447800000.0,267206408.0,,599239922.896238,,60131400000.0,-3417010345.969079,,,,,,,,,,,3784839494.929176,,,,15180200000.0,,-881922682.412645,,,-3500300000.0,,,,-3659600000.0,-2634431671.779991,-3636695045.750661,225000000.0,,,,,77562200000.0,-3428211238.649449,,-3413900000.0,,18542000000.0,,,-12.743435,,,,-28096663.219066,,-2305047740.026641,,,,,56788745.511652,,,,17430800000.0,,,,,,,76691600000.0,,328017570.09109,,3823341144.550547,,,,,2758484559.448933,,,-2142074054.774082,,,,,,32901173332.995438,-921711011.361243,,,-12.743435,,-732400000.0,,,-2927200000.0,,2783284312.995659,1035847493.573367,,,,,,,,,,,,,-732400000.0,,,,,,,,,,,,,,,,,,,,,,
2003-03-31,,,4090400000.0,,,,,,,,,,,2769300000.0,,,,,,,13040900000.0,,,,,333743409.0,,,,,,,,,,,,,,,,,,,1888400000.0,,74038500000.0,,,,,,,,,,,,,,,,1536200000.0,21692000000.0,333743409.0,,,,57846400000.0,,,,,,,,,,,,,,,,14609700000.0,,,,,2784000000.0,,,,4626300000.0,,,,,,,,78762000000.0,,,2769300000.0,,13877400000.0,,,8.335931,,,,,,,,,,,,,,,20915600000.0,,,,,,,95730500000.0,,,,,,,,,,,,,,,,,,,,,,8.335931,,7082300000.0,,,-2456000000.0,,,,,,,,,,,,,,,,7082300000.0,,,,,,,,,,,,,,,,,,,,,,
2004-03-31,,,2685466505.0,,2759219220.0,41822127800.0,,,,,4112798460.0,,,8893709750.0,,36308027755.0,,,-31453363750.0,66919742875.0,16030369525.0,,,,,378983136.0,,,,,,-2642082555.0,,20160521565.0,,,,,6759219410.0,,3748373280.0,,,,5262473135.0,,108121480190.0,,3527115135.0,,7757050260.0,,,,72008680210.0,0.0,4872017585.0,,15136660155.0,,,,1279826525.0,31522778070.0,342645595.0,,,10481562320.0,75036879920.0,,,,24941432855.0,4056399325.0,,,,,,,,,-82429505.0,,17310196050.0,,,,,8893709750.0,,,,14021692640.0,,,,8195228155.0,,,,113830808010.0,,199566170.0,8893709750.0,,10798265155.0,-3032538105.0,,25.3546,,,,,,,,,,,,,143167035.0,2303687745.0,37362257740.0,,,,-25427333095.0,,4125813645.0,139644258260.0,,,-16147506190.0,,,-1127982700.0,6507592500.0,,,2156182315.0,,,,,,,,,,,35466379125.0,23.670537,,14212582020.0,34707160.0,,3908893895.0,,,,,,27583515410.0,,25505424205.0,,,60182215440.0,14854664480.0,,,,18338395665.0,,,,,0.0,,8099783465.0,6507592500.0,-5839479670.0,6507592500.0,,,,,,,,,,,,
2004-06-30,,,,,,,,6.022046,,,,,,,,,,,,,,,,,,,,,,,,,,,,,,,,,,,,,,,,,,,,,,3582298734.15,,,,,,,,,,,,,,,,,3582298734.15,,,,,,,,,,,,,,,3582298734.15,,,,,,,,,,,,,,,,,,,,,,,,,,,,,,,37173752.0,,,,,,,,,,223862061.69,223862061.69,,,,,6.022046,,,,,,,,,,,,37173752.0,,,,223862061.69,,,,,,,,,,,,,,,,,,,,,,,,,,,,,,,,,,,,,,,,,,,,,,,,
2004-09-30,,,,,,,,7.731152,,,,,,,,,,,,,,,,,,,,,,,,,,,,,,,,,,,,,,,,,,,,,,4147064253.36,,,,,,,,,,,,,,,,,4147064253.36,,,,,,,,,,,,,,,4147064253.36,,,,,,,,,,,,,,,,,,,,,,,,,,,,,,,39996651.0,,,,,,,,,,309220185.96,309220185.96,,,,,8.267366,,,,,,,,,,,,37402503.0,,,,309220185.96,,,,,,,,,,,,,,,,,,,,,,,,,,,,,,,,,,,,,,,,,,,,,,,,
2004-12-31,,,,,,,,8.456741,,,,,,,,,,,,,,,,,,,,,,,,,,,,,,,,,,,,,,,,,,,,,,5230521634.52,,,,,,,,,,,,,,,,,5230521634.52,,,,,,,,,,,,,,,5230521634.52,,,,,,,,,,,,,,,,,,,,,,,,,,,,,,,39728075.0,,,,,,,,,,341608688.82,341608688.82,,,,,9.044131,,,,,,,,,,,,37306228.0,,,,341608688.82,,,,,,,,,,,,,,,,,,,,,,,,,,,,,,,,,,,,,,,,,,,,,,,,
2005-03-31,,,2995633032.0,,6515283504.0,72305673096.0,,,10323143568.0,,903930084.0,,,13275108480.0,,47170303224.0,,,-35550216492.0,74497812720.0,20179038252.0,,,,3620087148.0,405832594.0,,,14052401016.0,25925762844.0,,-7746724488.0,,34882094256.0,,,,,5882095764.0,56467245972.0,-1637554500.0,-35550216492.0,,,5104803228.0,,157078594452.0,,3620087148.0,38947596228.0,2868995484.0,,,6263400260.02,87013095912.0,0.0,10323143568.0,,21375544740.0,,,,2537117772.0,41528382120.0,375553126.0,,,4275108948.0,100519645428.0,,6263400260.02,10620086784.0,15087335460.0,5301309768.0,,,,,,,,69558948348.0,-6052401432.0,72305673096.0,22716156024.0,186058150736.02,,,74497812720.0,13275108480.0,,,,18406112580.0,,,,10283842260.0,25659387312.0,34882094256.0,159318769008.0,159318769008.0,,,13275108480.0,87013095912.0,25659387312.0,-1772925672.0,,35.262539,,10283842260.0,5882095764.0,,15746724072.0,,,,0.0,,,,4982532492.0,1493449704.0,56467245972.0,30960697080.0,12428717192.58,12428717192.58,-34620085536.0,,4930130748.0,198606976572.0,,,-14707422816.0,,,10620086784.0,4877729004.0,5301309768.0,,9995632668.0,,,,21375544740.0,,,12428717192.58,,,,38947596228.0,33.441923,,18812226096.0,895196460.0,15746724072.0,3777292380.0,2868995484.0,,,,4877729004.0,22834059948.0,20624453076.0,25925762844.0,,,69558948348.0,30960697080.0,,47170303224.0,,23742356844.0,,100519645428.0,,895196460.0,0.0,,14052401016.0,20624453076.0,-17275108272.0,4877729004.0,,,,,,,,,,,,
2005-06-30,,,,,,,,9.373236,,,,,,,,,,,,,,,,,,,,,,,,,,,,,,,,,,,,,,,,,,,,,,58798911867.5,,,,,,,,,,,,,,,,,58798911867.5,,,,,,,,,,,,,,,58798911867.5,,,,,,,,,,,,,,,,,,,,,,,,,,,,,,,375553126.0,,,,,,,,,,3667391231.0,3667391231.0,,,,,9.373236,,,,,,,,,,,,375553126.0,,,,3667391231.0,,,,,,,,,,,,,,,,,,,,,,,,,,,,,,,,,,,,,,,,,,,,,,,,
2005-09-30,,,,,,,,9.475821,,,,,,,,,,,,,,,,,,,,,,,,,,,,,,,,,,,,,,,,,,,,,,59442439511.25,,,,,,,,,,,,,,,,,59442439511.25,,,,,,,,,,,,,,,59442439511.25,,,,,,,,,,,,,,,,,,,,,,,,,,,,,,,375553126.0,,,,,,,,,,3707529178.5,3707529178.5,,,,,9.475821,,,,,,,,,,,,375553126.0,,,,3707529178.5,,,,,,,,,,,,,,,,,,,,,,,,,,,,,,,,,,,,,,,,,,,,,,,,
2005-12-31,,,,,,,,9.707075,,,,,,,,,,,,,,,,,,,,,,,,,,,,,,,,,,,,,,,,,,,,,,60893105126.25,,,,,,,,,,,,,,,,,60893105126.25,,,,,,,,,,,,,,,60893105126.25,,,,,,,,,,,,,,,,,,,,,,,,,,,,,,,391262032.0,,,,,,,,,,3798009736.5,3798009736.5,,,,,9.707075,,,,,,,,,,,,391262032.0,,,,3798009736.5,,,,,,,,,,,,,,,,,,,,,,,,,,,,,,,,,,,,,,,,,,,,,,,,
2006-03-31,,,3725158316.0,,4883700376.0,90245970543.0,,,12031013700.0,,686213374.0,,,15034311194.0,,57276537074.0,,,-40794048305.0,86382678366.0,26637555518.0,,,,3836556591.0,416749973.0,,,18046520550.0,30362713834.0,,-10752161503.0,,35576153104.0,,,,,5636752715.0,81164783165.0,1443721644.0,-40794048305.0,,,5627840853.0,,189657791153.0,,3836556591.0,45588630061.0,9455485582.0,,,-162600890292.75,112271637476.0,-129221999.0,12031013700.0,,26352375934.0,,,,4669815688.0,51385796292.0,389570393.0,,,-14619909611.0,118042068121.0,,-162600890292.75,20439355497.0,-5070849478.0,6144728849.0,,,,,,,,81031105235.0,-4611888585.0,90245970543.0,31307371206.0,58364272066.25,,,86382678366.0,15034311194.0,,,,20519562255.0,,,,14281258855.0,27252473996.0,35576153104.0,202517608019.0,202517608019.0,,7044826911.0,15034311194.0,112271637476.0,27252473996.0,-5155512167.0,,38.512825,,14281258855.0,5636752715.0,,8078602903.0,,,,3613760041.0,,,,21272614594.0,672845581.0,81164783165.0,37010962886.0,3640281984.5,3640281984.5,-9067819585.0,7044826911.0,5855093334.0,241043587445.0,,,-873362476.0,,,20439355497.0,6327422020.0,6144728849.0,,4451475069.0,,,,26352375934.0,,,3640281984.5,,,,45588630061.0,37.075766,,20078425086.0,2361643430.0,8078602903.0,3974690452.0,9455485582.0,,,,6327422020.0,5681312025.0,14406024923.0,30362713834.0,,,81031105235.0,37010962886.0,,57276537074.0,,25933518420.0,,118042068121.0,,2361643430.0,3613760041.0,,18046520550.0,14406024923.0,-14446128302.0,6327422020.0,,,,,,,,,,,,
2006-06-30,,,,,,,,10.892205,,,,,,,,,,,,,,,,,,,,,,,,,,,,,,,,,,,,,,,,,,,,,,83022060485.95,,,,,,,,,,,,,,,,,83022060485.95,,,,,,,,,,,,,,,83022060485.95,,,,,,,,,,,,,,,,,,,,,,,,,,,,,,,416406783.0,,,,,,,,,,4535588181.4,4535588181.4,,,,,11.301654,,,,,,,,,,,,401320756.0,,,,4535588181.4,,,,,,,,,,,,,,,,,,,,,,,,,,,,,,,,,,,,,,,,,,,,,,,,
2006-09-30,,,,,,,,10.836585,,,,,,,,,,,,,,,,,,,,,,,,,,,,,,,,,,,,,,,,,,,,,,82598110822.19,,,,,,,,,,,,,,,,,82598110822.19,,,,,,,,,,,,,,,82598110822.19,,,,,,,,,,,,,,,,,,,,,,,,,,,,,,,416406783.0,,,,,,,,,,4512427336.28,4512427336.28,,,,,11.243942,,,,,,,,,,,,401320756.0,,,,4512427336.28,,,,,,,,,,,,,,,,,,,,,,,,,,,,,,,,,,,,,,,,,,,,,,,,
2006-12-31,,,,,,,,10.901471,,,,,,,,,,,,,,,,,,,,,,,,,,,,,,,,,,,,,,,,,,,,,,83097123859.32,,,,,,,,,,,,,,,,,83097123859.32,,,,,,,,,,,,,,,83097123859.32,,,,,,,,,,,,,,,,,,,,,,,,,,,,,,,416428619.0,,,,,,,,,,4539684597.78,4539684597.78,,,,,11.311969,,,,,,,,,,,,401316918.0,,,,4539684597.78,,,,,,,,,,,,,,,,,,,,,,,,,,,,,,,,,,,,,,,,,,,,,,,,
2007-03-31,,,5426188784.0,,6329113510.0,114204857090.0,,,18218342438.0,,829481088.0,,,18157859442.0,,83401731270.0,,,-45720824762.0,109521745114.0,35710888924.0,,,,3862271316.0,424949874.0,,,15703977890.0,45582577914.0,,-25338055110.0,,34371622584.0,,,,,2121225074.0,91584216586.0,1339266340.0,-45720824762.0,,,8130642748.0,,264073080750.0,,3862271316.0,63800920352.0,38994251564.0,,,-222795499115.96,157454519444.0,-151207490.0,18218342438.0,,34004404394.0,,,,6031018744.0,68237780130.0,401339041.0,,,-8528102436.0,176009838574.0,,-222795499115.96,32211515584.0,-7806626698.0,5996457032.0,,,,,,,,121069677136.0,-7586295784.0,114204857090.0,41741907668.0,83019489302.04,,,109521745114.0,18157859442.0,,,,26456990536.0,,,,19367519362.0,40329197690.0,34371622584.0,271659376534.0,271659376534.0,,7253639306.0,18157859442.0,157454519444.0,40329197690.0,-5694042052.0,,44.856103,,19367519362.0,2121225074.0,,2769257174.0,,,,8614506716.0,,,1226940776.0,6696331700.0,164168132.0,91584216586.0,54940161438.0,4538761481.0,4538761481.0,-54089079280.0,7253639306.0,6622888062.0,332310860880.0,,,-522745894.0,,,32211515584.0,7668379850.0,5996457032.0,,38566550378.0,,,,34004404394.0,,,4538761481.0,,,,63800920352.0,43.237091,,26495872462.0,2998228516.0,2769257174.0,5339784504.0,38994251564.0,,,,7668379850.0,17531428412.0,10437637024.0,45582577914.0,,,121069677136.0,54940161438.0,,83401731270.0,,33118760524.0,,176009838574.0,,2998228516.0,8614506716.0,,15703977890.0,10437637024.0,-35970101764.0,7668379850.0,,,,,,,,,,,,
2007-06-30,,,,,,,,8.893508,,,,,,,,,,,,,,,,,,,,,,,,,,,,,,,,,,,,,,,,,,,,,,91689992752.64,,,,,,,,,,,,,,,,,91689992752.64,,,,,,,,,,,,,,,91689992752.64,,,,,,,,,,,,,,,,,,,,,,,,,,,,,,,411534482.0,,,,,,,,,,3566328834.56,3566328834.56,,,,,9.167031,,,,,,,,,,,,389572878.0,,,,3566328834.56,,,,,,,,,,,,,,,,,,,,,,,,,,,,,,,,,,,,,,,,,,,,,,,,
2007-09-30,,,,,,,,8.851695,,,,,,,,,,,,,,,,,,,,,,,,,,,,,,,,,,,,,,,,,,,,,,91289550960.51,,,,,,,,,,,,,,,,,91289550960.51,,,,,,,,,,,,,,,91289550960.51,,,,,,,,,,,,,,,,,,,,,,,,,,,,,,,411534482.0,,,,,,,,,,3550763940.99,3550763940.99,,,,,9.122545,,,,,,,,,,,,389572878.0,,,,3550763940.99,,,,,,,,,,,,,,,,,,,,,,,,,,,,,,,,,,,,,,,,,,,,,,,,
2007-12-31,,,,,,,,8.861877,,,,,,,,,,,,,,,,,,,,,,,,,,,,,,,,,,,,,,,,,,,,,,91390390272.64,,,,,,,,,,,,,,,,,91390390272.64,,,,,,,,,,,,,,,91390390272.64,,,,,,,,,,,,,,,,,,,,,,,,,,,,,,,411534482.0,,,,,,,,,,3554675392.32,3554675392.32,,,,,9.13479,,,,,,,,,,,,389572878.0,,,,3554675392.32,,,,,,,,,,,,,,,,,,,,,,,,,,,,,,,,,,,,,,,,,,,,,,,,
2008-03-31,,,10500000000.0,,7636000000.0,124460000000.0,,,21452000000.0,,-428000000.0,,,14204000000.0,,134968000000.0,,,-51056000000.0,150644000000.0,43708000000.0,,,,3852000000.0,424950095.0,,,22496000000.0,55028000000.0,,-42684000000.0,,48268000000.0,,,,,11628000000.0,105212000000.0,3752000000.0,-51056000000.0,,,5896000000.0,,287752000000.0,,3852000000.0,99588000000.0,68980000000.0,,,-250483210223.68,244632000000.0,100000000.0,21452000000.0,,34324000000.0,,,,9900000000.0,77296000000.0,402272564.0,,,14604000000.0,258248000000.0,,-250483210223.68,39104000000.0,-7216000000.0,6116000000.0,,,,,,,,183904000000.0,-968000000.0,124460000000.0,53608000000.0,90876789776.32,,,150644000000.0,14204000000.0,,,,21304000000.0,,,,28328000000.0,58764000000.0,48268000000.0,369092000000.0,369092000000.0,,6964000000.0,14204000000.0,244632000000.0,58764000000.0,-6760000000.0,,35.250104,,28328000000.0,11628000000.0,,784000000.0,,,,9464000000.0,,,1872000000.0,3600000000.0,40684000000.0,105212000000.0,74344000000.0,3539934417.28,3539934417.28,-73984000000.0,6964000000.0,7780000000.0,365048000000.0,,,-19964000000.0,,,39104000000.0,11388000000.0,6116000000.0,,43620000000.0,,,,34324000000.0,,,3539934417.28,,,,99588000000.0,34.199278,,23688000000.0,3112000000.0,784000000.0,18808000000.0,68980000000.0,,,,11388000000.0,35468000000.0,12172000000.0,55028000000.0,,,183904000000.0,74344000000.0,,134968000000.0,,31468000000.0,,258248000000.0,,3112000000.0,9464000000.0,,22496000000.0,12172000000.0,-15320000000.0,11388000000.0,,,,,,,,,,,,
2009-03-31,,,34222300000.0,,11415800000.0,296819500000.0,,,,,,,,-60142300000.0,,25737700000.0,,,-69714900000.0,290569100000.0,250813300000.0,,,-140226200000.0,,445206577.0,,,,,,-89689800000.0,,26973300000.0,,,,,46991300000.0,,18251500000.0,,,,841800000.0,,488733400000.0,,5140500000.0,,319628600000.0,,,,485809900000.0,-32771800000.0,35603100000.0,,107955700000.0,,,,,234072900000.0,445206577.0,,,-2039300000.0,743903600000.0,,,,-64495500000.0,7822900000.0,-98643700000.0,,,,,,,,15048800000.0,,233542200000.0,,,,,-60773900000.0,,,,-59932100000.0,,,,51697100000.0,,,,782629400000.0,,5350800000.0,-60142300000.0,,116185900000.0,-6766300000.0,,-135.051438,,,,,,,,,,,,24627400000.0,28307900000.0,41099900000.0,34545300000.0,,,,-162379500000.0,,28039800000.0,722806300000.0,,,-6395400000.0,,,-28003700000.0,22827200000.0,,,155436700000.0,,,,,,,,,,,220854200000.0,-135.051438,,530700000.0,124370300000.0,834100000.0,-29337700000.0,,,,,,25194300000.0,,146618400000.0,5748800000.0,,582158600000.0,161745000000.0,,,,2330000000.0,3837600000.0,,,,16983600000.0,16442800000.0,,24069700000.0,-3193100000.0,23235600000.0,,,,,,,,,,,,
2009-12-31,,,,,,,,10.873372,,,,,,,,,,,,,,,,,,,86074700000.0,,,,,,69429200000.0,,,,,,,,,,,,,,,2428700000.0,,,,,,29717500000.0,,,,,,,,,,,,857300000.0,,,,,16645500000.0,,,,,,8892800000.0,,,,,,,,,260442500000.0,,,,,,,,,,,,,,,,,,,,,,,,,174367800000.0,,,,,,598029744.0,,,,,,,,,,6657900000.0,6502600000.0,,,,,11.872654,,,,22751100000.0,,,,,,-2295200000.0,,547695574.0,,,,6502600000.0,,,,,,,,,,,,,,,,,,,,,,,,,,,,,,,,,,,,,,,,,,,,,,,,
2010-03-31,,,40396000000.0,,22827200000.0,374319200000.0,,,43512100000.0,-18698700000.0,,,,38028700000.0,,37629100000.0,,,-91477700000.0,314528600000.0,87944900000.0,,,-337213800000.0,5064200000.0,468862080.0,99607300000.0,,,183841700000.0,,-81727300000.0,71203100000.0,47521200000.0,,,,,73512100000.0,100177700000.0,46418300000.0,-91477700000.0,,,14771600000.0,,618704600000.0,8806100000.0,5064200000.0,223050900000.0,218754300000.0,,,79580100000.0,534861500000.0,-41469900000.0,43512100000.0,,110674600000.0,,,,,307558200000.0,468710500.0,,,35046700000.0,806957900000.0,,28404200000.0,4223800000.0,46637700000.0,13634500000.0,-426000000.0,,43285800000.0,,,,,549704400000.0,-19173300000.0,374319200000.0,259342500000.0,290848100000.0,,,314528600000.0,37581100000.0,,,,52352700000.0,,,,70169500000.0,204397400000.0,47521200000.0,909180700000.0,909180700000.0,,3518300000.0,38028700000.0,534861500000.0,204397400000.0,-3637700000.0,,71.235923,191240800000.0,70169500000.0,73512100000.0,,11058700000.0,,,,16948000000.0,33479700000.0,,62751900000.0,32700300000.0,18484700000.0,100177700000.0,257253500000.0,34086400000.0,34596100000.0,-75980800000.0,3518300000.0,36636600000.0,926262800000.0,,,-29881800000.0,,21780700000.0,4223800000.0,63462900000.0,13634500000.0,,-5965900000.0,35824500000.0,,,110674600000.0,,,34596100000.0,,,,223050900000.0,71.136985,,48215700000.0,155109400000.0,11058700000.0,41962900000.0,218754300000.0,,,,67650000000.0,128365000000.0,78708700000.0,183841700000.0,43082900000.0,,549704400000.0,257253500000.0,,37629100000.0,-137100000.0,129385300000.0,,806957900000.0,,155109400000.0,16948000000.0,33479700000.0,,78708700000.0,3031100000.0,67650000000.0,,,,,,,,,,,,
2010-06-30,,,,,,,,31.779137,,,,,,,,,,,,,,,,,,,100083300000.0,,,,,,71644800000.0,,,,,,,,,,,,,,,2960200000.0,,,,,,38553900000.0,,,,,,,,,,,,979000000.0,,,,,28438500000.0,,,,,,22754400000.0,,,,,,,,,270555700000.0,,,,,,,,,,,,,,,,,,,,,,,,,170472400000.0,,,,,,625797359.0,,,,,,,,,,19950000000.0,19887300000.0,,,,,34.430696,,,,21488700000.0,,,,,,-68100000.0,,577603770.0,,,,19887300000.0,,,,,,,,,,,,,,,,,,,,,,,,,,,,,,,,,,,,,,,,,,,,,,,,
2010-09-30,,,,,,,,35.449766,,,,,,,,,,,,,,,,,,,103324500000.0,,,,,,74256700000.0,,,,,,,,,,,,,,,3131000000.0,,,,,,40016400000.0,,,,,,,,,,,,1822900000.0,,,,,29067800000.0,,,,,,25226900000.0,,,,,,,,,287820000000.0,,,,,,,,,,,,,,,,,,,,,,,,,184495500000.0,,,,,,627081717.0,,,,,,,,,,22342700000.0,22229900000.0,,,,,38.49708,,,,22742000000.0,,,,,,1471800000.0,,577443791.0,,,,22229900000.0,,,,,,,,,,,,,,,,,,,,,,,,,,,,,,,,,,,,,,,,,,,,,,,,
2010-12-31,,,,,,,,36.369896,,,,,,,,,,,,,,,,,,,114428500000.0,,,,,,81930000000.0,,,,,,,,,,,,,,,3188600000.0,,,,,,44886000000.0,,,,,,,,,,,,3336900000.0,,,,,32498500000.0,,,,,,27277300000.0,,,,,,,,,316852000000.0,,,,,,,,,,,,,,,,,,,,,,,,,202423500000.0,,,,,,666589744.0,,,,,,,,,,24352000000.0,24243800000.0,,,,,38.971986,,,,24265800000.0,,,,,,-227900000.0,,622082737.0,,,,24243800000.0,,,,,,,,,,,,,,,,,,,,,,,,,,,,,,,,,,,,,,,,,,,,,,,,
2011-03-31,,,36853500000.0,,63462900000.0,437821100000.0,,,44943900000.0,,,,,73401800000.0,,29476800000.0,,,-115527800000.0,348006800000.0,92249600000.0,,,-216715300000.0,6346500000.0,523732384.0,80324600000.0,,,224904700000.0,,-82098000000.0,82772400000.0,115951200000.0,,,,,,208869000000.0,23988800000.0,-115527800000.0,,,12787300000.0,,833973200000.0,3507500000.0,6346500000.0,232479000000.0,185990800000.0,,,43378900000.0,593705800000.0,-48150800000.0,44943900000.0,,139547700000.0,,,,,398160900000.0,523313633.0,,,-27510100000.0,820267600000.0,,-2447800000.0,45136200000.0,59878400000.0,13963000000.0,-2176200000.0,,11277400000.0,,,,,548823000000.0,-27569900000.0,437821100000.0,310603900000.0,356906400000.0,,,348006800000.0,73748700000.0,,,,86536000000.0,,,,67689000000.0,201471300000.0,115951200000.0,1031526900000.0,1031526900000.0,,3760800000.0,73401800000.0,593705800000.0,201471300000.0,-10230000000.0,,121.595764,276581800000.0,67689000000.0,,,22482300000.0,,,,27296400000.0,36120300000.0,,38608600000.0,135300000.0,33567600000.0,208869000000.0,271444600000.0,7104000000.0,7040800000.0,-74988400000.0,3760800000.0,43445700000.0,1232134100000.0,,,-1471000000.0,,23753100000.0,45136200000.0,90670900000.0,13963000000.0,,-42999200000.0,-6762200000.0,,,139547700000.0,,,7040800000.0,,,,232479000000.0,121.397886,,87557000000.0,199652600000.0,22482300000.0,-5586400000.0,185990800000.0,,,,98406100000.0,141976400000.0,120888400000.0,224904700000.0,33498400000.0,,548823000000.0,271444600000.0,,29476800000.0,-1030800000.0,166835200000.0,,820267600000.0,,199652600000.0,27296400000.0,36120300000.0,,120888400000.0,9837200000.0,98406100000.0,,,,,,,,,,,,
2011-12-31,,,,,,,,50.656657,,,,,,,,,,,,,,,,,,,152658600000.0,,,,,,100548200000.0,,,,,,,,,,,,,,,10710900000.0,,,,,,70507200000.0,,,,,,,,,,,,3957100000.0,,,,,52110400000.0,,,,,,44937900000.0,,,,,,,,,452602500000.0,,,,,,,,,,,,,,,,,,,,,,,,,299943900000.0,,,,,,672280846.0,,,,,,,,,,34227000000.0,34017400000.0,,,,,53.031187,,,,32072200000.0,,,,,,-1403100000.0,,642178718.0,,,,34055500000.0,,,,,,,,,,,,,,,,,,,,9409900000.0,,,,,,,,,,,,,,,,,,,,,,,,,,,,
2012-03-31,,,38290400000.0,,90670900000.0,653230200000.0,,,11756900000.0,-13946800000.0,,,,98054900000.0,,7840500000.0,,,-151793700000.0,434509800000.0,410906500000.0,,,-192351000000.0,6347500000.0,565580180.0,177594800000.0,,16318800000.0,334558900000.0,,-138744500000.0,213932100000.0,126265600000.0,,,,,5069500000.0,328412600000.0,43865900000.0,-151793700000.0,,,4707100000.0,,1100476600000.0,-13153300000.0,6347500000.0,282716100000.0,218342100000.0,,,54340400000.0,775982400000.0,-5936800000.0,11756900000.0,,180834000000.0,,,,13859600000.0,564376300000.0,544082471.0,4313300000.0,,2860100000.0,1097869000000.0,,-36337300000.0,131826400000.0,79482400000.0,10902400000.0,0.0,,30052000000.0,,,,,724602600000.0,-29083500000.0,653230200000.0,485945800000.0,517387000000.0,,11501500000.0,434509800000.0,116440400000.0,,,,121147500000.0,,,,87654900000.0,287148100000.0,126265600000.0,1429212600000.0,1429212600000.0,,4253000000.0,115659100000.0,775982400000.0,287148100000.0,-14648500000.0,,180.068584,339792200000.0,87654900000.0,5069500000.0,,76208500000.0,,,,2474500000.0,38675200000.0,,37425100000.0,27700000.0,0.0,328412600000.0,373266400000.0,43205300000.0,43008000000.0,-203343700000.0,4253000000.0,54435100000.0,1664852900000.0,,,-59334400000.0,,324254100000.0,131826400000.0,145952400000.0,10902400000.0,,28982700000.0,80574000000.0,,,180834000000.0,,,25229900000.0,,,,282716100000.0,178.089809,,78430500000.0,282347400000.0,76208500000.0,75580600000.0,218342100000.0,,,,145952400000.0,218226900000.0,222160900000.0,334558900000.0,78936300000.0,10753100000.0,724602600000.0,373266400000.0,,7840500000.0,,213873000000.0,11501500000.0,1097869000000.0,,282347400000.0,2474500000.0,38675200000.0,16318800000.0,222160900000.0,-11178400000.0,145952400000.0,,,,,,,,,,,,
2012-06-30,,,,,,,,34.826451,,,,,,,,,,,,,,,,,,,154217500000.0,,,,,,56828000000.0,,,,,,,,,,,,,,,8688200000.0,,,,,,55116000000.0,,,,,,,,,,,,4797200000.0,,,,,97389500000.0,,,,,,31413400000.0,,,,,,,,,431711300000.0,,,,,,,,,,,,,,,,,,,,,,,,,277493800000.0,,,,,,644599121.0,,,,,,,,,,22725200000.0,22449100000.0,,,,,34.826451,,,,37896900000.0,,,,,,-57932200000.0,,644599121.0,,,,22449100000.0,,,,,,,,,,,,,,,,,,,,8043900000.0,,,,,,,,,,,,,,,,,,,,,,,,,,,,
2012-09-30,,,,,,,,31.957227,,,,,,,,,,,,,,,,,,,150976500000.0,,,,,,55569100000.0,,,,,,,,,,,,,,,9876400000.0,,,,,,55271500000.0,,,,,,,,,,,,5274400000.0,,,,,95407400000.0,,,,,,30854100000.0,,,,,,,,,428189000000.0,,,,,,,,,,,,,,,,,,,,,,,,,277212500000.0,,,,,,649220915.0,,,,,,,,,,20977700000.0,20747300000.0,,,,,32.105635,,,,40190600000.0,,,,,,-56079800000.0,,646219893.0,,,,20747300000.0,,,,,,,,,,,,,,,,,,,,8473500000.0,,,,,,,,,,,,,,,,,,,,,,,,,,,,
2012-12-31,,,,,,,,25.080981,,,,,,,,,,,,,,,,,,,161499300000.0,,,,,,66411900000.0,,,,,,,,,,,,,,,10318400000.0,,,,,,56790800000.0,,,,,,,,,,,,4865000000.0,,,,,95087400000.0,,,,,,26745300000.0,,,,,,,,,458213100000.0,,,,,,,,,,,,,,,,,,,,,,,,,296713800000.0,,,,,,648898053.0,,,,,,,,,,16426900000.0,16275000000.0,,,,,25.17992,,,,43529100000.0,,,,,,-58996300000.0,,646348356.0,,,,16275000000.0,,,,,,,,,,,,,,,,,,,,9345800000.0,,,,,,,,,,,,,,,,,,,,,,,,,,,,
2013-03-31,,,40751800000.0,,145952400000.0,723260900000.0,,60.698943,196600000.0,-17807000000.0,39190500000.0,,,88697000000.0,,6661500000.0,,,-182174000000.0,528837000000.0,168307300000.0,,,-240947700000.0,6380700000.0,644583218.0,206624300000.0,,197576500000.0,409096300000.0,,-185674200000.0,71292500000.0,34636500000.0,,20979100000.0,,,3970800000.0,370268500000.0,-32520600000.0,-182174000000.0,,,39190500000.0,20979100000.0,1216710800000.0,8826900000.0,6380700000.0,346663000000.0,231356900000.0,,,81520800000.0,945434500000.0,-677900000.0,196600000.0,,208393200000.0,,,,20193100000.0,673149500000.0,644433525.0,5279300000.0,,-6407500000.0,1294789700000.0,,135331800000.0,,37258600000.0,15668100000.0,-6216600000.0,,48459900000.0,,,,,826416700000.0,-30526400000.0,723260900000.0,611421000000.0,558415000000.0,,17754500000.0,528837000000.0,89583200000.0,,,,128773700000.0,,,,104193600000.0,325457500000.0,34636500000.0,1668695400000.0,1668695400000.0,,4320300000.0,88697000000.0,945434500000.0,325457500000.0,-14841800000.0,,137.524908,351790700000.0,104193600000.0,3970800000.0,,144148200000.0,,650006375.0,,3953700000.0,41005800000.0,,32992000000.0,10161500000.0,6800000.0,370268500000.0,468373000000.0,39633000000.0,39454700000.0,-236115500000.0,4320300000.0,73723200000.0,1889860300000.0,61.094698,,-68840400000.0,,44223900000.0,,116118500000.0,15668100000.0,,-19337900000.0,-77201700000.0,,645795807.0,208393200000.0,,,39454700000.0,,,,346663000000.0,137.524908,,61728500000.0,351236100000.0,144148200000.0,100037200000.0,231356900000.0,,,,116118500000.0,222932800000.0,260266700000.0,409096300000.0,64461400000.0,9670200000.0,826416700000.0,468373000000.0,,6661500000.0,0.0,243248700000.0,17754500000.0,1294789700000.0,,351236100000.0,3953700000.0,41005800000.0,197576500000.0,260266700000.0,5046400000.0,116118500000.0,,,,,,,,,,,,
2013-06-30,,,,,,,,26.614533,,,,,,,,,,,,,,,,,,,178657300000.0,,,,,,73096100000.0,,,,,,,,,,,,,,,11641500000.0,,,,,,62059200000.0,,,,,,,,,,,,5341400000.0,,,,,105561200000.0,,,,,,29100300000.0,,,,,,,,,467512600000.0,,,,,,,,,,,,,,,,,,,,,,,,,288855300000.0,,,,,,648544174.0,,,,,,,,,,17458800000.0,17260700000.0,,,,,26.614533,,,,44612200000.0,,,,,,-66978500000.0,,648544174.0,,,,17260700000.0,,,,,,,,,,,,,,,,,,,,9482400000.0,,,,,,,,,,,,,,,,,,,,,,,,,,,,
2013-09-30,,,,,,,,54.366861,33810100000.0,,,,,,,,,,,,,,,,6437800000.0,,210794900000.0,,546125300000.0,480076000000.0,,,73650400000.0,,,,,,,552563100000.0,,,,,,,,11934300000.0,,883794500000.0,,,,85869100000.0,,,,,,,,,,,,6378300000.0,,,,,137144500000.0,,,,,,47459200000.0,,,,,890900300000.0,,844501100000.0,,557012200000.0,,,883794500000.0,,,,,,,,,,404255600000.0,184712500000.0,2026897000000.0,,,,,1182395900000.0,,,,,346217300000.0,111609200000.0,,,48111500000.0,,651474066.0,,24693500000.0,14796100000.0,,,,,,579328000000.0,35524900000.0,35418600000.0,,50962400000.0,,,54.366861,,,,51790200000.0,,,18905300000.0,,,-78567900000.0,,651474066.0,275866900000.0,,,35418600000.0,,,,,,,,,,,147670900000.0,,,,268804300000.0,,316915800000.0,,,11117400000.0,,,,40157400000.0,,,,1470228300000.0,,,,,,,,,,,,,,,,,,,,
2013-12-31,,,,,,,,,,,,,,,,,,,,,,,,,,,249838100000.0,,,,,,431173300000.0,,,,,,,,,,,,,,,23831600000.0,,,,,,102905600000.0,,,,,,,,,,,,6165600000.0,,,,,-181335200000.0,,,,,,60245600000.0,,,,,,,,,655437700000.0,,,,,,,,,,,,,,,,,,,,,,,,,405599600000.0,,,,,,,,,,,,,,,,36414000000.0,36436700000.0,,,,,,,,,60173700000.0,,,,,,250926700000.0,,,,,,36436700000.0,,,,,,,,,,,,,,,,,,,,14104800000.0,,,,,,,,,,,,,,,,,,,,,,,,,,,,
2014-03-31,,-9260400000.0,53094700000.0,,116909900000.0,953709400000.0,,,144400000.0,11055800000.0,48226500000.0,,,130717100000.0,268600000.0,6062600000.0,,-553500000.0,-259315400000.0,753925300000.0,216726000000.0,155905500000.0,,-309465000000.0,6437800000.0,649905340.0,246245800000.0,77482100000.0,308089400000.0,544197300000.0,,-258813800000.0,233945500000.0,25782400000.0,7938600000.0,35493500000.0,,,8312300000.0,627477700000.0,26854300000.0,-259315400000.0,-157344900000.0,,48226500000.0,35493500000.0,1456224400000.0,819100000.0,6437800000.0,494609900000.0,165960600000.0,,,92128500000.0,1231066500000.0,-2440200000.0,144400000.0,,272735900000.0,,0.0,16492300000.0,25651200000.0,885536100000.0,649757057.0,7765900000.0,,39607700000.0,1553079600000.0,,12300300000.0,,112617900000.0,35271800000.0,-10301900000.0,-178400000.0,42600000000.0,819100000.0,80697800000.0,6406400000.0,,910589500000.0,-31763600000.0,953709400000.0,811865300000.0,661798000000.0,,13986700000.0,753925300000.0,131178600000.0,-73609900000.0,175552000000.0,-106254400000.0,179405100000.0,,,,109644800000.0,454138600000.0,25782400000.0,2184775900000.0,2184775900000.0,,7449200000.0,130717100000.0,1231066500000.0,454138600000.0,-6822600000.0,6406400000.0,201.340423,415552200000.0,109644800000.0,8312300000.0,,220487900000.0,,,10196000000.0,3333300000.0,30267300000.0,,46465600000.0,3117800000.0,900000.0,627477700000.0,642490100000.0,41780900000.0,41601100000.0,-296329700000.0,7449200000.0,110462600000.0,2341760500000.0,,,-52445300000.0,,60149900000.0,,159921500000.0,35271800000.0,,-48247700000.0,46792000000.0,,,272735900000.0,159921500000.0,-59101600000.0,41601100000.0,,,-31700000.0,494609900000.0,200.845729,4802700000.0,73670800000.0,492184100000.0,220487900000.0,152172300000.0,165960600000.0,,,31138400000.0,159921500000.0,371431700000.0,380409400000.0,544197300000.0,47075400000.0,18390100000.0,910589500000.0,642490100000.0,-124900000.0,6062600000.0,0.0,342962400000.0,13986700000.0,1553079600000.0,101942100000.0,492184100000.0,3333300000.0,30267300000.0,308089400000.0,380409400000.0,14934100000.0,159921500000.0,,,,,,,,,,,,
2014-06-30,,,,,,,,82.9,,,,,,,,,,,,,,,,,,,244145600000.0,,,,,,88680400000.0,,,,,,,,,,,,,,,21150500000.0,,,,,,114582900000.0,,,,,,,,,,,,5980300000.0,,,,,155465200000.0,,,,,,75332600000.0,,,,,,,,,641507400000.0,,,,,,,,,,,,,,,,,,,,,,,,,397361800000.0,,,,,,651171291.0,,,,,,,,,,54182100000.0,53982100000.0,,,,,82.9,,,,58225300000.0,,,,,,-70678000000.0,,651171291.0,,,,53982100000.0,,,,,,,,,,,,,,,,,,,,9454600000.0,,,,,,,,,,,,,,,,,,,,,,,,,,,,
2014-09-30,,,,,,,,50.508249,36159600000.0,,,,,,,,,,,,,,,,6437800000.0,,231962800000.0,,671873400000.0,536622700000.0,,,168431600000.0,,,,,,,678311200000.0,,,,,,,,23639100000.0,,1077675600000.0,,,,98148000000.0,,,,,,,,,,,,7431100000.0,,,,,63531200000.0,,,,,,56741900000.0,,,,,943998700000.0,,966315200000.0,,601639900000.0,,,,,,,,,,,,,479963900000.0,195899300000.0,2310376200000.0,,,,,1344061000000.0,,,,,369677100000.0,99959800000.0,,,121380800000.0,,651549023.0,,36538800000.0,10906000000.0,,,,,,683827100000.0,33102800000.0,32908600000.0,,50015800000.0,,,50.508249,,,,62311300000.0,,,25012500000.0,,,2482600000.0,,651549023.0,293069400000.0,,,32908600000.0,,,,,,,,,,,127772800000.0,,,,305879700000.0,,427260500000.0,,,9271900000.0,,,,30806700000.0,,,,1627825800000.0,,,,,,,,,,,,,,,,,,,,
2014-12-31,,,,,,,,0.0,305200000.0,,,,,,,,,,,,,,,,6437800000.0,,267136300000.0,,413759200000.0,529809500000.0,,,220086000000.0,,,27440100000.0,,,,659386600000.0,,,,,,,,16830500000.0,,582578900000.0,,,,88467200000.0,,,,,,,,,,,,7130900000.0,,,,,47050300000.0,,,,,,42515900000.0,,,7720100000.0,,927375400000.0,,1007208700000.0,,703674800000.0,,18270300000.0,582578900000.0,,,,,,,,,,542017000000.0,48807600000.0,2367382000000.0,,,,,1360173300000.0,,,,,436538500000.0,115139500000.0,10492800000.0,,271103700000.0,,649606810.0,,3927000000.0,42871600000.0,,,,,,776361000000.0,25685400000.0,25602900000.0,,7514900000.0,,,0.0,,,,65985100000.0,,,48500000000.0,,,3081800000.0,,649606810.0,288497900000.0,,,25602900000.0,,,,,,,,,,,187486900000.0,,,,171582700000.0,,442686400000.0,,,12559100000.0,,,,6469100000.0,,,,1703736400000.0,,542824500000.0,,,,,,,,,,,,,,,,,,
2015-03-31,,-14953400000.0,52231600000.0,,159921500000.0,993491300000.0,,,582000000.0,-31612900000.0,69149700000.0,,,128291200000.0,292462900000.0,5641600000.0,,-23815200000.0,-304871900000.0,891771000000.0,253293900000.0,171582700000.0,,-285472200000.0,6437800000.0,657681167.0,269848700000.0,64487300000.0,400658500000.0,569383400000.0,,-301603100000.0,255260900000.0,85803600000.0,-1666800000.0,29099100000.0,,,10047500000.0,534941700000.0,51834000000.0,-304871900000.0,-142155900000.0,,69149700000.0,29099100000.0,1612171800000.0,7529600000.0,6437800000.0,586899100000.0,180465400000.0,,,83800200000.0,1352152100000.0,-2887800000.0,582000000.0,,287279800000.0,,0.0,19163800000.0,28515300000.0,1013093400000.0,657534806.0,7973000000.0,,-38047600000.0,1806291600000.0,,14587800000.0,,63798200000.0,23466800000.0,-12258600000.0,1772200000.0,23641700000.0,7529600000.0,27676900000.0,9236200000.0,,992654700000.0,-36962900000.0,993491300000.0,919690500000.0,678443100000.0,,8241500000.0,891771000000.0,129082400000.0,-76107300000.0,117439500000.0,-19925000000.0,198232100000.0,,,,130994300000.0,544862500000.0,85803600000.0,2345643400000.0,2345643400000.0,,7319500000.0,128291200000.0,1352152100000.0,544862500000.0,-6744200000.0,9236200000.0,194.909402,408594400000.0,130994300000.0,10047500000.0,,245138800000.0,,,38722100000.0,3452100000.0,41756400000.0,,45467700000.0,306156100000.0,0.0,534941700000.0,813636900000.0,16112100000.0,15797600000.0,-344177600000.0,7319500000.0,134495800000.0,2625265200000.0,,,-342103700000.0,,66772200000.0,,197430900000.0,23466800000.0,,30610300000.0,28217700000.0,,,287279800000.0,197430900000.0,-58792400000.0,15797600000.0,,,-31100000.0,586899100000.0,194.909402,-278065800000.0,93402900000.0,530900800000.0,245138800000.0,150296900000.0,180465400000.0,,,39173700000.0,197430900000.0,365401300000.0,442569700000.0,569383400000.0,40256200000.0,20984800000.0,992654700000.0,813636900000.0,-1912800000.0,5641600000.0,,384959500000.0,8241500000.0,1806291600000.0,41332200000.0,530900800000.0,3452100000.0,41756400000.0,400658500000.0,442569700000.0,-2188300000.0,197430900000.0,,,,,,,,,,,,
2015-06-30,,,,,,,,41.65,,,,,,,,,,,,,,,,,,,251176600000.0,,,,,,106696900000.0,,,,,,,,,,,,,,,15702700000.0,,,,,,93042800000.0,,,,,,,,,,,,7062400000.0,,,,,144479700000.0,,,,,,43637200000.0,,,,,,,,,601805700000.0,,,,,,,,,,,,,,,,,,,,,,,,,350629100000.0,,,,,,664804322.0,,,,,,,,,,27934500000.0,27689100000.0,,,,,41.65,,,,69791900000.0,,,,,,-89669000000.0,,664804322.0,,,,27689100000.0,,,,,,,,,,,,,,,,,,,,11173500000.0,,,,,,,,,,,,,,,,,,,,,,,,,,,,
2015-09-30,,,,,,,,-6.35,36793000000.0,,,,,,,,,,,,,,,,6791800000.0,,235782200000.0,,802660900000.0,538665500000.0,,,211258100000.0,,,,,,,809452700000.0,,,,,,,,-7035700000.0,,1264997300000.0,,,,44765900000.0,,,,,,,,,,,,8441700000.0,,,,,24524100000.0,,,,,,-11107100000.0,,,,,981843700000.0,,1045542500000.0,,608530300000.0,,,,,,,,,,,,,533062900000.0,241498100000.0,2555135700000.0,,,,,1509593200000.0,,,,,372748100000.0,121763500000.0,,,89740200000.0,,676787402.0,,63858000000.0,12447200000.0,,,,,,759674800000.0,-4071400000.0,-4297600000.0,,50077400000.0,,,-6.35,,,,70115200000.0,,,46063300000.0,,,-24037600000.0,,676787402.0,361725900000.0,,,-4297600000.0,,,,,,,,,,,128441000000.0,,,,268248200000.0,,357988400000.0,,,11593600000.0,,,,18115300000.0,,,,1741518500000.0,,,,,,,,,,,,,,,,,,,,
2015-12-31,,,,,,,,51.55,,,,,,,,,,,,,,,,,,,280971300000.0,,,,,,230562900000.0,,,,,,,,,,,,,,,6512800000.0,,,,,,96098200000.0,,,,,,,,,,,,8565200000.0,,,,,50408400000.0,,,,,,41792400000.0,,,,,,,,,716861200000.0,,,,,,,,,,,,,,,,,,,,,,,,,435889900000.0,,,,,,680415131.0,,,,,,,,,,35279600000.0,35075400000.0,,,,,51.55,,,,74379500000.0,,,,,,2298700000.0,,680415131.0,,,,35075400000.0,,,,,,,,,,,,,,,,,,,,10914700000.0,,,,,,,,,,,,,,,,,,,,,,,,,,,,
2016-03-31,,,47912600000.0,,197430900000.0,1099440400000.0,,,406100000.0,-7945600000.0,27512700000.0,,,95883400000.0,,5170100000.0,,,-380740300000.0,1050805300000.0,291860900000.0,,,-235859200000.0,6791800000.0,676026172.0,306416800000.0,,534195800000.0,613364400000.0,,-311602600000.0,239536000000.0,93122300000.0,,32815600000.0,,,9657300000.0,763597100000.0,-33717000000.0,-380740300000.0,,,27512700000.0,32815600000.0,1623075100000.0,12332900000.0,6791800000.0,670065000000.0,187856500000.0,,,106465500000.0,1520540900000.0,-2719600000.0,406100000.0,,326370400000.0,,,,34687700000.0,1074346900000.0,675850414.0,10618400000.0,,13332800000.0,1851944600000.0,,66880800000.0,,63110400000.0,43441400000.0,0.0,,50062400000.0,,,19802200000.0,,1067689300000.0,-57341500000.0,1099440400000.0,1046461300000.0,770224800000.0,,7250500000.0,1050805300000.0,96872200000.0,,,,124384900000.0,,,,136085700000.0,504511300000.0,93122300000.0,2619981300000.0,2619981300000.0,,7598000000.0,95883400000.0,1520540900000.0,504511300000.0,0.0,19802200000.0,142.0,463808000000.0,136085700000.0,9657300000.0,,320139400000.0,,,,2172900000.0,48488400000.0,,40726000000.0,416205100000.0,74906700000.0,763597100000.0,784255300000.0,37729500000.0,37416500000.0,-370501300000.0,7598000000.0,168074900000.0,2697422000000.0,,,-481694000000.0,,77574300000.0,,171536100000.0,43441400000.0,,-37928700000.0,-9774200000.0,,,326370400000.0,,,37416500000.0,,,,670065000000.0,142.0,,27885600000.0,600314700000.0,320139400000.0,137225300000.0,187856500000.0,,,,171536100000.0,374713000000.0,491675500000.0,613364400000.0,40776500000.0,14230800000.0,1067689300000.0,784255300000.0,,5170100000.0,,340372400000.0,7250500000.0,1851944600000.0,,600314700000.0,2172900000.0,48488400000.0,534195800000.0,491675500000.0,-1884700000.0,171536100000.0,,,,,,,,,,,,
2016-06-30,,,,,,,,32.85,,,,,,,,,,,,,,,,,,,259563300000.0,,,,,,227871700000.0,,,,,,,,,,,,,,,7200300000.0,,,,,,87006700000.0,,,,,,,,,,,,8711400000.0,,,,,31691600000.0,,,,,,29804300000.0,,,,,,,,,649401200000.0,,,,,,,,,,,,,,,,,,,,,,,,,389837900000.0,,,,,,680785388.0,,,,,,,,,,22604000000.0,22363800000.0,,,,,32.85,,,,74663600000.0,,,,,,9806900000.0,,680785388.0,,,,22363800000.0,,,,,,,,,,,,,,,,,,,,11694200000.0,,,,,,,,,,,,,,,,,,,,,,,,,,,,
2016-09-30,,,,,,,,12.1,56413200000.0,,,,,,,,,,,,,,,,6791800000.0,,255974300000.0,,,552330000000.0,,,240363200000.0,,,,,,,546987100000.0,,,,,,,,4246300000.0,,685658900000.0,,,,67516200000.0,,,,,,,,,,,,7419600000.0,,,,,15611100000.0,,,,,,12727900000.0,,,,,1078954600000.0,,1061752000000.0,,651407500000.0,,6386800000.0,685658900000.0,,,,,,,,,,540589800000.0,311004000000.0,2629022100000.0,,,,,1567270100000.0,,,,,395433200000.0,124301200000.0,,,291560700000.0,,684595041.0,,205156000000.0,83640900000.0,,,,,,998818400000.0,8481600000.0,8283600000.0,,7211000000.0,,,12.1,,,,67938500000.0,,,9184100000.0,,,7365300000.0,,684595041.0,371265800000.0,,,8283600000.0,,,,,,,,,,,149807100000.0,,,,132917800000.0,,424478500000.0,,,10248500000.0,,,,29560200000.0,,,,2077773000000.0,,594498600000.0,,,,,,,,,,,,,,,,,,
2016-12-31,,,,,,,,1.3,,,,,,,,,,,,,,2382000000.0,,,,,264955600000.0,,,,,,259116600000.0,,-364000000.0,,,,,,,,-151000000.0,,,,,8669500000.0,,,,,,60791800000.0,,,,,,,,,,,,8141000000.0,,,,,5839000000.0,,,,,0.0,9785200000.0,,,,,,,,,668551800000.0,,,,,-830000000.0,791000000.0,,,,,,,,,,,,,,,,,,,403596200000.0,,,,,,721307692.0,,,,,,,,,,1115700000.0,937700000.0,,,,,1.3,,,,70446400000.0,,,,,,12653300000.0,,721307692.0,,1944000000.0,-1194000000.0,937700000.0,,,0.0,,,0.0,,,,,,,,,,,,,,8707100000.0,,,-27000000.0,,,,,,-39000000.0,,,,,,,,,,,,,,,,,,,
2017-03-31,,,42365700000.0,,171536100000.0,1163336400000.0,,,1297700000.0,-23677800000.0,35670000000.0,,,61210500000.0,,3302600000.0,,,-432560400000.0,1083759800000.0,287709200000.0,1944000000.0,,-217320900000.0,6792200000.0,679310837.0,202014900000.0,,529009900000.0,610201400000.0,,-306597600000.0,150434500000.0,174578600000.0,-94650700000.0,31284800000.0,,,9432400000.0,534197000000.0,-17567300000.0,-432560400000.0,-209257400000.0,,35670000000.0,31284800000.0,1670895400000.0,15553900000.0,6792200000.0,651199400000.0,179526700000.0,,,107270200000.0,1503309600000.0,-1621800000.0,1297700000.0,,352953800000.0,,,,34135700000.0,985599700000.0,679140405.0,9863700000.0,,33822200000.0,2127803800000.0,,51580400000.0,513241700000.0,-3490300000.0,11806400000.0,-1069500000.0,,45587000000.0,,,29956200000.0,,1152886200000.0,-66309400000.0,1163336400000.0,1049555800000.0,684043000000.0,,13925800000.0,1083759800000.0,62234400000.0,-304464600000.0,301688300000.0,,97904400000.0,,,,140755500000.0,605644500000.0,174578600000.0,2666646000000.0,2666646000000.0,,6733200000.0,61210500000.0,1503309600000.0,605644500000.0,-730000000.0,29956200000.0,90.0,482028100000.0,140755500000.0,9432400000.0,,369339100000.0,,,,3785700000.0,60227800000.0,,36725000000.0,354115400000.0,51700000.0,534197000000.0,974917600000.0,30033100000.0,29625400000.0,-382727600000.0,6733200000.0,182405400000.0,2656495100000.0,,,-447493000000.0,,74653800000.0,513241700000.0,139867600000.0,11806400000.0,,62053000000.0,-8800000.0,,,352953800000.0,139867600000.0,-380065600000.0,29625400000.0,,,-580000000.0,651199400000.0,90.0,-1133100000.0,-63956100000.0,571513800000.0,369339100000.0,198585500000.0,179526700000.0,,,,139867600000.0,303107300000.0,509206700000.0,610201400000.0,84935100000.0,11625300000.0,1152886200000.0,974917600000.0,-53695900000.0,3302600000.0,,322675500000.0,13925800000.0,2127803800000.0,-2776300000.0,571513800000.0,3785700000.0,60227800000.0,529009900000.0,509206700000.0,5204400000.0,139867600000.0,,,,,,,,,,,,
2017-06-30,,,,,,,,46.75,,,,,,,,,,,,,,,,,,,216178300000.0,,,,,,214773500000.0,,,,,,,,,,,,,,,12074400000.0,,,,,,100407800000.0,,,,,,,,,,,,8124400000.0,,,,,1404800000.0,,,,,,44073700000.0,,,,,,,,,584933700000.0,,,,,,,,,,,,,,,,,,,,,,,,,368755400000.0,,,,,,680697326.0,,,,,,,,,,31999300000.0,31822600000.0,,,,,46.8,,,,71152200000.0,,,,,,53757400000.0,,679970085.0,,,,31822600000.0,,,,,,,,,,,,,,,,,,,,11088500000.0,,,,,,,,,,,,,,,,,,,,,,,,,,,,
2017-09-30,,,,,,,,36.45,69686500000.0,,,,,,,,,,,,,,,,6792200000.0,,253831300000.0,,,582609900000.0,,,218354400000.0,,,,,,,790746500000.0,,,,,,,,10897800000.0,,806434100000.0,,,,97086700000.0,,,,,,,,,,,,7650300000.0,,,,,35476900000.0,,,,,,35914500000.0,,,,,1158826500000.0,,1138044800000.0,,706906500000.0,,16466000000.0,806434100000.0,,,,,,,,,,627021900000.0,312829500000.0,2913682800000.0,,,,,1775638000000.0,,,,,453075200000.0,136893500000.0,,,300366800000.0,,681146776.0,,205426500000.0,100021900000.0,,,,,,958413600000.0,25016700000.0,24827800000.0,,1166500000.0,,,36.5,,,,72563300000.0,,,34065700000.0,,,11911000000.0,,680213699.0,405837500000.0,,,24827800000.0,,,,,,,,,,,137246100000.0,,,,129552200000.0,,429919000000.0,,,11473400000.0,,,,31069300000.0,,,,2117240100000.0,,661887200000.0,,,,,,,,,,,,,,,,,,
2017-12-31,,,,,,,,17.55,2175000000.0,,,,,,,,,,,,,1724000000.0,,,1501000000.0,,270553900000.0,,,6377000000.0,,,239010400000.0,,142000000.0,276000000.0,,,,8846000000.0,,,-95000000.0,,,,,10676000000.0,,7020000000.0,,,,88471600000.0,,,,,,,,,,,,9236300000.0,,,,,31543500000.0,,,,,-5000000.0,20290200000.0,,,,,9939000000.0,,9950000000.0,,743377000000.0,,188000000.0,,,-969000000.0,329000000.0,,,,,,,3133000000.0,1423000000.0,25099000000.0,,,,,15149000000.0,,,,,472823100000.0,1207000000.0,,,443000000.0,,682980057.0,,844000000.0,910000000.0,,,,,,6302000000.0,9614200000.0,11986300000.0,,,,,17.55,,,,75762700000.0,,,374000000.0,,,1220100000.0,,682980057.0,3976000000.0,1648000000.0,-835000000.0,11986300000.0,,,0.0,,,-3000000.0,,,,,679000000.0,,,,1648000000.0,,2091000000.0,,,12473500000.0,,,-27000000.0,166000000.0,,,,16241000000.0,-640000000.0,6644000000.0,,,,,,,,,,,,,,,,,,
2018-03-31,,,46365000000.0,,139867600000.0,1362648300000.0,,31.2,76623700000.0,-43265800000.0,38058500000.0,,,66660800000.0,,3766200000.0,,,-544885800000.0,1395329900000.0,305980700000.0,,,-299638700000.0,6792200000.0,679315787.0,345382700000.0,,634764400000.0,720384100000.0,,-350789200000.0,297678500000.0,121360600000.0,,37562400000.0,,,10957200000.0,954279100000.0,-3324800000.0,-544885800000.0,,,38058500000.0,37562400000.0,1869682900000.0,9771100000.0,6792200000.0,738678400000.0,277287400000.0,,,99742600000.0,1873288900000.0,-1616300000.0,1832000000.0,,424296200000.0,,,,35318700000.0,1013268200000.0,679170139.0,10307800000.0,,-58317600000.0,2321989900000.0,,47704200000.0,,-112215000000.0,61257800000.0,-42100000.0,,23076500000.0,,,41116200000.0,,1432194700000.0,-35604300000.0,1359728400000.0,1129005700000.0,916434400000.0,,15590700000.0,1395329900000.0,67682000000.0,,,,105740500000.0,,,,198933000000.0,611995000000.0,399722200000.0,3313505100000.0,3235937200000.0,,1164500000.0,66660800000.0,1953776700000.0,611419400000.0,0.0,41116200000.0,98.0,571051700000.0,198933000000.0,10957200000.0,,380873800000.0,,681166667.0,,139043300000.0,102155200000.0,,3152500000.0,547243200000.0,0.0,908589800000.0,921780700000.0,13305400000.0,21252400000.0,-262016100000.0,1164500000.0,209818200000.0,2882951100000.0,31.2,,-481970700000.0,,83522700000.0,,147167500000.0,61258000000.0,,20117100000.0,-12845200000.0,,681166667.0,421376300000.0,,,21252400000.0,,,,850444100000.0,98.0,,-115737500000.0,685167900000.0,345226700000.0,260720600000.0,167948500000.0,,,,147167500000.0,238574200000.0,528041300000.0,804601600000.0,72565700000.0,11782500000.0,1427782700000.0,894207200000.0,,188241900000.0,,361923700000.0,15590700000.0,2353975400000.0,,713201300000.0,4091200000.0,65831600000.0,634764400000.0,492394200000.0,-1783600000.0,147167500000.0,,,,,,,,,,,,
2018-06-30,,-314000000.0,,,,,,-0.310673,,,,,,,1230000000.0,,,430000000.0,,,,2626000000.0,,,,,1856000000.0,-1088000000.0,,,,,1282000000.0,,19000000.0,,,,,,,,-164000000.0,,,,,-54000000.0,,,,,,302000000.0,,,,,,,,12000000.0,,,,950530000.0,,,,,574000000.0,,,,,,-264000000.0,-54000000.0,-960000000.0,,,,,,,5222000000.0,,,,,-967000000.0,-758000000.0,-223000000.0,,,,,,,,,,,,,,,,,,3366000000.0,,,,,,679170213.0,-1347000000.0,,,,,,,,,-210000000.0,-211000000.0,,,,,-0.310673,,,,733000000.0,,,,,,-827000000.0,,679170213.0,,1294000000.0,-366000000.0,-211000000.0,,,-225000000.0,,,-648000000.0,,,,,,,,549000000.0,,,,,,17000000.0,,,,,,,,,-1725000000.0,,,,,,,,,,,,,,,,,,,
2018-09-30,,,,,,,,-15.45,81337400000.0,,,,,,,,,,,,,,,,6792200000.0,,259512900000.0,,,668904400000.0,,,245177100000.0,,,,,,,950892500000.0,,,,,,,,2719000000.0,,804253700000.0,,,,63446200000.0,,,,,,,,,,,,10684800000.0,,,,,14335800000.0,,,,,,-8234400000.0,,,,,1390066900000.0,,1281348200000.0,,719100100000.0,,9290600000.0,,,,,,,,,,,719682400000.0,382726100000.0,3363683000000.0,,,,,2082334800000.0,,,,,459587200000.0,178659800000.0,,,233681800000.0,,678834951.0,,125369700000.0,97363900000.0,,,,,,1017224900000.0,-10953400000.0,-10488000000.0,,1169600000.0,,,-15.45,,,,82123500000.0,,,53583900000.0,,,-10301600000.0,,678834951.0,511254700000.0,,,-10488000000.0,,,,,,,,,,,209549600000.0,,,,127432200000.0,,361114000000.0,,,12268600000.0,,,,168318000000.0,,,,2407291800000.0,,761916900000.0,,,,,,,,,,,,,,,,,,
2018-12-31,,,,,,,,-397.45,,,,,,,,,,,,,,,,,,,26811440000.0,,,,,,26628230000.0,,,,,,,,,,,,,,,-2405180000.0,,,,,,-21220670000.0,,,,,,,,,,,,1132620000.0,,,,,183210000.0,,,,,,-29228400000.0,,,,,,,,,77000890000.0,,,,,,,,,,,,,,,,,,,,,,,,,50189450000.0,,,,,,679170213.0,,,,,,,,,,-26960800000.0,-26992540000.0,,,,,-397.45,,,,8508950000.0,,,,,,-27843130000.0,,679170213.0,,,,-26992540000.0,,,,,,,,,,,,,,,,,,,,1568480000.0,,,,,,,,,,,,,,,,,,,,,,,,,,,,
2019-03-31,,,57586000000.0,,147167500000.0,1228275200000.0,,0.181051,16206298.49673,9547000000.0,-25425000000.0,,,-293142700000.0,,7441400000.0,,,-718142900000.0,1480446200000.0,349813400000.0,,,-351980200000.0,74983937.772132,,372255254.158899,,3509819482.479801,8386667842.440964,,-353035200000.0,149717605.253446,96628500000.0,,505329609.080124,,,10595800000.0,6102076541.481286,80100300000.0,-7928091417.375589,,,-25425000000.0,45773800000.0,1978855800000.0,1230486.396761,6792200000.0,8415609553.707332,351843700000.0,,,90591442.242661,1758844700000.0,-2655600000.0,1468000000.0,,390015900000.0,,,,42245700000.0,1014806600000.0,,11844949.529347,,-63336000000.0,2429052500000.0,,222537648.905453,,-164127700000.0,14910400000.0,-170700000.0,,13964353.606597,,,515895718.270329,,15982750934.891035,20686400000.0,13559805536.328892,1217898300000.0,954074286.655569,,112344534.075016,16343700971.08292,-292128100000.0,,,,-317553100000.0,,,,189961700000.0,7816856374.444253,1066750895.293788,32976946011.52755,2987119900000.0,,7478700000.0,-293142700000.0,19417140475.198658,708067000000.0,0.0,46730900000.0,,581819032.49667,2097122624.759051,116974589.653714,,2154128390.118427,,679170213.0,,32752620.149931,777949798.608394,,51200600000.0,384914100000.0,0.0,552738700000.0,10833291217.171902,12733867.209835,12336658.340685,-197110900000.0,82562700.659057,230197800000.0,2993662400000.0,0.181051,,-241983800000.0,,88310637.563217,,215598000000.0,164606534.813109,,88303700000.0,-191042341.654563,,679170213.0,4305663551.683121,,,12336658.340685,,,,762303300000.0,,,-203091700000.0,580555900000.0,195125400000.0,-64740000000.0,3884253423.974075,,,,2380140015.870577,188907500000.0,4534268405.989005,759681700000.0,-26810700000.0,17530953.644293,1447750600000.0,981301900000.0,,82150919.368915,,-29769300000.0,10176400000.0,26816042152.06294,,6409170442.396299,2966800000.0,70468300000.0,317926700000.0,410723400000.0,-2816800000.0,215598000000.0,,,,,,,,,,,,
2019-06-30,,-162000000.0,,,,,,-0.593371,153000000.0,,,,,,804000000.0,,,544000000.0,,,,2747000000.0,,,1501000000.0,,1793000000.0,-464000000.0,4077000000.0,6655000000.0,,,1119000000.0,,22000000.0,366000000.0,,,,5578000000.0,,,-126000000.0,,,,,7000000.0,,7243000000.0,,,,111000000.0,,,,,,,,46000000.0,,,,794000000.0,,,,,674000000.0,,,,,,-395000000.0,7000000.0,-204000000.0,,,10298000000.0,,8500000000.0,,5074000000.0,,91000000.0,7243000000.0,,-710000000.0,-85000000.0,-162000000.0,,,,,,3707000000.0,1059000000.0,22863000000.0,,,,,14363000000.0,,,,,3281000000.0,820000000.0,60000000.0,,885000000.0,,679170213.0,-742000000.0,14000000.0,636000000.0,,,,,,6980000000.0,-402000000.0,-403000000.0,,,,,-0.593371,,,,656000000.0,,,106000000.0,,,-1034000000.0,,679170213.0,3756000000.0,2045000000.0,-495000000.0,-403000000.0,,,0.0,,,-611000000.0,,,,,788000000.0,,,463000000.0,2045000000.0,,2930000000.0,,,43000000.0,,,,36000000.0,,,,17278000000.0,-795000000.0,5797000000.0,,,,,,,,,,,,,,,,,,
