,annualNonCurrentDeferredTaxesLiabilities,quarterlyNetOtherFinancingCharges,trailingPurchaseOfBusiness,quarterlyOtherNonCurrentAssets,quarterlyCashFlowFromContinuingFinancingActivities,quarterlyBasicEPS,annualPurchaseOfBusiness,trailingOtherNonCashItems,quarterlyCommonStockIssuance,quarterlyInvestmentsAndAdvances,annualOtherNonCashItems,quarterlyOperatingCashFlow,annualDepreciationAndAmortization,quarterlyBasicAverageShares,annualInvestingCashFlow,quarterlyCapitalExpenditure,quarterlyNetIncomeContinuousOperations,quarterlyNetIncome,annualChangeInInventory,annualStockholdersEquity,trailingStockBasedCompensation,annualCashFlowFromContinuingFinancingActivities,trailingCashDividendsPaid,quarterlyTaxProvision,annualInventory,annualRetainedEarnings,quarterlyNonCurrentDeferredTaxesLiabilities,annualAccountsReceivable,quarterlyNetPPE,trailingOperatingCashFlow,annualPurchaseOfInvestment,quarterlyOtherIncomeExpense,annualCapitalStock,quarterlyCurrentDeferredRevenue,quarterlyLongTermDebt,quarterlyOtherCurrentLiabilities,annualOperatingCashFlow,annualCurrentLiabilities,quarterlyOperatingExpense,quarterlyChangeInCashSupplementalAsReported,annualGrossProfit,annualOtherIntangibleAssets,annualStockBasedCompensation,annualGoodwill,quarterlyCostOfRevenue,annualSaleOfInvestment,quarterlyCurrentAccruedExpenses,quarterlyAccountsReceivable,trailingRepaymentOfDebt,trailingChangeInWorkingCapital,quarterlyDilutedAverageShares,annualEbitda,annualOtherNonCurrentLiabilities,annualRepaymentOfDebt,annualOtherIncomeExpense,annualNetPPE,quarterlyBeginningCashPosition,trailingNetOtherInvestingChanges,annualGainsLossesNotAffectingRetainedEarnings,trailingGrossProfit,annualBasicEPS,quarterlyCapitalStock,quarterlyFreeCashFlow,annualNetOtherInvestingChanges,annualOtherCurrentLiabilities,annualOperatingIncome,annualChangeInCashSupplementalAsReported,annualCashCashEquivalentsAndMarketableSecurities,quarterlyNetIncomeCommonStockholders,annualEndCashPosition,trailingPretaxIncome,trailingCashFlowFromContinuingFinancingActivities,quarterlyTotalAssets,annualNonCurrentDeferredRevenue,trailingTotalRevenue,quarterlyCashCashEquivalentsAndMarketableSecurities,trailingChangeInCashSupplementalAsReported,trailingCapitalExpenditure,trailingInvestingCashFlow,annualAccountsPayable,annualGrossPPE,trailingOtherIncomeExpense,quarterlySaleOfInvestment,trailingOperatingIncome,quarterlyCashAndCashEquivalents,quarterlyCurrentDebt,quarterlyPurchaseOfInvestment,quarterlyInterestExpense,quarterlyTotalNonCurrentAssets,quarterlyOtherIntangibleAssets,annualPretaxIncome,trailingEndCashPosition,quarterlyDepreciationAndAmortization,annualIncomeTaxPayable,quarterlyChangesInAccountReceivables,quarterlyChangeInAccountPayable,quarterlyChangeInWorkingCapital,quarterlyDeferredIncomeTax,quarterlyAccountsPayable,annualRepurchaseOfCapitalStock,annualInvestmentsAndAdvances,quarterlyGrossProfit,annualAccumulatedDepreciation,quarterlyNonCurrentDeferredRevenue,annualSellingGeneralAndAdministration,quarterlyGainsLossesNotAffectingRetainedEarnings,annualOperatingExpense,trailingNetIncomeContinuousOperations,annualOtherNonCurrentAssets,annualNetIncomeContinuousOperations,trailingOperatingExpense,trailingSellingGeneralAndAdministration,quarterlyTotalLiabilitiesNetMinorityInterest,trailingDeferredIncomeTax,quarterlyTotalRevenue,trailingNetOtherFinancingCharges,annualCapitalExpenditure,annualCashAndCashEquivalents,annualCurrentAccruedExpenses,annualDilutedAverageShares,annualTaxProvision,quarterlyOperatingIncome,quarterlyGrossPPE,quarterlyIncomeTaxPayable,trailingInterestExpense,trailingBeginningCashPosition,annualInterestExpense,annualChangesInAccountReceivables,annualCurrentAssets,annualDilutedEPS,trailingChangeInAccountPayable,annualTotalRevenue,annualChangeInAccountPayable,annualNetIncomeCommonStockholders,quarterlyOtherNonCashItems,annualDeferredIncomeTax,quarterlyStockBasedCompensation,quarterlyDilutedEPS,annualTotalNonCurrentLiabilitiesNetMinorityInterest,annualBasicAverageShares,quarterlyRepurchaseOfCapitalStock,quarterlyEbitda,annualCommonStockIssuance,quarterlyEndCashPosition,quarterlyInvestingCashFlow,quarterlyCashDividendsPaid,annualOtherShortTermInvestments,annualNetOtherFinancingCharges,annualTotalLiabilitiesNetMinorityInterest,quarterlyRetainedEarnings,quarterlyTotalNonCurrentLiabilitiesNetMinorityInterest,quarterlyPretaxIncome,annualChangeInWorkingCapital,annualTotalNonCurrentAssets,quarterlyOtherShortTermInvestments,trailingNetIncomeCommonStockholders,quarterlyStockholdersEquity,trailingCostOfRevenue,quarterlySellingGeneralAndAdministration,quarterlyCurrentAssets,quarterlyNetOtherInvestingChanges,quarterlyPurchaseOfBusiness,trailingNetIncome,quarterlyGoodwill,annualTotalAssets,trailingCommonStockIssuance,trailingFreeCashFlow,quarterlyCurrentLiabilities,quarterlyOtherCurrentAssets,annualNetIncome,quarterlyRepaymentOfDebt,quarterlyAccumulatedDepreciation,trailingTaxProvision,annualCashDividendsPaid,annualCurrentDebt,quarterlyOtherNonCurrentLiabilities,annualLongTermDebt,annualBeginningCashPosition,annualCostOfRevenue,annualCurrentDeferredRevenue,annualOtherCurrentAssets,trailingDepreciationAndAmortization,annualFreeCashFlow,trailingChangeInInventory,annualResearchAndDevelopment,quarterlyInventory,quarterlyResearchAndDevelopment,trailingBasicAverageShares,trailingSaleOfInvestment,trailingRepurchaseOfCapitalStock,trailingBasicEPS,quarterlyChangeInInventory,trailingChangesInAccountReceivables,trailingPurchaseOfInvestment,trailingDilutedEPS,trailingDilutedAverageShares,trailingResearchAndDevelopment
0,,,,,,,,,,,,,,,,,,,,,,,,,,,,,,,,,,,,,,,,,,,,,,,,,,,,,,,,,,,,,,,,,,,,,,,,,,,,,,,,,,,,,,,,,,,,,,,,,,,,,,,,,,,,,,,,,,,,,,,,,,,,,,,,,,,,,,,,,,,,,,,,,,,,,,,,,,,,,,,,,,,,,,,,,,,,,,,,,,,,,,,,,,,,,,,,,,,,,
820368000,,,,,,,,,,,116975000.0,,89478000.0,,-211642000.0,,,,-3478000.0,805282000.0,,94169000.0,,,24862000.0,102865000.0,,,,,-12779000.0,,18040000.0,,,,113637000.0,285013000.0,,,,42580000.0,,,,4715000.0,,,,,,97841000.0,-33218000.0,-474896000.0,84919000.0,1267105000.0,,,,,-0.16,,,-66685000.0,0.0,8363000.0,-3836000.0,35182000.0,,35182000.0,,,,,,,,,,99887000.0,1629304000.0,,,,,,,,,,32364000.0,,,0.0,,,,,,-91268000.0,,,-362199000.0,,,,2315593000.0,,78090000.0,8363000.0,,,,,,,-136893000.0,35182000.0,175554000.0,71967000.0,24001000.0,,,,,,60918000.0,,524679000.0,-0.16,,2323956000.0,,-9993000.0,,-23570000.0,,,822159000.0,62318000.0,,,73014000.0,,,,,-9554000.0,1107172000.0,,,,-92448000.0,1387775000.0,,,,,,,,,,,1912454000.0,,,,,-14889000.0,,,,-2779000.0,9572000.0,,778100000.0,39018000.0,,,26491000.0,,-23256000.0,,,,,,,,,,,,,,
851990400,,,,,,,,,,,127474000.0,,99533000.0,,-80986000.0,,,,1284000.0,882551000.0,,-25269000.0,,,24939000.0,150870000.0,,,,,-445000.0,,18154000.0,,,,183539000.0,341010000.0,,,,31608000.0,,,,78151000.0,,,,,,147538000.0,-85460000.0,-33086000.0,81097000.0,1276115000.0,,,,,0.68,,,-23665000.0,0.0,48005000.0,77284000.0,112466000.0,,112466000.0,,,,,,,,,,103518000.0,1692723000.0,,,,,,,,,,83180000.0,,,,,,,,,-55305000.0,,,-416608000.0,,1490938000.0,,2529778000.0,,0.0,48005000.0,,,,,,,-135027000.0,112466000.0,182800000.0,70702000.0,35175000.0,,,,,,45922000.0,,661133000.0,0.68,,2577783000.0,,48005000.0,,-34814000.0,,,709100000.0,70702000.0,,,54489000.0,,,,,-1862000.0,1050110000.0,,,,-56659000.0,1307723000.0,,,,,,,,,,,1968856000.0,,,,,48005000.0,,,,0.0,54692000.0,,710507000.0,35182000.0,,,35162000.0,,48512000.0,,,,,,,,,,,,,,
883526400,,,,,,,,,,,21439000.0,,123865000.0,,-1233660000.0,,,,-2309000.0,905350000.0,,932736000.0,,,27605000.0,281803000.0,,,,,-4513000.0,,18368000.0,,,,270931000.0,413062000.0,,,,,,659311000.0,,8687000.0,,,,,,451067000.0,0.0,-152568000.0,0.0,1507818000.0,,,,,1.9,,,-956162000.0,0.0,327202000.0,-29993000.0,82473000.0,,82473000.0,,,,,,,,,,106019000.0,1996030000.0,,,,,,,,,,224466000.0,,,,,,,,,-81651000.0,178301000.0,,-488212000.0,,,,2788802000.0,,131161000.0,135128000.0,,,,,,,-281672000.0,82473000.0,279575000.0,70359000.0,89338000.0,,,,,,102736000.0,,858148000.0,1.86,,3116004000.0,,130933000.0,,53164000.0,,,2014277000.0,68938000.0,,,13832000.0,,,,,-207000.0,2427339000.0,,,,-65299000.0,2476591000.0,,,,,,,,,,,3334739000.0,,,,,130933000.0,,,,0.0,27468000.0,,1919624000.0,112466000.0,,,129002000.0,,-10741000.0,,,,,,,,,,,,,,
915062400,31506000.0,,,,,,,,,,-12230000.0,,29049000.0,,-908000.0,,,,,-9009000.0,,-85511000.0,,,,-9637000.0,,6967000.0,,,,,18402000.0,,,,86757000.0,,,,,,,,,,,,,,,141013000.0,,-66635000.0,0.0,939471000.0,,,-1962000.0,,0.39,,,13673000.0,,111964000.0,338000.0,338000.0,,338000.0,,,,,,,,,,,1185980000.0,,,,,,,,,,55960000.0,,,,,,,,,,,,-246509000.0,,5697000.0,,37969000.0,,,34809000.0,,,,,,,-14581000.0,338000.0,552000.0,68610256.0,21151000.0,,,,,,56000000.0,-100000.0,,0.39,,149933000.0,5500000.0,26758000.0,,21151000.0,,,,68610256.0,,,155000.0,,,,,-1029771000.0,968715000.0,,,,10755000.0,,,,,,,,,,,,959706000.0,,,,,26758000.0,,,,,400000000.0,,931127000.0,0.0,,,,,72176000.0,,,,,,,,,,,,,,
922838400,,-26400000.0,,,19300000.0,0.3,,,,,,39000000.0,,67666667.0,,-100000.0,20300000.0,20300000.0,,,,,,,,,,,928500000.0,,,-1300000.0,,,976900000.0,,,,-14400000.0,58200000.0,,,,,,,2000000.0,,,,67666667.0,,,,,,300000.0,,,,,,38900000.0,,,,,,20300000.0,,,,999500000.0,,,,,,,,,,,,,,,18100000.0,,,,,12800000.0,,-600000.0,-500000.0,-2200000.0,,,,,,,,,,,,,,,,1014000000.0,,56600000.0,,,,,,,71000000.0,,,,,,,,,,,,,8100000.0,,,0.3,,,,83800000.0,,58500000.0,-100000.0,,,,,-15800000.0,,,,,,,-14500000.0,,2600000.0,,,,,,,,,,,,-127400000.0,,,,,,,,,,,,,,,,,,,,,,,,,,
930700800,,26500000.0,,,-900000.0,0.3,,,,,,12700000.0,,67333333.0,,-200000.0,20200000.0,20200000.0,,,,,,,,,,,917600000.0,,,,,,976000000.0,,,,-14500000.0,11500000.0,,,,,,,5800000.0,,,,67333333.0,,,,,,58500000.0,,,,,,12500000.0,,,,,,20200000.0,,,,1018200000.0,,,,,,,,,,,,,,,18600000.0,,,,,12400000.0,,-12100000.0,-800000.0,-25800000.0,,,,,,,,,,,,,,,,1012300000.0,,57900000.0,,,,,,,72400000.0,,,,,,,,,,,,,5900000.0,,,0.3,,,,84800000.0,,70100000.0,-300000.0,,,,,4400000.0,,,,,,,5900000.0,,4600000.0,,,,,,,,,,,,-900000.0,,,,,,,,,,,,,,,,,,,,,,,,,,
938649600,,21500000.0,,,20700000.0,0.19,,,,,,28400000.0,,68421053.0,,0.0,13000000.0,13000000.0,,,,,,,,,,,906600000.0,,,-7500000.0,,,975100000.0,,,,-13800000.0,49800000.0,,,,,,,,,,,68421053.0,,,,,,70100000.0,,,,,18400000.0,28400000.0,,,,,,13000000.0,,,,1052000000.0,,,,,,,,,,,,,,,19700000.0,,,,,12400000.0,,11600000.0,-100000.0,23000000.0,,,,,,,,,,,,,,,,1032900000.0,,59300000.0,,,,,,,73100000.0,,,,,,,,,,,,,-20000000.0,,,0.19,,,,85500000.0,,119900000.0,700000.0,0.0,,,,17400000.0,,,,,,,19100000.0,,5200000.0,,700000.0,,,,,,,,,,-800000.0,,,,,,,,,,,,,,,,,,,,,,,,,,
946598400,30506000.0,5000.0,,,-3795000.0,,,,,891000.0,2837000.0,23480000.0,42803000.0,,371000.0,1000.0,-10965000.0,-10965000.0,,8345000.0,,35305000.0,,,,6409000.0,30506000.0,,894791000.0,,,7500000.0,18402000.0,,974247000.0,,103580000.0,,143557000.0,19756000.0,,,,,,,,,,,,176634000.0,,-132958000.0,-1300000.0,894791000.0,119900000.0,,-2080000.0,,0.63,18402000.0,23481000.0,416000.0,,132588000.0,139256000.0,139594000.0,-10965000.0,139594000.0,,,1071199000.0,,,139594000.0,,,,,1182547000.0,,,,139594000.0,400000000.0,,32500000.0,,,42535000.0,,5203000.0,,-25900000.0,30800000.0,14356000.0,,,,891000.0,,-287756000.0,,7767000.0,-2080000.0,100657000.0,,,42535000.0,,,1062854000.0,,59345000.0,,-299000.0,139594000.0,,67989000.0,0.0,-84212000.0,1182547000.0,,,,88800000.0,-27000000.0,,0.63,,233245000.0,29400000.0,42535000.0,8837000.0,0.0,,,,67754000.0,,-79009000.0,4000.0,139594000.0,71000.0,11000.0,,21605000.0,1062854000.0,6409000.0,,,9356000.0,,,,8345000.0,,-4533000.0,,-184000.0,,,,1071199000.0,,,,,42535000.0,-3858000.0,-287756000.0,,-26489000.0,400000000.0,,974247000.0,338000.0,,,,,103281000.0,,,,,,,,,,,,,,
954460800,,13000.0,,,-63482000.0,0.04,,,,,,45536000.0,,67898000.0,,,6940000.0,2733000.0,,,,,,,,,30506000.0,,884157000.0,,,,,,923368000.0,,,,28311000.0,-17946000.0,,,,,,,,,,,67912000.0,,,,,,139594000.0,,,,,18402000.0,45536000.0,,,,,,2733000.0,,,,1024288000.0,,,121648000.0,,,,,,,,,121648000.0,,,23849000.0,,,,,10653000.0,,25358000.0,817000.0,26175000.0,,,,,,,,,-2353000.0,,,,,,,1012279000.0,,59100000.0,,,,,,,30789000.0,1182547000.0,,,,,,,,,,,,365000.0,,,0.04,,,,41828000.0,,121648000.0,0.0,0.0,,,,9142000.0,,,,,,,12009000.0,,2288000.0,,,,,,,,,,,,-63495000.0,-298390000.0,,,,,,,,,,,,,,,,,,,,,,,,,
962323200,,,,,1000.0,0.11,,,,1656000.0,,-6001000.0,,68027000.0,,,7512000.0,7512000.0,,,,,,,,,30506000.0,,873632000.0,,,,,,923368000.0,,,,28685000.0,-6000000.0,,,,,,,,,,,68101000.0,,,,,,121648000.0,,,,,18402000.0,-6001000.0,,,,,,7512000.0,,,,1034266000.0,,,115648000.0,,,,,,,,,115648000.0,,,23777000.0,,,,,10544000.0,,-27075000.0,2135000.0,-24940000.0,,,,,,,,,-2024000.0,,,,,,,1014415000.0,,59974000.0,,,,,,,31289000.0,1182547000.0,,,,,,,,,,,,272000.0,,,0.11,,,,42145000.0,,115648000.0,0.0,0.0,,,,16655000.0,,,,,,,19851000.0,,2497000.0,,,,,,,,,,,,0.0,-308915000.0,,,,,,,,,,,,,,,,,,,,,,,,,
970272000,,0.0,,,-42435000.0,0.13,,,0.0,,,22700000.0,,68038000.0,,,8581000.0,8581000.0,,,,,,,,,30506000.0,,863109000.0,,,,,,923368000.0,,,,28637000.0,-19510000.0,,,,,,,,,,,68224000.0,,,,,,115648000.0,,,,,18402000.0,22700000.0,,,,,,8581000.0,,,,1005951000.0,,,96138000.0,,,,,,,,,96138000.0,,,23661000.0,,,,,10542000.0,,25674000.0,5221000.0,2672000.0,,,,,,,,,-1680000.0,,,,,,,1019635000.0,,60879000.0,,,,,,,32242000.0,1182547000.0,,,,,,,,,,,,294000.0,,,0.13,,,,43073000.0,,96138000.0,225000.0,-42435000.0,,,,-17199000.0,,,,,,,-13684000.0,,2602000.0,,,,,,,,,,,,0.0,-319438000.0,,,,,,,,,,,,,,,,,,,,,,,,,
978220800,30506000.0,-36975000.0,,,-36974000.0,,,,8000.0,,95419000.0,23103000.0,43603000.0,,5359000.0,,-84278000.0,-84278000.0,,-117514000.0,,-142890000.0,,,,-121323000.0,30506000.0,,848545000.0,,,,18402000.0,,886385000.0,,85338000.0,,-21604000.0,-8737000.0,,,,,,,19846000.0,,,,,221896000.0,,-100478000.0,-144219000.0,848545000.0,96138000.0,,-1338000.0,,-0.96,18402000.0,23103000.0,189000.0,,178293000.0,-52193000.0,87401000.0,-84278000.0,87401000.0,,,981145000.0,,,87401000.0,,,,,1176143000.0,,,,87401000.0,,,24031000.0,,,-61245000.0,,11864000.0,,-27472000.0,-333000.0,418000.0,,,,,,-327598000.0,,9689000.0,-1338000.0,64029000.0,,,-61245000.0,,,1098659000.0,,62369000.0,,,87401000.0,19846000.0,68131000.0,0.0,83973000.0,1176143000.0,,,,95318000.0,-3515000.0,,-0.96,,242322000.0,7840000.0,-65452000.0,94488000.0,0.0,,,,68010000.0,,95837000.0,22000.0,87401000.0,5134000.0,1000.0,,-100478000.0,1098659000.0,-121323000.0,,,4325000.0,,,,-117514000.0,,2302000.0,,-36000.0,,,,981145000.0,,,,,-65452000.0,-36983000.0,-327598000.0,,-42434000.0,,,886385000.0,139594000.0,,,,,85338000.0,,,,,,,,,,,,,,
985996800,,-35000000.0,,,-54846000.0,0.16,,,,,,23098000.0,,68222000.0,,-95000.0,10579000.0,10579000.0,,,,,,675000.0,,,30506000.0,,838071000.0,,,,,,851385000.0,,,,-1799000.0,-32303000.0,,,,,,,0.0,,,,68872000.0,,,,,,87401000.0,,,,,18402000.0,23003000.0,,,,,,10579000.0,,,,938689000.0,,,55098000.0,,,,,,,,,55098000.0,,,21121000.0,,,,,10498000.0,,-407000.0,1407000.0,1000000.0,,,,,,,,,-2270000.0,,,,,,,1044596000.0,,47624000.0,,,,,,,49423000.0,1176143000.0,,,,,,,,,,,,410000.0,,,0.15,,,,60324000.0,,55098000.0,-555000.0,-19846000.0,,,,-110745000.0,,11254000.0,,,,,-105907000.0,,2549000.0,,-460000.0,,,,,,,,,,-35000000.0,-338072000.0,,,,,,,,,,,,,,,,,,,,,,,,,
993859200,,-37210000.0,,,-52334000.0,0.12,,,,,,20355000.0,,68409000.0,,-74000.0,8105000.0,8105000.0,,,,,,1210000.0,,,30506000.0,,827596000.0,,,0.0,,,850420000.0,,,,16084000.0,-31714000.0,,,,,,,0.0,,,,69307000.0,,,,,,55098000.0,,,,,18402000.0,20281000.0,,,,,,8105000.0,,,,901133000.0,,,23384000.0,,,,,,,,,23384000.0,,,23405000.0,,,,,10089000.0,,11485000.0,-10374000.0,1111000.0,,,,,,,22282000.0,,-431000.0,,,,,,,1011502000.0,,47356000.0,,,,,,,31272000.0,1176143000.0,,,,,,,,,,,,439000.0,,,0.12,,,,42218000.0,,23384000.0,265000.0,-15124000.0,,,,-117763000.0,,9315000.0,,,,,-110369000.0,,2593000.0,,339000.0,,,,,,,,,,-965000.0,-348547000.0,,,,,,,,,,,,,,,,,,,,,,,,,
1001808000,,-2449000.0,,,-18001000.0,0.13,,,0.0,88412000.0,,17871000.0,,68491000.0,,-51000.0,9157000.0,9157000.0,,,,,,470000.0,,,30506000.0,,816740000.0,,,580000.0,,,850016000.0,,,,16146000.0,443000.0,,,,,,,15148000.0,,,,69584000.0,,,,,,23384000.0,,,,,18402000.0,17820000.0,,,,,,9157000.0,,,,962782000.0,,,23827000.0,,,,,,,,,23827000.0,,,22103000.0,,,,,9883000.0,,-12591000.0,2487000.0,-1950000.0,,,,,,,21655000.0,,49429000.0,,,,,,,1044412000.0,,47296000.0,,,,,,,31150000.0,1175763000.0,,,,,,,,,,,,457000.0,,,0.13,,,,42104000.0,,23827000.0,573000.0,-15148000.0,,,,-138899000.0,,9627000.0,,,,,-81630000.0,,2598000.0,,-716000.0,,,,,,,,,,-404000.0,-359023000.0,,,,,,,,,,,,,,,,,,,,,,,,,
1009756800,30394000.0,-2515000.0,,,-26277000.0,,,,-34000.0,55118000.0,-13168000.0,18569000.0,40365000.0,,2760000.0,-897000.0,24047000.0,22725000.0,,-91074000.0,,-151458000.0,,330000.0,,-134088000.0,30394000.0,,806336000.0,,,-290000.0,18402000.0,,848368000.0,,79893000.0,,15787000.0,-5231000.0,,,,,,6120000.0,17910000.0,,,,,185087000.0,,-269949000.0,0.0,806336000.0,23827000.0,,35174000.0,,0.74,18402000.0,17672000.0,-2913000.0,,141315000.0,-68805000.0,90800000.0,22725000.0,18596000.0,,,941859000.0,21027000.0,,90800000.0,,,,,1175838000.0,,5450000.0,,18596000.0,,,26443000.0,,,54283000.0,,9895000.0,,6233000.0,998000.0,-1685000.0,,,,55118000.0,,-369502000.0,21027000.0,10244000.0,35174000.0,63266000.0,,,51888000.0,,,1032933000.0,,62305000.0,,-1117000.0,18596000.0,17910000.0,69363000.0,2685000.0,46518000.0,1175838000.0,,,,91624000.0,4720000.0,,0.73,,204581000.0,-5482000.0,50566000.0,-14474000.0,,,,,68409000.0,,57489000.0,503000.0,18596000.0,2477000.0,-15148000.0,72204000.0,-41746000.0,1032933000.0,-134088000.0,,24087000.0,-1524000.0,,72204000.0,,-91074000.0,,2504000.0,,-2076000.0,,,,941859000.0,,,,,50566000.0,-233580000.0,-369502000.0,,-65266000.0,,,848368000.0,87401000.0,,,,,78776000.0,,,,,,,,,,,,,,
1017532800,,-16864000.0,,,-34094000.0,0.18,,,,43751000.0,,24178000.0,,68698000.0,,-76000.0,12701000.0,12701000.0,,,,,,0.0,,,30394000.0,,795420000.0,,,2114000.0,,,831544000.0,,,,16292000.0,-9315000.0,,,,,,,0.0,,,,69844000.0,,,,,,18596000.0,,,,,18402000.0,24102000.0,,,,,,12701000.0,,,,891632000.0,,,53032000.0,,,,,,,,,9281000.0,,,21331000.0,,,,,9839000.0,,525000.0,1058000.0,1583000.0,,,,,,,20400000.0,,33452000.0,,,,,,,985898000.0,,46739000.0,,,,,,,30447000.0,1174536000.0,,,,,,,,,,,,412000.0,,,0.18,,,-40000.0,41335000.0,,9281000.0,601000.0,-17230000.0,,,,-137793000.0,,12701000.0,,,43751000.0,,-94266000.0,,2311000.0,,-873000.0,,,,,,,,,,-16824000.0,-379116000.0,,,,,,,,,,,,,,,,,,,,,,,,,
1025395200,,-54445000.0,,,-70852000.0,0.38,,,,42727000.0,,32285000.0,,68850000.0,,-59000.0,10536000.0,26468000.0,,,,,,0.0,,,30394000.0,,780340000.0,,,-5587000.0,,,807663000.0,,,,16044000.0,-5945000.0,,,,,,,0.0,,,,70002000.0,,,,,,9281000.0,,,,,18402000.0,32226000.0,,,,,,26468000.0,,,,880869000.0,,,46063000.0,,,,,,,,,3336000.0,,,20481000.0,,,,,10842000.0,,-4624000.0,12980000.0,8356000.0,,,,,,,19653000.0,,22256000.0,,,,,,,976244000.0,,51246000.0,,,,,,,35202000.0,1168406000.0,,,,,,,,,,,,-22299000.0,,,0.38,,,-5000.0,46307000.0,,3336000.0,32622000.0,-16407000.0,,,,-127731000.0,,10536000.0,,,42727000.0,,-95375000.0,,2601000.0,,338000.0,,,,,,,,,,-636014000.0,-388066000.0,,,,,,,,,,,,,,,,,,,,,,,,,
1033344000,,-5375000.0,,,-40999000.0,0.25,,,,34098000.0,,40224000.0,,69098000.0,,-101000.0,17093000.0,17093000.0,,,,,,-2200000.0,,,30394000.0,,769981000.0,,,0.0,,,785924000.0,,,,15527000.0,785000.0,,,,,,,0.0,,,,70047000.0,,,,,,3336000.0,,,,,18402000.0,40123000.0,,,,,,17093000.0,,,,857243000.0,,,38219000.0,,,,,,,30297000.0,,4121000.0,,,19990000.0,,,,,10144000.0,,21063000.0,-7915000.0,13148000.0,,,,,,,19029000.0,,-11387000.0,,,,,,,982868000.0,,49079000.0,,,,,,,33552000.0,1168406000.0,,,,,,,,,,,,-1204000.0,,,0.24,,,,44320000.0,,4121000.0,1560000.0,-16488000.0,,,,-127126000.0,,14893000.0,,,34098000.0,,-125625000.0,,2410000.0,,-28636000.0,,,,,,,,,,-576000.0,-398425000.0,,,,,,,,,,,,,,,,,,,,,,,,,
1041292800,30394000.0,-623097000.0,,,47559000.0,,,,94609000.0,16713000.0,-21285000.0,19698000.0,41249000.0,,-34140000.0,-72000.0,37433000.0,9444000.0,,-53627000.0,,-98386000.0,,0.0,,-134279000.0,30394000.0,,828802000.0,,-71881000.0,0.0,20652000.0,,707709000.0,,116385000.0,,17136000.0,-1666000.0,,,,,,6950000.0,16596000.0,,,,,171073000.0,,-135018000.0,0.0,828802000.0,4121000.0,,-26909000.0,,0.95,20652000.0,19626000.0,2479000.0,,127212000.0,-16141000.0,19168000.0,9444000.0,2455000.0,,,895780000.0,18883000.0,,19168000.0,,,,,1237934000.0,,-28620000.0,,2455000.0,,,20418000.0,,,50688000.0,,10424000.0,,-17482000.0,10327000.0,-7155000.0,,,,16713000.0,,-409132000.0,18883000.0,9763000.0,-26909000.0,69492000.0,,,76783000.0,,,949407000.0,,49835000.0,,-308000.0,2455000.0,16596000.0,70290000.0,-2200000.0,32699000.0,1237934000.0,,,,81985000.0,-518000.0,,0.93,,196704000.0,16450000.0,65706000.0,1806000.0,,,,,69336000.0,,43836000.0,97155000.0,2455000.0,-68923000.0,0.0,16713000.0,-630698000.0,949407000.0,-134279000.0,,13538000.0,15932000.0,,16713000.0,,-53627000.0,,2441000.0,,31650000.0,,,,895780000.0,,,,,65706000.0,518396000.0,-409132000.0,,-50125000.0,,,707709000.0,18596000.0,,,,,116077000.0,,,,,,,,,,,,,,
1049068800,,-2872000.0,,,-35212000.0,0.47,,,35000.0,16551000.0,,35846000.0,,78834000.0,,-41000.0,37288000.0,37288000.0,,,,,,,,,30394000.0,,818043000.0,,,,,,750442000.0,,,,3990000.0,628000.0,,,,,,,0.0,,,,79296000.0,,,,,,2455000.0,,,,,20652000.0,35805000.0,,,,,,37288000.0,,,,878094000.0,,,13497000.0,,,,,,,,,3083000.0,47499000.0,,18307000.0,,,,,10135000.0,,-536000.0,-12255000.0,-12791000.0,,17769000.0,,,,,18248000.0,,-34304000.0,,,,,,,920860000.0,,50423000.0,,,,,,,46433000.0,1237911000.0,,,,,,,,,,,,194000.0,,,0.47,,,,57525000.0,,3083000.0,-6000.0,-37742000.0,,,,-118137000.0,,,,,10414000.0,,-42766000.0,,3140000.0,,35000.0,,,,,,,,,,-81333000.0,-419868000.0,,,,,,,,,,,,,,,,,,,,,,,,,
1056931200,,-43775000.0,,,-94005000.0,0.2,,,1241000.0,21770000.0,,38170000.0,,78935000.0,,3000.0,15662000.0,16129000.0,,,,,,,,,30394000.0,,743141000.0,,,,,,720160000.0,,,,18433000.0,6090000.0,,,,,,,0.0,,,,79575000.0,,,,,,3083000.0,,,,,20652000.0,38173000.0,,,,,,16129000.0,,,,800602000.0,,,23048000.0,,,,,,,,,9173000.0,,,19851000.0,,,,,9434000.0,,10558000.0,-5896000.0,4662000.0,,19940000.0,,,,,16916000.0,,-34803000.0,,,,,,,847806000.0,,50185000.0,,,,,,,31752000.0,1153192000.0,,,,,,,,,,,,6925000.0,,,0.2,,,,42273000.0,,9173000.0,61925000.0,-21169000.0,,,,-123177000.0,,,,,13875000.0,,-47204000.0,,3080000.0,,403000.0,,,,,,,,,,28998000.0,-410051000.0,,,,,,,,,,,,,,,,,,,,,,,,,
1064880000,,0.0,,,-52583000.0,0.41,,,9571000.0,0.0,,33832000.0,,79389000.0,,-220000.0,30992000.0,32212000.0,,,,,,0.0,,,30394000.0,,730703000.0,,,0.0,,,679362000.0,,,,14099000.0,922000.0,,,,,,,0.0,,,,80258000.0,,,,,,9173000.0,,,,,20652000.0,33612000.0,,,,,,32212000.0,,,,774400000.0,,,10095000.0,,,,,,,78760000.0,,10095000.0,,,14688000.0,,,,,10507000.0,,1315000.0,791000.0,2106000.0,,13727000.0,,,,,16309000.0,,-31778000.0,,,,,,,798105000.0,,59779000.0,,,,,,,45680000.0,1145297000.0,,,,,,,,,,,,-12021000.0,,,0.4,,,,56227000.0,,10095000.0,19673000.0,-21336000.0,,,,-112302000.0,,30992000.0,,,,,-23705000.0,,3136000.0,,-61129000.0,,,,,,,,,,13032000.0,-414594000.0,,,,,,,,,,,,,,,,,,,,,,,,,
1072828800,30394000.0,-8575000.0,,,-35618000.0,,,,11757000.0,0.0,-75291000.0,29518000.0,39510000.0,,159701000.0,0.0,13639000.0,77124000.0,,56315000.0,,-217418000.0,,0.0,,-56790000.0,30394000.0,,681290000.0,,0.0,0.0,20652000.0,,640562000.0,,137366000.0,,18524000.0,72009000.0,,,,,,205000.0,21614000.0,,,,,179354000.0,,-104553000.0,20164000.0,681290000.0,10095000.0,,-19042000.0,,2.05,20652000.0,29518000.0,20590000.0,,138360000.0,79649000.0,82104000.0,77124000.0,82104000.0,,,812850000.0,15308000.0,,82104000.0,,,,14562000.0,1090181000.0,,-81177000.0,,82104000.0,,,14654000.0,,,96734000.0,,9434000.0,,-851000.0,13089000.0,12238000.0,,14562000.0,,0.0,,-408891000.0,15308000.0,12724000.0,-19042000.0,66643000.0,,,96734000.0,,,756535000.0,,46817000.0,,-258000.0,82104000.0,21614000.0,80094000.0,0.0,28293000.0,1090181000.0,,,,66733000.0,10486000.0,,2.03,,205003000.0,-4271000.0,162753000.0,-70389000.0,,,,,79340000.0,,37727000.0,22604000.0,82104000.0,78109000.0,0.0,,-55222000.0,756535000.0,-56790000.0,,13639000.0,6215000.0,,,,56315000.0,,3368000.0,,81281000.0,,,,812850000.0,,,,,162753000.0,-65250000.0,-408891000.0,,-80247000.0,,,640562000.0,2455000.0,,,,,137108000.0,,,,,,,,,,,,,,
1080691200,,51672000.0,,,56416000.0,0.28,,,14521000.0,7527000.0,,39685000.0,,81703000.0,,-30000.0,23275000.0,23275000.0,,,,,,,,,30394000.0,,963033000.0,,,,,,782362000.0,,,,15674000.0,-80381000.0,,,,,,,0.0,,,,82760000.0,,,,,,82104000.0,,,,,21157000.0,39655000.0,,,,,,23275000.0,,,,1007319000.0,,,1723000.0,,,,,,,,,1723000.0,,,15328000.0,,,,,10231000.0,,-3133000.0,9115000.0,5982000.0,,18853000.0,,,,,14718000.0,,-24680000.0,,,,,,,893426000.0,,54277000.0,,,,,,,38603000.0,1382697000.0,,,,,,,,,,,,-825000.0,,,0.28,,,,49732000.0,,1723000.0,-176482000.0,-48838000.0,,,,-60740000.0,,,,,,,113893000.0,,3731000.0,,-176452000.0,,,,,,,,,,-789000.0,-419664000.0,,,,,,,,,,,,,,,,,,,,,,,,,
1088553600,,17372000.0,,,45598000.0,0.31,,,55518000.0,,,30840000.0,,83820000.0,,24000.0,25654000.0,25654000.0,,,,,,,,,30394000.0,,1021010000.0,,,,,,851675000.0,,,,34113000.0,7157000.0,,,,,,,0.0,,,,84565000.0,,,,,,1723000.0,,,,,21190000.0,30864000.0,,,,,,25654000.0,,,,1073003000.0,,,8880000.0,,,,,,,,,8880000.0,,,16992000.0,,,,,11508000.0,,-48000.0,-6159000.0,-6207000.0,,21298000.0,,,,,14204000.0,,-11364000.0,,,,,,,943375000.0,,59767000.0,,,,,,,25654000.0,1452717000.0,,,,,,,,,,,,-1135000.0,,,0.3,,,,38069000.0,,8880000.0,-69281000.0,-27292000.0,,,,-62377000.0,,,,,,,129628000.0,,3653000.0,,-69412000.0,,,,,,,,,,-119106000.0,-431707000.0,,,,,,,,,,,,,,,,,,,,,,,,,
1096502400,,-3179000.0,,,-24795000.0,0.3,,,5777000.0,,,54030000.0,,84073000.0,,-280830000.0,25297000.0,25297000.0,,,,,,,,,30394000.0,,1045729000.0,,,-1370000.0,,,853774000.0,,,,34941000.0,-5075000.0,,,,,,,0.0,,,,84889000.0,,,,,,8880000.0,,,,,21233000.0,-226800000.0,,,,,,25297000.0,,,,1091345000.0,,,3805000.0,,,,,,,153000.0,,3805000.0,,,16946000.0,,,,,13495000.0,,2340000.0,12229000.0,14569000.0,,27074000.0,,,,,13536000.0,,-14556000.0,,,,,,,961172000.0,,61608000.0,,,,,,,26667000.0,1490588000.0,,,,,,,,,,,,-1675000.0,,,0.3,,,,40243000.0,,3805000.0,-34310000.0,-27393000.0,,,,-64473000.0,,,,,,,130173000.0,,3563000.0,,246367000.0,,,,,,,,,,-122179000.0,-444859000.0,,,,,,,,,,,,,,,,,,,,,,,,,
1104451200,,-13287000.0,,,-7221000.0,,,,6066000.0,,-26483000.0,25403000.0,54340000.0,,-298695000.0,-43095000.0,25947000.0,46674000.0,,160224000.0,,69998000.0,,,,-45297000.0,,,1071132000.0,,0.0,65830000.0,21283000.0,,843178000.0,,149958000.0,,-31560000.0,-440000.0,,,,,,3580000.0,8743000.0,,,,,218755000.0,,-72361000.0,64460000.0,1071132000.0,3805000.0,,-9747000.0,,1.45,21283000.0,-17692000.0,556000.0,,164415000.0,-78739000.0,3365000.0,46674000.0,3365000.0,,,1126935000.0,12887000.0,,3365000.0,,,,18718000.0,1525242000.0,,3320000.0,,3365000.0,,,17551000.0,,,100173000.0,,19106000.0,,-8226000.0,-6287000.0,-14513000.0,,18718000.0,,,,-454110000.0,12887000.0,16917000.0,-9747000.0,68496000.0,,,100173000.0,,,966711000.0,,57259000.0,,-323931000.0,3365000.0,8743000.0,84352000.0,0.0,88819000.0,1525242000.0,,,,66817000.0,-9067000.0,,1.43,,232911000.0,8898000.0,120900000.0,-22848000.0,,,,,83491000.0,,107925000.0,81882000.0,3365000.0,-18622000.0,0.0,,91639000.0,966711000.0,-45297000.0,,,-169000.0,,,,160224000.0,,5970000.0,,53000.0,,,,1126935000.0,,,,,120900000.0,169713000.0,-454110000.0,,-103523000.0,,,843178000.0,82104000.0,,,,,-173973000.0,,,,,,,,,,,,,,
1112227200,,-268000.0,,,-2657000.0,0.33,,,2954000.0,,,58065000.0,,84657000.0,,-31139000.0,27573000.0,27573000.0,,,,,,,,,30394000.0,,1127058000.0,,,,,,877642000.0,,,,19258000.0,-1586000.0,,,,,,,30531000.0,,,,85400000.0,,,,,,3365000.0,,,,,21306000.0,26926000.0,,,,,,27573000.0,,,,1174198000.0,,,1779000.0,,,,,,,9191000.0,,1779000.0,,-27818000.0,17172000.0,,,,,12630000.0,,7491000.0,10987000.0,18478000.0,,28015000.0,,,,,12298000.0,,-4943000.0,,,,,,,1007468000.0,,64003000.0,,,,,,,44745000.0,1594343000.0,,,,,,,,,,,,-1926000.0,,,0.32,,,,58011000.0,,1779000.0,-56994000.0,-27498000.0,,,,-48255000.0,,,,,,,166730000.0,,5020000.0,,-7228000.0,,,,,,,,,,-1145000.0,-467285000.0,,,,,,,,,,,,,,,,,,,,,,,,,
1120089600,,-6331000.0,,,424756000.0,0.31,,,3776000.0,,,42117000.0,,88574000.0,,-450641000.0,27068000.0,27068000.0,,,,,,,,,30394000.0,,2432299000.0,,,,,,1832684000.0,,,,24985000.0,-977000.0,,,,,,,0.0,,,,89350000.0,,,,,,1779000.0,,,,,25888000.0,-408524000.0,,,,,,27068000.0,,,,2625455000.0,,,802000.0,,,,,,,-7432000.0,,802000.0,,-28778000.0,22926000.0,,,,,17601000.0,,-10543000.0,8896000.0,-1647000.0,,70710000.0,,,,,11713000.0,,-6644000.0,,,,,,,1970295000.0,,75154000.0,,,,,,,50169000.0,2917775000.0,,,,,,,,,,,,-2356000.0,,,0.3,,,,68454000.0,,802000.0,-467850000.0,-61090000.0,,,,-51746000.0,,,,,,,655160000.0,,5553000.0,,19001000.0,,,,,,,,,,-5699000.0,-485476000.0,,,,,,,,,,,,,,,,,,,,,,,,,
1128038400,,-1000.0,,,27003000.0,0.28,,,99825000.0,,,71380000.0,,103081000.0,,-98181000.0,28721000.0,28721000.0,,,,,,,,,30394000.0,,2552635000.0,,,,,,1811319000.0,,,,34997000.0,4962000.0,,,,,,,37255000.0,,,,103880000.0,,,,,,802000.0,,,,,25890000.0,-26801000.0,,,,,,28721000.0,,,,2658130000.0,,,5764000.0,,,,,,,5431000.0,,5764000.0,,9263000.0,32417000.0,,,,,26597000.0,,2112000.0,18556000.0,20668000.0,,77316000.0,,,,,11126000.0,,-1959000.0,,,,,,,2004019000.0,,96135000.0,,,,,,,61138000.0,3065733000.0,,,,,,,,,,,,-6135000.0,,,0.28,,,,88878000.0,,5764000.0,-93421000.0,0.0,,,,-60280000.0,,,,,,,654111000.0,,6109000.0,,-9934000.0,,,,,,,,,,-12321000.0,-513098000.0,,,,,,,,,,,,,,,,,,,,,,,,,
1135987200,,4280000.0,,,-59549000.0,,,,2228000.0,,-19182000.0,52202000.0,88002000.0,,-615041000.0,-9591000.0,41885000.0,47221000.0,,667319000.0,,389553000.0,,,,-50402000.0,,,2526474000.0,,-47333000.0,,25927000.0,,1802564000.0,,223764000.0,,21369000.0,-4123000.0,,,,,,30394000.0,14418000.0,,,,,312112000.0,,-241267000.0,-1551000.0,2526474000.0,5764000.0,,-856000.0,,1.37,25927000.0,42611000.0,-9966000.0,,224110000.0,-1724000.0,1641000.0,47221000.0,1641000.0,,,2639118000.0,10540000.0,,1641000.0,,,,60542000.0,3067820000.0,,23204000.0,,1641000.0,,0.0,33066000.0,,,,,31174000.0,,5664000.0,-18802000.0,-13138000.0,,60542000.0,,,,-541346000.0,10540000.0,23104000.0,-856000.0,100609000.0,,,125247000.0,,,1971799000.0,,89427000.0,,-589552000.0,1641000.0,14418000.0,95775000.0,,68058000.0,3067820000.0,,,,105581000.0,4724000.0,,1.36,,324719000.0,19637000.0,130583000.0,-8765000.0,,,,,95037000.0,,99232000.0,108783000.0,1641000.0,3224000.0,-37255000.0,,-2320000.0,1971799000.0,-50402000.0,,,24361000.0,,,,667319000.0,,6422000.0,,-11805000.0,,,,2639118000.0,,,,,130583000.0,-222102000.0,-541346000.0,,-125843000.0,,,1802564000.0,3365000.0,,,,,-365788000.0,,,,,,,,,,,,,,
1143763200,,-33000.0,,,-24816000.0,0.28,,,1613000.0,,,69156000.0,,103751000.0,,-48354000.0,29134000.0,29134000.0,,,,,,,,,30394000.0,,2542642000.0,,,,,,1854551000.0,,,,101637000.0,-175000.0,,,,,,,0.0,,,,104300000.0,,,,,,1641000.0,,,,,25974000.0,20802000.0,,,,,,29134000.0,,,,2661604000.0,,,1466000.0,,,,,,,4070000.0,,1466000.0,,0.0,32957000.0,,,,,27867000.0,,-2491000.0,18245000.0,15754000.0,,72726000.0,,,,,9953000.0,,685000.0,,,,,,,2002837000.0,,97814000.0,,,,,,,-3823000.0,3112317000.0,,,,,,,,,,,,-4369000.0,,,0.28,,,,24647000.0,,1466000.0,-44515000.0,-78383000.0,,,,-62308000.0,,,,,,,658767000.0,,6631000.0,,-231000.0,,,,,,,,,,-2687000.0,-569675000.0,,,,,,,,,,,,,,,,,,,,,,,,,
1151625600,,77833000.0,,,-24737000.0,0.28,,,1695000.0,,,36087000.0,,103884000.0,,-15857000.0,29258000.0,29258000.0,,,,,,,,,30394000.0,,2539090000.0,,,-1273000.0,,,1882909000.0,,,,36052000.0,466000.0,,,,,,,0.0,,,,104374000.0,,,,,,1466000.0,,,,,26004000.0,20230000.0,,,,,,29258000.0,,,,2660972000.0,,,1932000.0,,,,,,,86000.0,,1932000.0,,0.0,33723000.0,,,,,28516000.0,,-912000.0,-18670000.0,-19582000.0,,,,,,,9374000.0,,1449000.0,,,,,,,2010976000.0,,100306000.0,,,,,,,64254000.0,3137734000.0,,,,,,,,,,,,-4150000.0,,,0.28,,,,93365000.0,,1932000.0,-10884000.0,-41074000.0,,,,-74124000.0,,,,,,,649996000.0,,6287000.0,,4887000.0,,,,,,,,,,-10591000.0,-598644000.0,,,,,,,,,,,,,,,,,,,,,,,,,
1159574400,,-94700000.0,,,84071000.0,0.31,,,1854000.0,,,73003000.0,,104021000.0,,-101000.0,32241000.0,32241000.0,,,,,,,,,30394000.0,,2666463000.0,,,1769000.0,,,2007128000.0,,,,44278000.0,3000.0,,,,,,,35460000.0,,,,104568000.0,,,,,,1932000.0,,,,,26036000.0,72902000.0,,,,,,32241000.0,,,,2808415000.0,,,,,,,,,,88000.0,,,,-156849000.0,34917000.0,,,,,30849000.0,,-15555000.0,31484000.0,15929000.0,,,,,,,8780000.0,,1569000.0,,,,,,,2164740000.0,,109667000.0,,,,,,,65389000.0,3294263000.0,,,,,,,,,,,,-6794000.0,,,0.31,,,,96238000.0,,1935000.0,-157071000.0,-41141000.0,,,,-83024000.0,,,,,,,643675000.0,,6539000.0,,-209000.0,,,,,,,,,,-3473000.0,-627800000.0,,,,,,,,,,,,,,,,,,,,,,,,,
1167523200,30394000.0,-15300000.0,,,208194000.0,,,,2303000.0,,-20610000.0,60621000.0,119653000.0,,-481974000.0,-426367000.0,40797000.0,40797000.0,,709876000.0,,242712000.0,,,,-84176000.0,30394000.0,,3083900000.0,,-196598000.0,-1769000.0,26545000.0,,2329053000.0,,238867000.0,,38499000.0,-689000.0,,,,,,195411000.0,41949000.0,,,,,383550000.0,,-20960000.0,-1273000.0,3083900000.0,1935000.0,,1037000.0,,1.26,26545000.0,-365746000.0,9892000.0,,263897000.0,-395000.0,1246000.0,40797000.0,1246000.0,,,3253800000.0,8194000.0,,1246000.0,,,,72456000.0,3743484000.0,,191167000.0,,1246000.0,,-39749000.0,39497000.0,,,,,32421000.0,,-22726000.0,15872000.0,-6854000.0,,72456000.0,,,,-659584000.0,8194000.0,26136000.0,1037000.0,154552000.0,,,131430000.0,,,2543924000.0,,110662000.0,,-490679000.0,1246000.0,41949000.0,104731000.0,,72163000.0,3743484000.0,,,,141094000.0,-41684000.0,,1.25,,418449000.0,46931000.0,131430000.0,-5297000.0,,,,,104206000.0,,104584000.0,7465000.0,1246000.0,-269504000.0,0.0,,-32200000.0,2543924000.0,-84176000.0,,,5247000.0,,,,709876000.0,,6679000.0,,5445000.0,,,,3253800000.0,,,,,131430000.0,-4209000.0,-659584000.0,,-160598000.0,,,2329053000.0,1641000.0,,,,,-251812000.0,,,,,,,,,,,,,,
1175299200,,-8554000.0,,,-64163000.0,0.43,,,3044000.0,,,88181000.0,,106044000.0,,-30351000.0,45106000.0,45106000.0,,,,,,,,,30394000.0,,3088953000.0,,,,,,2370418000.0,,,,36173000.0,-1246000.0,,,,,,,0.0,,,,106775000.0,,,,,,1246000.0,,,,,26587000.0,57830000.0,,,,,,45106000.0,,,,3286167000.0,,,0.0,,,,,,,5182000.0,,0.0,,,40569000.0,,,,,33433000.0,,-16536000.0,33679000.0,17143000.0,,123138000.0,,,,,7607000.0,,914000.0,,,,,,,2577253000.0,,121848000.0,,,,,,,85675000.0,3781355000.0,,,,,,,,,,,,-8611000.0,,,0.42,,,,119108000.0,,0.0,-25264000.0,-92471000.0,,,,-89591000.0,,,,,,,708914000.0,,7583000.0,,-95000.0,,,,,,,,,,-117682000.0,-692402000.0,,,,,,,,,,,,,,,,,,,,,,,,,
1183161600,,1388060000.0,,,971553000.0,1.49,,,1042935000.0,,,77658000.0,,117419000.0,,-2427553000.0,45136000.0,179797000.0,,,,,,-5611000.0,,,309215000.0,,5368781000.0,,,-792000.0,,,3284642000.0,,,,97849000.0,33556000.0,,,,,,,21157000.0,,,,117825000.0,,,,,,0.0,,,,,33350000.0,-2349895000.0,,,,,,174598000.0,,,,5671453000.0,,,30138000.0,,,,,,,33485000.0,,30138000.0,,,,,,,,58352000.0,,6890000.0,-34787000.0,-27897000.0,,119336000.0,,,,,10219000.0,,9482000.0,,,,,,,3765726000.0,,193722000.0,,,,,,,95873000.0,6087123000.0,,,,,,,,,,,,-125873000.0,,,1.48,,,,154225000.0,,30138000.0,-1015655000.0,-66820000.0,,,,21636000.0,,39933000.0,,,,,1879105000.0,,8023000.0,,1386186000.0,,,,,,,,,,-1249437000.0,-718342000.0,,,,,,,,,,,,,,,,,,,,,,,,,
1191110400,,-1524000000.0,,,-98298000.0,0.21,,,-250000.0,,,182134000.0,,133205000.0,,-165912000.0,28014000.0,28014000.0,,,,,,-9463000.0,,,,,5382710000.0,,,-1447000.0,,,3267705000.0,,,,151529000.0,9384000.0,,,,,,,46752000.0,,,,133503000.0,,,,,,30138000.0,,,,,33371000.0,16222000.0,,,,,,28014000.0,,,,5661620000.0,,,28573000.0,,,,,,,-7130000.0,,28573000.0,,7773000.0,54092000.0,,,,,70716000.0,,25972000.0,71695000.0,97667000.0,-9463000.0,106001000.0,,,,,9665000.0,,6652000.0,,,,,,,3790862000.0,,226294000.0,,,,,,,74765000.0,6148308000.0,,,,,,,,,,,,-4800000.0,,,0.21,,,,145481000.0,,28573000.0,-74452000.0,-63411000.0,,,,-13761000.0,,19226000.0,,,,,1843977000.0,,9315000.0,,90817000.0,,,,,,,,,,-12190000.0,-765598000.0,,,,,,,,,,,,,,,,,,,,,,,,,
1199059200,297590000.0,156969000.0,,115278000.0,-3443000.0,,,,-16000.0,5474013000.0,222000.0,51837000.0,237501000.0,,-1173376000.0,1269090000.0,29401000.0,29401000.0,,1823654000.0,,805649000.0,,-12968000.0,,-47846000.0,297590000.0,,,,0.0,-740000.0,33416000.0,9065000.0,3360499000.0,0.0,399810000.0,203431000.0,-38802000.0,-9611000.0,573666000.0,,7493000.0,,,23576000.0,20790000.0,,,,,562070000.0,0.0,-1426769000.0,-2979000.0,,28573000.0,,17416000.0,,2.26,33416000.0,1320927000.0,374000.0,0.0,327548000.0,32083000.0,28334000.0,29401000.0,28334000.0,,,5716628000.0,,,28334000.0,,,,173576000.0,,,-7961000.0,,28334000.0,,0.0,55447000.0,5634217000.0,,120351000.0,,75000000.0,,,,-31673000.0,,173576000.0,,5474013000.0,,,,36425000.0,17416000.0,246118000.0,,115278000.0,146695000.0,,,3861520000.0,,232553000.0,,-1354726000.0,28334000.0,20790000.0,123012000.0,-28042000.0,73230000.0,,,,,204218000.0,,82411000.0,2.25,,771791000.0,,277119000.0,139506000.0,,,,3658089000.0,122597000.0,,145251000.0,1045713000.0,28334000.0,-58005000.0,-63486000.0,,12475000.0,3861520000.0,-47846000.0,3658089000.0,17043000.0,55240000.0,5634217000.0,,,1823654000.0,,11506000.0,82411000.0,-1476534000.0,,,,5716628000.0,,,203431000.0,-2092000.0,282318000.0,-47460000.0,,,-286188000.0,,0.0,3360499000.0,1246000.0,198125000.0,9065000.0,-2092000.0,,-954916000.0,,,,,,,,,,,,,,
1206921600,,1866000.0,,,-74466000.0,0.24,,,191668000.0,,,104626000.0,,136381000.0,,-6903000.0,31098000.0,32052000.0,,,,,,-10038000.0,,,,,5400559000.0,,,-567000.0,,,3157111000.0,,,,156795000.0,23302000.0,,,,,,,46748000.0,,,,136673000.0,,,,,,28334000.0,,,,,34592000.0,97723000.0,,,,,,32052000.0,,,,5651788000.0,,,51347000.0,,,,,,,62000.0,,51347000.0,,,52864000.0,,,,,68725000.0,,15728000.0,-1362000.0,14366000.0,-10038000.0,95638000.0,,,,,8700000.0,,14819000.0,,,,,,,3641098000.0,,231764000.0,,,,,,,74969000.0,6255707000.0,,,,,,,,,,,,-479000.0,,,0.23,,,,146629000.0,,51347000.0,-6858000.0,-70906000.0,,,,-86698000.0,,21538000.0,,,,,1978374000.0,,8257000.0,,-17000.0,,,,,,,,,,-202095000.0,-855148000.0,,,,,,,,,,,,,,,,,,,,,,,,,
1214784000,,2702000.0,,,-859000.0,0.51,,,0.0,,,66556000.0,,138133000.0,,-3293000.0,43407000.0,71066000.0,,,,,,-3712000.0,,,,,5483223000.0,,,52444000.0,,,3251418000.0,,,,68987000.0,-22240000.0,,,,,71842000.0,,20261000.0,,,,138737000.0,,,,,,51347000.0,,,,,34619000.0,63263000.0,,,,,,71066000.0,,,,5717061000.0,,,29268000.0,,,,,,,-62000.0,,29268000.0,,,52444000.0,,,,,61086000.0,,,,-30947000.0,10688000.0,142399000.0,,,161671000.0,,8050000.0,,12831000.0,,,,,,,3704208000.0,,233513000.0,,,,,,,92684000.0,6388831000.0,,,,,,,,,,,,-23958000.0,,,0.51,,,,153770000.0,,29268000.0,-87937000.0,-70976000.0,,,,-86610000.0,,40240000.0,,,,,1981896000.0,,9610000.0,,-39802000.0,,,,,,,,,,66062000.0,-905608000.0,,,,,,,,,,,,,,,,,,,,,,,,,
1222732800,,1729000.0,,200735000.0,29778000.0,0.46,,,216872000.0,,,125294000.0,,140759000.0,,-49265000.0,65113000.0,64695000.0,,,,,,-415000.0,,,256525000.0,,5319682000.0,,,22125000.0,,7564000.0,3135350000.0,0.0,,,62939000.0,86723000.0,,,,,81698000.0,,46255000.0,,,,141141000.0,,,,,,29268000.0,,,,,35823000.0,76029000.0,,,,,,64695000.0,,,,5814848000.0,,,115923000.0,,,,,,,0.0,,115923000.0,,-117726000.0,51344000.0,5655084000.0,,,,44645000.0,,,,28851000.0,-14815000.0,152666000.0,,,156856000.0,,,,4835000.0,,,,,,,3598360000.0,,238554000.0,,,,,,,93917000.0,6271205000.0,,,,,,,,,,,,160474000.0,,3326000.0,0.46,,,,167011000.0,,115923000.0,-68349000.0,-73499000.0,,,,-95414000.0,3391875000.0,64698000.0,,,,,2187587000.0,,11626000.0,159764000.0,40263000.0,,,,,,,206485000.0,0.0,,-119329000.0,-951523000.0,,,,0.0,,,,,,,,,,,,,,,,,,,,,
1230681600,257499000.0,-2967000.0,,220480000.0,-34700000.0,,,,0.0,,-53741000.0,67699000.0,235719000.0,,-136256000.0,-10699000.0,41672000.0,58475000.0,,2148468000.0,,-80247000.0,,-1720000.0,,-110407000.0,257499000.0,,5172939000.0,,-63680000.0,-1321000.0,35825000.0,7057000.0,3147694000.0,0.0,364175000.0,197186000.0,60210000.0,59887000.0,622822000.0,,9976000.0,,76447000.0,0.0,21931000.0,,,,,584188000.0,0.0,-416896000.0,19030000.0,5296228000.0,115923000.0,,-21089000.0,,1.62,35825000.0,57000000.0,-2416000.0,0.0,348469000.0,147672000.0,176812000.0,58475000.0,176812000.0,,,5769984000.0,7057000.0,,176812000.0,,,,168198000.0,6283919000.0,,0.0,,176812000.0,,-10000000.0,47342000.0,5537306000.0,,145285000.0,,61607000.0,,,-740000.0,-27311000.0,,168198000.0,,,151509000.0,-987691000.0,,40651000.0,-21089000.0,274353000.0,,220480000.0,181814000.0,,,3602379000.0,,227956000.0,,-70160000.0,176812000.0,21931000.0,139912000.0,-15885000.0,91299000.0,6160630000.0,,,,203184000.0,,232678000.0,1.62,,929766000.0,-12600000.0,226288000.0,-165958000.0,,2160000.0,,3405193000.0,139572000.0,,151585000.0,408540000.0,176812000.0,26888000.0,-73468000.0,,3330000.0,3602379000.0,-110407000.0,3405193000.0,42636000.0,-15041000.0,5537306000.0,,,2148468000.0,,11158000.0,232678000.0,1783000.0,,,,5769984000.0,,,197186000.0,0.0,226288000.0,-161534000.0,-987691000.0,,-288849000.0,,0.0,3147694000.0,28334000.0,306944000.0,7057000.0,0.0,,294015000.0,,,,,,,,,,,,,,
1238457600,,3649000.0,,207133000.0,-270425000.0,0.52,,,0.0,,,112142000.0,,143091000.0,,-12257000.0,46681000.0,74228000.0,,,,,,-547000.0,,,255570000.0,,5130896000.0,,,-2054000.0,,6307000.0,2942401000.0,0.0,,,60582000.0,-80890000.0,,,,,75468000.0,,42121000.0,,,,143145000.0,,,,,,176812000.0,,,,,35867000.0,99885000.0,,,,,,74228000.0,,,,5593846000.0,,,95806000.0,,,,,,,1650000.0,,95806000.0,,-7373000.0,46613000.0,5498040000.0,,,,50516000.0,,,-5381000.0,16497000.0,,161775000.0,,,155383000.0,,,,-18322000.0,,,,,,,3408174000.0,,230851000.0,,,,,,,94801000.0,6167513000.0,,,,,,,,,,,,315000.0,,3059000.0,0.52,,,,143263000.0,,95806000.0,77393000.0,-73546000.0,,,,-117124000.0,3197971000.0,46134000.0,,,,,2167808000.0,,10598000.0,95806000.0,0.0,,,,,,,210203000.0,0.0,,-209729000.0,-1036617000.0,,,,0.0,,,,,,,,,,,,,,,,,,,,,
1246320000,,2114000.0,,176413000.0,-127460000.0,0.57,,,299201000.0,,,83000000.0,,154441000.0,,-11129000.0,46964000.0,88381000.0,,,,,,-395000.0,,,255175000.0,,5098780000.0,,,-3502000.0,,5305000.0,2616304000.0,0.0,,,65182000.0,-49538000.0,,,,,72564000.0,,16952000.0,,,,154510000.0,,,,,,95806000.0,,,,,39138000.0,71871000.0,,,,,,88381000.0,,,,5570861000.0,,,46523000.0,,,,,,,6051000.0,,46523000.0,,0.0,44171000.0,5524338000.0,,,,50675000.0,,,3940000.0,-21491000.0,,164659000.0,,,159424000.0,,5305000.0,,-1411000.0,,,,,,,3058395000.0,,231988000.0,,,,,,,94242000.0,6174073000.0,,,,,,,,,,,,5751000.0,,3078000.0,0.57,,,,139587000.0,,46523000.0,-5078000.0,-85293000.0,,,,-109012000.0,2871479000.0,46569000.0,,,,,2494643000.0,,10355000.0,46523000.0,0.0,,,,,,,186916000.0,0.0,,-635396000.0,-1075293000.0,,,,0.0,,,,,,,,,,,,,,,,,,,,,
1254268800,,-16547000.0,,186203000.0,-97824000.0,0.32,,,0.0,,,128055000.0,,156250000.0,,-7526000.0,50310000.0,49805000.0,,,,,,-410000.0,,,254622000.0,,5080527000.0,,,-5894000.0,,,2615142000.0,0.0,,,60038000.0,24100000.0,,,,,76338000.0,,35481000.0,,,,156516000.0,,,,,,46523000.0,,,,,39155000.0,120529000.0,,,,,,49805000.0,,,,5587310000.0,,,70889000.0,,,,,,,207000.0,,70889000.0,,7373000.0,43660000.0,5419944000.0,,,,52268000.0,,,,27245000.0,,175125000.0,,,159492000.0,,4628000.0,,15080000.0,,,,,,,3084998000.0,,235830000.0,,,,,,,99454000.0,6207043000.0,,,,,,,,,,,,-1253000.0,,3078000.0,0.32,,,,145828000.0,,70889000.0,-6131000.0,-82743000.0,,,,-139478000.0,2874392000.0,49900000.0,,,,,2502312000.0,,9657000.0,167366000.0,535000.0,,,,,,,210606000.0,0.0,,-1621000.0,-1126516000.0,,,,0.0,,,,,,,,,,,,,,,,,,,,,
1262217600,253665000.0,5531000.0,,193167000.0,5529000.0,,,,0.0,,5985000.0,98904000.0,207611000.0,,-1746000.0,-28601000.0,54381000.0,54081000.0,,2465511000.0,,-490180000.0,,-367000.0,,-165710000.0,253665000.0,,5114710000.0,,-13803000.0,4496000.0,39160000.0,4315000.0,2670101000.0,0.0,422101000.0,462084000.0,66314000.0,36503000.0,628762000.0,,11882000.0,,78443000.0,13028000.0,17974000.0,,,,,578867000.0,0.0,-834701000.0,-13015000.0,5246597000.0,70889000.0,,19669000.0,,1.75,39160000.0,70303000.0,8028000.0,0.0,384271000.0,-69825000.0,107397000.0,54081000.0,107397000.0,,,5616245000.0,,,107397000.0,,,,186130000.0,6424508000.0,,-2908000.0,,107397000.0,,-6430000.0,44561000.0,5469016000.0,,194266000.0,,59301000.0,,,,-7416000.0,,186130000.0,,,160393000.0,-1177911000.0,,38830000.0,19669000.0,244491000.0,,193167000.0,195985000.0,,,3132185000.0,,238836000.0,,-59513000.0,107397000.0,17974000.0,152758000.0,-1719000.0,94079000.0,6292621000.0,,,,176990000.0,,369648000.0,1.74,,931575000.0,,266495000.0,7064000.0,,2667000.0,,2670101000.0,152566000.0,,157876000.0,299201000.0,107397000.0,-67930000.0,-90182000.0,,3906000.0,3132185000.0,-165710000.0,2923766000.0,54014000.0,14835000.0,5246597000.0,,,2465511000.0,,8220000.0,147229000.0,8028000.0,,,,5616245000.0,,,208419000.0,0.0,266495000.0,28700000.0,-1177911000.0,,-324268000.0,,0.0,2670101000.0,176812000.0,302813000.0,4315000.0,222419000.0,,362588000.0,,,,,,,,,,,,,,
1269993600,,4434000.0,,0.0,-61071000.0,0.34,,,,,,115561000.0,,156453000.0,,-16155000.0,52708000.0,52619000.0,,,,,,286000.0,,,,,5219109000.0,,,-2319000.0,,,2698171000.0,0.0,,,141932000.0,24485000.0,,,,,0.0,,35773000.0,,,,156967000.0,,,,,,107397000.0,,,,,39341000.0,99406000.0,,,,,,52619000.0,,,,5633825000.0,,,132729000.0,,,,,,,1192000.0,,132729000.0,,-15796000.0,44300000.0,5219109000.0,,,,54691000.0,,,-5514000.0,8513000.0,,183574000.0,,,241545000.0,,,,25154000.0,,,,,,,3170205000.0,,241545000.0,,,,,,,99613000.0,6445361000.0,,,,,,,,,,,,339000.0,,3032000.0,0.34,,,,151985000.0,,132729000.0,-30005000.0,-85870000.0,,,,-196972000.0,2698171000.0,52994000.0,,,,,2445633000.0,,10683000.0,414716000.0,-14604000.0,,,,,,,472034000.0,213000000.0,,-8920000.0,-1226252000.0,,,,0.0,,,,,,,,,,,,,,,,,,,,,
1277856000,,872000.0,,0.0,-204764000.0,0.37,,,,,,92156000.0,,156611000.0,,-13838000.0,53421000.0,58067000.0,,,,,,409000.0,,,,,5159460000.0,,,-4207000.0,,,2580849000.0,0.0,,,66713000.0,-104040000.0,,,,,75183000.0,,16682000.0,,,,157441000.0,,,,,,132729000.0,,,,,39343000.0,78318000.0,,,,,,58067000.0,,,,5462117000.0,,,27794000.0,,,,,,,131000.0,,27794000.0,,0.0,44045000.0,5159460000.0,,,,52398000.0,,,523000.0,-19970000.0,,181343000.0,,,168795000.0,,,,16506000.0,,,,,,,3030703000.0,,243978000.0,,,,,,,102082000.0,6433548000.0,,,,,,,,,,,,118000.0,,3057000.0,0.37,,,,150273000.0,,27794000.0,8568000.0,-86236000.0,,,,-222853000.0,2580849000.0,53830000.0,,,,,2416408000.0,,9858000.0,302657000.0,131000.0,,,,,,,449854000.0,206488000.0,,-208091000.0,-1274088000.0,,,,0.0,,,,,,,,,,,,,,,,,,,,,
1285804800,,-1418000.0,,248077000.0,114516000.0,0.37,,,,16044000.0,,138402000.0,,156631000.0,,-222407000.0,58352000.0,57898000.0,,,,,,1657000.0,,,,,5273353000.0,,,-4723000.0,,,2895547000.0,0.0,,,67382000.0,5879000.0,,,,,86640000.0,,33748000.0,,,,157941000.0,,,,,,27794000.0,,,,,39346000.0,-84005000.0,,,,,,57898000.0,,,,5800817000.0,,,33790000.0,,,,,,,229000.0,,33790000.0,,-22929000.0,45519000.0,5725042000.0,,,,50563000.0,,,10495000.0,23707000.0,,202985000.0,,,178025000.0,,,,23816000.0,,,,,,,3384631000.0,,264665000.0,,,,,,,110643000.0,6689899000.0,,,,,,,,,,,,-1113000.0,,4039000.0,0.37,,,,158024000.0,,33790000.0,-247039000.0,-84092000.0,,,,-249047000.0,2895547000.0,60401000.0,,,,,2401482000.0,,15278000.0,75775000.0,-4500000.0,,,,,,,489084000.0,0.0,,-515000.0,-1416546000.0,,,,0.0,,,,,,,,,,,,,,,,,,,,,
1293753600,,14612000.0,,233622000.0,-80133000.0,,,,,15332000.0,5155000.0,101503000.0,214707000.0,,-301920000.0,-41896000.0,58044000.0,77583000.0,,2386726000.0,,-231452000.0,,2849000.0,,-255628000.0,,,5279519000.0,,-38725000.0,-2366000.0,39391000.0,,2900044000.0,0.0,447622000.0,467772000.0,74944000.0,-12074000.0,691396000.0,,14078000.0,,84769000.0,19291000.0,19296000.0,,,,,620703000.0,0.0,-527454000.0,-20179000.0,5279519000.0,33790000.0,,26868000.0,,1.57,39391000.0,59607000.0,-46353000.0,0.0,426175000.0,-85750000.0,21812000.0,77583000.0,21812000.0,,,5758021000.0,,,21812000.0,,,,207143000.0,6747699000.0,,17739000.0,,21812000.0,,0.0,45414000.0,5697269000.0,,227133000.0,,64365000.0,,,,-15996000.0,,207143000.0,,15332000.0,183225000.0,-1468180000.0,,49830000.0,26868000.0,265221000.0,,233622000.0,221932000.0,,,3367816000.0,,267994000.0,,-294296000.0,21812000.0,19296000.0,157657000.0,5201000.0,108281000.0,6747699000.0,,,,178863000.0,,60752000.0,1.56,,1016867000.0,3188000.0,246167000.0,20577000.0,,3950000.0,,2900044000.0,156608000.0,,170280000.0,0.0,21812000.0,-33444000.0,-92246000.0,,14223000.0,3367816000.0,-255628000.0,2900044000.0,60501000.0,-3746000.0,5697269000.0,,,2386726000.0,,14011000.0,60752000.0,-41853000.0,,,,5758021000.0,,,467772000.0,0.0,246167000.0,-427208000.0,-1468180000.0,,-344167000.0,,0.0,2900044000.0,107397000.0,325471000.0,,0.0,,153326000.0,,,,,,,,,,,,,,
1301529600,,144000.0,,210616000.0,-142456000.0,0.31,,,299926000.0,15011000.0,,130769000.0,,160420000.0,,-7963000.0,49046000.0,48984000.0,,,,,,-3197000.0,,,,,5243424000.0,,,-6620000.0,,,2571368000.0,0.0,,,83111000.0,19994000.0,,,,,92323000.0,,34543000.0,,,,162023000.0,,,,,,21812000.0,,,,,40818000.0,122806000.0,,,,,,48984000.0,,,,5694098000.0,,,41899000.0,,,,,,,43000000.0,,41899000.0,,-3319000.0,42558000.0,5616800000.0,,,,54195000.0,,,389000.0,14102000.0,-3197000.0,203594000.0,,,178138000.0,,,,28097000.0,,,,,,,3047651000.0,,270461000.0,,,,,,,95027000.0,6764463000.0,,,,,,,,,,,,49444000.0,,4016000.0,0.3,,,,142602000.0,,41899000.0,31681000.0,-94087000.0,,,,-300382000.0,2571368000.0,45849000.0,,,,,2643404000.0,,14832000.0,77298000.0,-3356000.0,,,,,,,476283000.0,0.0,,-363069000.0,-1521039000.0,,,,0.0,,,,,,,,,,,,,,,,,,,,,
1309392000,,-3890000.0,,157551000.0,496105000.0,0.11,,,-297082000.0,39577000.0,,12081000.0,,176262000.0,,-553420000.0,27052000.0,29616000.0,,,,,,-6209000.0,,,,,3932526000.0,,,-14782000.0,,,1696633000.0,0.0,,,48373000.0,-32072000.0,,,,,10383000.0,,26558000.0,,,,177945000.0,,,,,,41899000.0,,,,,12671000.0,-541339000.0,,,,,,29616000.0,,,,4605030000.0,,,47513000.0,,,,,,,132363000.0,,47513000.0,410419000.0,-612925000.0,27792000.0,4544806000.0,150293000.0,,,26126000.0,,,-6985000.0,-23102000.0,,401151000.0,,,117999000.0,,,,1929585000.0,,,,,,,2360214000.0,,128382000.0,,,,,,,69626000.0,4666896000.0,,,,,,,,,,,,-49915000.0,,-310000.0,0.11,,,,111215000.0,,47513000.0,-540258000.0,-55689000.0,,,,-2236960000.0,1787638000.0,13608000.0,,,,,2213556000.0,,6784000.0,60224000.0,39417000.0,,,,,,,572576000.0,3116000.0,,-374007000.0,-734370000.0,,,,91005000.0,,,,,,,,,,,,,,,,,,,,,
1317340800,,-1171000.0,,633453000.0,81141000.0,0.36,,,297082000.0,119322000.0,,301051000.0,,287365000.0,,-89645000.0,101984000.0,102885000.0,,,,,,-13904000.0,,,,,15996042000.0,,,-77853000.0,,,6313141000.0,0.0,,,299616000.0,47845000.0,,,,,26652000.0,,65985000.0,,,,290794000.0,,,,,,47513000.0,,,,,72025000.0,465856000.0,,,,,,102885000.0,,,,17205770000.0,,,57482000.0,,,,,,,-132363000.0,,57482000.0,,-6934000.0,73756000.0,17063505000.0,,,,213220000.0,,,8471000.0,3007000.0,,1128706000.0,,,539305000.0,,,,19237000.0,,,,,,,7875501000.0,,565957000.0,,,,,,,239689000.0,17757177000.0,274852000.0,,,,,,,,,,,-812000.0,,9890000.0,0.35,,,,375056000.0,,57482000.0,-334347000.0,-207153000.0,,,,-439015000.0,6405958000.0,88080000.0,,,,,9245762000.0,,20624000.0,142265000.0,-659352000.0,,,,,,,1469543000.0,0.0,,-157967000.0,-1761135000.0,,,,92817000.0,,,,,,,,,,,,,,,,,,,,,
1325289600,,2823000.0,,891232000.0,-186508000.0,,,,-79000.0,105303000.0,-5758000.0,329296000.0,459704000.0,,-997439000.0,-256324000.0,190814000.0,192948000.0,,9274957000.0,,248282000.0,,-7827000.0,,-412181000.0,,,15913732000.0,,-628133000.0,-75821000.0,72240000.0,,6429116000.0,0.0,773197000.0,1384013000.0,20574000.0,-11727000.0,1086348000.0,,19346000.0,,217841000.0,243229000.0,37694000.0,,,,,1026952000.0,102837000.0,-1388962000.0,-153975000.0,15913732000.0,57482000.0,,22062000.0,,1.6,72240000.0,72972000.0,-631617000.0,0.0,721223000.0,24040000.0,45807000.0,192948000.0,45807000.0,,,17271910000.0,,,45807000.0,,,,1085597000.0,17830262000.0,,220179000.0,,45807000.0,,-4955000.0,66761000.0,17149513000.0,,330441000.0,,166163000.0,,,-21992000.0,-22850000.0,,1085597000.0,,105303000.0,346072000.0,-1916530000.0,,74537000.0,22062000.0,365125000.0,,891232000.0,361578000.0,,,7915966000.0,,563913000.0,,-629669000.0,45807000.0,37694000.0,230790000.0,-31137000.0,325498000.0,17830262000.0,,,,236807000.0,,122397000.0,1.58,,1764991000.0,-20117000.0,364493000.0,24802000.0,-31137000.0,5750000.0,,6531953000.0,228453000.0,,415840000.0,299847000.0,45807000.0,-154515000.0,-164632000.0,,-20093000.0,7915966000.0,-412181000.0,6531953000.0,182916000.0,-28843000.0,17149513000.0,,,9274957000.0,,23527000.0,122397000.0,-119072000.0,,,,17271910000.0,,,1384013000.0,0.0,364493000.0,-513959000.0,-1916530000.0,,-523602000.0,,102837000.0,6429116000.0,21812000.0,678643000.0,,0.0,,143528000.0,,,,,,,,,,,,,,
1333152000,,-3053000.0,,919391000.0,-197287000.0,0.31,,,0.0,106086000.0,,244961000.0,,288375000.0,,-10519000.0,47763000.0,90626000.0,,,,,,11338000.0,,,,,15747019000.0,,,-39101000.0,,,6430364000.0,0.0,,,185397000.0,7362000.0,,,,,219744000.0,,58041000.0,,,,290813000.0,,,,,,45807000.0,,,,,72273000.0,234442000.0,,,,,,90626000.0,,,,17188959000.0,,,53224000.0,,,,,,,0.0,,53224000.0,,-22473000.0,70668000.0,17021315000.0,,,,154528000.0,,,-20110000.0,1617000.0,11305000.0,1060647000.0,,,353950000.0,,,,23926000.0,,,,,,,7820460000.0,,573694000.0,,,,,,,168553000.0,17831231000.0,,,,,,,,,,,,-1841000.0,,4834000.0,0.31,,,,292649000.0,,53224000.0,-40312000.0,-180365000.0,,,,-500808000.0,6430364000.0,58784000.0,,,,,9186735000.0,,22200000.0,167644000.0,-16167000.0,,,,,,,1390096000.0,0.0,,-681199000.0,-2084212000.0,,,,106264000.0,,,,,,,,,,,,,,,,,,,,,
1341014400,,11064000.0,,987043000.0,718508000.0,0.26,,,342469000.0,104636000.0,,215847000.0,,290170000.0,,-912697000.0,42254000.0,74025000.0,,,,,,-5179000.0,,,,,16723953000.0,,,-48167000.0,,,7204727000.0,0.0,,,216059000.0,-384000.0,,,,,241233000.0,,47842000.0,,,,292592000.0,,,,,,53224000.0,,,,,73855000.0,-696850000.0,,,,,,74025000.0,,,,18222261000.0,,,52803000.0,,,,,,,33223000.0,,52803000.0,,-8721000.0,74428000.0,18054575000.0,,,,211877000.0,,,-3635000.0,-14242000.0,-5167000.0,1059385000.0,,,375215000.0,,,,21404000.0,,,,,,,8583020000.0,,616448000.0,,,,,,,159156000.0,18980150000.0,,,,,,,,,,,,-2732000.0,,6252000.0,0.25,,,,322866000.0,,52803000.0,-934739000.0,-183833000.0,,,,-609487000.0,7204727000.0,36561000.0,,,,,9418611000.0,,26710000.0,167686000.0,-46544000.0,,,,,,,1378293000.0,0.0,,-53177000.0,-2256197000.0,,,,116635000.0,,,,,,,,,,,,,,,,,,,,,
1348963200,,1744000.0,,1053591000.0,-3969000.0,0.38,,,0.0,90992000.0,,248511000.0,,294928000.0,,-273966000.0,115268000.0,111882000.0,,,,,,-8886000.0,,,,,16919677000.0,,,-3723000.0,,,7494774000.0,0.0,,,219288000.0,5687000.0,,,,,254492000.0,,56326000.0,,,,297407000.0,,,,,,52803000.0,,,,,73896000.0,-25455000.0,,,,,,111882000.0,,,,18440899000.0,,,58530000.0,,,,,,,1594000.0,,58530000.0,,671000.0,75139000.0,18305461000.0,,,,165296000.0,,,,-17844000.0,-8869000.0,1049043000.0,,,387458000.0,,,,23626000.0,,,,,,,8979167000.0,,641950000.0,,,,,,,168170000.0,19366852000.0,,,,,,,,,,,,-5667000.0,,5443000.0,0.38,,,,354355000.0,,58530000.0,-238855000.0,-185077000.0,,,,-680888000.0,7608682000.0,89308000.0,,,,,9357664000.0,,26872000.0,135438000.0,-33452000.0,,,,,,,1370485000.0,0.0,,-368624000.0,-2447175000.0,,,,113908000.0,,,,,,,,,,,,,,,,,,,,,
1356912000,259715000.0,-27084000.0,,1027598000.0,681662000.0,,-3934000.0,,0.0,95409000.0,-87433000.0,283497000.0,764775000.0,,-2169689000.0,-439315000.0,97851000.0,86267000.0,,9019128000.0,,1198914000.0,,-3555000.0,,-777927000.0,259715000.0,120325000.0,17111532000.0,,-276419000.0,-14571000.0,73904000.0,,8413646000.0,0.0,992816000.0,1042721000.0,210776000.0,9376000.0,1504968000.0,981704000.0,20784000.0,515429000.0,264368000.0,37500000.0,47565000.0,120325000.0,,,,1356442000.0,174555000.0,-1193023000.0,-89625000.0,17111532000.0,58530000.0,,23354000.0,,1.24,73904000.0,1297247000.0,-439384000.0,0.0,680186000.0,22041000.0,67908000.0,86267000.0,67908000.0,,,18980000000.0,259715000.0,,67908000.0,,,,995156000.0,19745607000.0,,2683000.0,,67908000.0,,-245896000.0,76700000.0,18912092000.0,981704000.0,298266000.0,,233074000.0,,,,19622000.0,-3555000.0,995156000.0,-4601000.0,95409000.0,395678000.0,-2634075000.0,259715000.0,98801000.0,23354000.0,824782000.0,,1027598000.0,304548000.0,,,9890637000.0,,660046000.0,,-183432000.0,67908000.0,47565000.0,294488000.0,-6282000.0,184902000.0,19745607000.0,,,,293401000.0,,67908000.0,1.23,,2484193000.0,-24572000.0,362800000.0,-77193000.0,-6286000.0,4255000.0,,8847916000.0,292064000.0,,358750000.0,342469000.0,67908000.0,-955783000.0,-179271000.0,5400000.0,-17329000.0,9890637000.0,-777927000.0,8847916000.0,94296000.0,-10847000.0,18912092000.0,5400000.0,,9019128000.0,,23022000.0,67908000.0,-343221000.0,,,515429000.0,18980000000.0,,,1042721000.0,0.0,362800000.0,-90023000.0,-2634075000.0,,-728546000.0,,174555000.0,8413646000.0,45807000.0,979225000.0,,0.0,,809384000.0,,,,,,,,,,,,,,
1364688000,,-14459000.0,,218108000.0,-299947000.0,0.38,,,5050000.0,94257000.0,,230305000.0,,291455000.0,,-41383000.0,118725000.0,112193000.0,,,,,,1744000.0,,,261122000.0,,16995737000.0,,,-7920000.0,,,8295908000.0,0.0,,,207791000.0,-10169000.0,,,,,269088000.0,,58086000.0,128212000.0,,,293924000.0,,,,,,67908000.0,,,,,73969000.0,188922000.0,,,,,,112193000.0,,,,18706921000.0,,,57690000.0,,,,,,,,,57690000.0,,-3186000.0,79600000.0,18398335000.0,984023000.0,,,186943000.0,,,-61868000.0,-61797000.0,1744000.0,910692000.0,,,414742000.0,,,,21828000.0,,,,,,,9720110000.0,,683830000.0,,,,,,,206951000.0,19798805000.0,,,,,,,,,,,,-14865000.0,,5662000.0,0.38,,,-108000.0,387012000.0,,57690000.0,59473000.0,-195700000.0,,,,-861434000.0,8751332000.0,120469000.0,,,,,8915348000.0,,28774000.0,308586000.0,148967000.0,-3186000.0,,481038000.0,,,,968778000.0,0.0,,-1011709000.0,-2803068000.0,,,,194302000.0,,,,,,,,,,,,,,,,,,,,,
1372550400,,2798000.0,,212567000.0,-69549000.0,0.39,,,77334000.0,93155000.0,,277383000.0,,292635000.0,,-39360000.0,132588000.0,114580000.0,,,,,,-12064000.0,,,247591000.0,,17135848000.0,,,-10838000.0,,,8420073000.0,0.0,,,200033000.0,4771000.0,,,,,271405000.0,,50860000.0,134675000.0,,,295123000.0,,,,,,57690000.0,,,,,74248000.0,238023000.0,,,,,,114580000.0,,,,18796582000.0,,,62421000.0,,,,,,,,,62421000.0,,-35270000.0,83046000.0,18486293000.0,990548000.0,,,193989000.0,,,5921000.0,-7250000.0,-12064000.0,887314000.0,,,413644000.0,,,,19752000.0,,,,,,,9790055000.0,,685049000.0,,,,,,,213611000.0,20113002000.0,,,,,,,,,,,,-13238000.0,,5138000.0,0.39,,,-100000.0,397559000.0,,62421000.0,-203063000.0,-196530000.0,,,,-943384000.0,8851881000.0,120524000.0,,,,,8925582000.0,,27327000.0,310289000.0,48149000.0,-2938000.0,,479356000.0,,,,938174000.0,0.0,,45265000.0,-2977154000.0,,,,184217000.0,,,,,,,,,,,,,,,,,,,,,
1380499200,,-9802000.0,,309274000.0,698991000.0,0.4,,,23618000.0,91531000.0,,327741000.0,,292818000.0,,-44598000.0,127683000.0,118296000.0,,,,,,-2780000.0,,,248369000.0,,18174943000.0,,,-10262000.0,,,9413318000.0,0.0,,,206369000.0,-7779000.0,,,,,286763000.0,,62176000.0,141488000.0,,,295190000.0,,,,,,62421000.0,,,,,74345000.0,283143000.0,,,,,,118296000.0,,,,19879358000.0,,,54672000.0,,,,,,,0.0,,54672000.0,,-4156000.0,84089000.0,19548100000.0,1012163000.0,,,188393000.0,,,35277000.0,34869000.0,-2780000.0,1019166000.0,,,425557000.0,,,,21293000.0,,,,,,,10914950000.0,,712320000.0,,,,,,,219188000.0,21331149000.0,,,,,,,,,,,,-12705000.0,,4210000.0,0.4,,,-109000.0,397385000.0,,54672000.0,-1034511000.0,-196540000.0,,,,-1021628000.0,9833608000.0,124903000.0,,,,,8885092000.0,,28659000.0,331258000.0,82101000.0,-1771000.0,,477983000.0,,,,1081342000.0,0.0,,33326000.0,-3156206000.0,,,,171921000.0,,,,,,,,,,,,,,,,,,,,,
1388448000,250167000.0,-13786000.0,,1030992000.0,-214499000.0,,-14331000.0,,35341000.0,91656000.0,-55912000.0,359326000.0,769881000.0,,-1282760000.0,-52014000.0,108557000.0,108440000.0,,8824281000.0,,114996000.0,,1272000.0,,-1126541000.0,250167000.0,150829000.0,18075586000.0,,0.0,-13055000.0,74488000.0,,9364992000.0,0.0,1194755000.0,1055864000.0,228385000.0,40168000.0,1690059000.0,1010181000.0,20653000.0,476483000.0,291419000.0,5493000.0,54349000.0,150829000.0,,,,1582847000.0,156660000.0,-1956521000.0,-42075000.0,18075586000.0,54672000.0,,19659000.0,,1.55,74488000.0,307312000.0,304844000.0,0.0,852994000.0,26991000.0,94816000.0,108440000.0,94816000.0,,,19731494000.0,,,94816000.0,,,,1001515000.0,21403592000.0,,0.0,,94816000.0,,-9682000.0,90168000.0,19636678000.0,1010181000.0,478482000.0,,200556000.0,,,38359000.0,57983000.0,1272000.0,1001515000.0,-659000.0,91656000.0,441291000.0,-3328006000.0,,115106000.0,19659000.0,837065000.0,,1030992000.0,490310000.0,,,10827683000.0,,732710000.0,,-177355000.0,94816000.0,54349000.0,295110000.0,-11828000.0,212906000.0,21403592000.0,,,,334484000.0,,94816000.0,1.54,,2808006000.0,17689000.0,453509000.0,-15104000.0,-11828000.0,5643000.0,,9771819000.0,292654000.0,-342000.0,398033000.0,141343000.0,94816000.0,-104659000.0,-213353000.0,,-35249000.0,10827683000.0,-1126541000.0,9771819000.0,109829000.0,23805000.0,19636678000.0,,,8824281000.0,,30349000.0,94816000.0,25627000.0,-6436000.0,,476483000.0,19731494000.0,,,1055864000.0,0.0,453509000.0,-1023403000.0,-3328006000.0,,-802123000.0,,156660000.0,9364992000.0,67908000.0,1117947000.0,,0.0,,1017400000.0,,,,,,,,,,,,,,
1396224000,,-2165000.0,,1019781000.0,-101657000.0,0.41,,,0.0,90929000.0,,284421000.0,,293875000.0,,-40082000.0,117243000.0,121047000.0,,,,,,3433000.0,,,252499000.0,,18096467000.0,,,-15482000.0,,,9481051000.0,0.0,,,226460000.0,-35586000.0,,,,,291011000.0,,61083000.0,158721000.0,,,296245000.0,,,,,,94816000.0,,,,,73599000.0,244339000.0,,,,,,121047000.0,,,,19702768000.0,,,59791000.0,,,,,,,0.0,,59791000.0,,-25000000.0,87841000.0,19642977000.0,1014711000.0,,,193876000.0,,,-38070000.0,-25076000.0,3433000.0,938098000.0,,,450186000.0,,,,18464000.0,,,,,,,10892846000.0,,741197000.0,,,,,,,223726000.0,21612335000.0,,,,,,,,,,,,-12186000.0,,6044000.0,0.41,,,0.0,402393000.0,,59791000.0,-218350000.0,-213473000.0,,,,-1218967000.0,9893665000.0,120676000.0,,,,,8731667000.0,,32866000.0,59791000.0,2448000.0,0.0,,474635000.0,,,,999181000.0,0.0,,-67773000.0,-3515868000.0,,,,160115000.0,,,,,,,,,,,,,,,,,,,,,
1404086400,,-12925000.0,,231358000.0,-116401000.0,0.47,,,0.0,198467000.0,,311281000.0,,293988000.0,,-39867000.0,126932000.0,138398000.0,,,,,,3274000.0,,,256392000.0,,17886270000.0,,,-17038000.0,,,9602439000.0,0.0,,,222124000.0,27797000.0,,,,,290385000.0,,56722000.0,166862000.0,,,296504000.0,,,,,,59791000.0,,,,,73602000.0,271414000.0,,,,,,138398000.0,,,,19790786000.0,,,86635000.0,,,,,,,4817000.0,,86635000.0,,-21689000.0,91501000.0,19246704000.0,1009474000.0,,,192064000.0,,,-7791000.0,-7203000.0,2974000.0,975282000.0,,,460696000.0,,,,26255000.0,,,,,,,11060127000.0,,751081000.0,,,,,,,238572000.0,21543811000.0,,,,,,,,,,,,-11358000.0,,5367000.0,0.47,,,0.0,413771000.0,,86635000.0,-167083000.0,-213479000.0,,,,-1294048000.0,10028123000.0,130206000.0,,,,,8655110000.0,,31306000.0,544082000.0,-38479000.0,-3588000.0,,472756000.0,,,,1032004000.0,0.0,,-404904000.0,-3657541000.0,,,,169292000.0,,,,,,,,,,,,,,,,,,,,,
1412035200,,-11381000.0,,208301000.0,500079000.0,0.37,,,0.0,176837000.0,,324270000.0,,294030000.0,,-47661000.0,106335000.0,109132000.0,,,,,,-1887000.0,,,361454000.0,,18925811000.0,,,-34439000.0,,,10469106000.0,0.0,,,230690000.0,-26388000.0,,,,,310989000.0,,69112000.0,179069000.0,,,296495000.0,,,,,,86635000.0,,,,,73603000.0,276609000.0,,,,,,109132000.0,,,,20651165000.0,,,64595000.0,,,,,,,21689000.0,,64595000.0,,0.0,98469000.0,20207151000.0,1039949000.0,,,201236000.0,,,21256000.0,19203000.0,-1987000.0,965240000.0,,,467678000.0,,,,16156000.0,,,,,,,12027992000.0,,778667000.0,,,,,,,236988000.0,22759785000.0,,,,,,,,,,,,-7892000.0,,5381000.0,0.37,,,0.0,404153000.0,,64595000.0,-850737000.0,-213462000.0,,,,-1398378000.0,10993640000.0,104448000.0,,,,,8548796000.0,,29466000.0,444014000.0,27349000.0,0.0,,463458000.0,,,,1034352000.0,0.0,,-586124000.0,-3833974000.0,,,,163080000.0,,,,,,,,,,,,,,,,,,,,,
1419984000,344337000.0,21520000.0,,234916000.0,476036000.0,,-9115000.0,,242107000.0,231033000.0,-42131000.0,334873000.0,828467000.0,,-2055040000.0,-66832000.0,106600000.0,107190000.0,,8680184000.0,,758057000.0,,-13552000.0,,-1526388000.0,344337000.0,187969000.0,18985559000.0,,-96689000.0,-22720000.0,74656000.0,,10888092000.0,0.0,1254845000.0,1067329000.0,269383000.0,-7961000.0,1859289000.0,1039651000.0,20994000.0,472052000.0,319805000.0,21689000.0,62097000.0,187969000.0,,,,1653687000.0,172016000.0,-1151395000.0,-89679000.0,18985559000.0,64595000.0,,13121000.0,,1.62,74656000.0,268041000.0,-426443000.0,0.0,910632000.0,-42138000.0,55348000.0,107190000.0,55348000.0,,,21226171000.0,,,55348000.0,,,,1005232000.0,23010945000.0,,0.0,,55348000.0,,-50000000.0,99031000.0,20772391000.0,1039651000.0,448378000.0,,241291000.0,,,6025000.0,7771000.0,-13851000.0,1005232000.0,-503000.0,231033000.0,480729000.0,-4025386000.0,,121746000.0,13121000.0,948657000.0,,234916000.0,457110000.0,,,12471774000.0,,800534000.0,,-194442000.0,55348000.0,62097000.0,296677000.0,-8732000.0,211346000.0,23010945000.0,,,,376842000.0,,453780000.0,1.6,,3071479000.0,-18580000.0,475767000.0,-10695000.0,-9431000.0,4202000.0,,11404445000.0,294175000.0,-503000.0,433370000.0,242107000.0,55348000.0,-818870000.0,-235200000.0,,-4951000.0,12471774000.0,-1526388000.0,11404445000.0,93048000.0,-5305000.0,20772391000.0,,,8680184000.0,,28108000.0,453780000.0,-417761000.0,-5527000.0,,472052000.0,21226171000.0,,,1067329000.0,0.0,475767000.0,-92594000.0,-4025386000.0,,-875614000.0,,172016000.0,10888092000.0,94816000.0,1212190000.0,,0.0,,1060403000.0,,,,,,,,,,,,,,
1427760000,,-16161000.0,,351032000.0,629545000.0,0.37,,,285327000.0,235819000.0,,344169000.0,,325454000.0,,-54638000.0,114544000.0,120442000.0,,,,,,-7250000.0,,,371785000.0,,21418659000.0,,,-40740000.0,,,11603925000.0,0.0,,,281771000.0,65184000.0,,,,,347629000.0,,77359000.0,195177000.0,,,329203000.0,,,,,,55348000.0,,,,,82718000.0,289531000.0,,,,,,120442000.0,,,,24439871000.0,,,120225000.0,,,,,,,92056000.0,,120225000.0,,0.0,106590000.0,23950244000.0,1300654000.0,,,247453000.0,,,-23600000.0,-3193000.0,-7850000.0,1016592000.0,,,535923000.0,,,,4357000.0,,,,,,,13326907000.0,,883552000.0,,,,,,,254152000.0,25620993000.0,,,,,,,,,,,,-12941000.0,,6307000.0,0.37,,,-569000.0,461337000.0,,120225000.0,-908530000.0,-254910000.0,,,,-1660856000.0,12232956000.0,107294000.0,,,,,11039890000.0,,34330000.0,489627000.0,52306000.0,,,1127590000.0,,,,1093951000.0,0.0,,-477544000.0,-4202334000.0,,,,257246000.0,,,,,,,,,,,,,,,,,,,,,
1435622400,,-43687000.0,,1906381000.0,-345435000.0,0.45,,,66840000.0,85461000.0,,373555000.0,,330715000.0,,-51421000.0,142814000.0,149821000.0,,,,,,-9789000.0,,,370161000.0,,21365096000.0,,,-19212000.0,,,11507861000.0,0.0,,,283157000.0,-60097000.0,,,,,348337000.0,,77631000.0,203704000.0,,,334026000.0,,,,,,120225000.0,,,,,82982000.0,322134000.0,,,,,,149821000.0,,,,24275162000.0,,,60532000.0,,,,,,,58444000.0,,60532000.0,,0.0,107591000.0,24214630000.0,1308052000.0,,,249207000.0,,,6097000.0,-7913000.0,-10390000.0,1026359000.0,,,542749000.0,,,,10180000.0,,,,,,,13181416000.0,,891086000.0,,,,,,,259592000.0,25793348000.0,,,,,,,,,,,,1426000.0,,4885000.0,0.45,,,-32619000.0,489811000.0,,60532000.0,-88217000.0,-261494000.0,,,,-1772529000.0,12077426000.0,133025000.0,,,,,11027483000.0,,33962000.0,60532000.0,-19500000.0,,,1210346000.0,,,,1103990000.0,0.0,,-122232000.0,-4428252000.0,,,,199404000.0,,,,,,,,,,,,,,,,,,,,,
1443571200,,-147338000.0,,234541000.0,958532000.0,0.07,,,65651000.0,159912000.0,,304321000.0,,332491000.0,,-60211000.0,45235000.0,22852000.0,,,,,,-10697000.0,,,352658000.0,,19771586000.0,,,-83226000.0,,,11268560000.0,65465000.0,,,258446000.0,5035000.0,,,,,354261000.0,,67358000.0,210644000.0,,,336338000.0,,,,,,60532000.0,,,,,83238000.0,244110000.0,,,,,,22852000.0,,,,22413977000.0,,,65231000.0,,,,,,,19575000.0,,65231000.0,,0.0,97135000.0,21969171000.0,1359306000.0,,,240210000.0,,,27578000.0,38683000.0,-12477000.0,791430000.0,,,473271000.0,,,,-592000.0,,,,,,,12744303000.0,,827532000.0,,,,,,,214825000.0,23738533000.0,,,,,,,,,,,,-6038000.0,,4869000.0,0.07,,,0.0,371883000.0,,65231000.0,-1257818000.0,-243171000.0,,,,-1992848000.0,11820050000.0,34538000.0,,,,,9609435000.0,,32114000.0,444806000.0,-24264000.0,,,1052321000.0,,,,924253000.0,0.0,,-1519700000.0,-3966947000.0,,,,198832000.0,,,,,,,,,,,,,,,,,,,,,
1451520000,338382000.0,-3996000.0,,220085000.0,-212520000.0,,-56986000.0,,73205000.0,159386000.0,-45780000.0,369722000.0,973663000.0,,-2423692000.0,-60891000.0,123231000.0,124728000.0,,9564327000.0,,1030122000.0,,-11548000.0,,-2111958000.0,338382000.0,219064000.0,19625220000.0,,0.0,-1667000.0,83579000.0,,11206996000.0,34340000.0,1391767000.0,894584000.0,264431000.0,-11925000.0,1875141000.0,1357646000.0,19537000.0,1047497000.0,359801000.0,76800000.0,80864000.0,219064000.0,,,,1691032000.0,196529000.0,-2159053000.0,-136732000.0,19625220000.0,65231000.0,,-7565000.0,,1.26,83579000.0,308831000.0,-57965000.0,34340000.0,853049000.0,-1803000.0,53023000.0,124728000.0,53023000.0,,,22261918000.0,,,53023000.0,,,,779380000.0,23802454000.0,,0.0,,53023000.0,,0.0,103692000.0,21896771000.0,1357646000.0,350255000.0,,236793000.0,,,-19383000.0,25426000.0,-11667000.0,779380000.0,-33188000.0,159386000.0,481140000.0,-4177234000.0,,128035000.0,-7565000.0,1022092000.0,,220085000.0,389539000.0,,,12636491000.0,,840941000.0,,-227161000.0,53023000.0,80864000.0,334007000.0,-39284000.0,216709000.0,23802454000.0,,,,367114000.0,,365147000.0,1.25,,3285346000.0,-9308000.0,417843000.0,-28227000.0,-42384000.0,3476000.0,,11741907000.0,330311000.0,0.0,452170000.0,491023000.0,53023000.0,-169127000.0,-243838000.0,,-211182000.0,12636491000.0,-2111958000.0,11741907000.0,111683000.0,53003000.0,21896771000.0,,,9564327000.0,,27636000.0,365147000.0,-66507000.0,-30704000.0,,1047497000.0,22261918000.0,,,894584000.0,0.0,417843000.0,-39577000.0,-4177234000.0,,-1003413000.0,,196529000.0,11206996000.0,55348000.0,1410205000.0,,0.0,,1164606000.0,,,,,,,,,,,,,,
1459382400,,2009000.0,,222418000.0,-107580000.0,0.44,,,149631000.0,162202000.0,,272891000.0,,335559000.0,,-58488000.0,123339000.0,148980000.0,,,,,,-8421000.0,,,333354000.0,,19508481000.0,,,-6312000.0,,,11247730000.0,12625000.0,,,268113000.0,-1440000.0,,,,,359673000.0,,66988000.0,228621000.0,,,339202000.0,,,,,,53023000.0,,,,,84354000.0,214403000.0,,,,,,148980000.0,,,,22261292000.0,,,51701000.0,,,,,,,,,51701000.0,,,103273000.0,21926707000.0,1355198000.0,,,236387000.0,,,-54237000.0,-73383000.0,-9156000.0,738327000.0,,,492497000.0,,,,-19932000.0,,,,,,,12590763000.0,,852170000.0,,,,,,,224384000.0,23918035000.0,,,,,,,,,,,,-11337000.0,,5029000.0,0.44,,,0.0,454578000.0,,51701000.0,-166751000.0,-245496000.0,,,,-2208474000.0,11772823000.0,114918000.0,,,,,9614195000.0,,31726000.0,334585000.0,-148854000.0,,,1044983000.0,,,,817940000.0,0.0,,-151309000.0,-4409554000.0,,,,191739000.0,,,,,,,,,,,,,,,,,,,,,
1467244800,,-1913000.0,,172089000.0,-307872000.0,0.42,,,228108000.0,189903000.0,,383584000.0,,338901000.0,,-58116000.0,137849000.0,143162000.0,,,,,,-11549000.0,,,320468000.0,,17881577000.0,,,-10577000.0,,,10901131000.0,88967000.0,,,254055000.0,5896000.0,,,,,353807000.0,,80157000.0,233388000.0,,,342571000.0,,,,,,51701000.0,,,,,85246000.0,325468000.0,,,,,,143162000.0,,,,22093472000.0,,,57322000.0,,,,,,,,,57322000.0,,,103665000.0,21607491000.0,1342909000.0,,,221961000.0,,,8082000.0,37068000.0,-12287000.0,735287000.0,,,494486000.0,,,,-44195000.0,,,,,,,12343696000.0,,848293000.0,,,,,,,240431000.0,22442081000.0,,,,,,,,,,,,-8768000.0,,5008000.0,0.42,,,0.0,451926000.0,,57322000.0,-69816000.0,-247975000.0,,,,-2313287000.0,11439285000.0,126300000.0,,,,,9689715000.0,,32094000.0,485981000.0,-217000.0,,,1043479000.0,,,,904411000.0,0.0,,-589028000.0,-4560504000.0,,,,217686000.0,,,,,,,,,,,,,,,,,,,,,
1475193600,,7979000.0,,247771000.0,945667000.0,0.43,,,887963000.0,191202000.0,,344795000.0,,350274000.0,,-53090000.0,150446000.0,149452000.0,,,,,,-8537000.0,,,315713000.0,,19078694000.0,,,-18099000.0,,,11252327000.0,77608000.0,,,239954000.0,32243000.0,,,,,362091000.0,,70790000.0,239046000.0,,,354186000.0,,,,,,57322000.0,,,,,88431000.0,291705000.0,,,,,,149452000.0,,,,23426264000.0,,,89279000.0,,,,,,,,,89279000.0,,,105063000.0,22902687000.0,1532174000.0,,,208387000.0,,,19335000.0,1195000.0,-9389000.0,930103000.0,,,504463000.0,,,,-49614000.0,,,,,,,12855819000.0,,866554000.0,,,,,,,264509000.0,23833226000.0,,,,,,,,,,,,-10489000.0,,5848000.0,0.42,,,,455359000.0,,89279000.0,-1258219000.0,-256931000.0,,,,-2420766000.0,11777318000.0,141909000.0,,,,,10488539000.0,,31567000.0,523577000.0,182010000.0,,,1043075000.0,,,,1078501000.0,0.0,,-176168000.0,-4754532000.0,,,,209278000.0,,,,,,,,,,,,,,,,,,,,,
1483142400,316641000.0,-3533000.0,,599011000.0,-428493000.0,,0.0,,20978000.0,95921000.0,-39814000.0,366187000.0,898924000.0,,-1234643000.0,-91409000.0,142575000.0,207637000.0,,10460240000.0,,101722000.0,,-2836000.0,,-2487695000.0,316641000.0,244580000.0,20394754000.0,,0.0,1944000.0,88514000.0,,11127326000.0,1462000.0,1367457000.0,993152000.0,263677000.0,197837000.0,2000573000.0,1510629000.0,20958000.0,1033225000.0,366502000.0,0.0,83762000.0,244580000.0,,,,1841530000.0,200728000.0,-1057750000.0,-33044000.0,20394754000.0,89279000.0,,-57534000.0,,1.88,88514000.0,274778000.0,155011000.0,1462000.0,974774000.0,234536000.0,286707000.0,207637000.0,286707000.0,,,23166600000.0,,,286707000.0,,,,907928000.0,25327215000.0,,,,286707000.0,,,107739000.0,22824932000.0,1510629000.0,522866000.0,,232189000.0,,,-16763000.0,-299000.0,-3395000.0,907928000.0,0.0,95921000.0,509127000.0,-4932461000.0,,126875000.0,-57534000.0,1025799000.0,,599011000.0,554209000.0,,,12637847000.0,,875629000.0,,-261103000.0,286707000.0,83762000.0,348390000.0,-31343000.0,245450000.0,25327215000.0,,,,419740000.0,,341668000.0,1.86,,3442646000.0,-43583000.0,649231000.0,-9220000.0,-34227000.0,5073000.0,,11644695000.0,344703000.0,,479667000.0,1286680000.0,286707000.0,260143000.0,-274566000.0,,4542000.0,12637847000.0,-2487695000.0,11644695000.0,139739000.0,-35419000.0,22824932000.0,,,10460240000.0,,31488000.0,341668000.0,122072000.0,,,1033225000.0,23166600000.0,,,993152000.0,0.0,649231000.0,-141245000.0,-4932461000.0,,-1024968000.0,,200728000.0,11127326000.0,53023000.0,1442073000.0,,0.0,,1106354000.0,,,,,,,,,,,,,,
1490918400,,-21097000.0,,254258000.0,503075000.0,0.56,,,0.0,207223000.0,,335731000.0,,354410000.0,,-110287000.0,155912000.0,198127000.0,,,,,,-3145000.0,,,294057000.0,,20615729000.0,,,-403000.0,,,11943733000.0,1389000.0,,,251744000.0,-195259000.0,,,,,369725000.0,,78219000.0,250083000.0,,,357572000.0,,,,,,286707000.0,,,,,88698000.0,225444000.0,,,,,,198127000.0,,,,23919331000.0,,,91284000.0,,,,,,,,,91284000.0,,-716208000.0,108804000.0,23515981000.0,1539849000.0,,,217783000.0,,,-24271000.0,-32726000.0,-4145000.0,946674000.0,,,513237000.0,,,,-53657000.0,,,,,,,13435456000.0,,882962000.0,,,,,,,261493000.0,25738873000.0,,,,,,,,,,,,-10307000.0,,6701000.0,0.55,,,,479354000.0,,91284000.0,-1034065000.0,-275368000.0,,,,-2564936000.0,12409174000.0,152767000.0,,,,,10414606000.0,,33961000.0,403350000.0,-710085000.0,-14850000.0,,1033484000.0,,,,1026282000.0,0.0,,-20496000.0,-5123144000.0,,,,171384000.0,,,,,,,,,,,,,,,,,,,,,
1498780800,,-10346000.0,,213128000.0,-275458000.0,0.43,,,73596000.0,218980000.0,,401525000.0,,355024000.0,,-88934000.0,152272000.0,151831000.0,,,,,,-2159000.0,,,296822000.0,,20539766000.0,,,-8033000.0,,,11907997000.0,9812000.0,,,257390000.0,8769000.0,,,,,366382000.0,,87248000.0,256160000.0,,,358311000.0,,,,,,91284000.0,,,,,89016000.0,312591000.0,,,,,,151831000.0,,,,23855758000.0,,,103353000.0,,,,,,,,,103353000.0,,-41073000.0,113572000.0,23406676000.0,1541311000.0,,,224108000.0,,,-15607000.0,27332000.0,-2959000.0,929573000.0,,,528906000.0,,,,-45035000.0,,,,,,,13413606000.0,,895288000.0,,,,,,,271516000.0,25760377000.0,,,,,,,,,,,,-6792000.0,,6695000.0,0.42,,,,487793000.0,,103353000.0,-117298000.0,-275597000.0,,,,-2688946000.0,12386973000.0,150113000.0,,,,,10374058000.0,,33282000.0,449082000.0,16919000.0,-24198000.0,,1034054000.0,,,,1026633000.0,0.0,,-636040000.0,-5220611000.0,,,,182154000.0,,,,,,,,,,,,,,,,,,,,,
1506729600,,-10772000.0,,249943000.0,-805871000.0,1.72,,,0.0,214712000.0,,348983000.0,,355929000.0,,-94589000.0,156930000.0,613958000.0,,,,,,-7815000.0,,,296272000.0,,20464873000.0,,,-13595000.0,,,11424145000.0,9837000.0,,,246724000.0,-15576000.0,,,,,376625000.0,,95684000.0,262028000.0,,,359333000.0,,,,,,103353000.0,,,,,89023000.0,254394000.0,,,,,,613958000.0,,,,23739795000.0,,,85063000.0,,,,,,,,,85063000.0,,-19151000.0,113869000.0,23323778000.0,1543318000.0,,,213407000.0,,,20601000.0,-18793000.0,-8515000.0,943800000.0,,,523132000.0,,,,-40780000.0,,,,,,,12941551000.0,,899757000.0,,,,,,,276408000.0,25899645000.0,,,,,,,,,,,,-970000.0,,6527000.0,1.71,,,,476391000.0,,85063000.0,441312000.0,-276320000.0,,,,-2351430000.0,11892230000.0,149115000.0,,,,,10731340000.0,,33317000.0,416017000.0,43494000.0,-3351000.0,,1034497000.0,,,,1049321000.0,0.0,,-568989000.0,-5434772000.0,,,,171813000.0,,,,,,,,,,,,,,,,,,,,,
1514678400,250092000.0,-2771000.0,,296173000.0,-93073000.0,,-61220000.0,,0.0,228042000.0,-21400000.0,355941000.0,887948000.0,,-976517000.0,-137833000.0,178835000.0,392554000.0,,10866226000.0,,-671327000.0,,-46680000.0,,-2240698000.0,250092000.0,267579000.0,20588380000.0,,-748119000.0,-9871000.0,89029000.0,,11276062000.0,61202000.0,1442180000.0,1337712000.0,267580000.0,-3598000.0,2081652000.0,1544491000.0,26543000.0,1034641000.0,373731000.0,0.0,93958000.0,267579000.0,,,,1920294000.0,158490000.0,-1369084000.0,-31902000.0,20588380000.0,85063000.0,,-35120000.0,,3.82,89029000.0,218108000.0,-647022000.0,61202000.0,1058214000.0,-205664000.0,81355000.0,392554000.0,81355000.0,,,23954541000.0,,,81355000.0,,,,1182552000.0,26205833000.0,,-84361000.0,,81355000.0,,28313000.0,111951000.0,23505283000.0,1544491000.0,584150000.0,,232650000.0,,,-15982000.0,-15858000.0,-47980000.0,1182552000.0,0.0,228042000.0,516377000.0,-5617453000.0,,135490000.0,-35120000.0,1023438000.0,,296173000.0,643949000.0,,,13022356000.0,,890108000.0,,-431643000.0,81355000.0,93958000.0,358566000.0,-59799000.0,248797000.0,26205833000.0,,,,448196000.0,,449258000.0,3.78,,3568115000.0,-35259000.0,1356470000.0,-3331000.0,-63599000.0,6620000.0,,11684644000.0,355326000.0,,476756000.0,73596000.0,81355000.0,-266466000.0,0.0,,-44986000.0,13022356000.0,-2240698000.0,11684644000.0,132155000.0,-40045000.0,23505283000.0,,,10866226000.0,,34930000.0,449258000.0,2650000.0,-18821000.0,,1034641000.0,23954541000.0,,,1337712000.0,0.0,1356470000.0,-143559000.0,-5617453000.0,,-827285000.0,,158490000.0,11276062000.0,286707000.0,1486463000.0,,0.0,,1010537000.0,,,,,,,,,,,,,,
1522454400,,-16857000.0,,651141000.0,-503248000.0,0.22,,,,102544000.0,,308019000.0,,356112000.0,,-94506000.0,80060000.0,78703000.0,,,,,,-3242000.0,,,244742000.0,,,,,-72172000.0,,,11039812000.0,60023000.0,,,270324000.0,-24676000.0,,,,,413028000.0,,77764000.0,272060000.0,,,358853000.0,,,,,,188253000.0,,,,,89062000.0,213513000.0,,,,,,78703000.0,,,,23493510000.0,,,92543000.0,,,,,,,,,92543000.0,,-4381000.0,111363000.0,23338433000.0,1532223000.0,,,233150000.0,,,-46683000.0,-57944000.0,-3675000.0,1134570000.0,,,521043000.0,,,,-14474000.0,,,,,,,12689466000.0,,934071000.0,,,,,,,250719000.0,,,,,,,,,,,,,-3800000.0,,7124000.0,0.22,,,-655000.0,421331000.0,,163582000.0,170553000.0,-281635000.0,,,,-2413440000.0,11417109000.0,76818000.0,,,,,10740815000.0,,37174000.0,155077000.0,140240000.0,-39101000.0,,1035248000.0,,,,1272357000.0,,,-1217118000.0,,,,,132555000.0,,,,,,,,,,,,,,,,,,,,,
1530316800,,-6442000.0,,230548000.0,-962743000.0,0.47,,,,427987000.0,,402317000.0,,356228000.0,,-103205000.0,133473000.0,166519000.0,,,,,,-734000.0,,,240941000.0,,,,,-14299000.0,,,10402897000.0,896000.0,,,260290000.0,-5073000.0,,,,,421947000.0,,93112000.0,238884000.0,,,359000000.0,,,,,,163582000.0,,,,,89085000.0,299112000.0,,,,,,166519000.0,,,,22699134000.0,,,93684000.0,,,,,,,,,93684000.0,,,113029000.0,22350999000.0,1516614000.0,,,223634000.0,,,5036000.0,27569000.0,-1642000.0,1133902000.0,,,518010000.0,,,,-10861000.0,,,,,,,12021565000.0,,939957000.0,,,,,,,257720000.0,,,,,,,,,,,,,17822000.0,,7149000.0,0.46,,,-320000.0,469402000.0,,158103000.0,555353000.0,-281760000.0,,,,-2529102000.0,10793655000.0,132739000.0,,,,,10616948000.0,,36656000.0,348135000.0,516632000.0,-932000.0,,1034274000.0,,,,1227910000.0,,,-412495000.0,,,,,149817000.0,,,,,,,,,,,,,,,,,,,,,
1538265600,,-12881000.0,,273799000.0,-255829000.0,0.29,,,,172010000.0,,307286000.0,,356318000.0,,-105662000.0,103263000.0,101972000.0,,,,,,-7327000.0,,,236616000.0,,,,,-45945000.0,,,10478455000.0,14790000.0,,,258256000.0,-9504000.0,,,,,428820000.0,,76883000.0,244360000.0,,,359355000.0,,,,,,158103000.0,,,,,89100000.0,201624000.0,,,,,,101972000.0,,,,22597953000.0,,,86107000.0,,,,,,,,,86107000.0,,,107581000.0,22243306000.0,1512073000.0,,,218579000.0,,,16542000.0,-47117000.0,-8147000.0,1134898000.0,,,495164000.0,,,,-7947000.0,,,,,,,12084884000.0,,923984000.0,,,,,,,236908000.0,,,,,,,,,,,,,-6123000.0,,6488000.0,0.28,,,,422096000.0,,148547000.0,-60961000.0,-281853000.0,,,,-2709293000.0,10858313000.0,95936000.0,,,,,10452839000.0,,39677000.0,354647000.0,3679000.0,-5073000.0,,1045877000.0,,,,1226571000.0,,,-1664491000.0,,,,,143242000.0,,,,,,,,,,,,,,,,,,,,,
1546214400,205219000.0,-3971000.0,,818372000.0,-40117000.0,,-47007000.0,,0.0,48378000.0,5342000.0,363845000.0,919639000.0,,324496000.0,-159361000.0,63302000.0,62273000.0,,10215857000.0,,-1761937000.0,,-28650000.0,,-2930214000.0,205219000.0,250023000.0,,,,-67833000.0,89125000.0,,10733699000.0,205000.0,1381467000.0,1185902000.0,282751000.0,-16721000.0,2029620000.0,1502955000.0,29963000.0,1050548000.0,427503000.0,,99667000.0,250023000.0,,,,1738174000.0,188141000.0,-3144116000.0,-164356000.0,,148547000.0,,-19582000.0,,1.15,89125000.0,204484000.0,688897000.0,205000.0,957999000.0,-55974000.0,72277000.0,62273000.0,131464000.0,,,22584555000.0,,,72277000.0,,,,1086030000.0,,,,,72277000.0,,,110524000.0,22506824000.0,1502955000.0,376038000.0,,244276000.0,,,-12404000.0,21777000.0,-29562000.0,1086030000.0,,48378000.0,495403000.0,,,151982000.0,-19582000.0,1071621000.0,,818372000.0,415991000.0,,,12312961000.0,,922906000.0,,-462734000.0,72277000.0,99667000.0,359301000.0,-39953000.0,212652000.0,,,,,442497000.0,,77731000.0,1.14,,3720918000.0,-37509000.0,409467000.0,-2557000.0,-43026000.0,9202000.0,,11127059000.0,356265000.0,,389452000.0,0.0,131464000.0,-340449000.0,-281895000.0,,-40151000.0,12312961000.0,-2930214000.0,11127059000.0,34652000.0,-55715000.0,22506824000.0,,,10215857000.0,,38475000.0,77731000.0,28346000.0,-1901000.0,,1050548000.0,22584555000.0,,,1185902000.0,,409467000.0,149988000.0,,,-1127143000.0,,188141000.0,10733699000.0,188253000.0,1691298000.0,,,,918733000.0,,,,,,,,,,,,,,
1553990400,,-13011000.0,,854626000.0,-259763000.0,0.35,,,98378000.0,48162000.0,,336120000.0,,356853000.0,,-71607000.0,127588000.0,125785000.0,,,,,,-1257000.0,,,205056000.0,,,,,1893000.0,,,10690176000.0,947000.0,,,276680000.0,8533000.0,,,,,431137000.0,,81766000.0,258136000.0,,,360619000.0,,,,,,131464000.0,,,,,89579000.0,264513000.0,,,,,,125785000.0,,,,22668097000.0,,,82514000.0,,,,,,,,,82514000.0,,,110619000.0,22579605000.0,1279490000.0,,,235920000.0,,,3490000.0,-28261000.0,-1715000.0,1063707000.0,,,511450000.0,,,,-12065000.0,,,,,,,12462084000.0,,942587000.0,,,,,,,234770000.0,,,,,,,,,,,,,-2921000.0,,8405000.0,0.35,,,,472870000.0,,140231000.0,-67824000.0,-282874000.0,,,,-3088401000.0,11315664000.0,126331000.0,,,,,10149663000.0,,40760000.0,88492000.0,16000.0,-687000.0,,1050876000.0,,,,1146420000.0,,,-963345000.0,,,,,214046000.0,,,,,,,,,,,,,,,,,,,,,
1561852800,,-5618000.0,,262469000.0,44895000.0,0.58,,,767655000.0,387639000.0,,393099000.0,,361722000.0,,-101000000.0,211898000.0,210529000.0,,,,,,-57752000.0,,,149454000.0,,,,,19480000.0,,,10256092000.0,1216000.0,,,269266000.0,-1909000.0,,,,,436416000.0,,111388000.0,265977000.0,,,365553000.0,,,,,,140231000.0,,,,,92852000.0,292099000.0,,,,,,210529000.0,,,,22988911000.0,,,81987000.0,,,,,,,,,81987000.0,,,110369000.0,22639193000.0,1272723000.0,,,226187000.0,,,21792000.0,20469000.0,-59480000.0,1137980000.0,,,505099000.0,,,,-39671000.0,,,,,,,12112549000.0,,941515000.0,,,,,,,235833000.0,,,,,,,,,,,,,-3546000.0,,10070000.0,0.58,,,,490702000.0,,138296000.0,-439903000.0,-284268000.0,,,,-3173287000.0,10861965000.0,154146000.0,,,,,10820011000.0,,43079000.0,349718000.0,-200568000.0,-247000.0,,1050470000.0,,,,1250584000.0,,,-540267000.0,,,,,,,,,,,,,,,,,,,,,,,,,,
1569801600,,-14526000.0,-3612000.0,288584000.0,629935000.0,0.23,,-8575000.0,76217000.0,385992000.0,,354329000.0,,372426000.0,,-157025000.0,86918000.0,85259000.0,,,35872000.0,,-1143684000.0,2005000.0,,,147524000.0,,,1447393000.0,,-43012000.0,,,12053184000.0,1531000.0,,,275133000.0,70112000.0,,,,,462120000.0,,85214000.0,272566000.0,-2068762000.0,559000.0,376625000.0,,,,,,138296000.0,-200091000.0,,2032367000.0,,93164000.0,197304000.0,,,,,,85259000.0,,404052000.0,374950000.0,24803553000.0,,3789543000.0,148063000.0,60015000.0,-488993000.0,-1762328000.0,,,-89472000.0,,928537000.0,148063000.0,,,113967000.0,24378404000.0,1340177000.0,,208562000.0,234603000.0,,,28775000.0,-13426000.0,946000.0,1194162000.0,,,520415000.0,,,,-59857000.0,,489706000.0,,,1103830000.0,162844000.0,13967644000.0,-89811000.0,982535000.0,-32888000.0,,,,,,245282000.0,,,445479000.0,148547000.0,,,,,41653000.0,,,,449000.0,,8195000.0,0.23,,,,437493000.0,,208596000.0,-914152000.0,-294647000.0,,,,-3384421000.0,12686737000.0,88923000.0,,,,483846000.0,10665706000.0,1757176000.0,40530000.0,425149000.0,-27885000.0,-777000.0,483846000.0,1049985000.0,,942250000.0,958400000.0,1280907000.0,,,-673846000.0,,-85654000.0,,,,,,,,,940986000.0,,,,,,,,,,,,,,,
