date,quarterlyNetIncomeContinuousOperations,quarterlyNetIncome,trailingInvestingCashFlow,annualIncomeTaxPayable,annualInvestingCashFlow,trailingSaleOfInvestment,trailingPurchaseOfBusiness,quarterlyOtherNonCurrentLiabilities,annualStockholdersEquity,annualNonCurrentDeferredTaxesLiabilities,annualOtherNonCashItems,quarterlyOtherCurrentLiabilities,annualLongTermDebt,trailingStockBasedCompensation,annualCurrentLiabilities,quarterlyCostOfRevenue,quarterlyAccountsReceivable,quarterlyCurrentAccruedExpenses,annualStockBasedCompensation,annualGoodwill,annualTotalAssets,annualInventory,quarterlyBasicEPS,annualRetainedEarnings,annualCashFlowFromContinuingFinancingActivities,annualDepreciationAndAmortization,quarterlyBasicAverageShares,quarterlyGoodwill,quarterlyInvestmentsAndAdvances,quarterlyLongTermDebt,quarterlyNonCurrentDeferredTaxesLiabilities,annualSaleOfInvestment,annualPurchaseOfInvestment,quarterlyCurrentDeferredRevenue,quarterlyInventory,trailingOperatingCashFlow,annualAccountsReceivable,quarterlyOtherIncomeExpense,trailingChangeInWorkingCapital,annualCapitalStock,annualOtherIncomeExpense,annualNetPPE,annualGainsLossesNotAffectingRetainedEarnings,trailingGrossProfit,quarterlyOperatingExpense,annualAccountsPayable,annualOperatingCashFlow,annualCommonStockIssuance,trailingOperatingIncome,quarterlyOtherIntangibleAssets,quarterlyCashAndCashEquivalents,annualCashCashEquivalentsAndMarketableSecurities,annualOtherShortTermInvestments,annualTotalNonCurrentLiabilitiesNetMinorityInterest,annualOtherIntangibleAssets,annualChangeInAccountPayable,quarterlyCapitalStock,annualEbitda,quarterlyCashCashEquivalentsAndMarketableSecurities,annualEndCashPosition,trailingTotalRevenue,annualOperatingIncome,trailingChangeInCashSupplementalAsReported,quarterlyTotalNonCurrentAssets,annualGrossPPE,quarterlyCurrentDebt,trailingEndCashPosition,annualCashAndCashEquivalents,quarterlyInterestExpense,annualBasicEPS,annualNetOtherInvestingChanges,trailingPretaxIncome,annualPretaxIncome,quarterlyOtherNonCurrentAssets,quarterlyTotalLiabilitiesNetMinorityInterest,quarterlyNetIncomeCommonStockholders,annualInvestmentsAndAdvances,quarterlyTotalAssets,quarterlyDilutedAverageShares,annualOtherNonCurrentLiabilities,trailingOperatingExpense,trailingSellingGeneralAndAdministration,annualCapitalExpenditure,quarterlyGrossPPE,quarterlyIncomeTaxPayable,annualOperatingExpense,annualOtherNonCurrentAssets,annualAccumulatedDepreciation,annualSellingGeneralAndAdministration,quarterlyDilutedEPS,trailingBeginningCashPosition,trailingInterestExpense,trailingCapitalExpenditure,quarterlyGainsLossesNotAffectingRetainedEarnings,trailingNetIncomeContinuousOperations,quarterlyAccountsPayable,annualCurrentAssets,quarterlyOtherCurrentAssets,annualRepurchaseOfCapitalStock,annualNetOtherFinancingCharges,annualChangeInCashSupplementalAsReported,trailingNetIncomeCommonStockholders,quarterlyStockholdersEquity,annualTaxProvision,annualOtherCurrentLiabilities,quarterlyEbitda,trailingNetOtherFinancingCharges,annualNetIncomeCommonStockholders,annualInterestExpense,annualDilutedEPS,annualRepaymentOfDebt,quarterlyGrossProfit,trailingRepurchaseOfCapitalStock,annualTotalRevenue,annualDilutedAverageShares,trailingFreeCashFlow,trailingCommonStockIssuance,quarterlyCurrentLiabilities,annualGrossProfit,quarterlyCurrentAssets,annualFreeCashFlow,annualTotalNonCurrentAssets,quarterlySellingGeneralAndAdministration,annualTotalLiabilitiesNetMinorityInterest,quarterlyTotalNonCurrentLiabilitiesNetMinorityInterest,trailingCostOfRevenue,annualChangeInWorkingCapital,quarterlyRetainedEarnings,quarterlyOtherShortTermInvestments,annualOtherCurrentAssets,quarterlyPretaxIncome,annualBasicAverageShares,quarterlyNetPPE,quarterlyTaxProvision,trailingNetIncome,trailingTaxProvision,quarterlyOperatingIncome,trailingDepreciationAndAmortization,annualChangeInInventory,quarterlyTotalRevenue,quarterlyAccumulatedDepreciation,annualCurrentDebt,annualCashDividendsPaid,annualCurrentDeferredRevenue,annualNetIncomeContinuousOperations,annualCostOfRevenue,annualNetIncome,trailingOtherNonCashItems,annualPurchaseOfBusiness,annualBeginningCashPosition,annualResearchAndDevelopment,trailingBasicAverageShares,quarterlyNonCurrentDeferredRevenue,quarterlyRepaymentOfDebt,quarterlyChangeInInventory,trailingDeferredIncomeTax,quarterlyCommonStockIssuance,quarterlySaleOfInvestment,quarterlyStockBasedCompensation,quarterlyRepurchaseOfCapitalStock,annualCurrentAccruedExpenses,quarterlyBeginningCashPosition,trailingRepaymentOfDebt,quarterlyCashFlowFromContinuingFinancingActivities,trailingCashDividendsPaid,trailingChangeInInventory,trailingChangesInAccountReceivables,trailingDilutedEPS,quarterlyPurchaseOfInvestment,annualChangesInAccountReceivables,trailingNetOtherInvestingChanges,quarterlyCapitalExpenditure,quarterlyPurchaseOfBusiness,quarterlyEndCashPosition,trailingBasicEPS,trailingResearchAndDevelopment,quarterlyDeferredIncomeTax,quarterlyNetOtherInvestingChanges,quarterlyChangeInAccountPayable,quarterlyInvestingCashFlow,quarterlyCashDividendsPaid,quarterlyNetOtherFinancingCharges,quarterlyFreeCashFlow,annualNonCurrentDeferredRevenue,trailingOtherIncomeExpense,quarterlyOtherNonCashItems,trailingPurchaseOfInvestment,quarterlyChangeInCashSupplementalAsReported,quarterlyOperatingCashFlow,trailingChangeInAccountPayable,quarterlyChangeInWorkingCapital,quarterlyDepreciationAndAmortization,quarterlyResearchAndDevelopment,trailingCashFlowFromContinuingFinancingActivities,quarterlyChangesInAccountReceivables,annualDeferredIncomeTax,trailingDilutedAverageShares
1987-03-31,1806381.0,,35100000.0,,,516700000.0,-279700000.0,,,,,,,75700000.0,,,,,,,,,0.205554,,,,1590000.0,,,,,,,,,1494500000.0,,,-58000000.0,,,,,2890700000.0,,,,,1262500000.0,,,,,,,,,,,,15725700000.0,,-112600000.0,,,,1809000000.0,,,,,1095000000.0,,,,,,,1590000.0,,1628200000.0,1628200000.0,,,,,,,,0.205554,1921600000.0,344300000.0,-363900000.0,,783300000.0,,,,,,,702900000.0,,,,74310777.0,-39200000.0,,,,,,-6300000.0,,,1130600000.0,700000.0,,,,,,,,,12835000000.0,,,,,,,,,702900000.0,311700000.0,74310777.0,692100000.0,,74310777.0,,,,,,,,258600000.0,,,,,,,,,,,,,,,,,,,,,,,,,,,,,,,,,,,,,,,,,,,,,,,,,
1987-06-30,1865220.0,,,,,,,,,,,,,,,,,,,,,,0.205174,,,,1590000.0,,,,,,,,,,,,,,,,,,,,,,,,,,,,,,,,,,,,,,,,,,,,,,,,,,,,1590000.0,,,,,,,,,,,0.205174,,,,,,,,,,,,,,,,74173582.0,,,,,,,,,,,,,,,,,,,,,,,,,,,,,,,74173582.0,,,74173582.0,,,,,,,,,,,,,,,,,,,,,,,,,,,,,,,,,,,,,,,,,,,,,,,,,,,,,,,,,
1987-09-30,1841580.0,,,,,,,,,,,,,,,,,,,,,,0.214851,,,,1590000.0,,,,,,,,,,,,,,,,,,,,,,,,,,,,,,,,,,,,,,,,,,,,,,,,,,,,1590000.0,,,,,,,,,,,0.214851,,,,,,,,,,,,,,,,73233498.0,,,,,,,,,,,,,,,,,,,,,,,,,,,,,,,73233498.0,,,73233498.0,,,,,,,,,,,,,,,,,,,,,,,,,,,,,,,,,,,,,,,,,,,,,,,,,,,,,,,,,
1987-12-31,888033.0,,,,0.0,,,960714.0,-65702163.0,,,74935692.0,91588068.0,,530847858.0,,,,,,557694477.0,38001576.0,,-747222.0,,,,,,91588068.0,,,,,38001576.0,,,,,,3095634.0,79365651.0,,,,,0.0,,,,72800772.0,72800772.0,,92548782.0,,,,25405548.0,72800772.0,0.0,,19267653.0,,82834896.0,85290054.0,455912166.0,,72800772.0,,0.720536,,,12435909.0,3469245.0,623396640.0,,,557694477.0,,960714.0,,,,85290054.0,,183176136.0,3469245.0,-5924403.0,177038241.0,,,,,,,,474859581.0,115552545.0,,,,,-65702163.0,6084522.0,74935692.0,-200432841.0,,6351387.0,9927378.0,0.720536,,,,254749329.0,8814815.0,,,530847858.0,202443789.0,474859581.0,0.0,82834896.0,,623396640.0,92548782.0,,,-747222.0,,115552545.0,,8814815.0,79365651.0,,,,-200432841.0,,,35048835.0,-5924403.0,455912166.0,,,6351387.0,52305540.0,6351387.0,,,0.0,,,,,,,,,,,,,,,,,,,,,,,,,,,,,,,,,,,,,,,,,,,,,,,
1988-03-31,5052030.0,,,,,,,,,,,,,,,,,,,,,,0.64494,,,,1590000.0,,,,,,,,,,,,,,,,,,,,,,,,,,,,,,,,,,,,,,,,,,,,,,,,,,,,1590000.0,,,,,,,,,,,0.64494,,,,,,,,,,,,,,,,130922820.0,,,,,,,,,,,,,,,,,,,,,,,,,,,,,,,130922820.0,,,130922820.0,,,,,,,,,,,,,,,,,,,,,,,,,,,,,,,,,,,,,,,,,,,,,,,,,,,,,,,,,
1988-06-30,5492232.0,,,,,,,,,,,,,,,,,,,,,,0.701136,,,,1590000.0,,,,,,,,,,,,,,,,,,,,,,,,,,,,,,,,,,,,,,,,,,,,,,,,,,,,1590000.0,,,,,,,,,,,0.701136,,,,,,,,,,,,,,,,142389036.0,,,,,,,,,,,,,,,,,,,,,,,,,,,,,,,142389036.0,,,142389036.0,,,,,,,,,,,,,,,,,,,,,,,,,,,,,,,,,,,,,,,,,,,,,,,,,,,,,,,,,
1988-09-30,5573730.0,,,,,,,,,,,,,,,,,,,,,,0.741188,,,,1590000.0,,,,,,,,,,,,,,,,,,,,,,,,,,,,,,,,,,,,,,,,,,,,,,,,,,,,1590000.0,,,,,,,,,,,0.741188,,,,,,,,,,,,,,,,144501915.0,,,,,,,,,,,,,,,,,,,,,,,,,,,,,,,144501915.0,,,144501915.0,,,,,,,,,,,,,,,,,,,,,,,,,,,,,,,,,,,,,,,,,,,,,,,,,,,,,,,,,
1988-12-31,4145306.0,,,,0.0,,,1220912.0,59935680.0,,,34740496.0,141292816.0,,473547368.0,,,,,,675996776.0,34463016.0,,332976.0,,,,,,141292816.0,,,,,34463016.0,,,,,,7547456.0,86740248.0,,,,,0.0,,,175700336.0,92955800.0,92955800.0,,142513728.0,175700336.0,,,62322008.0,92955800.0,0.0,,50834336.0,,267157744.0,105220416.0,438806872.0,,92955800.0,,2.719304,,,39568648.0,4717160.0,616061096.0,,,675996776.0,,1220912.0,,,,105220416.0,,397462352.0,4717160.0,-18480168.0,385974680.0,,,,,,,,408839032.0,13984992.0,,,,,59935680.0,18702152.0,34740496.0,-382612114.0,,20866496.0,18813144.0,2.719304,,,,540919512.0,7673469.0,,,473547368.0,448296688.0,408839032.0,0.0,267157744.0,,616061096.0,142513728.0,,,332976.0,,13984992.0,,7673469.0,86740248.0,,,,-382612114.0,,,107473062.0,-18480168.0,438806872.0,,,20866496.0,92622824.0,20866496.0,,,0.0,,,,,,,,,,,,,,,,,,,,,,,,,,,,,,,,,,,,,,,,,,,,,,,
1989-03-31,9235044.0,,,,,,,,,,,,,,,,,,,,,,0.876145,,,,1590000.0,,,,,,,,,,,,,,,,,,,,,,,,,,,,,,,,,,,,,,,,,,,,,,,,,,,,1590000.0,,,,,,,,,,,0.846546,,,,,,,,,,,,,,,,244195875.0,,,,,,,,,,,,,,,,,,,,,,,,,,,,,,,244195875.0,,,244195875.0,,,,,,,,,,,,,,,,,,,,,,,,,,,,,,,,,,,,,,,,,,,,,,,,,,,,,,,,,
1989-06-30,10116766.0,,,,,,,,,,,,,,,,,,,,,,0.953682,,,,1590000.0,,,,,,,,,,,,,,,,,,,,,,,,,,,,,,,,,,,,,,,,,,,,,,,,,,,,1590000.0,,,,,,,,,,,0.934351,,,,,,,,,,,,,,,,265806750.0,,,,,,,,,,,,,,,,,,,,,,,,,,,,,,,265806750.0,,,265806750.0,,,,,,,,,,,,,,,,,,,,,,,,,,,,,,,,,,,,,,,,,,,,,,,,,,,,,,,,,
1989-09-30,9668217.0,,,,,,,,,,,,,,,,,,,,,,0.923715,,,,1590000.0,,,,,,,,,,,,,,,,,,,,,,,,,,,,,,,,,,,,,,,,,,,,,,,,,,,,1590000.0,,,,,,,,,,,0.911399,,,,,,,,,,,,,,,,254021625.0,,,,,,,,,,,,,,,,,,,,,,,,,,,,,,,254021625.0,,,254021625.0,,,,,,,,,,,,,,,,,,,,,,,,,,,,,,,,,,,,,,,,,,,,,,,,,,,,,,,,,
1989-12-31,10131570.0,,,,0.0,,,242549440.0,-372050400.0,42689200.0,,1055825440.0,451570720.0,,1175916080.0,,,,,,1540675040.0,93043760.0,,41879040.0,,,,,,451570720.0,42689200.0,,,,93043760.0,,,,,,15330720.0,160162400.0,,,,,0.0,,,357966080.0,238934880.0,238934880.0,,736809360.0,357966080.0,,,123829840.0,238934880.0,0.0,,103575840.0,,538320160.0,200047200.0,120090640.0,,238934880.0,,3.726736,,,74410080.0,20191680.0,1912725440.0,,,1540675040.0,,242549440.0,,,,200047200.0,,778813040.0,20191680.0,-39884800.0,758559040.0,,,,,,,,1002354880.0,6917520.0,,,,,-372050400.0,35335440.0,1055825440.0,-658489035.0,,30474480.0,44496480.0,3.64572,,,,1028217680.0,8358974.0,,,1175916080.0,882388880.0,1002354880.0,0.0,538320160.0,,1912725440.0,736809360.0,,,41879040.0,,6917520.0,,8177258.0,160162400.0,,,,-658489035.0,,,266152805.0,-39884800.0,120090640.0,,,39074640.0,145828800.0,39074640.0,,,0.0,,,,,,,,,,,,,,,,,,,,,,,,,,,,,,,,,,,,,,,,,,,,,,,
1990-03-31,13332720.0,,,,,,,,,,,,,,,,,,,,,,1.0654,,,,1644000.0,,,,,,,,,,,,,,,,,,,,,,,,,,,,,,,,,,,,,,,,,,,,,,,,,,,,1644000.0,,,,,,,,,,,0.94364,,,,,,,,,,,,,,,,318280640.0,,,,,,,,,,,,,,,,,,,,,,,,,,,,,,,318280640.0,,,318280640.0,,,,,,,,,,,,,,,,,,,,,,,,,,,,,,,,,,,,,,,,,,,,,,,,,,,,,,,,,
1990-06-30,12557022.0,,,,,,,,,,,,,,,,,,,,,,1.003415,,,,1644000.0,,,,,,,,,,,,,,,,,,,,,,,,,,,,,,,,,,,,,,,,,,,,,,,,,,,,1644000.0,,,,,,,,,,,0.888739,,,,,,,,,,,,,,,,299820402.0,,,,,,,,,,,,,,,,,,,,,,,,,,,,,,,299820402.0,,,299820402.0,,,,,,,,,,,,,,,,,,,,,,,,,,,,,,,,,,,,,,,,,,,,,,,,,,,,,,,,,
1990-09-30,14341466.0,,,,,,,,,,,,,,,,,,,,,,0.922332,,,,1644000.0,,,,,,,,,,,,,,,,,,,,,,,,,,,,,,,,,,,,,,,,,,,,,,,,,,,,1644000.0,,,,,,,,,,,0.869018,,,,,,,,,,,,,,,,371545266.0,,,,,,,,,,,,,,,,,,,,,,,,,,,,,,,371545266.0,,,371545266.0,,,,,,,,,,,,,,,,,,,,,,,,,,,,,,,,,,,,,,,,,,,,,,,,,,,,,,,,,
1990-12-31,12904794.0,,,,0.0,,,187097778.0,-261439206.0,34682298.0,,922683916.0,459320120.0,,986190366.0,,,,,,1405851356.0,62003032.0,,73874850.0,,,,,,459320120.0,34682298.0,,,,62003032.0,,,,,,12701290.0,136292618.0,,,,,0.0,,,350192710.0,229556376.0,229556376.0,,681100196.0,350192710.0,,,156977576.0,229556376.0,0.0,,131523154.0,,499031092.0,196170128.0,63506450.0,,229556376.0,,3.903703,,,86990876.0,12545764.0,1667290562.0,,,1405851356.0,,187097778.0,,,,196170128.0,,970067504.0,12545764.0,-59877510.0,944613082.0,,,,,,,,906820264.0,8709456.0,,,,,-261439206.0,36393084.0,922683916.0,-797526610.0,,32919670.0,57233568.0,3.56673,,,,1264789274.0,9229651.0,,,986190366.0,1101590658.0,906820264.0,0.0,499031092.0,,1667290562.0,681100196.0,,,73874850.0,,8709456.0,,8432935.0,136292618.0,,,,-797526610.0,,,335739510.0,-59877510.0,63506450.0,,,50597792.0,163198616.0,50597792.0,,,0.0,,,,,,,,,,,,,,,,,,,,,,,,,,,,,,,,,,,,,,,,,,,,,,,
1991-03-31,4141512.0,4141512.0,,,,,,,,,,,,,,,,,,,,,2.393938,,,,1730000.0,,,,,,,,,,,,,,,,,,,,,,,,,,,,,,,,,,,,,,,,,,,,,,,,,4141512.0,,,1730000.0,,,,,,,,,,,2.393938,,,,,,,,,,,,,,,,271671683.0,,,,,,,,,,,,,,,,,,,,,,,,,,,,,,,271671683.0,,,271671683.0,,,,,,,,,,,,,,,,,,,,,,,,,,,,,,,,,,,,,,,,,,,,,,,,,,,,,,,,,
1991-06-30,4450248.0,4450248.0,,,,,,,,,,,,,,,,,,,,,2.572398,,,,1730000.0,,,,,,,,,,,,,,,,,,,,,,,,,,,,,,,,,,,,,,,,,,,,,,,,,4450248.0,,,1730000.0,,,,,,,,,,,2.572398,,,,,,,,,,,,,,,,291923907.0,,,,,,,,,,,,,,,,,,,,,,,,,,,,,,,291923907.0,,,291923907.0,,,,,,,,,,,,,,,,,,,,,,,,,,,,,,,,,,,,,,,,,,,,,,,,,,,,,,,,,
1991-09-30,12433412.0,12433412.0,,,,,,,,,,,,,,,,,,,,,0.741442,,,,16769231.0,,,,,,,,,,,,,,,,,,,,,,,,,,,,,,,,,,,,,,,,,,,,,,,,,12433412.0,,,16769231.0,,,,,,,,,,,0.741442,,,,,,,,,,,,,,,,372717190.0,,,,,,,,,,,,,,,,,,,,,,,,,,,,,,,372717190.0,,,372717190.0,,,,,,,,,,,,,,,,,,,,,,,,,,,,,,,,,,,,,,,,,,,,,,,,,,,,,,,,,
1991-12-31,10350052.0,10350052.0,,,-6787134.0,,,90584190.0,-267744420.0,34897626.0,4221918.0,936090072.0,561515094.0,,969063786.0,,,,,,1398203046.0,62740908.0,,87591438.0,105387624.0,25865928.0,,,,561515094.0,34897626.0,2298006.0,,,62740908.0,,,,,,32492736.0,132856812.0,,,,,64504494.0,11917566.0,,349671006.0,205270722.0,205270722.0,,686996910.0,349671006.0,,,104639436.0,205270722.0,0.0,,78773508.0,,497598462.0,208210032.0,32973714.0,,205270722.0,,1.389492,0.0,,54564282.0,15070644.0,1656060696.0,-7285808.0,,1398203046.0,,90584190.0,,,-21269916.0,208210032.0,,962383536.0,15070644.0,-75353220.0,936517608.0,,,,,,,,900604584.0,1923912.0,,62687466.0,163104984.0,,-267744420.0,23567922.0,936090072.0,-832686846.0,,13360500.0,55205586.0,1.389492,,,,1203353514.0,9615385.0,,,969063786.0,1041157044.0,900604584.0,43234578.0,497598462.0,,1656060696.0,686996910.0,,3420288.0,87591438.0,,1923912.0,,9615385.0,132856812.0,,,,-832686846.0,,-1656702.0,291893160.0,-75353220.0,32973714.0,,,30996360.0,162196470.0,30996360.0,,,42165738.0,,,,,,,,,,,,,,,,,,,,,,,,,,,,,,,,,,,,,,,,,,,,,,,
1992-03-31,746915.0,-2585475.0,,,,,,,,,,,,,,,,,,,,,0.028728,,,,2190000.0,,,,,,,,,,,,,,,,,,,,,,,,,,,,,,,,,,,,,,,,,,,,,,,,,-2585475.0,,,2190000.0,,,,,,,,,,,0.017237,,,,,,,,,,,,,,,,276990555.0,,,,,,,,,,,,,,,,,,,,,,,,,,,,,,,276990555.0,,,276990555.0,,,,,,,,,,,,,,,,,,,,,,,,,,,,,,,,,,,,,,,,,,,,,,,,,,,,,,,,,
1992-06-30,684710.0,-2370150.0,,,,,,,,,,,,,,,,,,,,,0.026335,,,,2190000.0,,,,,,,,,,,,,,,,,,,,,,,,,,,,,,,,,,,,,,,,,,,,,,,,,-2370150.0,,,2190000.0,,,,,,,,,,,0.015801,,,,,,,,,,,,,,,,253922070.0,,,,,,,,,,,,,,,,,,,,,,,,,,,,,,,253922070.0,,,253922070.0,,,,,,,,,,,,,,,,,,,,,,,,,,,,,,,,,,,,,,,,,,,,,,,,,,,,,,,,,
1992-09-30,730743.0,-2529495.0,,,,,,,,,,,,,,,,,,,,,0.028106,,,,2190000.0,,,,,,,,,,,,,,,,,,,,,,,,,,,,,,,,,,,,,,,,,,,,,,,,,-2529495.0,,,2190000.0,,,,,,,,,,,0.016863,,,,,,,,,,,,,,,,271049442.0,,,,,,,,,,,,,,,,,,,,,,,,,,,,,,,271049442.0,,,271049442.0,,,,,,,,,,,,,,,,,,,,,,,,,,,,,,,,,,,,,,,,,,,,,,,,,,,,,,,,,
1992-12-31,1302220.0,-4279455.0,,,-32043438.0,,,82679982.0,-252589323.0,35801619.0,6065836.0,416037230.0,578891740.0,,1129893821.0,,,,,,1585688650.0,65669268.0,,96196247.0,29999515.0,22878751.0,,,,578891740.0,35801619.0,,-263732.0,,65669268.0,,,,,,-28878654.0,147426188.0,,,,713856591.0,42328986.0,,,349510833.0,250479467.0,250479467.0,,697373341.0,349510833.0,,,104306006.0,250479467.0,0.0,,81427255.0,,516585055.0,241182914.0,,,250479467.0,,0.672517,-15428322.0,,20702962.0,19648034.0,1827267162.0,-4279455.0,,1585688650.0,,82679982.0,,,-21098560.0,241182914.0,,1009500163.0,19648034.0,-93756726.0,986621412.0,,,,,,,713856591.0,1069103595.0,38702671.0,,0.0,78196538.0,,-252589323.0,17208513.0,416037230.0,-731608649.0,,-11867940.0,44768507.0,0.672517,,,,1271583838.0,9528000.0,,,1129893821.0,1090927418.0,1069103595.0,21230426.0,516585055.0,,1827267162.0,697373341.0,,9889950.0,96196247.0,,38702671.0,,9528000.0,147426188.0,,,,-731608649.0,,6263635.0,458547934.0,-93756726.0,,,,3494449.0,180656420.0,-11867940.0,,,172216996.0,,,,,,,,,,,,,,,,,,,,,,,,,,,,,,,,,,,,,,,,,,,,,,,
1993-03-31,7093626.0,7093626.0,,,,,,,,,,,,,,,,,,,,,0.167303,,,,42400000.0,,,,,,,,,,,,,,,,,,,,,,,,,,,,,,,,,,,,,,,,,,,,,,,,,7093626.0,,,58888889.0,,,,,,,,,,,0.120458,,,,,,,,,,,,,,,,349193778.0,,,,,,,,,,,,,,,,,,,,,,,,,,,,,,,349193778.0,,,349193778.0,,,,,,,,,,,,,,,,,,,,,,,,,,,,,,,,,,,,,,,,,,,,,,,,,,,,,,,,,
1993-06-30,5837480.0,5837480.0,,,,,,,,,,,,,,,,,,,,,0.331675,,,,17600000.0,,,,,,,,,,,,,,,,,,,,,,,,,,,,,,,,,,,,,,,,,,,,,,,,,5837480.0,,,25142857.0,,,,,,,,,,,0.232173,,,,,,,,,,,,,,,,352636860.0,,,,,,,,,,,,,,,,,,,,,,,,,,,,,,,352636860.0,,,352636860.0,,,,,,,,,,,,,,,,,,,,,,,,,,,,,,,,,,,,,,,,,,,,,,,,,,,,,,,,,
1993-09-30,5829736.0,5829736.0,,,,,,,,,,,,,,,,,,,,,0.331235,,,,17600000.0,,,,,,,,,,,,,,,,,,,,,,,,,,,,,,,,,,,,,,,,,,,,,,,,,5829736.0,,,25142857.0,,,,,,,,,,,0.231865,,,,,,,,,,,,,,,,352169052.0,,,,,,,,,,,,,,,,,,,,,,,,,,,,,,,352169052.0,,,352169052.0,,,,,,,,,,,,,,,,,,,,,,,,,,,,,,,,,,,,,,,,,,,,,,,,,,,,,,,,,
1993-12-31,4236102.0,4236102.0,,,-29475344.0,,,173742280.0,-161776372.0,20822032.0,-74499608.0,467616868.0,321659832.0,,1224916876.0,,,,,,1580243500.0,76933352.0,,111749412.0,-54218408.0,25824728.0,,,,321659832.0,20822032.0,,-2366140.0,,76933352.0,,,,,,-5408320.0,132436236.0,,,,757300008.0,51243832.0,84910624.0,,350053512.0,316995156.0,316995156.0,,516224144.0,350053512.0,,,125946252.0,316995156.0,0.0,,100121524.0,,504528652.0,233842236.0,,,316995156.0,,1.223632,-28326076.0,,52257892.0,22038904.0,1741141020.0,1869962.0,,1580243500.0,,173742280.0,,,-23864212.0,233842236.0,,1135071160.0,22038904.0,-101406000.0,1109246432.0,,,,,,,757300008.0,1075714848.0,2230932.0,,-5408320.0,-35154080.0,,-161776372.0,29340136.0,467616868.0,-949893426.0,,20551616.0,40359588.0,0.85181,,,,1430973868.0,24126984.0,,,1224916876.0,1235192684.0,1075714848.0,27379620.0,504528652.0,,1741141020.0,516224144.0,,77000956.0,111749412.0,,2230932.0,,16795580.0,132436236.0,,,,-949893426.0,,-16360168.0,380958918.0,-101406000.0,,,,22917756.0,195781184.0,22917756.0,,,352149236.0,,,,,,,,,,,,,,,,,,,,,,,,,,,,,,,,,,,,,,,,,,,,,,,
1994-03-31,12422750.0,12422750.0,,,,,,,,,,,,,,,,,,,,,0.100725,,,,123333333.0,,,,,,,,,,,,,,,,,,,,,,,,,,,,,,,,,,,,,,,,,,,,,,,,,12422750.0,,,142307692.0,,,,,,,,,,,0.087295,,,,,,,,,,,,,,,,374898450.0,,,,,,,,,,,,,,,,,,,,,,,,,,,,,,,374898450.0,,,374898450.0,,,,,,,,,,,,,,,,,,,,,,,,,,,,,,,,,,,,,,,,,,,,,,,,,,,,,,,,,
1994-06-30,12052010.0,12052010.0,,,,,,,,,,,,,,,,,,,,,0.097719,,,,123333333.0,,,,,,,,,,,,,,,,,,,,,,,,,,,,,,,,,,,,,,,,,,,,,,,,,12052010.0,,,142307692.0,,,,,,,,,,,0.08469,,,,,,,,,,,,,,,,363710118.0,,,,,,,,,,,,,,,,,,,,,,,,,,,,,,,363710118.0,,,363710118.0,,,,,,,,,,,,,,,,,,,,,,,,,,,,,,,,,,,,,,,,,,,,,,,,,,,,,,,,,
1994-09-30,11712535.0,11712535.0,,,,,,,,,,,,,,,,,,,,,0.094967,,,,123333333.0,,,,,,,,,,,,,,,,,,,,,,,,,,,,,,,,,,,,,,,,,,,,,,,,,11712535.0,,,142307692.0,,,,,,,,,,,0.082304,,,,,,,,,,,,,,,,353465313.0,,,,,,,,,,,,,,,,,,,,,,,,,,,,,,,353465313.0,,,353465313.0,,,,,,,,,,,,,,,,,,,,,,,,,,,,,,,,,,,,,,,,,,,,,,,,,,,,,,,,,
1994-12-31,12322941.0,12322941.0,,,-47844324.0,,,68440410.0,-110016360.0,7483671.0,50658696.0,420364836.0,388127484.0,,1282714002.0,,,,,,1640970765.0,103875912.0,,103811949.0,-115261326.0,26608608.0,,,,388127484.0,7483671.0,,-3006261.0,,103875912.0,,,,,1790964.0,8826894.0,129844890.0,,,,862349166.0,154662534.0,,,350389314.0,268772526.0,268772526.0,,464051565.0,350389314.0,,1790964.0,138799710.0,268772526.0,0.0,,112191102.0,,503452773.0,250990812.0,,,268772526.0,,1.976457,-16566417.0,,83279826.0,23218569.0,1746765567.0,11235570.0,,1640970765.0,,68440410.0,,,-30062610.0,250990812.0,,1119544389.0,23218569.0,-121145922.0,1092935781.0,,,,,,,862349166.0,1137517992.0,2110779.0,,-47652435.0,-19380789.0,,-110016360.0,35819280.0,420364836.0,-948204837.0,,46373175.0,35627391.0,1.631057,,,,1428357753.0,28431373.0,,,1282714002.0,1231735491.0,1137517992.0,124599924.0,503452773.0,,1746765567.0,464051565.0,,29934684.0,103811949.0,,2110779.0,,23462783.0,129844890.0,,,,-948204837.0,,-28847313.0,367961814.0,-121145922.0,,-9722376.0,,47460546.0,196622262.0,47460546.0,,,288217278.0,,,,,,,,,,,,,,,,,,,,,,,,,,,,,,,,,,,,,,,,,,,,,,,
1995-03-31,13812174.0,13812174.0,,,,,,,,,,,,,,,,,,,,,0.099101,,,,139375000.0,,,,,,,,,,,,,,,,,,,,,,,,,,,,,,,,,,,,,,,,,,,,,,,,,13812174.0,,,139375000.0,,,,,,,,,,,0.099101,,,,,,,,,,,,,,,,365124510.0,,,,,,,,,,,,,,,,,,,,,,,,,,,,,,,365124510.0,,,365124510.0,,,,,,,,,,,,,,,,,,,,,,,,,,,,,,,,,,,,,,,,,,,,,,,,,,,,,,,,,
1995-06-30,14003062.0,14003062.0,,,,,,191270524.0,,,,347376408.0,,,,47095500.0,,,,,,,0.10047,,,,139375000.0,,,294378272.0,,,,,89104686.0,,,-6593370.0,,,,,,,292180482.0,,,,,350453314.0,138146800.0,,,,,,,,138146800.0,,,,,517673736.0,,76106328.0,,,,,,,,35039052.0,1650100732.0,14003062.0,,1573994404.0,139375000.0,,,,,251113206.0,,,,,,0.10047,,,,,,740969200.0,,45086092.0,,,,,-81129848.0,,,40439336.0,,,,,,323075130.0,,,,,,1164451936.0,,1056320668.0,,,282635794.0,,485648796.0,,,154159270.0,,,23987308.0,,132181370.0,9984246.0,,,30894648.0,,,370170630.0,-118931836.0,,,,,,,,,,,,,,,,,,,,,,,,,,,,,,,,,,,,,,,,,,,,,,,,,,,,,,,,
1995-09-30,20151549.0,20151549.0,,,,,,,,,,,,,,,,,,,,,0.138976,,,,145000000.0,,,,,,,,,,,,,,,,,,,,,,,,,,,,,,,,,,,,,,,,,,,,,,,,,20151549.0,,,145000000.0,,,,,,,,,,,0.138976,,,,,,,,,,,,,,,,402715125.0,,,,,,,,,,,,,,,,,,,,,,,,,,,,,,,402715125.0,,,402715125.0,,,,,,,,,,,,,,,,,,,,,,,,,,,,,,,,,,,,,,,,,,,,,,,,,,,,,,,,,
1995-12-31,20661441.0,20661441.0,,,-51772800.0,,,82383468.0,-62645088.0,6795180.0,66851628.0,480969312.0,329922168.0,,1493451132.0,,,,,,1854307548.0,92867460.0,,59215140.0,-100762812.0,26274696.0,,,,329922168.0,6795180.0,,,,92867460.0,,,,,1229604.0,10872288.0,139721844.0,,,,1012481820.0,222234744.0,,,351343164.0,343512528.0,343512528.0,,419100816.0,351343164.0,,1229604.0,165996540.0,343512528.0,0.0,,139721844.0,,526399944.0,285268128.0,,,343512528.0,,0.478898,-18767640.0,,112346976.0,35334936.0,1912551948.0,20661441.0,,1854307548.0,,82383468.0,,,-35140788.0,285268128.0,,1219508304.0,35334936.0,-145546284.0,1193233608.0,,,,,,,1012481820.0,1327907604.0,0.0,,-52096380.0,73970388.0,,-62645088.0,43359720.0,480969312.0,-1007779371.0,,68987256.0,36435108.0,0.459484,,,,1560691056.0,150140845.0,,,1493451132.0,1359230148.0,1327907604.0,187093956.0,526399944.0,,1912551948.0,419100816.0,,60121164.0,59215140.0,,0.0,,144054054.0,139721844.0,,,,-1007779371.0,,12749052.0,413189841.0,-145546284.0,,-10030980.0,,68987256.0,201460908.0,68987256.0,,,269542140.0,,,,,,,,,,,,,,,,,,,,,,,,,,,,,,,,,,,,,,,,,,,,,,,
1996-03-31,22273060.0,22273060.0,,,,,,,,,,,,,,,,,,,,,0.157222,,,,141666667.0,,,,,,,,,,,,,,,,,,,,,,,,,,,,,,,,,,,,,,,,,,,,,,,,,22273060.0,,,147826087.0,,,,,,,,,,,0.150671,,,,,,,,,,,,,,,,423122631.0,,,,,,,,,,,,,,,,,,,,,,,,,,,,,,,423122631.0,,,423122631.0,,,,,,,,,,,,,,,,,,,,,,,,,,,,,,,,,,,,,,,,,,,,,,,,,,,,,,,,,
1996-06-30,21896000.0,21896000.0,,,,,,194166000.0,,,,401469600.0,,,,55963600.0,,,,,,,0.15456,,,,141666667.0,,,240147600.0,,,,,115855600.0,,,0.0,,,,,,,318136000.0,,,,,349498800.0,173944400.0,,,,,,1223600.0,,173944400.0,,,,,531300000.0,,80886400.0,,,7856800.0,,,,,41409200.0,1798563200.0,21896000.0,,1770484800.0,147826087.0,,,,,285227600.0,,,,,,0.14812,,,,,,881893600.0,,60922400.0,,,,,-32071200.0,,,48879600.0,,,,,,359996000.0,,,,,,1364249600.0,,1239184800.0,,,311116400.0,,434313600.0,,,-105744800.0,,,33810000.0,,140392000.0,11914000.0,,,41860000.0,,,415959600.0,-144835600.0,,,,,,,,,,,,,,,,,,,,,,,,,,,,,,,,,,,,,,,,,,,,,,,,,,,,,,,,
1996-09-30,28182546.0,28182546.0,,,,,,,,,,,,,,,,,,,,,0.198109,,,,142258065.0,,,,,,,,,,,,,,,,,,,,,,,,,,,,,,,,,,,,,,,,,,,,,,,,,28182546.0,,,147000000.0,,,,,,,,,,,0.191718,,,,,,,,,,,,,,,,3121999818.0,,,,,,,,,,,,,,,,,,,,,,,,,,,,,,,3121999818.0,,,3121999818.0,,,,,,,,,,,,,,,,,,,,,,,,,,,,,,,,,,,,,,,,,,,,,,,,,,,,,,,,,
1996-12-31,43727736.0,43727736.0,,,-40992588.0,,,68204192.0,22306508.0,9926980.0,61664064.0,469487760.0,281692656.0,,1508025050.0,,,,,,1894768512.0,94072734.0,,117780698.0,-119474124.0,28379484.0,,,,281692656.0,9926980.0,,,,94072734.0,,,,,,525546.0,138627356.0,,,,952814898.0,237721974.0,3386852.0,,350013636.0,374597510.0,374597510.0,,359823828.0,350013636.0,,,210860734.0,374597510.0,0.0,,182481250.0,,534363494.0,286656146.0,85722392.0,,374597510.0,,0.689049,-6890492.0,,150598126.0,45722502.0,1867848878.0,43727736.0,,1894768512.0,,68204192.0,,,-35678734.0,286656146.0,,1282449028.0,45722502.0,-148028790.0,1254069544.0,,,,,,,952814898.0,1360405018.0,37664130.0,,-77547232.0,32408670.0,,22306508.0,50569204.0,469487760.0,-6061454480.0,,100028922.0,29722546.0,0.665692,,,,1691323816.0,150263158.0,,,1508025050.0,1464930278.0,1360405018.0,202043240.0,534363494.0,,1867848878.0,359823828.0,,47649504.0,117780698.0,,37664130.0,,145169492.0,138627356.0,,,,-6061454480.0,,-8583918.0,-4552611914.0,-148028790.0,85722392.0,-10394132.0,,100028922.0,226393538.0,100028922.0,,,342188840.0,,,,,,,,,,,,,,,,,,,,,,,,,,,,,,,,,,,,,,,,,,,,,,,
1997-03-31,25888592.0,25888592.0,,,,,,,,,,,,,,,,,,,,,0.177068,,,,146206897.0,,,,,,,,,,,,,,,,,,,,,,,,,,,,,,,,,,,,,,,,,,,,,,,,,25888592.0,,,151428571.0,,,,,,,,,,,0.170962,,,,,,,,,,,,,,,,431191596.0,,,,,,,,,,,,,,,,,,,,,,,,,,,,,,,431191596.0,,,431191596.0,,,,,,,,,,,,,,,,,,,,,,,,,,,,,,,,,,,,,,,,,,,,,,,,,,,,,,,,,
1997-06-30,25839990.0,25839990.0,,,,,,,,,,,,,,,,,,,,,0.17427,,,,148275862.0,,,,,,,,,,,,,,,,,,,,,,,,,,,,,,,,,,,,,,,,,,,,,,,,,25839990.0,,,148275862.0,,,,,,,,,,,0.17427,,,,,,,,,,,,,,,,424376766.0,,,,,,,,,,,,,,,,,,,,,,,,,,,,,,,424376766.0,,,424376766.0,,,,,,,,,,,,,,,,,,,,,,,,,,,,,,,,,,,,,,,,,,,,,,,,,,,,,,,,,
1997-09-30,28973882.0,28973882.0,,,,,,,,,,,,,,,,,,,,,0.216223,,,,134000000.0,,,,,,,,,,,,,,,,,,,,,,,,,,,,,,,,,,,,,,,,,,,,,,,,,28973882.0,,,137941176.0,,,,,,,,,,,0.210045,,,,,,,,,,,,,,,,436276236.0,,,,,,,,,,,,,,,,,,,,,,,,,,,,,,,436276236.0,,,436276236.0,,,,,,,,,,,,,,,,,,,,,,,,,,,,,,,,,,,,,,,,,,,,,,,,,,,,,,,,,
1997-12-31,33737932.0,33737932.0,,,-198655728.0,,,199442124.0,-25164672.0,8408388.0,81724692.0,215291028.0,87894876.0,,1700127660.0,,,,,,1977604464.0,99630324.0,,561123792.0,-155645916.0,29096652.0,,,,87894876.0,8408388.0,,-30487968.0,,99630324.0,,,,,,10344132.0,143366040.0,,,,291027012.0,285582732.0,2419680.0,,349704252.0,291752916.0,291752916.0,,295745388.0,349704252.0,,,234406500.0,291752916.0,0.0,,205309848.0,,563482980.0,315223812.0,1193809620.0,,291752916.0,,0.786396,-53958864.0,,172583676.0,70412688.0,1995873048.0,33737932.0,,1977604464.0,,199442124.0,,,-114208896.0,315223812.0,,1291201740.0,70412688.0,-171857772.0,1262105088.0,,,,,,,291027012.0,1414121484.0,72469416.0,-18510552.0,-1270332.0,-82511088.0,,-25164672.0,56681004.0,215291028.0,-1103518860.0,,115902672.0,38351928.0,0.719855,,,,1745194200.0,161008403.0,,,1700127660.0,1496511588.0,1414121484.0,171373836.0,563482980.0,,1995873048.0,295745388.0,,58858716.0,561123792.0,,72469416.0,,147384615.0,143366040.0,,,,-1103518860.0,,-2480172.0,436365492.0,-171857772.0,1193809620.0,-13489716.0,,115902672.0,248682612.0,115902672.0,,,374264004.0,,,,,,,,,,,,,,,,,,,,,,,,,,,,,,,,,,,,,,,,,,,,,,,
1998-03-31,30792365.0,30792365.0,,,,,,,,,,,,,,,,,,,,,0.209269,,,,147142857.0,,,,,,,,,,,,,,,,,,,,,,,,,,,,,,,,,,,,,,,,,,,,,,,,,30792365.0,,,147142857.0,,,,,,,,,,,0.209269,,,,,,,,,,,,,,,,449807693.0,,,,,,,,,,,,,,,,,,,,,,,,,,,,,,,449807693.0,,,449807693.0,,,,,,,,,,,,,,,,,,,,,,,,,,,,,,,,,,,,,,,,,,,,,,,,,,,,,,,,,
1998-06-30,30766662.0,30766662.0,,,,,,145556898.0,,,,125105764.0,,,,56915326.0,,,,,,,0.209909,,,,146571429.0,,,189817710.0,78445992.0,,,,124745920.0,,,2398960.0,,,,,,,341072138.0,,,,,429233918.0,221783852.0,,,,,,,,221783852.0,,,,,648079044.0,,57155222.0,,,7376802.0,,,,,73288228.0,1983999894.0,30766662.0,,2004091184.0,150882353.0,,,,,315943032.0,,,,,,0.203912,,,,,,1387918308.0,,0.0,,,,,11994800.0,,,59854052.0,,,,,,392889674.0,,,,,,1570179294.0,,1356012140.0,,,333035622.0,,413820600.0,,,-61473350.0,,,45760162.0,,145556898.0,14993500.0,,,51817536.0,,,449805000.0,-170386134.0,,,,,,,,,,,,,,,,,,,,,,,,,,,,,,,,,,,,,,,,,,,,,,,,,,,,,,,,
1998-09-30,39345897.0,39345897.0,,,,,,,,,,,,,,,,,,,,,0.27054,,,,145434783.0,,,,,,,,,,,,,,,,,,,,,,,,,,,,,,,,,,,,,,,,,,,,,,,,,39345897.0,,,148666667.0,,,,,,,,,,,0.264659,,,,,,,,,,,,,,,,508791263.0,,,,,,,,,,,,,,,,,,,,,,,,,,,,,,,508791263.0,,,508791263.0,,,,,,,,,,,,,,,,,,,,,,,,,,,,,,,,,,,,,,,,,,,,,,,,,,,,,,,,,
1998-12-31,39386065.0,39386065.0,,,-279356065.0,,,276464305.0,187663175.0,8675280.0,89704805.0,240739020.0,194169635.0,,1776866030.0,,,,,,2451911255.0,107296345.0,,-480212895.0,58979855.0,33676955.0,,,,194169635.0,8675280.0,,,,107296345.0,,,,,,12771940.0,166637670.0,,,,1440759175.0,255920760.0,183084555.0,,507865350.0,423823575.0,423823575.0,,479309220.0,507865350.0,,,263632120.0,423823575.0,0.0,,229955165.0,,942653515.0,366289600.0,95367835.0,,423823575.0,,0.957896,-124887885.0,,207242800.0,268150495.0,2256175250.0,39386065.0,,2451911255.0,,276464305.0,,,-157239450.0,366289600.0,,1128750320.0,268150495.0,-199651930.0,1095073365.0,,,,,,,1440759175.0,1509257740.0,-60245.0,-21266485.0,-2349555.0,36508470.0,,187663175.0,66992440.0,240739020.0,-1178086868.0,,140250360.0,30002010.0,0.939822,,,,1917959820.0,149230769.0,,,1776866030.0,1358705485.0,1509257740.0,98681310.0,942653515.0,,2256175250.0,479309220.0,,-7711360.0,-480212895.0,,-60245.0,,146415094.0,166637670.0,,,,-1178086868.0,,180735.0,509917787.0,-199651930.0,95367835.0,-19097665.0,,140250360.0,559254335.0,140250360.0,,,387315105.0,,,,,,,,,,,,,,,,,,,,,,,,,,,,,,,,,,,,,,,,,,,,,,,
1999-03-31,36878490.0,36878490.0,,,,,,,,,,,,,,,,,,,,,0.24834,,,,148500000.0,,,,,,,,,,,,,,,,,,,,,,,,,,,,,,,,,,,,,,,,,,,,,,,,,36878490.0,,,152307692.0,,,,,,,,,,,0.242132,,,,,,,,,,,,,,,,498480465.0,,,,,,,,,,,,,,,,,,,,,,,,,,,,,,,498480465.0,,,498480465.0,,,,,,,,,,,,,,,,,,,,,,,,,,,,,,,,,,,,,,,,,,,,,,,,,,,,,,,,,
1999-06-30,37659600.0,37659600.0,,,,,,200344000.0,,,,580680600.0,,,,68281800.0,,,,,,,0.2536,,,,148500000.0,,,348636600.0,,,,,140304200.0,,,4121000.0,,,,,,,380400000.0,,,,,554496400.0,302925200.0,,,,,,77031000.0,,302925200.0,,,,,1023656400.0,,106004800.0,,,8178600.0,,,,,290942600.0,2397027200.0,37659600.0,,2632304600.0,152307692.0,,,,,388325000.0,,,,,,0.24726,,,,,,1161361200.0,,0.0,,,,,226781800.0,,,70183800.0,,,,,,440756800.0,,,,,,1848046600.0,,1608648200.0,,,370573000.0,,548980600.0,,,149687400.0,,,55094600.0,,178217400.0,17435000.0,,,60356800.0,,,509038600.0,-210107600.0,,,,,,,,,,,,,,,,,,,,,,,,,,,,,,,,,,,,,,,,,,,,,,,,,,,,,,,,
1999-09-30,25258272.0,25258272.0,,,,,,,,,,,,,,,,,,,,,0.163936,,,,154074074.0,,,,,,,,,,,,,,,,,,,,,,,,,,,,,,,,,,,,,,,,,,,,,,,,,25258272.0,,,154074074.0,,,,,,,,,,,0.163936,,,,,,,,,,,,,,,,179904471.0,,,,,,,,,,,,,,,,,,,,,,,,,,,,,,,179904471.0,,,179904471.0,,,,,,,,,,,,,,,,,,,,,,,,,,,,,,,,,,,,,,,,,,,,,,,,,,,,,,,,,
1999-12-31,75145668.6,75145668.6,,,-282367451.92,,,359776537.92,317825727.68,4694307.04,399949.52,683893898.08,366367978.0,,2145471402.08,,,,,,3202625762.16,113366216.88,,-359876061.68,248607261.68,42150475.92,,,,366367978.0,4694307.04,,,,113366216.88,,,,,77409086.0,27267655.76,196468556.48,-1897751.2,,,1313452150.32,256996929.2,11986122.4,,759405232.88,606285764.56,606285764.56,,730838822.96,759405232.88,,77409086.0,305340750.16,606285764.56,550750888.32,,263190274.24,,1312353061.84,436585390.56,148125353.68,,606285764.56,,1.140756,-17879041.68,,249106116.8,356479272.48,2876310225.04,75145668.6,,3202625762.16,,359776537.92,,,-64524158.96,436585390.56,,1632076540.72,356479272.48,-240116834.08,1589926064.8,,,,,-1897751.2,,1313452150.32,1890272700.32,618.16,,618.16,222637741.92,,317825727.68,76509663.2,683893898.08,-891707782.76,,172596453.6,45746312.64,1.120829,,,,2170042643.92,153989973.0,,,2145471402.08,1895266814.96,1890272700.32,192472770.24,1312353061.84,,2876310225.04,730838822.96,,41850668.32,-359876061.68,,618.16,,151300121.0,196468556.48,,,,-891707782.76,,-1498419.84,1015144586.92,-240116834.08,148125353.68,-21075547.04,,172596453.6,274775828.96,172596453.6,,,328113146.4,,,,,,,,,,,,,,,,,,,,,,,,,,,,,,,,,,,,,,,,,,,,,,,
2000-03-31,46554683.45,46554683.45,,,,,,,,,,,,,,,,,,,,,0.307549,,,,151373469.0,,,,,,,,,,,,,,,,,,,,,,,,,,,,,,,,,,,,,,,,,,,,,,,,,46554683.45,,,157814894.0,,,,,,,,,,,0.294996,,,,,,,,,,,,,,,,604608968.5,,,,,,,,,,,,,,,,,,,,,,,,,,,,,,,604608968.5,,,604608968.5,,,,,,,,,,,,,,,,,,,,,,,,,,,,,,,,,,,,,,,,,,,,,,,,,,,,,,,,,
2000-06-30,49845316.55,46545316.55,,,,,,125900000.0,,,,757801236.64,,,,56682658.58,,,,,,,,,,,,0.0,,457100000.0,,,,,198100000.0,,,7110512.36,,,,,,,475390522.02,,,,,861000000.0,395900000.0,,,,,,77900000.0,,395900000.0,,,,,1521000000.0,,230800000.0,,,11516441.02,,,,,449553326.82,3234800000.0,46545316.55,,3647500000.0,,,,,,211100000.0,,,,,,,,,,597611286.86,,1416700000.0,,1532500000.0,,,,,402500000.0,,,-443908968.5,,,,,,548747153.76,,,,,,2404200000.0,,2126500000.0,,,462972553.1,,830600000.0,,,-300579969.22,,,67298232.16,,211100000.0,20680323.52,,,-458108968.5,,,604491031.5,-256547761.48,,,,,,,,,,,,,,,,,,,,,,,,,,,,,,,,,,,,,,,,,,,,,,,,,,,,,,,,
2000-09-30,75723155.2,75723155.2,,,,,,,,,,,,,,,,,,,,,0.426888,,,,177384127.0,,,,,,,,,,,,,,,,,,,,,,,,,,,,,,,,,,,,,,,,,,,,,,,,,75723155.2,,,183200000.0,,,,,,,,,,,0.413336,,,,,,,,,,,,,,,,884901556.0,,,,,,,,,,,,,,,,,,,,,,,,,,,,,,,884901556.0,,,884901556.0,,,,,,,,,,,,,,,,,,,,,,,,,,,,,,,,,,,,,,,,,,,,,,,,,,,,,,,,,
2000-12-31,76232131.6,76232131.6,,,-480612253.92,,,631572945.44,3413535668.64,,-137246243.84,1113485407.2,795447338.72,,4256934029.76,,2377732658.48,,,,9121715894.24,241357273.36,,-171182204.08,179191002.32,78983943.92,,,,795447338.72,,,-40943826.08,267885664.32,241357273.36,,2377732658.48,,,111318412.32,-415743130.64,390616045.04,2763643986.48,,,2577645304.8,485116784.48,78083439.52,,4452042200.56,1068738707.52,1068738707.52,,1427020284.16,4452042200.56,,111318412.32,911170523.12,1068738707.52,770821054.08,,832186579.2,,5433887924.4,877934880.8,297917653.44,,1068738707.52,,1.465198,-94200124.96,,354777308.96,591229678.8,5683954313.92,76232131.6,,9121715894.24,,631572945.44,,,-112019399.76,877934880.8,,1906831122.64,591229678.8,-487318835.76,1836356108.4,,,,,2763643986.48,,2577645304.8,3687827969.84,-669.52,,0.0,218833281.52,,3413535668.64,109816678.96,1113485407.2,-1260588474.4,,244960630.0,72877921.52,1.420193,,,,2983878573.36,172484101.0,,,4256934029.76,2739017701.84,3687827969.84,373097384.72,5433887924.4,,5683954313.92,1427020284.16,,164975753.68,-171182204.08,,-669.52,,167186065.0,390616045.04,,,,-1260588474.4,,-14715380.08,891103519.76,-487318835.76,297917653.44,-25627217.04,267885664.32,244960630.0,244860871.52,244960630.0,,,551987772.56,,,,,,,,,,,,,,,,,,,,,,,,,,,,,,,,,,,,,,,,,,,,,,,
2001-03-31,75366261.67,75366261.67,,,,,,,,,,,,,,,,,,,,,0.388119,,,,194183636.0,,,,,,,,,,,,,,,,,,,,,,,,,,,,,,,,,,,,,,,,,,,,,,,,,75366261.67,,,203430476.0,,,,,,,,,,,0.370477,,,,,,,,,,,,,,,,998716403.58,,,,,,,,,,,,,,,,,,,,,,,,,,,,,,,998716403.58,,,998716403.58,,,,,,,,,,,,,,,,,,,,,,,,,,,,,,,,,,,,,,,,,,,,,,,,,,,,,,,,,
2001-06-30,98133738.33,91933738.33,,,,,,217800000.0,,,,1060505137.3,,,,24344437.62,2293322111.2,,,,,,,,,,,0.0,,1087300000.0,,,,265600066.0,332500000.0,,,10476486.26,,,,,,,843795105.24,,,,,4615300000.0,581100000.0,,,,,,113800000.0,,783600000.0,,,,,5675800000.0,,316400000.0,,,15066433.72,,,,,637460627.18,5744100000.0,91933738.33,,9267800000.0,,,,,,421600000.0,,,,,,,,,,3414090865.92,,2361300000.0,,2475900000.0,,,,,3495800000.0,,,-718816403.58,,,,,,971906375.98,,,,,,4006800000.0,,3592000000.0,,,812116492.0,,1737300000.0,,,,202500000.0,,120428420.04,,421600000.0,37066137.3,,,-735016403.58,,,998283596.42,-513740262.66,,,,,,,,,,,,,,,,,,,,,,,,,,,,,,,,,,,,,,,,,,,,,,,,,,,,,,,,
2001-09-30,55402599.84,55402599.84,,,,,,,,,,,,,,,,,,,,,0.241527,,,,229384313.0,,,,,,,,,,,,,,,,,,,,,,,,,,,,,,,,,,,,,,,,,,,,,,,,,55402599.84,,,234729574.0,,,,,,,,,,,0.236027,,,,,,,,,,,,,,,,1052413098.0,,,,,,,,,,,,,,,,,,,,,,,,,,,,,,,1052413098.0,,,1052413098.0,,,,,,,,,,,,,,,,,,,,,,,,,,,,,,,,,,,,,,,,,,,,,,,,,,,,,,,,,
2001-12-31,56000528.73,56000528.73,,,-949584654.27,,,541388558.97,3607721618.67,,-117758905.92,1176282798.66,1415808862.02,,4331510398.08,,2397063107.97,,,,9937620003.24,237421456.02,,,378631799.19,124974309.24,,,,1415808862.02,,26858863.98,-146822170.59,322909257.24,237421456.02,,2397063107.97,,,115253060.49,-23251162.32,433752139.89,,,,2511714655.44,54820272.42,684603027.9,,5401760353.56,586888820.73,663857711.01,76968890.28,1957197420.99,5401760353.56,,115253060.49,631587294.54,663857711.01,266284445.76,,506612985.3,,6390230691.06,1022945842.89,320603686.74,,586888820.73,,1.592616,4209214.68,,398174090.04,554718197.61,6288707819.07,4286926.53,,9937620003.24,,541388558.97,,,-118359730.71,1022945842.89,,3291426939.96,554718197.61,-589193703.0,3276594207.0,,,,,,,2511714655.44,3547389312.18,0.0,,-76968890.28,-505409959.26,,3607721618.67,126377610.21,1176282798.66,-2462645732.88,,220082877.63,71456856.21,1.532516,,,,4030550172.0,143608847.0,,,4331510398.08,3798039925.26,3547389312.18,-63539458.29,6390230691.06,,6288707819.07,1957197420.99,,-459008116.2,,76968890.28,0.0,,138189557.0,433752139.89,,,,-2462645732.88,,18139678.11,1061291453.82,-589193703.0,320603686.74,-44497510.65,322909257.24,271796479.83,232510246.74,271796479.83,,,771694405.02,,,,,,,,,,,,,,,,,,,,,,,,,,,,,,,,,,,,,,,,,,,,,,,
2002-03-31,47120055.48,47120055.48,,,,,,,,,,,,,,,,,,,,,0.257326,,,,183114441.0,,,,,,,,,,,,,,,,,,,,,,,,,,,,,,,,,,,,,,,,,,,,,,,,,47120055.48,,,183114441.0,,,,,,,,,,,0.257326,,,,,,,,,,,,,,,,979275815.16,,,,,,,,,,,,,,,,,,,,,,,,,,,,,,,979275815.16,,,979275815.16,,,,,,,,,,,,,,,,,,,,,,,,,,,,,,,,,,,,,,,,,,,,,,,,,,,,,,,,,
2002-06-30,73179944.52,67179944.52,,,,,,314000000.0,,,,,,,,55288686.24,2417531840.64,,,,,,,,,,,0.0,,1533700000.0,,,,,328500000.0,,,7891767.36,,,,,,,822941471.52,,,,,5402200000.0,690600000.0,,,,,,115600000.0,,723700000.0,,,,,6434900000.0,,350200000.0,,,21726169.92,,,,,635098752.0,6296900000.0,67179944.52,,10087700000.0,,,,,,396900000.0,,,,,,,,,,,,2353900000.0,,2600600000.0,,,,,3745500000.0,,,-762075815.16,,,,,,923531172.48,,,,,,4038800000.0,,3652800000.0,,,804611931.84,,2258100000.0,,,40300000.0,33100000.0,,83757888.0,,396900000.0,26670755.52,,,-741175815.16,,,980524184.84,,,,,,,,,,,,,,,,,,,,,,,,,,,,,,,,,,,,,,,,,,,,,,,,,,,,,,,,,
2002-09-30,-10584112.32,-10584112.32,,,,,,,,,,,,,,,,,,,,,-0.048498,,,,218239159.0,,,,,,,,,,,,,,,,,,,,,,,,,,,,,,,,,,,,,,,,,,,,,,,,,-10584112.32,,,228445667.0,,,,,,,,,,,-0.048498,,,,,,,,,,,,,,,,1050631195.68,,,,,,,,,,,,,,,,,,,,,,,,,,,,,,,1050631195.68,,,1050631195.68,,,,,,,,,,,,,,,,,,,,,,,,,,,,,,,,,,,,,,,,,,,,,,,,,,,,,,,,,
2002-12-31,154399889.58,154399889.58,,,-435417626.25,,,722160923.85,3677436724.65,,-151275690.15,1080839006.7,1403201089.65,,4122159029.85,,1753876416.0,,,0.0,9963777035.1,291745486.05,,-87443618.25,44722308.9,294447425.25,,,,1403201089.65,,3301680.3,-26112951.0,335167735.05,291745486.05,,1753876416.0,,,115758103.35,19309676.7,377488596.15,2812104686.55,,,2479038528.75,626412816.0,24412442.85,,5359677605.1,689444612.25,879940017.75,190495405.5,2125362013.5,5359677605.1,,115758103.35,567083769.15,879940017.75,501150120.0,,272636343.9,,6366179757.9,945372020.1,227113759.35,,689444612.25,,0.395,-308053973.85,,191495594.85,629013556.65,6247521043.35,154399889.58,,9963777035.1,,722160923.85,,,-100550382.6,945372020.1,,3419307782.7,629013556.65,-567883423.95,3241519314.15,,,,,2812104686.55,,2479038528.75,3597597277.2,46523394.75,-8303868.75,-126563997.6,235317050.4,,3677436724.65,103451614.65,1080839006.7,-1828625410.17,,88043980.2,86400000.0,0.385,-239300000.0,,,3910252991.25,227309692.0,,,4122159029.85,3691944126.6,3597597277.2,525862433.4,6366179757.9,,6247521043.35,2125362013.5,,210605357.85,-87443618.25,190495405.5,46523394.75,,222111376.0,377488596.15,,,,-1828625410.17,,-70735303.05,1808991237.18,-567883423.95,227113759.35,-55627539.15,335167735.05,88043980.2,218308864.65,88043980.2,,-254500000.0,265833069.6,,,,,,,,,,,,,,,,,,,,,,,,,,,,,,,,,,,,,,,,,,,,,,,
2003-03-31,49758554.97,49758554.97,,,,,,,,,,,,,,,,,,,,,0.224657,,,,221487208.0,,,,,,,,,,,,,,,,,,,,,,,,,,,,,,,,,,,,,,,,,,,,,,,,,49758554.97,,,224133713.0,,,,,,,,,,,0.222004,,,,,,,,,,,,,,,,906832500.87,,,,,,,,,,,,,,,,,,,,,,,,,,,,,,,906832500.87,,,906832500.87,,,,,,,,,,,,,,,,,,,,,,,,,,,,,,,,,,,,,,,,,,,,,,,,,,,,,,,,,
2003-06-30,52141445.03,45441445.03,,,,,,274200000.0,,,,65100000.0,,,,55053812.22,2307040774.5,,,,,,,,,,,0.0,,1323800000.0,,,,346421373.21,371800000.0,,,7900307.25,,,,,,,812999319.99,,,,,5391700000.0,690100000.0,,,,,,117800000.0,,761700000.0,,,,,6601700000.0,,590900000.0,,,18500918.37,,,,,855652519.92,6333600000.0,45441445.03,,10209600000.0,,,,,,354400000.0,,,,,,,,,,2805371007.78,,2373300000.0,,2306900000.0,,,,,3837500000.0,,,-716232500.87,,,,,,900404210.64,,,,,,4313000000.0,,3607900000.0,,,791248248.45,,2020600000.0,,,-24900000.0,71600000.0,,73454428.41,,354400000.0,25851376.32,,,-688532500.87,,,1003967499.13,-552681326.01,,,,,,,,,,,,,,,,,,,,,,,,,,,,,,,,,,,,,,,,,,,,,,,,,,,,,,,,
2003-09-30,64415063.52,64415063.52,,,,,,,,,,,,,,,,,,,,,0.287511,,,,224043533.0,,,,,,,,,,,,,,,,,,,,,,,,,,,,,,,,,,,,,,,,,,,,,,,,,64415063.52,,,232713043.0,,,,,,,,,,,0.2768,,,,,,,,,,,,,,,,1251642066.12,,,,,,,,,,,,,,,,,,,,,,,,,,,,,,,1251642066.12,,,1251642066.12,,,,,,,,,,,,,,,,,,,,,,,,,,,,,,,,,,,,,,,,,,,,,,,,,,,,,,,,,
2003-12-31,48901331.64,48901331.64,,,-432039440.0,,,783483120.0,4014290560.0,,-115250800.0,1231102880.0,1227407440.0,,4917818080.0,,1880959360.0,,,0.0,10991037120.0,269250800.0,,-178668000.0,-158494560.0,204934240.0,,0.0,,1227407440.0,,10985520.0,-100569280.0,391391840.0,269250800.0,,1880959360.0,,,118546400.0,6191920.0,344153600.0,3120350240.0,,,2729757520.0,824629680.0,18076800.0,,5652964240.0,1016780800.0,1418060000.0,401279200.0,2010890560.0,5652964240.0,,118546400.0,619696000.0,1418060000.0,715071840.0,,414761760.0,,6685524160.0,979728960.0,565565840.0,,1016780800.0,,0.935,20273120.0,,330071840.0,688406320.0,6928708640.0,48901331.64,,10991037120.0,,783483120.0,,,-93778160.0,979728960.0,,3449124000.0,688406320.0,-635575360.0,3371524800.0,,,,,3120350240.0,,2729757520.0,4305512960.0,50634080.0,-20174000.0,-114451680.0,214821040.0,,4014290560.0,121941680.0,1231102880.0,-2739922169.22,,208130160.0,71600000.0,0.91,,,,4100678400.0,229002915.0,,,4917818080.0,3863885760.0,4305512960.0,730851520.0,6685524160.0,,6928708640.0,2010890560.0,,320184480.0,-178668000.0,401279200.0,50634080.0,,223063915.0,344153600.0,,,,-2739922169.22,,43443680.0,945994470.78,-635575360.0,565565840.0,-66913280.0,391391840.0,208130160.0,236792640.0,208130160.0,,-435800000.0,500250800.0,,,,,,,,,,,,,,,,,,,,,,,,,,,,,,,,,,,,,,,,,,,,,,,
2004-03-31,52871660.73,52871660.73,,,,,,,,,,,,,,,,,,,,,0.234649,,,,225322097.0,,,,,,,,,,,,,,,,,,,,,,,,,,,,,,,,,,,,,,,,,,,,,,,,,52871660.73,,,232737896.0,,,,,,,,,,,0.227173,,,,,,,,,,,,,,,,1011299796.1,,,,,,,,,,,,,,,,,,,,,,,,,,,,,,,1011299796.1,,,1011299796.1,,,,,,,,,,,,,,,,,,,,,,,,,,,,,,,,,,,,,,,,,,,,,,,,,,,,,,,,,
2004-06-30,46495393.0,46495393.0,,,,,,445100000.0,,,,19400000.0,,,,52288771.5,329313152.0,,,,,,0.204799,,,,226410566.0,0.0,,1395800000.0,326200000.0,,,417010055.0,314200000.0,,,8539779.5,,,,,,,862136926.0,,,,,5180900000.0,1017800000.0,,,,,,117900000.0,,1017800000.0,,,,,5955700000.0,,361800000.0,,,17679063.5,,,,,365470252.0,7030000000.0,46495393.0,,9980900000.0,235842746.0,,,,,398500000.0,,,,,,0.199798,,,,2591354629.5,,2542300000.0,,2363500000.0,,,,,2950900000.0,,,97185669.0,,,,,,959322595.0,,,,,,4510900000.0,,4025200000.0,,,851499705.0,,2519100000.0,,,-836500000.0,213149401.5,,79906092.0,,398500000.0,27867343.0,,,97185669.0,,,1011611366.5,-623658322.0,,,,,,,,,,,,,,,,,,,,,,,,,,,,,,,,,,,,,,,,,,,,,,,,,,,,,,,,
2004-09-30,93068674.74,93068674.74,,,,,,,,,,,,,,,,,,,,,0.642679,,,,226410566.0,,,,,,,,,,,,,,,,,,,,,,,,,,,,,,,,,,,,,,,,,,,,,,,,,93068674.74,,,235842746.0,,,,,,,,,,,0.625182,,,,,,,,,,,,,,,,1134251050.44,,,,,,,,,,,,,,,,,,,,,,,,,,,,,,,1134251050.44,,,1134251050.44,,,,,,,,,,,,,,,,,,,,,,,,,,,,,,,,,,,,,,,,,,,,,,,,,,,,,,,,,
2004-12-31,92855288.18,92855288.18,,,-295067341.52,,,812634968.88,3912743715.44,312300000.0,-154130699.52,1323306046.16,1318008507.2,,5217658266.24,,2057576436.16,,58800000.0,0.0,11312622559.84,220500870.24,,-125443908.24,128842132.72,178319718.08,,0.0,,1318008507.2,312300000.0,9295848.8,-21989922.08,405618080.0,220500870.24,,2057576436.16,,,118446735.68,42581035.28,333650066.96,2917990399.52,,,2884005547.92,533660446.48,17892032.48,,5793099981.76,1371384301.28,1615274945.2,243890643.92,2130643476.08,5793099981.76,,118446735.68,662701738.72,1615274945.2,1038534000.56,,484382020.64,,6515875426.48,1008447357.68,604728592.16,,1371384301.28,,1.2,-196112170.8,,456295314.72,389125377.76,7348301742.32,92855288.18,,11312622559.84,,812634968.88,,,-95556946.24,1008447357.68,,3588189816.4,389125377.76,-674797290.72,3513223462.0,,,,,2917990399.52,,2884005547.92,4796747133.36,276075760.8,-93658153.12,157729126.24,322855308.16,,3912743715.44,140136875.76,1323306046.16,-2682075129.82,,292169101.28,127000000.0,1.17,-230500000.0,,,4297571001.36,243917617.0,,,5217658266.24,4072571837.04,4796747133.36,438103500.24,6515875426.48,,7348301742.32,2130643476.08,,25088885.92,-125443908.24,243890643.92,276075760.8,,227226537.0,333650066.96,,,,-2682075129.82,,40082156.8,1131113850.9,-674797290.72,604728592.16,-81663223.6,405618080.0,292169101.28,224999164.32,292169101.28,,-169600000.0,715678692.4,,,,,,,,,,,,,,,,,,,,,,,,,,,,,,,,,,,,,,,,,,,,,,,
2005-03-31,67701480.63,67701480.63,,,,,,,,,,,,,,,,,,,,,0.285011,,,,237539918.0,,,,,,,,,,,,,,,,,,,,,,,,,,,,,,,,,,,,,,,,,,,,,,,,,67701480.63,,,243972159.0,,,,,,,,,,,0.277497,,,,,,,,,,,,,,,,1233781550.97,,,,,,,,,,,,,,,,,,,,,,,,,,,,,,,1233781550.97,,,1233781550.97,,,,,,,,,,,,,,,,,,,,,,,,,,,,,,,,,,,,,,,,,,,,,,,,,,,,,,,,,
2005-06-30,81198519.37,67698519.37,,,,,,981549484.32,,,,57600000.0,,,,55467842.88,4249517705.76,,,,,,,,,,,5431300000.0,,1531500000.0,452200000.0,,,570057382.56,346700000.0,,,6840114.72,,,,,,,1050346981.92,,,,,1085300000.0,1163000000.0,,,,,,170800000.0,,1163000000.0,,,,,7692600000.0,,873500000.0,,,34748765.28,,,,,538204766.4,9582000000.0,67698519.37,,13324100000.0,,,,,,384600000.0,,,,,,,,,,3263975130.72,,3713400000.0,,558.24,,,,,3677900000.0,,,-942681550.97,,,,,,1176461213.28,,,,,,6615300000.0,,5631500000.0,,,1033722036.48,,2966700000.0,,,-752500000.0,,,110586785.76,,384600000.0,36246523.2,,,-959681550.97,,,1233718449.03,-722531148.48,,,,,,,,,,,,,,,,,,,,,,,,,,,,,,,,,,,,,,,,,,,,,,,,,,,,,,,,
2005-09-30,125366266.8,125366266.8,,,,,,,,,,,,,,,,,,,,,0.449572,,,,278856819.0,,,,,,,,,,,,,,,,,,,,,,,,,,,,,,,,,,,,,,,,,,,,,,,,,125366266.8,,,283284251.0,,,,,,,,,,,0.442546,,,,,,,,,,,,,,,,1368650923.2,,,,,,,,,,,,,,,,,,,,,,,,,,,,,,,1368650923.2,,,1368650923.2,,,,,,,,,,,,,,,,,,,,,,,,,,,,,,,,,,,,,,,,,,,,,,,,,,,,,,,,,
2005-12-31,101215231.32,101215231.32,,,-672145247.28,,,1065854413.92,3903600577.92,532977186.72,-70283746.92,1550942854.32,1461062973.36,,7341007970.52,,4349097493.32,,68600000.0,5673892394.52,14385784160.04,281434866.24,,5252389250.88,-853403239.68,147365903.52,,5673892394.52,,1461062973.36,532977186.72,,,604060609.8,281434866.24,,4349097493.32,,,125271362.64,54787696.68,423402955.68,-1476159766.68,,,4658226377.04,837306851.16,20295269.52,,1260309387.6,1114943255.64,1114943255.64,,3059894574.0,1260309387.6,,125271362.64,800015557.44,1114943255.64,679443454.56,,652649653.92,,8195010967.32,1179028931.16,471291120.84,,1114943255.64,,1.515,-581.16,,591863804.88,707136309.72,10400902544.52,101215231.32,,14385784160.04,,1065854413.92,,,-171260296.92,1179028931.16,,4478867615.52,707136309.72,-755625975.48,4478867615.52,,,,,-1476159766.68,,4658226377.04,6190773192.72,581.16,-152265082.32,-26193462.36,-603260933.64,,3903600577.92,193955176.08,1550942854.32,-3216933206.16,,363816039.72,149200000.0,1.485,-595200000.0,,,5372461556.16,244960000.0,,,7341007970.52,5131517269.44,6190773192.72,666046554.24,8195010967.32,,10400902544.52,3059894574.0,,107575040.64,5252389250.88,,581.16,,240020000.0,423402955.68,,,,-3216933206.16,,39490984.32,1502878696.08,-755625975.48,471291120.84,-100176873.84,604060609.8,363816039.72,240944286.72,363816039.72,,-507700000.0,1282704388.2,,,,,,,,,,,,,,,,,,,,,,,,,,,,,,,,,,,,,,,,,,,,,,,
2006-03-31,97587444.78,97587444.78,,,,,,,,,,,,,,,,,,,,,0.40658,,,,240020000.0,,,,,,,,,,,,,,,,,,,,,,,,,,,,,,,,,,,,,,,,,,,,,,,,,97587444.78,,,244960000.0,,,,,,,,,,,0.398381,,,,,,,,,,,,,,,,1430549540.28,,,,,,,,,,,,,,,,,,,,,,,,,,,,,,,1430549540.28,,,1430549540.28,,,,,,,,,,,,,,,,,,,,,,,,,,,,,,,,,,,,,,,,,,,,,,,,,,,,,,,,,
2006-06-30,97812555.22,79112555.22,,,,,,1036384594.28,,,,52300000.0,,,,74627639.64,23000000.0,,,,,,,,,,,5492700000.0,,1149300000.0,501400000.0,,,,365300000.0,,,10553551.18,,,,,,,1204096817.46,,,,,1178700000.0,854800000.0,,,,,,140600000.0,,854800000.0,,,,,7879400000.0,,924800000.0,,,39714494.3,,,,,686854832.4,9943300000.0,79112555.22,,13753300000.0,,,,,,410000000.0,,,,,,,,,,-1688926991.14,,4250200000.0,,0.0,,,,,3729600000.0,,,-1060549540.28,,,,,,1358104198.32,,,,,,7256600000.0,,5873900000.0,,,1188190996.08,,2686700000.0,,,5240400000.0,,,143603195.36,,410000000.0,45867169.72,,,-1114049540.28,,,1433850459.72,-703643859.54,,,,,,,,,,,,,,,,,,,,,,,,,,,,,,,,,,,,,,,,,,,,,,,,,,,,,,,,
2006-09-30,130562765.52,130562765.52,,,,,,,,,,,,,,,,,,,,,0.544207,,,,239913607.0,,,,,,,,,,,,,,,,,,,,,,,,,,,,,,,,,,,,,,,,,,,,,,,,,130562765.52,,,247921274.0,,,,,,,,,,,0.52663,,,,,,,,,,,,,,,,1538336967.75,,,,,,,,,,,,,,,,,,,,,,,,,,,,,,,1538336967.75,,,1538336967.75,,,,,,,,,,,,,,,,,,,,,,,,,,,,,,,,,,,,,,,,,,,,,,,,,,,,,,,,,
2006-12-31,130593163.16,130593163.16,,,-377582432.83,,,1007687150.7,3825709760.06,467654485.53,163949306.51,1566712682.38,1217321214.67,,8081485882.02,,4458412975.24,,70900000.0,5432810164.92,14691330089.9,341393853.42,,5447305298.51,43886583.03,185841812.23,,5432810164.92,,1217321214.67,467654485.53,15500000.0,-28700000.0,510641215.73,341393853.42,,4458412975.24,,,124061275.42,63979893.5,415171066.87,-1820533450.46,,,4742124884.15,661194301.38,70878084.65,,1115052915.02,1663182724.43,1663182724.43,,2692662850.9,1115052915.02,,124061275.42,927211316.41,1663182724.43,956602255.44,,741369504.18,,7729895568.03,972697524.38,1262007099.76,,1663182724.43,,1.815,0.0,,681787813.65,657995051.5,10774148732.92,130593163.16,,14691330089.9,,1007687150.7,,,-184442778.42,972697524.38,,4867885824.87,657995051.5,-557526457.51,4867885824.87,,,,,-1820533450.46,,4742124884.15,6961434521.87,0.0,-257619749.71,-32489638.14,277213368.79,,3825709760.06,199338073.45,1566712682.38,-3625843233.18,,435664538.78,178500000.0,1.76,-21800000.0,,,5905962786.97,248440000.0,,,8081485882.02,5609255329.05,6961434521.87,476751522.96,7729895568.03,,10774148732.92,2692662850.9,,-171047067.97,5447305298.51,,26500000.0,,240200000.0,415171066.87,,,,-3625843233.18,,-82974291.24,1538750049.61,-557526457.51,1262007099.76,-118863259.98,510641215.73,435664538.78,296707457.92,435664538.78,,-190700000.0,679388886.65,,,,,,,,,,,,,,,,,,,,,,,,,,,,,,,,,,,,,,,,,,,,,,,
2007-03-31,101569256.64,101569256.64,,,,,,,,,,,,,,,,,,,,,0.382076,,,,237900000.0,,,,,,,,,,,,,,,,,,,,,,,,,,,,,,,,,,,,,,,,,,,,,,,,,101569256.64,,,237900000.0,,,,,,,,,,,0.382076,,,,,,,,,,,,,,,,1460058826.32,,,,,,,,,,,,,,,,,,,,,,,,,,,,,,,1460058826.32,,,1460058826.32,,,,,,,,,,,,,,,,,,,,,,,,,,,,,,,,,,,,,,,,,,,,,,,,,,,,,,,,,
2007-06-30,101630743.36,80330743.36,,,,,,1063574496.56,,,,43600000.0,,,,75627102.19,4012800000.0,,,,,,,,,,,5530800000.0,,1609400000.0,461800000.0,,,,324400000.0,,,9746979.75,,,,,,,1224725059.69,,,,,1087500000.0,755500000.0,,,,,,125200000.0,,755500000.0,,,,,7849100000.0,,410600000.0,,,51284300.35,,,,,1794850428.32,10381000000.0,80330743.36,,14163300000.0,,,,,,417500000.0,,,,,,,,,,-1946004548.77,,4600800000.0,,0.0,,,,,3686700000.0,,,-1077258826.32,,,,,,1384426148.59,,,,,,7245900000.0,,6314200000.0,,,1224725059.69,,3135100000.0,,,5414200000.0,,,147004869.76,,417500000.0,45436112.5,,,-1115458826.32,,,1460941173.68,-543894416.23,,,,,,,,,,,,,,,,,,,,,,,,,,,,,,,,,,,,,,,,,,,,,,,,,,,,,,,,
2007-09-30,141973398.07,141973398.07,,,,,,,,,,,,,,,,,,,,,0.603143,,,,235380000.0,,,,,,,,,,,,,,,,,,,,,,,,,,,,,,,,,,,,,,,,,,,,,,,,,141973398.07,,,245420000.0,,,,,,,,,,,0.578458,,,,,,,,,,,,,,,,1632142944.53,,,,,,,,,,,,,,,,,,,,,,,,,,,,,,,1632142944.53,,,1632142944.53,,,,,,,,,,,,,,,,,,,,,,,,,,,,,,,,,,,,,,,,,,,,,,,,,,,,,,,,,
2007-12-31,142520577.45,142520577.45,,,-838126027.0,,,1049434510.75,3978321723.5,464457615.5,166263831.25,1873947300.5,1741716814.5,,9914572576.5,,4695628442.0,,62400000.0,6077690961.0,17269022016.25,344239373.0,,5487509197.25,-67867007.5,184882254.0,,6077690961.0,,1741716814.5,464457615.5,9100000.0,-128000000.0,601092725.25,344239373.0,,4695628442.0,,,119317652.0,62761980.5,450043629.25,-1476955813.75,,,5849365552.5,892179610.0,34834094.25,,1155738983.0,2042213004.25,2042213004.25,,3255608940.75,1155738983.0,,119317652.0,990376246.5,2042213004.25,1063348281.0,,805493992.5,,8698473860.0,1079063232.25,1590166998.25,,2042213004.25,,1.98,0.0,,720109844.25,958944831.25,13170181517.25,142520577.45,,17269022016.25,,1049434510.75,,,-170968483.75,1079063232.25,,5050678430.75,958944831.25,-629019603.0,5050678430.75,,,,,-1476955813.75,,5849365552.5,8570548156.25,0.0,-415810096.75,-47246208.0,105504227.5,,3978321723.5,204501613.0,1873947300.5,-3747099532.56,,466359646.5,222000000.0,1.9,-450000000.0,,,6192003427.5,245420000.0,,,9914572576.5,5856172423.25,8570548156.25,721211126.25,8698473860.0,,13170181517.25,3255608940.75,,25425293.5,5487509197.25,,37200000.0,,235380000.0,450043629.25,,,,-3747099532.56,,29429038.5,1639409902.44,-629019603.0,1590166998.25,-139036852.5,601092725.25,466359646.5,335831004.25,466359646.5,,-553800000.0,957844053.5,,,,,,,,,,,,,,,,,,,,,,,,,,,,,,,,,,,,,,,,,,,,,,,
2008-03-31,118586656.86,118586656.86,,,,,,,,,,,,,,,,,,,,,0.090911,,,,237898200.0,,,,,,,,,,,,,,,,,,,,,,,,,,,,,,,,,,,,,,,,,,,,,,,,,118586656.86,,,237898200.0,,,,,,,,,,,0.090911,,,,,,,,,,,,,,,,1668655702.86,,,,,,,,,,,,,,,,,,,,,,,,,,,,,,,1668655702.86,,,1668655702.86,,,,,,,,,,,,,,,,,,,,,,,,,,,,,,,,,,,,,,,,,,,,,,,,,,,,,,,,,
2008-06-30,118713343.14,89613343.14,,,,,,1137991429.2,,,,71000000.0,,,,90200038.56,4584500000.0,,,,,,,,,,228800000.0,6422900000.0,,2363100000.0,464700000.0,,,,375500000.0,,,10367346.96,,,,,,,1392914412.0,,,,,1176000000.0,1276900000.0,,,,,,120600000.0,,1276900000.0,,,,,9159600000.0,,771000000.0,,,65158428.96,,,,,1063167059.52,12947800000.0,89613343.14,,17410700000.0,234880000.0,,,,,455000000.0,,,,,,,,,,-1358958009.48,,5678800000.0,,0.0,,,,,4324800000.0,,,-1210755702.86,,,,,,1582128794.04,,,,,,8983900000.0,,8251100000.0,,,1392914412.0,,3963900000.0,,,5454300000.0,,,169531797.48,,455000000.0,50684137.44,,,-1261555702.86,,,1670444297.14,-626761743.84,,,,,,,,,,,,,,,,,,,,,,,,,,,,,,,,,,,,,,,,,,,,,,,,,,,,,,,,
2008-12-31,,,,87800000.0,-1258200000.0,,,,5762200000.0,1406100000.0,180700000.0,,3999300000.0,,12136300000.0,,,,62300000.0,9093200000.0,24463300000.0,343900000.0,,5809200000.0,,251400000.0,,,,,,11000000.0,-91700000.0,,,,8138100000.0,,,125500000.0,46000000.0,690700000.0,,,,10407700000.0,922700000.0,10600000.0,,,,2572500000.0,,6367200000.0,2295800000.0,,,1343000000.0,,1318100000.0,,876000000.0,,,1616000000.0,,,2572500000.0,,1.92,0.0,,746800000.0,,,,1025200000.0,,,553900000.0,,,-220600000.0,,,6133400000.0,0.0,-925300000.0,521300000.0,,,,,,,,11107600000.0,,-105300000.0,-19400000.0,255800000.0,,,232900000.0,0.0,,,439100000.0,344800000.0,1.88,-1057500000.0,,,7476900000.0,233920000.0,,,,7009400000.0,,702100000.0,13355700000.0,,18503500000.0,,,-109300000.0,,,0.0,,228680000.0,,,,,,,65600000.0,,,1640800000.0,-225300000.0,,513900000.0,467500000.0,439100000.0,,-1049100000.0,1062300000.0,,,,,,,,,,,,,,,,,,,,,,,,,,,,,,,,,,,,,,,,,,,,,,,
2009-06-30,,,,,,,,924400000.0,,,,0.0,,,,,6662600000.0,,,,,,0.0,,,,,8371600000.0,929600000.0,4163200000.0,817000000.0,,,,346500000.0,,,,,,,,,,,,,,,2007900000.0,1098200000.0,,,,,,125500000.0,,1098200000.0,,,,,12265700000.0,,381700000.0,,,,,,,,0.0,15218500000.0,,,20436100000.0,,,,,,,54400000.0,,,,,0.0,,,,,,8499200000.0,,0.0,,,,,5047100000.0,,,,,,,,,,,,,,,8935300000.0,,8170400000.0,,,,,6283200000.0,,,5076200000.0,,,,,643600000.0,,,,,,,,,,,,,,,,,,,,,,,,,,,,,,,,,,,,,,,,,,,,,,,,,,,,,,,,,,,,,,,,
2009-12-31,,,,71600000.0,-388900000.0,,,423300000.0,5894000000.0,809600000.0,311800000.0,0.0,3586400000.0,,10566300000.0,,7548900000.0,,54900000.0,8697500000.0,22351500000.0,306700000.0,,9949200000.0,,398400000.0,,8697500000.0,1023900000.0,3586400000.0,1295100000.0,50500000.0,-53300000.0,,306700000.0,,7548900000.0,,,125600000.0,144800000.0,680500000.0,,,,6432700000.0,818800000.0,4100000.0,,2000700000.0,1666700000.0,1666700000.0,,5709500000.0,2000700000.0,,125600000.0,1416400000.0,1666700000.0,946000000.0,,2172100000.0,,12756200000.0,1602700000.0,720700000.0,,1666700000.0,,1.795,0.0,,662600000.0,0.0,16275800000.0,,1023900000.0,22351500000.0,,423300000.0,,,-253300000.0,1602700000.0,71600000.0,5808600000.0,2000700000.0,-922200000.0,691600000.0,,,,,,,9774000000.0,9595300000.0,0.0,-9500000.0,-445100000.0,-273400000.0,,5894000000.0,155700000.0,0.0,,,437700000.0,355400000.0,1.765,-1243700000.0,,,8684300000.0,247640000.0,,,10566300000.0,7980700000.0,9595300000.0,565500000.0,12756200000.0,,16275800000.0,5709500000.0,,-102100000.0,5904300000.0,,0.0,,243740000.0,680500000.0,,,,,,12400000.0,,-922200000.0,720700000.0,-189800000.0,910900000.0,506900000.0,703600000.0,437700000.0,,-144800000.0,1318100000.0,,,,,,,,,,,,,,,,,,,,,,,,,,,,,,,,,,,,,,,,,,,,,,,
2010-06-30,,,,,,,,985700000.0,,,,134500000.0,,,,,8210300000.0,,,,,,0.0,,,,,8940700000.0,1026500000.0,3980800000.0,791100000.0,,,919400000.0,435400000.0,,,,,,,,,,,,,,,1950500000.0,1103600000.0,,,,,,125800000.0,,1103600000.0,,,,,12972100000.0,,151600000.0,,,,,,,,0.0,16583800000.0,,,22795500000.0,,,,,,,66400000.0,,,,,0.0,,,,,,6696300000.0,,0.0,,,,,6022200000.0,,,,,,,,,,,,,,,10396900000.0,,9823400000.0,,,,,6186900000.0,,,6016300000.0,,,,,691100000.0,,,,,,,,,,,,,,,,,,,,,,,,,,,,,,,,,,,,,,,,,,,,,,,,,,,,,,,,,,,,,,,,
2010-12-31,,,,115800000.0,-410000000.0,,,388600000.0,6446600000.0,1232500000.0,83200000.0,0.0,3598200000.0,,12074800000.0,,8843400000.0,,70400000.0,9106300000.0,24345100000.0,366000000.0,,6407400000.0,,380800000.0,,9106300000.0,965800000.0,3598200000.0,1232500000.0,23700000.0,-23800000.0,,366000000.0,,8843400000.0,,,126400000.0,73400000.0,708400000.0,,,,11703600000.0,1361200000.0,42700000.0,,1904500000.0,1965200000.0,1965200000.0,,5622400000.0,1904500000.0,,126400000.0,1508900000.0,1965200000.0,1709800000.0,,973000000.0,,13087600000.0,1715600000.0,255400000.0,,1965200000.0,,2.375,0.0,,851300000.0,0.0,17697200000.0,,965800000.0,24345100000.0,,630100000.0,,,-217500000.0,1715600000.0,115800000.0,7587500000.0,0.0,-1007200000.0,659200000.0,,,,,,,11703600000.0,11257500000.0,0.0,-46400000.0,-18600000.0,681600000.0,,6446600000.0,190300000.0,0.0,,,586000000.0,276800000.0,2.295,,,,9331000000.0,267800000.0,,,12074800000.0,8560500000.0,11257500000.0,1143700000.0,13087600000.0,,17697200000.0,5622400000.0,,225500000.0,6407400000.0,,0.0,,246620000.0,708400000.0,,,,,,-46300000.0,,-1007200000.0,255400000.0,-267100000.0,,661000000.0,770500000.0,586000000.0,,-200100000.0,946000000.0,,,,,,,,,,,,,,,,,,,,,,,,,,,,,,,,,,,,,,,,,,,,,,,
2011-06-30,,,,,,,,442600000.0,,,,0.0,,,,,8908200000.0,,,,,,0.0,,,,,9338500000.0,974800000.0,3957300000.0,730900000.0,,,,483000000.0,,,,,,,,,,,,,,,1915100000.0,1768800000.0,,,,,,126600000.0,,1768800000.0,,,,,13349200000.0,,690600000.0,,,,,,,,333600000.0,17683500000.0,,,24592500000.0,,,,,,,75800000.0,,,,,0.0,,,,,,10883000000.0,,0.0,,,,,6694300000.0,,,,,,,,,,,,,,,11649400000.0,,11243300000.0,,,,,6034100000.0,,,10557600000.0,,,,,707400000.0,,,,,,,,,,,,,,,,,,,,,,,,,,,,,,,,,,,,,,,,,,,,,,,,,,,,,,,,,,,,,,,,
2011-12-31,,,,113400000.0,-709800000.0,,,553100000.0,6663300000.0,741400000.0,200500000.0,0.0,3893000000.0,,12253000000.0,,8919700000.0,,78800000.0,9430800000.0,25150600000.0,333900000.0,,10803500000.0,,383500000.0,,9430800000.0,190800000.0,3893000000.0,741400000.0,,-469800000.0,,333900000.0,,6305100000.0,,,126600000.0,16100000.0,728300000.0,,,,7292700000.0,665200000.0,28800000.0,,1859900000.0,1946600000.0,2402300000.0,,6003300000.0,1859900000.0,,126600000.0,1689100000.0,1946600000.0,1428200000.0,,1866300000.0,,13406200000.0,728300000.0,518400000.0,,2402300000.0,,3.38,0.0,,1008400000.0,801300000.0,17800600000.0,,992100000.0,24694900000.0,,553100000.0,,,-253200000.0,1781300000.0,113400000.0,7372200000.0,801300000.0,-1053000000.0,674100000.0,,,,,,,11165500000.0,11744400000.0,0.0,-182200000.0,-62600000.0,-251700000.0,,6663300000.0,91900000.0,0.0,,,840100000.0,297200000.0,3.225,,,,10021800000.0,268440000.0,,,11797300000.0,9238500000.0,11288700000.0,412000000.0,13406200000.0,,18256300000.0,6003300000.0,,-620900000.0,10803500000.0,,0.0,,248540000.0,728300000.0,,,,,,32700000.0,,-1053000000.0,974100000.0,-218400000.0,,916500000.0,783300000.0,840100000.0,,-469800000.0,1709800000.0,,,,,,,,,,,,,,,,,,,,,,,,,,,,,,,,,,,,,,,,,,,,,,,
2012-06-30,,,,,,,,383200000.0,,,,66200000.0,,,,,5586000000.0,2385000000.0,,,,,0.0,,,,,9385800000.0,212800000.0,3814100000.0,671300000.0,,,968100000.0,410400000.0,,,,,,,,,,,,,,,1767500000.0,1350600000.0,,,,,,126700000.0,,1350600000.0,,,,,13338800000.0,,397800000.0,,,,,,,,838700000.0,16658800000.0,,,23715500000.0,,,,,,717200000.0,,,,,,0.0,,,,,,6777700000.0,,0.0,,,,,6820900000.0,,,,,,,,,,,,,,,10729600000.0,,10376700000.0,,,,,5929200000.0,,,11058800000.0,,,,,717200000.0,,,,,,,,,,,,,,,,,,,,,,,,,,,,,,,,,,,,,,,,,,,,,,,,,,,,,,,,,,,,,,,,
2012-12-31,,,,102900000.0,-773100000.0,,,887300000.0,6811000000.0,680300000.0,215100000.0,0.0,3680600000.0,,12096600000.0,,6204200000.0,,92800000.0,9457200000.0,24877600000.0,348200000.0,,11186300000.0,,396600000.0,,9457200000.0,1063700000.0,3680600000.0,680300000.0,,-566500000.0,,348200000.0,,6204200000.0,,,126500000.0,64700000.0,768300000.0,,,,7227500000.0,908300000.0,56000000.0,,1827400000.0,1945300000.0,1945300000.0,,5720400000.0,1827400000.0,,126500000.0,1788300000.0,1945300000.0,1359300000.0,,1982500000.0,,13452900000.0,768300000.0,1085900000.0,,1945300000.0,,3.31,0.0,,1091900000.0,245100000.0,17817000000.0,,176500000.0,24877600000.0,,35634000000.0,,,-330100000.0,1767000000.0,,7532300000.0,1132300000.0,-998700000.0,8273700000.0,,,,,,,7227500000.0,11424700000.0,0.0,-134500000.0,-20100000.0,50400000.0,,6811000000.0,197200000.0,-1085900000.0,,,822700000.0,299800000.0,3.14,,,,10373100000.0,270520000.0,,,12096600000.0,9514800000.0,11424700000.0,578200000.0,13452900000.0,,17817000000.0,5720400000.0,,-388200000.0,11186300000.0,,0.0,,248680000.0,768300000.0,,,,,,-17600000.0,,-998700000.0,1085900000.0,-306600000.0,,894700000.0,858300000.0,822700000.0,,-566500000.0,1428200000.0,,,,,,,,,,,,,,,,,,,,,,,,,,,,,,,,,,,,,,,,,,,,,,,
2013-06-30,,,,,,,,34756000000.0,,,,-994200000.0,,,,,6115400000.0,,,,,,0.0,,,,,9938200000.0,1096400000.0,3148200000.0,709300000.0,,,1027300000.0,336900000.0,,,,,,,,,,,,,,,1843900000.0,1425300000.0,,,,,,133400000.0,,1425300000.0,,,,,14001700000.0,,994200000.0,,,,,,,,88100000.0,17378000000.0,,,25387800000.0,,,,,,821000000.0,64400000.0,,,,,0.0,,,,,,7306100000.0,,2797100000.0,,,,,7743500000.0,,,,,,,,,,,,,,,12059600000.0,,11386100000.0,,,,,5318400000.0,,,6525600000.0,,,,,821000000.0,,,,,,,,,,,,,,,,,,,,,,,,,,,,,,,,,,,,,,,,,,,,,,,,,,,,,,,,,,,,,,,,
2013-12-31,,,,120100000.0,-478600000.0,,,820200000.0,7586800000.0,650700000.0,213700000.0,0.0,3520600000.0,,11772200000.0,,5986500000.0,,105400000.0,9472800000.0,25005400000.0,304500000.0,,6902500000.0,,414500000.0,,9472800000.0,1063400000.0,3520600000.0,650700000.0,,-201400000.0,,304500000.0,,5986500000.0,,,134900000.0,99200000.0,773300000.0,,,,7150200000.0,1374200000.0,42400000.0,,1667800000.0,2221600000.0,2221600000.0,,5386700000.0,1667800000.0,,134900000.0,1978200000.0,2221600000.0,1883200000.0,,2164600000.0,,13255200000.0,773300000.0,941400000.0,,2221600000.0,,3.62,0.0,,1295800000.0,158500000.0,17158900000.0,,1063400000.0,25005400000.0,,34317800000.0,,,-284500000.0,1815800000.0,120100000.0,7911500000.0,103200000.0,-1042500000.0,7204500000.0,,,,,,,7150200000.0,11750200000.0,136000000.0,-197000000.0,-19600000.0,688600000.0,,7586800000.0,283700000.0,-941400000.0,,,936500000.0,267900000.0,3.48,,,,11019400000.0,272060000.0,,,11772200000.0,10076100000.0,11750200000.0,1089700000.0,13255200000.0,,17158900000.0,5386700000.0,,-133400000.0,6903700000.0,,2591200000.0,,258760000.0,773300000.0,,,,,,36700000.0,,-1042500000.0,941400000.0,-397300000.0,917800000.0,1012100000.0,943300000.0,936500000.0,,-201400000.0,1359300000.0,,,,,,,,,,,,,,,,,,,,,,,,,,,,,,,,,,,,,,,,,,,,,,,
2014-06-30,,,,,,,,33291200000.0,,,,-952500000.0,,,,,5897900000.0,,,,,,0.0,,,,,9465700000.0,1086200000.0,3212700000.0,643800000.0,,,947800000.0,324900000.0,,,,,,,,,,,,,,,1662600000.0,1208000000.0,,,,,,135000000.0,,1208000000.0,,,,,13199300000.0,,952500000.0,,,,,,,,99100000.0,16645600000.0,,,24192700000.0,,,,,,742700000.0,55700000.0,,,,,0.0,,,,,,7003400000.0,,2493100000.0,,,,,7246500000.0,,,,,,,,,,,,,,,11501500000.0,,10993400000.0,,,,,5144100000.0,,,7204200000.0,,,,,742700000.0,,,,,,,,,,,,,,,,,,,,,,,,,,,,,,,,,,,,,,,,,,,,,,,,,,,,,,,,,,,,,,,,
2014-12-31,,,,158600000.0,-697600000.0,,,37854000000.0,7500100000.0,667600000.0,179900000.0,0.0,4134900000.0,,12595800000.0,,6337600000.0,,102200000.0,9979400000.0,26753800000.0,327300000.0,,7106700000.0,,376400000.0,,9979400000.0,1429100000.0,4134900000.0,667600000.0,,-489100000.0,,327300000.0,,6337600000.0,,,132600000.0,138600000.0,772500000.0,,,,7846300000.0,1703700000.0,25000000.0,,1668900000.0,2512700000.0,2512700000.0,,6331200000.0,1668900000.0,,132600000.0,2091000000.0,2512700000.0,2247600000.0,,2256000000.0,,14238200000.0,772500000.0,653200000.0,,2512700000.0,,4.12,0.0,,1451900000.0,148600000.0,18927000000.0,,1429100000.0,26753800000.0,,37854000000.0,,,-214400000.0,1865200000.0,158600000.0,7808800000.0,104800000.0,-1092700000.0,7151800000.0,,,,,,,7846300000.0,12515600000.0,2412900000.0,-510800000.0,-5600000.0,434700000.0,,7500100000.0,300400000.0,-653200000.0,,,1077200000.0,262700000.0,4.025,,,,11528900000.0,267500000.0,,,12595800000.0,10064800000.0,12515600000.0,1489300000.0,14238200000.0,,18927000000.0,6331200000.0,,295000000.0,7106700000.0,,2412900000.0,,261480000.0,772500000.0,,,,,,-9700000.0,,-1092700000.0,653200000.0,-460000000.0,990400000.0,1151500000.0,1464100000.0,1077200000.0,,-489100000.0,1883200000.0,,,,,,,,,,,,,,,,,,,,,,,,,,,,,,,,,,,,,,,,,,,,,,,
2015-06-30,,,,,,,,37056400000.0,,,,-518700000.0,,,,,6109200000.0,,,,,,0.0,,,,,10057300000.0,1615200000.0,4217000000.0,696800000.0,,,1017400000.0,321700000.0,,,,,,,,,,,,,,,1714200000.0,1353000000.0,,,,,,132700000.0,,1353000000.0,,,,,14508000000.0,,518700000.0,,,,,,,,110400000.0,18528200000.0,,,26335800000.0,,,,,,731100000.0,38300000.0,,,,,0.0,,,,,,7764400000.0,,2806400000.0,,,,,7467500000.0,,,,,,,,,,,,,,,11916800000.0,,11827800000.0,,,,,6611400000.0,,,7619600000.0,,,,,731100000.0,,,,,,,,,,,,,,,,,,,,,,,,,,,,,,,,,,,,,,,,,,,,,,,,,,,,,,,,,,,,,,,,
2015-12-31,,,,598500000.0,-902500000.0,,,41466800000.0,7637400000.0,552300000.0,156600000.0,700000.0,4661200000.0,,14215500000.0,,6799400000.0,,99000000.0,10670600000.0,28749200000.0,329000000.0,,7698500000.0,,368500000.0,,10670600000.0,1917300000.0,4661200000.0,552300000.0,,-669500000.0,1081000000.0,329000000.0,,6799400000.0,,,132900000.0,12300000.0,797700000.0,,,,8538300000.0,1359900000.0,27600000.0,,1715400000.0,2382400000.0,2382400000.0,,6517900000.0,1715400000.0,,132900000.0,2085200000.0,2382400000.0,1946600000.0,,2382300000.0,,15373800000.0,797700000.0,932000000.0,,2382400000.0,,4.5,0.0,,1492600000.0,137500000.0,20733400000.0,,1917300000.0,28749200000.0,,41466800000.0,,,-246400000.0,1917900000.0,598500000.0,8142000000.0,178700000.0,-1120200000.0,7378900000.0,,,,,,,8538300000.0,13375400000.0,2858400000.0,-587600000.0,-23600000.0,-246600000.0,,7637400000.0,247500000.0,-932000000.0,,,1160200000.0,224100000.0,4.42,,,,12235200000.0,262600000.0,,,14215500000.0,10524300000.0,13375400000.0,1113500000.0,15373800000.0,,20733400000.0,6517900000.0,,-164100000.0,7698500000.0,,0.0,,257700000.0,797700000.0,,,,,,7800000.0,,-1120200000.0,932000000.0,-545800000.0,1081000000.0,1245100000.0,1710900000.0,1160200000.0,,-669500000.0,2247600000.0,,,,,,,,,,,,,,,,,,,,,,,,,,,,,,,,,,,,,,,,,,,,,,,
2016-06-30,,,,,,,,46305600000.0,,,,-1057200000.0,,,,,7340200000.0,,,,,,0.0,,,,,12293500000.0,1994500000.0,5339100000.0,713000000.0,,,1216400000.0,408800000.0,,,,,,,,,,,,,,,2036700000.0,2147400000.0,,,,,,133000000.0,,2147400000.0,,,,,17599500000.0,,1057200000.0,,,,,,,,186600000.0,23152800000.0,,,32131000000.0,,,,,,925900000.0,584000000.0,,,,,0.0,,,,,,9379800000.0,,3428000000.0,,,,,8519700000.0,,,,,,,,,,,,,,,15509400000.0,,14531500000.0,,,,,7643400000.0,,,7782500000.0,,,,,925900000.0,,,,,,,,,,,,,,,,,,,,,,,,,,,,,,,,,,,,,,,,,,,,,,,,,,,,,,,,,,,,,,,,
2016-12-31,,,,752300000.0,-916200000.0,,,49601400000.0,9324500000.0,692400000.0,186600000.0,0.0,5564900000.0,,16765200000.0,,8054200000.0,,106500000.0,13214300000.0,34568300000.0,400400000.0,,8405900000.0,,427800000.0,,13214300000.0,2379700000.0,5564900000.0,692400000.0,,-638800000.0,,400400000.0,,8054200000.0,,,133200000.0,1500000.0,968700000.0,,,,10308300000.0,1773800000.0,27200000.0,,2217300000.0,2256200000.0,2436900000.0,180700000.0,8035500000.0,2217300000.0,4500000.0,133200000.0,2572800000.0,2436900000.0,1902600000.0,,2934100000.0,,19125300000.0,2322000000.0,1002500000.0,,2256200000.0,,5.48,0.0,,1890500000.0,204900000.0,24800700000.0,,2379700000.0,34568300000.0,,49601400000.0,,,-285100000.0,2322000000.0,752300000.0,9463700000.0,192900000.0,-1353300000.0,8621400000.0,,,,,,,10308300000.0,15443000000.0,4232900000.0,-427400000.0,-58300000.0,-335900000.0,,9324500000.0,388900000.0,-1002500000.0,,,1400100000.0,254500000.0,5.4,,,,14388900000.0,259200000.0,,,16765200000.0,12397800000.0,15443000000.0,1488700000.0,19125300000.0,,24800700000.0,8035500000.0,,-151300000.0,8405900000.0,180700000.0,4232900000.0,,255560000.0,968700000.0,,,,,,-16700000.0,,-1353300000.0,1002500000.0,-616500000.0,1312700000.0,1501600000.0,1991100000.0,1400100000.0,,-638800000.0,1946600000.0,,,,,,,,,,,,,,,,,,,,,,,,,,,,,,,,,,,,,,,,,,,,,,,
2017-06-30,,,,,,,,47815800000.0,,,,-933000000.0,,,,,6901700000.0,,,,,,0.0,,,,,13082100000.0,2406100000.0,6592500000.0,688800000.0,,,1188300000.0,443200000.0,,,,,,,,,,,,,,,2111300000.0,2856000000.0,,,,,,133200000.0,,2856000000.0,,,,,18888000000.0,,933000000.0,,,,,,,,197800000.0,23907900000.0,,,33764500000.0,,,,,,930500000.0,637500000.0,,,,,0.0,,,,,,9087500000.0,,3387200000.0,,,,,9419300000.0,,,,,,,,,,,,,,,14998700000.0,,14876500000.0,,,,,8909200000.0,,,8889300000.0,,,,,930500000.0,,,,,,,,,,,,,,,,,,,,,,,,,,,,,,,,,,,,,,,,,,,,,,,,,,,,,,,,,,,,,,,,
2017-12-31,,,,649300000.0,-499700000.0,,,47413400000.0,9493200000.0,513700000.0,191400000.0,3500000.0,6250400000.0,,15514500000.0,,7889700000.0,,105000000.0,12952900000.0,33668700000.0,424300000.0,,9200800000.0,,462100000.0,,12952900000.0,2218700000.0,6250400000.0,513700000.0,,-181500000.0,1212100000.0,424300000.0,,7889700000.0,,,133300000.0,392500000.0,979500000.0,,,,9893000000.0,1408100000.0,6400000.0,,2018400000.0,2049600000.0,2391400000.0,341800000.0,8192200000.0,2018400000.0,,133300000.0,2841200000.0,2391400000.0,1998200000.0,,1908200000.0,,18506000000.0,2317900000.0,624100000.0,,2049600000.0,,7.2,0.0,,2109300000.0,170500000.0,23706700000.0,,2218700000.0,33668700000.0,,47413400000.0,,,-326200000.0,2317900000.0,649300000.0,1267000000.0,170500000.0,-1338400000.0,1267000000.0,,,,,,,9893000000.0,15162700000.0,3212700000.0,-504200000.0,-47300000.0,122800000.0,,9493200000.0,197000000.0,3500000.0,,,1816600000.0,269800000.0,7.12,,,,15265400000.0,255160000.0,,,15514500000.0,3175200000.0,15162700000.0,1081900000.0,18506000000.0,,23706700000.0,8192200000.0,,-531800000.0,9200800000.0,341800000.0,3212700000.0,,252220000.0,979500000.0,,,,,,-44600000.0,,-1338400000.0,624100000.0,-751500000.0,1212100000.0,1912300000.0,12090200000.0,1816600000.0,,-181500000.0,1902600000.0,,,,,,,,,,,,,,,,,,,,,,,,,,,,,,,,,,,,,,,,,,,,,,,
2018-06-30,,,,,,,,,,,,,,,,,7422600000.0,,,,,,0.0,,,,,12950500000.0,,6533400000.0,499400000.0,,,,405800000.0,,,,,,,,,,,,,,,1936700000.0,2111300000.0,,,,,,133300000.0,,2221000000.0,,,,,18088700000.0,,319500000.0,,,,,,,,,23257300000.0,,,33250800000.0,,,,,,1030800000.0,,,,,,0.0,,,,,,9611700000.0,,,,,,,9578500000.0,,,,,,,,,,,,,,,14842200000.0,,15162100000.0,,,,,8415100000.0,,,10018800000.0,109700000.0,,,,1030800000.0,,,,,,,,,,,,,,,,,,,,,,,,,,,,,,,,,,,,,,,,,,,,,,,,,,,,,,,,,,,,,,,,
2018-12-31,,,,,184500000.0,,,,9382200000.0,479500000.0,199900000.0,,5634800000.0,,16609400000.0,,8062200000.0,,84800000.0,13202800000.0,33867700000.0,366500000.0,,9541400000.0,,543800000.0,,13202800000.0,,5634800000.0,479500000.0,849000000.0,,,366500000.0,,8062200000.0,,,133300000.0,,1083000000.0,,,,10524300000.0,1693800000.0,1200000.0,,1842000000.0,2010800000.0,2643200000.0,632400000.0,7451700000.0,1842000000.0,,133300000.0,2296400000.0,2643200000.0,2201200000.0,,1431400000.0,,17924300000.0,2440700000.0,1025100000.0,,2010800000.0,,4.26,,,1463300000.0,,24061100000.0,,,33867700000.0,,,,,-375200000.0,2440700000.0,,1507500000.0,,-1357700000.0,1507500000.0,,,,,,,10524300000.0,15943400000.0,,-207100000.0,-109900000.0,264500000.0,,9382200000.0,323900000.0,,,,1062900000.0,289300000.0,4.215,,,,15602400000.0,252240000.0,,,16609400000.0,2938900000.0,15943400000.0,1318600000.0,17924300000.0,,24061100000.0,7451700000.0,,165700000.0,9541400000.0,632400000.0,,,249560000.0,1083000000.0,,,,,,,,-1357700000.0,1025100000.0,-747400000.0,,1139400000.0,12663500000.0,1062900000.0,,-298800000.0,1998200000.0,,,,,,,,,,,,,,,,,,,,,,,,,,,,,,,,,,,,,,,,,,,,,,,
2019-06-30,,,,,,,,,,,,,,,,,7713800000.0,,,,,,0.0,,,,,13252100000.0,,5309400000.0,397700000.0,,,,,,,,,,,,,,,,,,,1786200000.0,1814700000.0,,,,,,133300000.0,,2173200000.0,,,,,19500300000.0,,1134800000.0,,,,,,,,,25055600000.0,,,35091800000.0,,,,,,2809600000.0,,,,,,0.0,,,,,,9945700000.0,,,,,,,9631700000.0,,,,,,,,,,,,,,,16382800000.0,,15591500000.0,,,,,8672800000.0,,,9652400000.0,358500000.0,,,,2809600000.0,,,,,,,,,,,,,,,,,,,,,,,,,,,,,,,,,,,,,,,,,,,,,,,,,,,,,,,,,,,,,,,,
