date,quarterlyChangeInCashSupplementalAsReported,quarterlyTotalAssets,quarterlyOtherNonCurrentLiabilities,quarterlyLongTermDebt,quarterlyOtherCurrentLiabilities,quarterlyCurrentAccruedExpenses,quarterlyCostOfRevenue,quarterlyTotalNonCurrentAssets,quarterlyAccountsReceivable,quarterlyTotalNonCurrentLiabilitiesNetMinorityInterest,quarterlyInvestmentsAndAdvances,quarterlyGoodwill,quarterlyNetIncomeContinuousOperations,quarterlyNetIncome,quarterlyDilutedEPS,quarterlySellingGeneralAndAdministration,quarterlyNetIncomeCommonStockholders,quarterlyCashCashEquivalentsAndMarketableSecurities,quarterlyOtherIncomeExpense,quarterlyCashAndCashEquivalents,quarterlyNonCurrentDeferredTaxesLiabilities,quarterlyInventory,quarterlyCurrentDeferredRevenue,quarterlyPurchaseOfInvestment,quarterlyOperatingExpense,quarterlyCurrentDebt,quarterlyEndCashPosition,quarterlyOtherIntangibleAssets,quarterlyInterestExpense,quarterlyInvestingCashFlow,quarterlyDepreciationAndAmortization,quarterlyOtherNonCurrentAssets,quarterlyTotalLiabilitiesNetMinorityInterest,quarterlyNetOtherFinancingCharges,quarterlyFreeCashFlow,quarterlyBasicAverageShares,quarterlyOtherCurrentAssets,quarterlyChangeInInventory,quarterlyBasicEPS,quarterlySaleOfInvestment,quarterlyRepurchaseOfCapitalStock,quarterlyChangesInAccountReceivables,quarterlyCapitalStock,quarterlyAccountsPayable,quarterlyChangeInAccountPayable,quarterlyGainsLossesNotAffectingRetainedEarnings,quarterlyGrossProfit,quarterlyBeginningCashPosition,quarterlyStockholdersEquity,quarterlyNetOtherInvestingChanges,quarterlyRepaymentOfDebt,quarterlyDilutedAverageShares,quarterlyAccumulatedDepreciation,quarterlyNetPPE,quarterlyTaxProvision,quarterlyEbitda,quarterlyOtherNonCashItems,quarterlyStockBasedCompensation,quarterlyChangeInWorkingCapital,quarterlyDeferredIncomeTax,quarterlyCashFlowFromContinuingFinancingActivities,quarterlyCommonStockIssuance,quarterlyRetainedEarnings,quarterlyIncomeTaxPayable,quarterlyOperatingCashFlow,quarterlyPretaxIncome,quarterlyCapitalExpenditure,quarterlyPurchaseOfBusiness,quarterlyCurrentAssets,quarterlyGrossPPE,quarterlyCurrentLiabilities,quarterlyTotalRevenue,quarterlyOperatingIncome,quarterlyResearchAndDevelopment,quarterlyCashDividendsPaid,quarterlyOtherShortTermInvestments,quarterlyNonCurrentDeferredRevenue
2003-03-31,,,,,,,,,,,,,4029580,4029580,0.02875,,4029580,,,,,,,,,,,,,,,,,,,127169584.0,,,0.031875,,,,,,,,,,,,,140980808.0,,,,80136537,,,,,,,,,,,,,,,,80136537,80136537,,,,
2003-06-30,,,,,,,,,,,,,4029580,4029580,0.02875,,4029580,,,,,,,,,,,,,,,,,,,127169584.0,,,0.031875,,,,,,,,,,,,,140980808.0,,,,80136537,,,,,,,,,,,,,,,,80136537,80136537,,,,
2003-09-30,,185047729.0,5009031.0,31301164.0,293624.0,12865519.0,44431543.0,104827639.0,21036568.0,36310195.0,,,3518773,3518773,0.0275,31154110.0,3518773,1519625.0,-50294.0,1519625.0,,53681119.0,1953829.0,,32479416.0,17809721.0,,50813695.0,643356.0,,,2041372.0,74747883.0,,,112600736.0,0.0,,0.03125,,,,142303.0,5514995.0,,535628.0,39040919.0,,110299846.0,,,127955382.0,-16158613.0,41665672.0,2352000.0,7886809,,,,,,,-22430718.0,,,5870773.0,,,80220090.0,57824285.0,38437688.0,83472462,6561503,,,,
2003-12-31,14561900.0,203153908.0,5178111.0,2444118.0,0.0,11106939.0,45330854.0,107448473.0,22542049.0,7622229.0,,,2997829,2997829,,32387687.0,2997829,16081525.0,5759.0,16081525.0,,54003694.0,2029572.0,,33763280.0,1553274.0,16081525.0,50846271.0,228465.0,-3597459.0,1375593.0,4153572.0,29143302.0,341878.0,287197.0,,0.0,-521209.0,,,0.0,,194768.0,6831288.0,,1646462.0,38897606.0,1519625.0,174010606.0,0.0,,,-21042252.0,43892930.0,1951000.0,6509919,,,-1382759.0,972000.0,14235901.0,59007516.0,-19432889.0,,3923458.0,4948829.0,-3636261.0,,95705435.0,64935182.0,21521073.0,84228460,5134326,,,,
2004-03-31,-12399584.0,251422544.0,5299513.0,32979828.0,2154812.0,13276060.0,53077136.0,153387918.0,25034384.0,38279341.0,,,5634914,5634914,0.03125,35628701.0,5634914,3681941.0,87027.0,3681941.0,,66043173.0,2232725.0,,37133931.0,1458308.0,3681941.0,86745925.0,536395.0,-46936875.0,1505230.0,5108892.0,67117295.0,0.0,-799565.0,155445903.0,0.0,-4367897.0,0.03625,,,,197934.0,9716049.0,,1765134.0,46995631.0,16081525.0,184305249.0,-650000.0,,180317248.0,-21042252.0,53898301.0,3795000.0,11366930,,,-2281988.0,705100.0,28674836.0,1847138.0,-13797975.0,,5862455.0,9429914.0,-6662020.0,,98034626.0,74940553.0,28837954.0,100072767,9861700,,,,
2004-06-30,-1719205.0,264060796.0,5033014.0,42052800.0,0.0,14284683.0,55437060.0,164026351.0,26073403.0,47085814.0,,,5342742,5342742,0.03,38574301.0,5342742,1962736.0,59370.0,1962736.0,,68090539.0,2266744.0,,40290913.0,310413.0,1962736.0,88845798.0,275329.0,-13285697.0,1716612.0,5381487.0,71972294.0,-248509.0,-6735213.0,158303467.0,0.0,-609426.0,0.03375,,,,201175.0,8024640.0,,1749700.0,49441143.0,3681941.0,192088502.0,0.0,,178091400.0,-21042252.0,63424866.0,3595000.0,10866842,,,-5466875.0,1186300.0,8800379.0,1015926.0,-8455233.0,,2766113.0,8937742.0,-9501326.0,,100034445.0,84467118.0,24886480.0,104878203,9150230,,,,
2004-09-30,1119899.0,263251078.0,4181839.0,36001554.0,0.0,14890764.0,57361745.0,166406383.0,26410518.0,40800420.0,,,4562517,4562517,0.025,38912801.0,4562517,3082635.0,-116828.0,3082635.0,,64657402.0,2386776.0,0.0,40708265.0,312564.0,3082635.0,88911689.0,318400.0,-5228634.0,1795464.0,4969483.0,66071097.0,-766.0,6359724.0,158696243.0,0.0,3433137.0,0.02875,,,,201875.0,7680573.0,,1235955.0,48683612.0,1962736.0,197179981.0,-3597.0,,182500680.0,-21042252.0,66703911.0,2985000.0,9770811,,,4407820.0,722900.0,-5208267.0,841594.0,-3892716.0,,11556800.0,7547517.0,-5197076.0,,96844695.0,87746163.0,25270677.0,106045357,7975347,,,,
2004-12-31,-1470939.0,288275109.0,4696063.0,49944666.0,1250744.0,16970065.0,61264254.0,180833308.0,28304776.0,54640729.0,,,5032714,5032714,,42721112.0,5032714,1611696.0,425631.0,1611696.0,,74150400.0,2601818.0,0.0,44575664.0,317026.0,1611696.0,100364047.0,421273.0,-22372176.0,1854552.0,5117575.0,84204058.0,0.0,1406826.0,,0.0,-3630703.0,,,,,205654.0,8423676.0,,1240680.0,52495419.0,3082635.0,204071051.0,-2159.0,,,-26303277.0,70730186.0,2909000.0,9774307,,,-2215884.0,872700.0,15185156.0,1237582.0,1139998.0,,5716081.0,7941714.0,-4309255.0,,107441801.0,97033463.0,29563329.0,113759673,7919755,,,,
2005-03-31,2118000.0,312659000.0,4705000.0,58889000.0,4631000.0,20989000.0,71171000.0,194768000.0,30284000.0,63594000.0,,,8401000,8401000,0.04625,46274000.0,8401000,3730000.0,162000.0,3730000.0,,80040000.0,,,48240000.0,220000.0,3730000.0,112746000.0,572000.0,-18636000.0,1966000.0,5742000.0,99085000.0,-43000.0,8358000.0,165048000.0,0.0,-1613000.0,0.05125,,,,207000.0,9651000.0,,1236000.0,62636000.0,1612000.0,213574000.0,132000.0,,181536000.0,-26303000.0,72135000.0,5603000.0,16362000,,,543000.0,383000.0,9443000.0,639000.0,9541000.0,,11311000.0,14004000.0,-2953000.0,,117891000.0,98438000.0,35491000.0,133807000,14396000,,,,
2005-06-30,-1415000.0,321766000.0,4016000.0,56269000.0,0.0,24664000.0,71531000.0,202453000.0,31633000.0,60902000.0,,,7627000,7627000,0.04125,48619000.0,7627000,2315000.0,78000.0,2315000.0,,81446000.0,,,50682000.0,276000.0,2315000.0,118327000.0,735000.0,-11005000.0,2063000.0,6302000.0,95206000.0,-257000.0,5621000.0,166840000.0,0.0,-391000.0,0.04625,,,,210000.0,9364000.0,,1319000.0,64492000.0,3730000.0,226560000.0,-132000.0,,187088000.0,-26303000.0,74323000.0,5566000.0,15873000,,,-809000.0,448000.0,451000.0,3775000.0,17168000.0,,9139000.0,13193000.0,-3518000.0,,119313000.0,100626000.0,34304000.0,136023000,13810000,,,,
2005-09-30,1523000.0,336735000.0,4134000.0,55198000.0,2928000.0,21185000.0,70696000.0,213561000.0,30818000.0,59949000.0,,,6603000,6603000,0.035,49419000.0,6603000,3838000.0,361000.0,3838000.0,,84610000.0,3495000.0,,51479000.0,409000.0,3838000.0,126143000.0,734000.0,-15181000.0,2060000.0,6466000.0,98851000.0,-2000.0,10161000.0,169960000.0,0.0,1543000.0,0.03875,,,,214000.0,10885000.0,,1331000.0,62944000.0,2315000.0,237884000.0,2558000.0,,190712000.0,-26303000.0,77696000.0,4519000.0,13525000,,,6053000.0,367000.0,1903000.0,2973000.0,23771000.0,,14801000.0,11122000.0,-4640000.0,,123174000.0,103999000.0,38902000.0,133640000,11465000,,,,
2005-12-31,-665000.0,439426000.0,4032000.0,45996000.0,3430000.0,23714000.0,76390000.0,288089000.0,39500000.0,50645000.0,,,8256000,8256000,,51776000.0,8256000,3173000.0,27000.0,3173000.0,,103655000.0,3440000.0,,54261000.0,1481000.0,3173000.0,181880000.0,187000.0,-81200000.0,2485000.0,6845000.0,98206000.0,0.0,-12825000.0,,0.0,-8093000.0,,,,,514000.0,15496000.0,,1375000.0,67532000.0,3838000.0,341220000.0,149000.0,,,-35129000.0,97218000.0,5108000.0,15756000,,,-8930000.0,469000.0,78253000.0,92308000.0,32027000.0,,2282000.0,13364000.0,-15107000.0,,151337000.0,132347000.0,47561000.0,143922000,13271000,,,,
2006-03-31,372000.0,498636000.0,5397000.0,80283000.0,6376000.0,22280000.0,103728000.0,318950000.0,47081000.0,86297000.0,,203060000.0,12084000,12084000,0.055,65330000.0,12084000,3545000.0,806000.0,3545000.0,,123991000.0,3889000.0,,68066000.0,2598000.0,3545000.0,83000.0,967000.0,-40206000.0,2736000.0,7418000.0,140295000.0,1849000.0,-4483000.0,208248000.0,0.0,-13479000.0,0.0575,,,,525000.0,18855000.0,,1410000.0,88411000.0,3173000.0,358341000.0,-2561000.0,,221868000.0,-35129000.0,106839000.0,8124000.0,23081000,,,-11122000.0,384000.0,36484000.0,2330000.0,44111000.0,,4094000.0,20208000.0,-8577000.0,,179686000.0,141968000.0,53998000.0,192139000,20345000,,,,
2006-06-30,662000.0,537392000.0,5905000.0,102868000.0,1162000.0,26704000.0,106921000.0,351570000.0,46534000.0,109390000.0,,229758000.0,11662000,11662000,0.0525,64625000.0,11662000,4207000.0,127000.0,4207000.0,,130138000.0,3812000.0,,67518000.0,4601000.0,4207000.0,78000.0,1378000.0,-33737000.0,2893000.0,7127000.0,163261000.0,2012000.0,1040000.0,211208000.0,0.0,-1886000.0,0.055,,,,528000.0,17592000.0,,1404000.0,88116000.0,3545000.0,374131000.0,450000.0,,222824000.0,-35129000.0,113216000.0,7716000.0,23491000,,,-2309000.0,175000.0,25432000.0,1733000.0,55773000.0,,8967000.0,19378000.0,-7927000.0,,185822000.0,148345000.0,53871000.0,195037000,20598000,,,,
2006-09-30,2149000.0,555171000.0,6477000.0,104808000.0,50000.0,28401000.0,108222000.0,368192000.0,45769000.0,112893000.0,,242779000.0,10458000,10458000,0.0475,68436000.0,10458000,6356000.0,238000.0,6356000.0,991000.0,126895000.0,3855000.0,,71572000.0,4423000.0,6356000.0,73000.0,1867000.0,-19622000.0,3286000.0,7035000.0,167129000.0,1835000.0,9873000.0,212392000.0,0.0,3436000.0,0.05,0.0,,,531000.0,17507000.0,,1222000.0,89437000.0,4207000.0,388042000.0,0.0,,223640000.0,-35129000.0,118305000.0,5816000.0,21151000,-1445000.0,,2832000.0,2625000.0,4008000.0,1411000.0,66232000.0,,17763000.0,16274000.0,-7890000.0,,186979000.0,153434000.0,54236000.0,197659000,17865000,,,,
2006-12-31,-2325000.0,564355000.0,7332000.0,91962000.0,354000.0,29504000.0,112960000.0,380541000.0,49254000.0,101759000.0,,246232000.0,10190000,10190000,,70169000.0,10190000,4031000.0,307000.0,4031000.0,1848000.0,124541000.0,3859000.0,,73228000.0,8485000.0,4031000.0,68000.0,1743000.0,-17092000.0,3171000.0,7157000.0,163153000.0,1405000.0,9799000.0,,0.0,3258000.0,,-1000.0,,,533000.0,19192000.0,,1058000.0,91586000.0,6356000.0,401202000.0,0.0,,,-43069000.0,127084000.0,6770000.0,21529000,-465000.0,,8260000.0,434000.0,-6790000.0,788000.0,76422000.0,,21557000.0,16960000.0,-11758000.0,,183814000.0,170153000.0,61394000.0,204546000,18358000,,,,
2007-03-31,1850000.0,607799000.0,7919000.0,106662000.0,7966000.0,28060000.0,128222000.0,399456000.0,57668000.0,117333000.0,,,15794000,15794000,0.07,76517000.0,15794000,5881000.0,648000.0,5881000.0,2752000.0,139095000.0,4201000.0,,79834000.0,10376000.0,5881000.0,256965000.0,1733000.0,-23654000.0,3453000.0,10118000.0,190084000.0,157000.0,1350000.0,213264000.0,0.0,-10807000.0,0.075,,-1125000.0,,533000.0,22148000.0,,1044000.0,107096000.0,4031000.0,417715000.0,0.0,,224008000.0,-43069000.0,132373000.0,10383000.0,30715000,1010000.0,,-10516000.0,686000.0,15074000.0,201000.0,91932000.0,,10430000.0,26177000.0,-9080000.0,,208343000.0,175442000.0,72751000.0,235318000,27262000,,,,
2007-06-30,2973000.0,646069000.0,8787000.0,128905000.0,3416000.0,30805000.0,128195000.0,419673000.0,54143000.0,142651000.0,,,14016000,14016000,0.0625,74977000.0,14016000,8854000.0,27000.0,8854000.0,4959000.0,156557000.0,4391000.0,,78441000.0,9802000.0,8854000.0,263573000.0,2093000.0,-24576000.0,3603000.0,15543000.0,208779000.0,1821000.0,-6017000.0,214092000.0,0.0,-16543000.0,0.065,,0.0,,536000.0,17714000.0,,2209000.0,105083000.0,5881000.0,437290000.0,-5885000.0,,224988000.0,-43069000.0,140557000.0,10560000.0,30245000,-1421000.0,,-14437000.0,1299000.0,24540000.0,1787000.0,105948000.0,,3009000.0,24576000.0,-9026000.0,,226396000.0,183626000.0,66128000.0,233278000,26642000,,,,
2007-09-30,216486000.0,906013000.0,9576000.0,1696000.0,0.0,32617000.0,135038000.0,450591000.0,60920000.0,18547000.0,,,14559000,14559000,0.0625,79098000.0,14559000,225340000.0,468000.0,225340000.0,7275000.0,156223000.0,4850000.0,0.0,82866000.0,10825000.0,225340000.0,282153000.0,2241000.0,-39038000.0,3877000.0,17214000.0,87222000.0,9966000.0,10496000.0,218652000.0,0.0,5497000.0,0.0675,,0.0,,665000.0,20383000.0,,2664000.0,108457000.0,8854000.0,818791000.0,0.0,,230224000.0,-43069000.0,151224000.0,9259000.0,29468000,-9353000.0,,6440000.0,2591000.0,237382000.0,355882000.0,120507000.0,,18068000.0,23818000.0,-7572000.0,,455422000.0,194293000.0,68675000.0,243495000,25591000,,,,
2007-12-31,-151099000.0,1692655000.0,11922000.0,641526000.0,0.0,73172000.0,229621000.0,1139363000.0,125572000.0,679055000.0,,825881000.0,21532000,21532000,,135013000.0,21532000,74241000.0,95000.0,74241000.0,25607000.0,320238000.0,4844000.0,,141563000.0,16936000.0,74241000.0,74951000.0,11691000.0,-818553000.0,7085000.0,21472000.0,842878000.0,-5519000.0,10139000.0,,0.0,-13281000.0,,,0.0,,1341000.0,68871000.0,,619000.0,185113000.0,225340000.0,849777000.0,5885000.0,,,-53908000.0,217059000.0,12168000.0,50635000,-6030000.0,,591000.0,-272000.0,644633000.0,3739000.0,142039000.0,,22862000.0,33700000.0,-12723000.0,,553292000.0,270967000.0,163823000.0,414734000,43550000,,,,
2008-03-31,11169000.0,1743015000.0,10011000.0,634151000.0,11181000.0,73154000.0,268594000.0,1163049000.0,133894000.0,671024000.0,,843558000.0,30878000,30878000,0.11,153374000.0,30878000,85410000.0,-905000.0,85410000.0,26862000.0,331427000.0,5343000.0,,160632000.0,17452000.0,85410000.0,73925000.0,10301000.0,-17382000.0,7875000.0,21274000.0,841117000.0,930000.0,19156000.0,269116000.0,0.0,-8772000.0,0.115,,,,1354000.0,62963000.0,,510000.0,223314000.0,74241000.0,901898000.0,0.0,,279364000.0,-53908000.0,224292000.0,20598000.0,70557000,201000.0,,-6933000.0,399000.0,-3680000.0,939000.0,172917000.0,,32352000.0,51476000.0,-13196000.0,,579966000.0,278200000.0,170093000.0,491908000,62682000,,,,
2008-06-30,18652000.0,1779610000.0,9982000.0,629367000.0,11879000.0,74267000.0,264684000.0,1174558000.0,137564000.0,670640000.0,,843865000.0,30989000,30989000,0.11,150887000.0,30989000,104062000.0,-2698000.0,104062000.0,31291000.0,333476000.0,6106000.0,,158145000.0,18055000.0,104062000.0,73237000.0,8411000.0,-13223000.0,7927000.0,27093000.0,840482000.0,809000.0,21813000.0,270574000.0,0.0,-2203000.0,0.115,,,,1355000.0,59535000.0,,4017000.0,219708000.0,85410000.0,939128000.0,0.0,,280602000.0,-53908000.0,230363000.0,19465000.0,69490000,556000.0,,-6536000.0,840000.0,-3199000.0,469000.0,203905000.0,,35021000.0,50454000.0,-13208000.0,,605052000.0,284271000.0,169842000.0,484392000,61563000,,,,
2008-09-30,-6373000.0,1848171000.0,11184000.0,623028000.0,19425000.0,78797000.0,274786000.0,1251777000.0,136553000.0,670204000.0,,910200000.0,25068000,25068000,0.09,156044000.0,25068000,97689000.0,-2401000.0,97689000.0,35992000.0,331028000.0,5203000.0,,163557000.0,,97689000.0,72194000.0,8192000.0,-49872000.0,8196000.0,28290000.0,834117000.0,6234000.0,22133000.0,273170000.0,0.0,5300000.0,0.09,,,,1387000.0,60488000.0,,4148000.0,215915000.0,104062000.0,1014054000.0,0.0,,282380000.0,-53908000.0,241093000.0,16697000.0,60554000,-2595000.0,,313000.0,8136000.0,5915000.0,3314000.0,228974000.0,,37941000.0,41765000.0,-15808000.0,,596394000.0,295001000.0,163913000.0,490701000,52358000,,,,
2008-12-31,-18622000.0,1881804000.0,29627000.0,620940000.0,0.0,75135000.0,272568000.0,1272886000.0,148422000.0,694085000.0,,923807000.0,12964000,12964000,,159385000.0,12964000,79067000.0,-1156000.0,79067000.0,43518000.0,332756000.0,4733000.0,,168050000.0,21934000.0,79067000.0,71150000.0,10942000.0,-58433000.0,9423000.0,18973000.0,861298000.0,4355000.0,2951000.0,,0.0,9907000.0,,,,,1399000.0,65411000.0,,-13764000.0,197732000.0,97689000.0,1020506000.0,0.0,,,-77540000.0,258956000.0,6929000.0,39105000,-2802000.0,,2959000.0,4160000.0,12757000.0,5680000.0,241938000.0,,27647000.0,19893000.0,-24696000.0,,608918000.0,336496000.0,167213000.0,470300000,29682000,,,,
2009-03-31,13743000.0,1909251000.0,31721000.0,615031000.0,0.0,71011000.0,285039000.0,1282013000.0,,692892000.0,,934486000.0,32304000,32304000,0.115,162316000.0,32304000,92810000.0,-763000.0,92810000.0,46140000.0,359772000.0,5341000.0,,170769000.0,23528000.0,92810000.0,70167000.0,7580000.0,-22565000.0,9291000.0,18920000.0,855509000.0,261000.0,32607000.0,279586000.0,0.0,-24789000.0,0.115,,,,1400000.0,62737000.0,-2546000.0,-15135000.0,232950000.0,79067000.0,1053742000.0,0.0,-6100000.0,285578000.0,,258440000.0,21534000.0,70709000,592000.0,1711000.0,-6366000.0,2254000.0,-3198000.0,,274242000.0,,39525000.0,53838000.0,-6918000.0,-15756000.0,627238000.0,,162617000.0,517989000,62181000,,,,
2009-06-30,36658000.0,1950592000.0,31114000.0,609824000.0,0.0,78645000.0,269272000.0,1288494000.0,,687986000.0,,937023000.0,28857000,28857000,0.1,159402000.0,28857000,129468000.0,-149000.0,129468000.0,47048000.0,353024000.0,6011000.0,,167831000.0,26743000.0,129468000.0,69131000.0,7725000.0,-11132000.0,9298000.0,20370000.0,857839000.0,2435000.0,35848000.0,280446000.0,0.0,8080000.0,0.105,,,,1406000.0,58454000.0,-4564000.0,-11576000.0,223482000.0,92810000.0,1092753000.0,0.0,-5060000.0,287000000.0,,261970000.0,18920000.0,63931000,801000.0,1867000.0,9897000.0,-771000.0,-212000.0,,303099000.0,,47514000.0,47777000.0,-11666000.0,-196000.0,662098000.0,,169853000.0,492754000,55651000,,,,
2009-09-30,36537000.0,1993983000.0,32519000.0,606048000.0,2723000.0,84141000.0,269708000.0,1279087000.0,,685821000.0,,930552000.0,30141000,29155000,0.1,159834000.0,29155000,166005000.0,-829000.0,166005000.0,47254000.0,361095000.0,6152000.0,,168207000.0,29515000.0,166005000.0,68095000.0,7780000.0,-12924000.0,9342000.0,20987000.0,862547000.0,3048000.0,38016000.0,281492000.0,24597000.0,-7593000.0,0.105,,,,1412000.0,54195000.0,-5612000.0,-9218000.0,225104000.0,129468000.0,1131436000.0,113000.0,-5052000.0,288094000.0,,259453000.0,18147000.0,65410000,2480000.0,1879000.0,7437000.0,1180000.0,238000.0,,332254000.0,,48425000.0,48288000.0,-10409000.0,-2628000.0,714896000.0,,176726000.0,494812000,56897000,,,,
2009-12-31,-57099000.0,2020121000.0,27015000.0,592982000.0,3832000.0,94027000.0,303015000.0,1317253000.0,,672206000.0,,938783000.0,36523000,37205000,,183301000.0,37205000,108906000.0,3954000.0,108906000.0,52209000.0,385686000.0,9259000.0,,192521000.0,10063000.0,108906000.0,67239000.0,9170000.0,-55873000.0,10131000.0,21329000.0,840687000.0,3884000.0,1661000.0,,9720000.0,3874000.0,,,,,1420000.0,51300000.0,-5345000.0,-7397000.0,252890000.0,166005000.0,1179434000.0,0.0,-37137000.0,,-107959000.0,289902000.0,19983000.0,75807000,-3195000.0,1826000.0,-14497000.0,3219000.0,-29993000.0,,369459000.0,,28538000.0,56506000.0,-26877000.0,-46591000.0,702868000.0,397861000.0,168481000.0,555905000,60369000,,,,
2010-03-31,84630000.0,2109297000.0,25046000.0,581211000.0,3329000.0,94776000.0,320226000.0,1326527000.0,,659625000.0,,945838000.0,51983000,53936000,0.185,184052000.0,53936000,193536000.0,81000.0,193536000.0,53368000.0,390950000.0,9567000.0,,193281000.0,15401000.0,193536000.0,66205000.0,7276000.0,-2564000.0,9980000.0,22059000.0,863988000.0,3500000.0,77163000.0,284388000.0,0.0,-4173000.0,0.19,,,,1427000.0,58050000.0,5663000.0,-4667000.0,283290000.0,108906000.0,1245309000.0,0.0,-7827000.0,290248000.0,,292425000.0,30831000.0,100070000,-2715000.0,2524000.0,26666000.0,418000.0,-1142000.0,,423395000.0,23240000.0,88065000.0,82814000.0,-10902000.0,-3746000.0,782770000.0,,204363000.0,603516000,90009000,,,,
2010-06-30,-3059000.0,2130742000.0,25040000.0,567324000.0,3061000.0,94733000.0,323415000.0,1330209000.0,,645194000.0,,950621000.0,37906000,37906000,0.13,182205000.0,37906000,190477000.0,-152000.0,190477000.0,52830000.0,412507000.0,9555000.0,,191367000.0,27080000.0,190477000.0,1015789000.0,7155000.0,-19797000.0,10031000.0,20927000.0,840844000.0,2453000.0,3181000.0,285684000.0,0.0,-20499000.0,0.135,,,,1431000.0,52405000.0,-6056000.0,-4976000.0,261266000.0,193536000.0,1289898000.0,0.0,-754000.0,290992000.0,,293493000.0,24686000.0,79778000,4091000.0,2588000.0,-34022000.0,-1515000.0,3650000.0,,461301000.0,8816000.0,13126000.0,62592000.0,-9945000.0,-9996000.0,800533000.0,,195650000.0,584681000,69899000,,,,
2010-09-30,-21799000.0,2205449000.0,32478000.0,557589000.0,2857000.0,100757000.0,346197000.0,1383949000.0,,643246000.0,,990589000.0,35901000,35901000,0.125,186445000.0,35901000,168678000.0,51000.0,168678000.0,53179000.0,444617000.0,9672000.0,,195994000.0,39880000.0,168678000.0,1055297000.0,7186000.0,-71933000.0,10378000.0,21832000.0,868538000.0,3422000.0,27237000.0,286516000.0,0.0,-19146000.0,0.125,,,,1438000.0,70413000.0,11700000.0,-3476000.0,261424000.0,190477000.0,1336911000.0,0.0,-243000.0,291596000.0,,306820000.0,22394000.0,75859000,-585000.0,2601000.0,-1810000.0,309000.0,6768000.0,,497202000.0,1713000.0,43372000.0,58295000.0,-16135000.0,-56539000.0,821500000.0,,225292000.0,607621000,65430000,,,,
2010-12-31,-72989000.0,2299509000.0,45902000.0,548066000.0,2744000.0,84028000.0,386563000.0,1462633000.0,,660027000.0,,1032973000.0,41328000,41328000,,204237000.0,41328000,95689000.0,-84000.0,95689000.0,66059000.0,492688000.0,9224000.0,,214293000.0,52888000.0,95689000.0,69302000.0,8148000.0,-97289000.0,11039000.0,29046000.0,885348000.0,5206000.0,-9836000.0,,0.0,-23977000.0,,,,,1455000.0,76437000.0,-1151000.0,4378000.0,287500000.0,168678000.0,1414161000.0,0.0,-757000.0,,-142401000.0,331312000.0,25096000.0,85611000,-1681000.0,2261000.0,-46040000.0,9751000.0,9686000.0,,538530000.0,,14620000.0,66424000.0,-24456000.0,-73297000.0,836876000.0,473713000.0,225321000.0,674063000,73207000,,,,
2011-03-31,-31172000.0,2355379000.0,49704000.0,544451000.0,2561000.0,85518000.0,443002000.0,1503262000.0,,661737000.0,,1057406000.0,58182000,58182000,0.195,225390000.0,58182000,64517000.0,-5285000.0,64517000.0,67582000.0,514894000.0,9245000.0,,236229000.0,14817000.0,64517000.0,1125278000.0,6409000.0,-61519000.0,11926000.0,35803000.0,870009000.0,-5281000.0,59222000.0,291222000.0,0.0,2678000.0,0.2,,,,1459000.0,75377000.0,-9658000.0,8993000.0,343646000.0,95689000.0,1485370000.0,0.0,-636069000.0,295840000.0,,342181000.0,37541000.0,114058000,642000.0,3342000.0,-224000.0,562000.0,-46987000.0,,596712000.0,20754000.0,77315000.0,95723000.0,-18093000.0,-43517000.0,852117000.0,,208272000.0,786648000,107417000,,,,
2011-06-30,-22261000.0,2417714000.0,52875000.0,570841000.0,2364000.0,88075000.0,437448000.0,1527338000.0,,688543000.0,,1063507000.0,46706000,46706000,0.16,229626000.0,46706000,42256000.0,-380000.0,42256000.0,64827000.0,556541000.0,8869000.0,,241373000.0,15520000.0,42256000.0,1131723000.0,4671000.0,-76450000.0,12871000.0,37172000.0,882012000.0,251144000.0,-682000.0,291834000.0,0.0,-22256000.0,0.16,,,,1462000.0,77951000.0,5133000.0,5267000.0,322236000.0,64517000.0,1535702000.0,0.0,-33189000.0,296262000.0,,358443000.0,29106000.0,93734000,103748000.0,3260000.0,-35771000.0,-568000.0,30454000.0,,643418000.0,690000.0,23765000.0,75812000.0,-24447000.0,-52074000.0,890376000.0,,193469000.0,759684000,80863000,,,,
2011-09-30,2856000.0,2538012000.0,55240000.0,613691000.0,2276000.0,113126000.0,449576000.0,1601422000.0,,730763000.0,,1121754000.0,49231000,49231000,0.165,233610000.0,49231000,45112000.0,-3533000.0,45112000.0,61832000.0,605665000.0,8713000.0,,245924000.0,18915000.0,45112000.0,1192238000.0,4847000.0,-102359000.0,13511000.0,38024000.0,958289000.0,-251053000.0,39348000.0,292650000.0,0.0,-31723000.0,0.17,,,,1465000.0,84496000.0,6295000.0,-7339000.0,334322000.0,42256000.0,1579723000.0,0.0,-79089000.0,296804000.0,,371160000.0,30787000.0,98376000,50055000.0,3426000.0,-7323000.0,,47255000.0,,692649000.0,,58102000.0,80018000.0,-18754000.0,-84921000.0,936590000.0,,227526000.0,783898000,88398000,,,,
2011-12-31,3135000.0,3199704000.0,142578000.0,926552000.0,26269000.0,131025000.0,547843000.0,2049969000.0,,1157926000.0,,1476063000.0,56145000,56145000,,284365000.0,56145000,48247000.0,-1657000.0,48247000.0,88796000.0,736846000.0,,,299394000.0,29524000.0,48247000.0,108910000.0,8380000.0,-331279000.0,16197000.0,40898000.0,1555619000.0,2115000.0,27468000.0,,0.0,-38790000.0,,,,,1470000.0,210875000.0,26819000.0,-8961000.0,391789000.0,45112000.0,1644085000.0,0.0,-310455000.0,,-179950000.0,424098000.0,28073000.0,108795000,55017000.0,-4894000.0,-30671000.0,,280689000.0,,748794000.0,,52590000.0,84218000.0,-25122000.0,-306422000.0,1149735000.0,604048000.0,397693000.0,939632000,92395000,,,,
2012-03-31,6922000.0,3260001000.0,112614000.0,856068000.0,52000000.0,123186000.0,584394000.0,2085723000.0,,1057842000.0,,1499382000.0,80991000,80991000,0.27,298635000.0,80991000,55169000.0,1609000.0,55169000.0,89160000.0,736641000.0,,,313528000.0,40498000.0,55169000.0,1607588000.0,7367000.0,-46026000.0,16257000.0,47358000.0,1514916000.0,2561000.0,88826000.0,294278000.0,0.0,13000000.0,0.275,,,,1474000.0,212538000.0,-2557000.0,-104000.0,447383000.0,48247000.0,1745085000.0,0.0,-415821000.0,299342000.0,,430777000.0,47106000.0,151721000,80289000.0,1449000.0,12160000.0,,-57747000.0,,829785000.0,28852000.0,110155000.0,128097000.0,-21329000.0,-24930000.0,1174278000.0,,457074000.0,1031777000,133855000,,,,
2012-06-30,4184000.0,3425409000.0,123515000.0,954067000.0,51313000.0,115599000.0,584600000.0,2172402000.0,,1166359000.0,,1578605000.0,63998000,63998000,0.215,295816000.0,63998000,59353000.0,-2207000.0,59353000.0,88777000.0,798807000.0,,,311169000.0,46379000.0,59353000.0,1684182000.0,7356000.0,-115432000.0,17189000.0,44655000.0,1611681000.0,4658000.0,-9429000.0,295290000.0,0.0,-43763000.0,0.215,,,,1480000.0,224276000.0,6359000.0,-9616000.0,421931000.0,55169000.0,1813728000.0,0.0,-81391000.0,300152000.0,,443565000.0,37201000.0,125744000,66069000.0,6529000.0,-71711000.0,,109208000.0,,893783000.0,7755000.0,10857000.0,101199000.0,-20286000.0,-95385000.0,1253007000.0,,445322000.0,1006531000,110762000,,,,
2012-09-30,9861000.0,3502575000.0,130186000.0,929743000.0,52643000.0,133512000.0,607002000.0,2206226000.0,,1149415000.0,,1597936000.0,54048000,54048000,0.18,301440000.0,54048000,69214000.0,-334000.0,69214000.0,89486000.0,826354000.0,,,318155000.0,52103000.0,69214000.0,1706633000.0,7964000.0,-31609000.0,18128000.0,46321000.0,1613934000.0,3677000.0,42039000.0,296437000.0,0.0,-16906000.0,0.18,,,,2970000.0,219098000.0,-11694000.0,-676000.0,409705000.0,59353000.0,1888641000.0,0.0,-273950000.0,301172000.0,,453272000.0,29204000.0,109344000,56640000.0,3998000.0,-13854000.0,,-20181000.0,,947831000.0,7163000.0,61060000.0,83252000.0,-19021000.0,-12808000.0,1296349000.0,,464519000.0,1016707000,91550000,,,,
2012-12-31,-9444000.0,3723456000.0,122381000.0,1046762000.0,59323000.0,134822000.0,622794000.0,2339105000.0,311808000.0,1271418000.0,,1690284000.0,62188000,62188000,0.21,229574000.0,62188000,59770000.0,-49000.0,59770000.0,102275000.0,900803000.0,,,340584000.0,71716000.0,59770000.0,106715000.0,8611000.0,-159467000.0,18591000.0,47727000.0,1759362000.0,-18496000.0,-3501000.0,297213000.0,0.0,-47373000.0,0.21,,,,2978000.0,219335000.0,-7205000.0,759000.0,445121000.0,69214000.0,1964094000.0,0.0,-106940000.0,302075000.0,-231130000.0,494379000.0,34431000.0,123821000,-198483000.0,3658000.0,-60429000.0,,125792000.0,,1010019000.0,2748000.0,24118000.0,96619000.0,-27619000.0,-132213000.0,1384351000.0,725509000.0,487944000.0,1067915000,104537000,,,,
2013-03-31,3227000.0,3722699000.0,86850000.0,987979000.0,60524000.0,148168000.0,694048000.0,2323137000.0,357580000.0,1176731000.0,,1674844000.0,84592000,84592000,0.28,240913000.0,84592000,62997000.0,-2730000.0,62997000.0,101902000.0,883443000.0,,,358856000.0,79531000.0,62997000.0,101629000.0,8595000.0,-34293000.0,19040000.0,54185000.0,1681470000.0,3002000.0,84972000.0,298226000.0,0.0,9580000.0,0.28,,,-47973000.0,2985000.0,202084000.0,-7911000.0,-17489000.0,501949000.0,59770000.0,2041229000.0,0.0,-73755000.0,302937000.0,,492479000.0,47176000.0,159403000,1716000.0,4949000.0,-862000.0,,-67913000.0,,1094611000.0,14432000.0,106433000.0,131768000.0,-21461000.0,-13264000.0,1399562000.0,,504739000.0,1195997000,143093000,,,,
2013-06-30,98593000.0,4218315000.0,91989000.0,1311519000.0,56972000.0,163855000.0,741875000.0,2559825000.0,413215000.0,1521552000.0,,1826128000.0,75722000,75722000,0.25,252595000.0,75722000,161590000.0,-6128000.0,161590000.0,118044000.0,972926000.0,,,374815000.0,64962000.0,161590000.0,148771000.0,12492000.0,-313186000.0,20671000.0,69573000.0,2080662000.0,-8621000.0,84367000.0,299159000.0,0.0,-15807000.0,0.25,,,-2347000.0,2998000.0,263565000.0,22272000.0,-18064000.0,509873000.0,62997000.0,2137653000.0,0.0,-591978000.0,303657000.0,,515353000.0,40716000.0,149601000,4410000.0,5613000.0,4541000.0,,309065000.0,,1170333000.0,9756000.0,103057000.0,116438000.0,-18690000.0,-295315000.0,1658490000.0,,559110000.0,1251748000,135058000,,,,
2013-09-30,-54253000.0,4361059000.0,94815000.0,1250932000.0,67010000.0,213007000.0,780187000.0,2685408000.0,438800000.0,1464440000.0,,1920916000.0,73445000,73445000,0.24,263139000.0,73445000,107337000.0,-1356000.0,107337000.0,118693000.0,1018169000.0,,,392306000.0,61123000.0,107337000.0,154429000.0,15200000.0,-117298000.0,22157000.0,78166000.0,2106953000.0,4705000.0,110464000.0,300223000.0,0.0,-11980000.0,0.24,,,15033000.0,3005000.0,284900000.0,-12720000.0,11075000.0,517907000.0,161590000.0,2254106000.0,-9136000.0,-172396000.0,304685000.0,,531897000.0,35600000.0,146402000,1298000.0,5730000.0,33905000.0,,-71833000.0,,1243778000.0,16473000.0,131439000.0,109045000.0,-20975000.0,-96531000.0,1675651000.0,,642513000.0,1298094000,125601000,,,,
2013-12-31,43151000.0,4518774000.0,92008000.0,1264246000.0,71140000.0,198769000.0,771016000.0,2718957000.0,458094000.0,1490076000.0,,1937444000.0,77864000,77864000,0.26,272352000.0,77864000,150488000.0,-3521000.0,150488000.0,133822000.0,1076952000.0,,0.0,409072000.0,41535000.0,150488000.0,153739000.0,14644000.0,-40829000.0,24595000.0,81123000.0,2168029000.0,2322000.0,58067000.0,300644000.0,0.0,-51015000.0,0.26,,,-9383000.0,3008000.0,349069000.0,48000000.0,20011000.0,545673000.0,107337000.0,2350745000.0,0.0,-43942000.0,305199000.0,-294183000.0,546651000.0,40712000.0,157815000,2206000.0,5744000.0,-25211000.0,,-3378000.0,,1321642000.0,17440000.0,87127000.0,118576000.0,-29060000.0,-12410000.0,1799817000.0,840834000.0,677953000.0,1316689000,136601000,,,,
2014-03-31,-37242000.0,5209828000.0,105261000.0,1695627000.0,84948000.0,243837000.0,973893000.0,3116347000.0,577212000.0,1962886000.0,,2197255000.0,104653000,104653000,0.34,321859000.0,104653000,113246000.0,-2327000.0,113246000.0,161998000.0,1255804000.0,,-2240000.0,474729000.0,35106000.0,113246000.0,229352000.0,16118000.0,-521287000.0,27846000.0,95873000.0,2738801000.0,3060000.0,63293000.0,301406000.0,0.0,-19021000.0,0.35,,,-49615000.0,3018000.0,384102000.0,-9336000.0,20204000.0,651884000.0,150488000.0,2471027000.0,0.0,-398952000.0,305514000.0,,593867000.0,54021000.0,202674000,545000.0,6246000.0,-35468000.0,,386213000.0,,1426295000.0,27922000.0,97009000.0,158710000.0,-33716000.0,-488976000.0,2093481000.0,,775915000.0,1625777000,177155000,,,,
2014-06-30,-3682000.0,5498845000.0,105832000.0,1879837000.0,37430000.0,248632000.0,1038073000.0,3258119000.0,624300000.0,2146121000.0,,2308943000.0,104882000,104882000,0.34,333129000.0,104882000,109564000.0,-4204000.0,109564000.0,160452000.0,1346723000.0,,0.0,491562000.0,71487000.0,109564000.0,230429000.0,15628000.0,-181035000.0,31047000.0,97147000.0,2896329000.0,2972000.0,21580000.0,302030000.0,0.0,-21752000.0,0.35,,,-22164000.0,3022000.0,392659000.0,-11213000.0,36510000.0,671059000.0,113246000.0,2602516000.0,0.0,-294634000.0,305837000.0,,621600000.0,54341000.0,206340000,1100000.0,5537000.0,-84437000.0,,120258000.0,,1531177000.0,,55195000.0,159665000.0,-33615000.0,-148596000.0,2240726000.0,,750208000.0,1709132000,179497000,,,,
2014-09-30,135082000.0,5534578000.0,111093000.0,1825133000.0,33875000.0,261018000.0,1056613000.0,3189040000.0,609434000.0,2095496000.0,,2257153000.0,91515000,91515000,0.3,340801000.0,91515000,244646000.0,-3588000.0,244646000.0,159270000.0,1341325000.0,,0.0,504629000.0,72908000.0,244646000.0,221049000.0,16394000.0,-47549000.0,31754000.0,98546000.0,2866884000.0,1542000.0,137578000.0,302724000.0,0.0,-14493000.0,0.3,,,2099000.0,3030000.0,403587000.0,21982000.0,-2032000.0,664411000.0,109564000.0,2667694000.0,0.0,-146235000.0,306206000.0,,612292000.0,47564000.0,187948000,1795000.0,5184000.0,44898000.0,,16939000.0,,1622692000.0,,170438000.0,139800000.0,-32860000.0,-15282000.0,2345538000.0,,771388000.0,1721024000,159782000,,,,
2014-12-31,-130041000.0,5573492000.0,119430000.0,1801047000.0,36815000.0,250164000.0,1019572000.0,3256075000.0,601422000.0,2102139000.0,,2288895000.0,80469000,80469000,0.26,344440000.0,80469000,114605000.0,-2562000.0,114605000.0,181662000.0,1433847000.0,,,516319000.0,63515000.0,114605000.0,245525000.0,15965000.0,-171123000.0,34790000.0,91668000.0,2852835000.0,5747000.0,7496000.0,303191000.0,0.0,-67324000.0,0.27,,,7941000.0,3035000.0,400202000.0,-6907000.0,-40225000.0,664559000.0,244646000.0,2720657000.0,-1883000.0,-315773000.0,306601000.0,-374291000.0,629987000.0,48338000.0,180468000,3153000.0,5054000.0,-78094000.0,,-4407000.0,,1703161000.0,,48255000.0,129713000.0,-40759000.0,-123067000.0,2317417000.0,1004278000.0,750696000.0,1684131000,148240000,,,,
2015-03-31,60887000.0,5522466000.0,120540000.0,1672332000.0,59568000.0,252820000.0,1074433000.0,3185287000.0,645037000.0,1970245000.0,,2235043000.0,107095000,107095000,0.35,344955000.0,107095000,175492000.0,-8407000.0,175492000.0,177373000.0,1358056000.0,,,507065000.0,62303000.0,175492000.0,231852000.0,14906000.0,-34276000.0,30669000.0,96821000.0,2742559000.0,-42000.0,154049000.0,304003000.0,0.0,43823000.0,0.35,,,-62329000.0,3042000.0,397623000.0,11233000.0,-94624000.0,699479000.0,114605000.0,2779907000.0,-7316000.0,-81688000.0,306961000.0,,621571000.0,60098000.0,214676000,3298000.0,5546000.0,38738000.0,,-80412000.0,,1810256000.0,37063000.0,180145000.0,169101000.0,-26096000.0,-864000.0,2337179000.0,,772314000.0,1773912000,192414000,,,,
2015-06-30,-32069000.0,5634542000.0,123497000.0,1652064000.0,41286000.0,252750000.0,1114126000.0,3261921000.0,651271000.0,1954084000.0,,2286518000.0,119722000,119722000,0.39,355835000.0,119722000,143423000.0,-1760000.0,143423000.0,178523000.0,1402399000.0,,,521996000.0,39378000.0,143423000.0,228580000.0,14622000.0,-74904000.0,31045000.0,96770000.0,2680449000.0,1536000.0,61887000.0,304286000.0,0.0,-5424000.0,0.39,,,13334000.0,3044000.0,392951000.0,-29830000.0,-49217000.0,723944000.0,175492000.0,2954093000.0,2107000.0,-68015000.0,307247000.0,,650053000.0,64682000.0,231233000,2582000.0,5568000.0,-54827000.0,,-64509000.0,,1929978000.0,,102554000.0,185566000.0,-40667000.0,-36344000.0,2372621000.0,,726365000.0,1838070000,201948000,,,,
2015-09-30,-6337000.0,5704032000.0,124255000.0,1570056000.0,64097000.0,280086000.0,1118953000.0,3316889000.0,626780000.0,1869621000.0,,2348092000.0,101346000,101346000,0.33,366655000.0,101346000,137086000.0,-1650000.0,137086000.0,175310000.0,1464627000.0,,,541456000.0,37174000.0,137086000.0,219632000.0,14722000.0,-144576000.0,32974000.0,96385000.0,2667319000.0,4755000.0,175814000.0,305059000.0,0.0,-16054000.0,0.33,,,42691000.0,3054000.0,416341000.0,7458000.0,-82088000.0,712779000.0,143423000.0,3036713000.0,8383000.0,-77025000.0,307728000.0,,652780000.0,52475000.0,202647000,700000.0,5177000.0,75362000.0,,-68024000.0,,2031324000.0,,208624000.0,154951000.0,-32810000.0,-120149000.0,2387143000.0,,797698000.0,1831732000,171323000,,,,
2015-12-31,-49689000.0,5647837000.0,125278000.0,1528668000.0,31596000.0,248752000.0,1051592000.0,3307125000.0,590160000.0,1781185000.0,,2319246000.0,95060000,95060000,0.31,363785000.0,95060000,87397000.0,-5785000.0,87397000.0,127239000.0,1556552000.0,,,538874000.0,56034000.0,87397000.0,215117000.0,13256000.0,-76237000.0,33504000.0,76195000.0,2533155000.0,518000.0,-32403000.0,305520000.0,0.0,-105533000.0,0.31,,,21008000.0,3055000.0,415588000.0,6917000.0,-105470000.0,697327000.0,137086000.0,3114682000.0,-2160000.0,-12299000.0,308028000.0,-437946000.0,696567000.0,42448000.0,186172000,768000.0,5045000.0,-117478000.0,,-11147000.0,,2126384000.0,,38514000.0,139412000.0,-70917000.0,-3160000.0,2340712000.0,1134513000.0,751970000.0,1748919000,158453000,,,,
2016-03-31,141823000.0,7356857000.0,150437000.0,2743197000.0,64472000.0,311747000.0,1161039000.0,4362970000.0,882582000.0,3073038000.0,,3075293000.0,107732000,107732000,0.35,370661000.0,107732000,229220000.0,-20230000.0,229220000.0,179404000.0,1782797000.0,,,559954000.0,75365000.0,229220000.0,447730000.0,14592000.0,-625024000.0,33166000.0,81306000.0,4122448000.0,-3551000.0,68974000.0,306157000.0,0.0,18973000.0,0.35,,,-78373000.0,3065000.0,597826000.0,20514000.0,-104751000.0,760437000.0,87397000.0,3234409000.0,29104000.0,-543347000.0,308369000.0,,758641000.0,57567000.0,213419000,1156000.0,5916000.0,-32274000.0,,637803000.0,,2234116000.0,,119367000.0,165661000.0,-50393000.0,-603735000.0,2993887000.0,,1049410000.0,1921476000,200483000,,,,
2016-06-30,43983000.0,8185944000.0,209956000.0,3274629000.0,40794000.0,331618000.0,1528746000.0,4887516000.0,995153000.0,3709923000.0,,3059488000.0,140737000,140737000,0.46,438484000.0,140737000,273203000.0,-10419000.0,273203000.0,225338000.0,1890536000.0,,,669683000.0,60832000.0,273203000.0,630360000.0,26381000.0,-716481000.0,57716000.0,142622000.0,4878305000.0,-8216000.0,183937000.0,306718000.0,0.0,23575000.0,0.46,,,-5142000.0,3067000.0,735138000.0,10490000.0,-181502000.0,921947000.0,229220000.0,3307639000.0,551000.0,0.0,308898000.0,-485592000.0,1055046000.0,74874000.0,299561000,6037000.0,5509000.0,27912000.0,,540162000.0,,2374853000.0,,235863000.0,215464000.0,-51926000.0,-665106000.0,3298428000.0,1540638000.0,1168382000.0,2450693000,252264000,,,,
2016-09-30,-1352000.0,8203952000.0,211440000.0,3189345000.0,46814000.0,344846000.0,1503418000.0,4908411000.0,959321000.0,3627467000.0,,3117150000.0,122688000,122688000,0.4,435938000.0,122688000,271851000.0,-5133000.0,271851000.0,226682000.0,1912568000.0,,,672002000.0,74829000.0,271851000.0,619246000.0,27059000.0,-83185000.0,59488000.0,148308000.0,4776675000.0,-9077000.0,118494000.0,307190000.0,0.0,-15478000.0,0.4,,,37139000.0,3074000.0,682719000.0,-43416000.0,-190666000.0,883412000.0,273203000.0,3427277000.0,-472000.0,0.0,310036000.0,,1023707000.0,56797000.0,265765000,-482000.0,5637000.0,-31582000.0,,-89483000.0,,2504028000.0,,168921000.0,179218000.0,-50427000.0,-32286000.0,3295541000.0,,1149208000.0,2386830000,211410000,,,,
2016-12-31,-37335000.0,8303199000.0,174146000.0,3275662000.0,183047000.0,288308000.0,1320400000.0,4735605000.0,860549000.0,3649465000.0,183467000.0,3054769000.0,96298000,86331000,0.28,434222000.0,86331000,227400000.0,1259000.0,227400000.0,199657000.0,1935237000.0,,,661178000.0,66109000.0,227400000.0,584231000.0,23856000.0,-285238000.0,55716000.0,101562000.0,4860250000.0,-1584000.0,56535000.0,307514000.0,456640000.0,-91184000.0,0.28,,,-4425000.0,3075000.0,633773000.0,30989000.0,-267175000.0,830006000.0,271851000.0,3442949000.0,2973000.0,-2105012000.0,310120000.0,-495644000.0,811576000.0,47341000.0,223284000,12839000.0,5410000.0,-51741000.0,,137255000.0,,2590359000.0,,110863000.0,143712000.0,-54328000.0,-233883000.0,3567594000.0,1307220000.0,1210785000.0,2150406000,168828000,,,,
2017-03-31,30098000.0,8122246000.0,200893000.0,2933277000.0,83601000.0,332995000.0,1412750000.0,4804120000.0,973670000.0,3355674000.0,185262000.0,3120844000.0,140809000,136278000,0.44,453037000.0,136278000,264614000.0,-1882000.0,264614000.0,221504000.0,1978465000.0,,,691473000.0,91988000.0,264614000.0,576451000.0,23988000.0,181157000.0,50604000.0,112355000.0,4515375000.0,1356000.0,127895000.0,308028000.0,0.0,-745000.0,0.44,,,-108893000.0,3083000.0,651117000.0,24449000.0,-245636000.0,930093000.0,234516000.0,3606871000.0,1314000.0,-398758000.0,310300000.0,,809208000.0,72155000.0,287342000,1343000.0,7285000.0,-31797000.0,,-326386000.0,,2726637000.0,,172293000.0,212750000.0,-44398000.0,-77056000.0,3318126000.0,,1159701000.0,2342843000,238620000,,,,
2017-06-30,38930000.0,8430942000.0,236627000.0,2890708000.0,47041000.0,353558000.0,1493402000.0,4930207000.0,1001246000.0,3352597000.0,181996000.0,3191613000.0,150914000,150914000,0.49,473334000.0,150914000,303544000.0,3287000.0,303544000.0,225262000.0,2063462000.0,,,717915000.0,96860000.0,303544000.0,595333000.0,24596000.0,-67421000.0,56002000.0,119657000.0,4574257000.0,-3074000.0,142657000.0,308407000.0,0.0,-19633000.0,0.49,,,10531000.0,3086000.0,724201000.0,39140000.0,-154270000.0,965009000.0,264614000.0,3856685000.0,3398000.0,-210286000.0,310396000.0,,841608000.0,75862000.0,306383000,-6083000.0,5158000.0,-16187000.0,,-96690000.0,,2877551000.0,,189804000.0,225785000.0,-47147000.0,-23672000.0,3500735000.0,,1221660000.0,2458411000,247094000,,,,
2017-09-30,-28467000.0,8863938000.0,257302000.0,3021717000.0,51783000.0,373816000.0,1508924000.0,5195565000.0,1021728000.0,3520563000.0,199246000.0,3392363000.0,122381000,122381000,0.39,493464000.0,122381000,275077000.0,-902000.0,275077000.0,241544000.0,2236376000.0,,,752855000.0,126887000.0,275077000.0,602424000.0,25222000.0,-197893000.0,59902000.0,133560000.0,4822901000.0,-1140000.0,43154000.0,308909000.0,0.0,-77206000.0,0.4,,,22918000.0,3090000.0,749852000.0,-21414000.0,-97612000.0,956876000.0,303544000.0,4041037000.0,-1962000.0,-199649000.0,310779000.0,,867972000.0,58189000.0,263021000,-7242000.0,5139000.0,-93034000.0,,76013000.0,,2999932000.0,,87146000.0,177897000.0,-43992000.0,-151939000.0,3668373000.0,,1302338000.0,2465800000,204021000,,,,
2017-12-31,4689000.0,9366872000.0,307516000.0,3277620000.0,45727000.0,362024000.0,1522210000.0,5544738000.0,1027106000.0,3837495000.0,208404000.0,3536511000.0,122870000,124171000,0.39,495864000.0,124171000,279766000.0,-9877000.0,279766000.0,252359000.0,2380783000.0,,,770390000.0,126360000.0,279766000.0,743769000.0,27144000.0,-300438000.0,63695000.0,142965000.0,5160219000.0,-1695000.0,26104000.0,309070000.0,0.0,-106273000.0,0.39,,,19465000.0,3091000.0,788613000.0,2961000.0,-70476000.0,947645000.0,275077000.0,4198169000.0,11200000.0,-176913000.0,311106000.0,-606112000.0,913089000.0,29354000.0,241034000,13283000.0,5250000.0,-85491000.0,,234496000.0,,3124103000.0,,69657000.0,150195000.0,-43553000.0,-268085000.0,3822134000.0,1519201000.0,1322724000.0,2469855000,177255000,,,,
2018-03-31,-34087000.0,9636178000.0,329395000.0,3170788000.0,41167000.0,478683000.0,1666793000.0,5597035000.0,1211788000.0,3742409000.0,208210000.0,3572198000.0,152763000,152960000,0.49,766891000.0,152960000,245679000.0,-1172000.0,245679000.0,242226000.0,2401309000.0,,,823349000.0,142277000.0,245679000.0,740804000.0,28515000.0,-64621000.0,61066000.0,146067000.0,5217197000.0,91000.0,82974000.0,309517000.0,,5016000.0,0.49,,,-130520000.0,3096000.0,812661000.0,23924000.0,-14618000.0,1053971000.0,279766000.0,4406587000.0,534000.0,-325930000.0,311347000.0,,929756000.0,49584000.0,290516000,-3134000.0,5982000.0,-71514000.0,,-117506000.0,,3271718000.0,,145163000.0,200935000.0,-62189000.0,-2966000.0,4039143000.0,,1474788000.0,2720764000,230622000,,,,
2018-06-30,99523000.0,11548631000.0,389570000.0,4261176000.0,49603000.0,579690000.0,1868872000.0,6955025000.0,1301514000.0,4983348000.0,202653000.0,4421976000.0,157866000,157007000,0.5,826044000.0,157007000,345202000.0,-16305000.0,345202000.0,332602000.0,2718158000.0,,,889207000.0,177372000.0,345202000.0,973031000.0,38272000.0,-1184596000.0,68438000.0,168901000.0,6771656000.0,-16577000.0,130274000.0,312556000.0,,-17793000.0,0.51,,,18342000.0,3178000.0,981643000.0,-49304000.0,-116061000.0,1161879000.0,245679000.0,4719472000.0,1640000.0,-449477000.0,314012000.0,-661819000.0,1188464000.0,60775000.0,324805000,7490000.0,5862000.0,-56150000.0,,1171849000.0,,3428725000.0,,183506000.0,218095000.0,-53232000.0,-1133004000.0,4593606000.0,1850283000.0,1788308000.0,3030751000,272672000,,,,
2018-09-30,-3856000.0,11585336000.0,376566000.0,4250137000.0,57088000.0,618480000.0,1925180000.0,6992276000.0,1255876000.0,4952240000.0,157409000.0,4475266000.0,134480000,134102000,0.42,879150000.0,134102000,341346000.0,345000.0,341346000.0,325537000.0,2794894000.0,,,955851000.0,118365000.0,341346000.0,953372000.0,40860000.0,-122299000.0,81473000.0,205226000.0,6687920000.0,-2038000.0,136156000.0,318082000.0,,-58281000.0,0.42,,,41381000.0,3182000.0,941747000.0,-46617000.0,-134791000.0,1197198000.0,345202000.0,4840460000.0,15206000.0,-449428000.0,319402000.0,-691086000.0,1201003000.0,46068000.0,323165000,-11543000.0,5700000.0,-40327000.0,,-75029000.0,,3562827000.0,,192498000.0,200832000.0,-56342000.0,-81163000.0,4593060000.0,1892089000.0,1735680000.0,3122378000,241347000,,,,
2018-12-31,-4096000.0,11393402000.0,364194000.0,4188674000.0,61109000.0,565015000.0,1840972000.0,6872453000.0,1154083000.0,4864302000.0,179169000.0,4381458000.0,42456000,36049000,,880646000.0,36049000,331761000.0,-47472000.0,331761000.0,311434000.0,2836075000.0,,,958537000.0,121826000.0,337250000.0,928752000.0,38730000.0,-87423000.0,83100000.0,162912000.0,6554650000.0,-2821000.0,111308000.0,,,-56095000.0,,,,71038000.0,3184000.0,942398000.0,-5624000.0,-174950000.0,1161809000.0,341346000.0,4782298000.0,21344000.0,-713943000.0,,-685751000.0,1220162000.0,34968000.0,245399000,16721000.0,5216000.0,-31700000.0,,-96319000.0,,3598876000.0,,189572000.0,123569000.0,-78264000.0,-58162000.0,4520949000.0,1905913000.0,1690348000.0,3002781000,203272000,,,,
2019-03-31,-15803000.0,12665910000.0,329298000.0,4092766000.0,100058000.0,566287000.0,1892039000.0,8021140000.0,1353491000.0,5837648000.0,134234000.0,4354306000.0,99063000,98048000,0.31,896532000.0,98048000,316066000.0,-14479000.0,316066000.0,305770000.0,2692006000.0,,,967534000.0,136283000.0,321447000.0,889609000.0,,-57784000.0,76207000.0,157073000.0,7809136000.0,-2782000.0,124209000.0,315046000.0,,71811000.0,0.31,,-70462000.0,-205029000.0,3189000.0,952688000.0,23291000.0,-190854000.0,1208264000.0,337250000.0,4799482000.0,17000.0,-352062000.0,316018000.0,,2485918000.0,51550000.0,316937000,-310000.0,5673000.0,-57982000.0,,-132731000.0,,3696924000.0,,177225000.0,190162000.0,-53016000.0,-4785000.0,4644770000.0,2485918000.0,1971488000.0,3100303000,240730000,,,,
2019-06-30,65347000.0,12704236000.0,342185000.0,3919902000.0,134855000.0,587996000.0,2000986000.0,8072387000.0,1285802000.0,5687542000.0,133154000.0,4409925000.0,151707000,150561000,0.48,898368000.0,150561000,375967000.0,-36141000.0,375967000.0,303179000.0,2650138000.0,,,969202000.0,132641000.0,381422000.0,880123000.0,,-58986000.0,76154000.0,147954000.0,7794488000.0,2857000.0,412927000.0,311891000.0,,59418000.0,0.48,,-120300000.0,55977000.0,3190000.0,1031952000.0,73597000.0,-188553000.0,1247187000.0,321447000.0,4840489000.0,-752000.0,-278719000.0,312719000.0,,2501231000.0,55825000.0,354139000,-3206000.0,7986000.0,194643000.0,,-339257000.0,,3847485000.0,,461179000.0,205960000.0,-48252000.0,-9982000.0,4631849000.0,2501231000.0,2106946000.0,3248173000,277985000,,,,
2019-09-30,56142000.0,12411690000.0,322205000.0,3737112000.0,113349000.0,589113000.0,1947444000.0,7927832000.0,1223197000.0,5484939000.0,144009000.0,4309822000.0,151812000,152263000,0.49,892124000.0,152263000,433391000.0,611000.0,433391000.0,296199000.0,2582188000.0,,,963637000.0,128143000.0,438608000.0,837272000.0,,-43319000.0,77878000.0,149281000.0,7538990000.0,-7200000.0,262484000.0,307230000.0,,17008000.0,0.5,,-101051000.0,,3196000.0,997874000.0,-6009000.0,-260746000.0,1200329000.0,381422000.0,4817767000.0,8103000.0,-186850000.0,307960000.0,,2487448000.0,57747000.0,314570000,-9804000.0,7178000.0,102523000.0,,-217706000.0,,3999748000.0,,326767000.0,205327000.0,-64283000.0,-6644000.0,4483858000.0,2487448000.0,2054051000.0,3147773000,236692000,,,,
