date,quarterlyCurrentAssets,quarterlyRetainedEarnings,quarterlyCashDividendsPaid,quarterlyDepreciationAndAmortization,quarterlyCurrentLiabilities,quarterlyOtherNonCashItems,quarterlySellingGeneralAndAdministration,quarterlyOtherShortTermInvestments,quarterlyTotalNonCurrentLiabilitiesNetMinorityInterest,quarterlyBasicEPS,quarterlyTotalRevenue,quarterlyPurchaseOfInvestment,quarterlyFreeCashFlow,quarterlyNetIncomeCommonStockholders,quarterlyTotalAssets,quarterlyTotalNonCurrentAssets,quarterlyTotalLiabilitiesNetMinorityInterest,quarterlyOtherNonCurrentAssets,quarterlyNetIncomeContinuousOperations,quarterlyNetIncome,quarterlyOtherNonCurrentLiabilities,quarterlyOtherCurrentAssets,quarterlyInventory,quarterlyEndCashPosition,quarterlyOtherIncomeExpense,quarterlyNetOtherInvestingChanges,quarterlyInvestingCashFlow,quarterlyAccountsReceivable,quarterlyCostOfRevenue,quarterlyCurrentAccruedExpenses,quarterlyGoodwill,quarterlyDilutedAverageShares,quarterlyNonCurrentDeferredTaxesLiabilities,quarterlyLongTermDebt,quarterlyCurrentDeferredRevenue,quarterlyChangeInAccountPayable,quarterlyInvestmentsAndAdvances,quarterlyChangeInInventory,quarterlyGrossProfit,quarterlyOperatingExpense,quarterlyPurchaseOfBusiness,quarterlyOtherIntangibleAssets,quarterlyStockholdersEquity,quarterlyCashCashEquivalentsAndMarketableSecurities,quarterlyCashAndCashEquivalents,quarterlyBeginningCashPosition,quarterlyCapitalStock,quarterlyRepaymentOfDebt,quarterlyDilutedEPS,quarterlyTaxProvision,quarterlyPretaxIncome,quarterlyChangesInAccountReceivables,quarterlyCurrentDebt,quarterlyAccumulatedDepreciation,quarterlyCapitalExpenditure,quarterlyInterestExpense,quarterlyCashFlowFromContinuingFinancingActivities,quarterlyNetOtherFinancingCharges,quarterlyGainsLossesNotAffectingRetainedEarnings,quarterlyRepurchaseOfCapitalStock,quarterlyBasicAverageShares,quarterlyGrossPPE,quarterlyIncomeTaxPayable,quarterlyOperatingCashFlow,quarterlySaleOfInvestment,quarterlyOperatingIncome,quarterlyChangeInCashSupplementalAsReported,quarterlyOtherCurrentLiabilities,quarterlyCommonStockIssuance,quarterlyResearchAndDevelopment,quarterlyChangeInWorkingCapital,quarterlyAccountsPayable,quarterlyDeferredIncomeTax,quarterlyNetPPE,quarterlyStockBasedCompensation,quarterlyEbitda,quarterlyNonCurrentDeferredRevenue
1986-09-30,,,,,,,,,,0.01,4000000,,,,,,,,100000,,,,,,,,,,,,,145392000.0,,,,,,,,,,,,,,,,,0.01,,,,,,,,,,,,145392000.0,,,,,4000000,,,,,,,,,,4000000,
1986-12-31,,,,,,,,,,0.01,4000000,,,,,,,,100000,,,,,,,,,,,,,145392000.0,,,,,,,,,,,,,,,,,0.01,,,,,,,,,,,,145392000.0,,,,,4000000,,,,,,,,,,4000000,
1987-03-31,,,,,,,,,,0.01,4000000,,,,,,,,100000,,,,,,,,,,,,,145392000.0,,,,,,,,,,,,,,,,,0.01,,,,,,,,,,,,145392000.0,,,,,4000000,,,,,,,,,,4000000,
1987-06-30,10600000.0,-7200000.0,,,4600000.0,,,,3400000.0,,4000000,,,,19200000.0,8600000.0,8000000.0,1300000.0,100000,,-100000.0,200000.0,4400000.0,,,,,,,,,,,3500000.0,,,,,,,,1100000.0,11200000.0,2300000.0,2300000.0,,,,,,,,1400000.0,-3500000.0,,,,,,,,9700000.0,,,,-10600000,,3200000.0,,,,,,6200000.0,,-10600000,
1987-09-30,,,,,,,,,,0.01,7000000,,,,,,,,700000,,,,,,,,,,,,,173936000.0,,,,,,,,,,,,,,,,,0.01,,,,,,,,,,,,173936000.0,,,,,7000000,,,,,,,,,,7000000,
1987-12-31,,,,,,,,,,0.01,7100000,,,,,,,,700000,,,,,,,,,,,,,173936000.0,,,,,,,,,,,,,,,,,0.01,,,,,,,,,,,,173936000.0,,,,,7100000,,,,,,,,,,7100000,
1988-03-31,,,,,,,,,,0.01,7100000,,,,,,,,700000,,,,,,,,,,,,,173936000.0,,,,,,,,,,,,,,,,,0.01,,,,,,,,,,,,173936000.0,,,,,7100000,,,,,,,,,,7100000,
1988-06-30,18300000.0,-3700000.0,,,8400000.0,,,,4300000.0,,7100000,,,,34700000.0,16400000.0,12700000.0,800000.0,800000,,0.0,100000.0,5900000.0,,,,,,,,,,,4300000.0,,,,,,,,1000000.0,22000000.0,7400000.0,7400000.0,,,,,,,,2000000.0,-5600000.0,,,,,,,,20200000.0,,,,-16100000,,6400000.0,,,,,,14600000.0,,-16100000,
1988-09-30,,,,,,,,,,0.01,9500000,,,,,,,,1200000,,,,,,,,,,,,,179056000.0,,,,,,,,,,,,,,,,,0.01,,,,,,,,,,,,179056000.0,,,,,9500000,,,,,,,,,,9500000,
1988-12-31,,,,,,,,,,0.01,10300000,,,,,,,,1300000,,,,,,,,,,,,,179056000.0,,,,,,,,,,,,,,,,,0.01,,,,,,,,,,,,179056000.0,,,,,10300000,,,,,,,,,,10300000,
1989-03-31,,,,,,,,,,0.01,10600000,,,,,,,,1500000,,,,,,,,,,,,,179056000.0,,,,,,,,,,,,,,,,,0.01,,,,,,,,,,,,179056000.0,,,,,10600000,,,,,,,,,,10600000,
1989-06-30,24700000.0,1800000.0,,,12900000.0,,,,5300000.0,,11700000,,,,46700000.0,22000000.0,18200000.0,800000.0,1600000,,0.0,700000.0,8400000.0,,,,,,,,,,700000.0,4600000.0,,,,,,,,800000.0,28500000.0,7700000.0,7700000.0,,,,,,,,2300000.0,-8500000.0,,,,,,,,28900000.0,,,,-21500000,,10600000.0,,,,,,20400000.0,,-21500000,
1989-09-30,,,,,,,,,,0.01,12300000,,,,,,,,1700000,,,,,,,,,,,,,179056000.0,,,,,,,,,,,,,,,,,0.01,,,,,,,,,,,,179056000.0,,,,,12300000,,,,,,,,,,12300000,
1989-12-31,23800000.0,5200000.0,,,15500000.0,,4100000.0,,5300000.0,0.01,13200000,,,1800000.0,53100000.0,29300000.0,20800000.0,600000.0,1800000,1800000.0,0.0,800000.0,10500000.0,,100000.0,,,,5500000.0,,,180000000.0,700000.0,4600000.0,,,,,7700000.0,5100000.0,,800000.0,32300000.0,2000000.0,2000000.0,,,,0.01,700000.0,2500000.0,,5100000.0,-8500000.0,,200000.0,,,,,180000000.0,36400000.0,,,,2600000,,5200000.0,,,,5200000.0,,27900000.0,,3600000,
1990-03-31,25100000.0,7200000.0,,1500000.0,16900000.0,,4600000.0,,4900000.0,0.01,14400000,,2400000.0,2000000.0,56400000.0,31300000.0,21800000.0,2000000.0,2000000,2000000.0,0.0,800000.0,12100000.0,0.0,100000.0,-1200000.0,-3000000.0,,5600000.0,,,200000000.0,700000.0,4200000.0,,,,-1600000.0,8800000.0,6100000.0,,700000.0,34600000.0,2700000.0,2700000.0,0.0,,,0.01,700000.0,2700000.0,,5200000.0,-8500000.0,-1800000.0,200000.0,-500000.0,0.0,,,200000000.0,37100000.0,,4200000.0,,2700000,700000.0,6100000.0,400000.0,,700000.0,5600000.0,,28600000.0,,4200000,
1990-06-30,29200000.0,9400000.0,,1100000.0,17100000.0,0.0,4900000.0,,5900000.0,,16200000,,2900000.0,2200000.0,60700000.0,31500000.0,23000000.0,600000.0,2200000,2200000.0,100000.0,1600000.0,12700000.0,0.0,0.0,-600000.0,-300000.0,,7200000.0,,,,900000.0,4900000.0,,,,,9000000.0,6000000.0,,2600000.0,37700000.0,4900000.0,4900000.0,0.0,,,,600000.0,2800000.0,,4800000.0,-10400000.0,300000.0,200000.0,-100000.0,-500000.0,,,,38700000.0,,2600000.0,,3000000,2200000.0,6800000.0,400000.0,,-900000.0,5500000.0,,28300000.0,,4100000,
1990-09-30,30500000.0,11600000.0,,1400000.0,16200000.0,,5300000.0,,5300000.0,0.02,17300000,,1600000.0,2300000.0,62000000.0,31500000.0,21500000.0,3000000.0,2300000,2300000.0,0.0,1700000.0,13500000.0,0.0,100000.0,0.0,-1300000.0,,7000000.0,,,194256000.0,900000.0,4400000.0,,,,,10300000.0,6700000.0,,,40500000.0,3900000.0,3900000.0,4900000.0,,,0.02,1200000.0,3500000.0,,2400000.0,-11400000.0,-1300000.0,200000.0,-2600000.0,0.0,,,194256000.0,39900000.0,,2900000.0,,3600000,-1000000.0,8000000.0,500000.0,,-800000.0,5800000.0,,28500000.0,,5000000,
1990-12-31,32200000.0,14100000.0,,1500000.0,15000000.0,,5500000.0,,5000000.0,0.02,18000000,,1400000.0,2400000.0,63100000.0,30900000.0,20000000.0,2700000.0,2400000,2400000.0,100000.0,1800000.0,14200000.0,0.0,100000.0,0.0,-500000.0,,7200000.0,,,195824000.0,900000.0,4000000.0,,,,,10800000.0,7000000.0,,,43100000.0,4900000.0,4900000.0,0.0,,,0.02,1300000.0,3700000.0,,2500000.0,-11000000.0,-500000.0,200000.0,-400000.0,0.0,,,195824000.0,39200000.0,,1900000.0,,3800000,1000000.0,7900000.0,200000.0,,-1900000.0,4600000.0,,28200000.0,,5300000,
1991-03-31,38000000.0,16700000.0,,1500000.0,16900000.0,200000.0,5700000.0,,4900000.0,0.02,18800000,,4500000.0,2600000.0,68400000.0,30400000.0,21800000.0,2300000.0,2600000,2600000.0,100000.0,1900000.0,14200000.0,0.0,100000.0,0.0,-1100000.0,,7500000.0,,,156666667.0,900000.0,3900000.0,,,,,11300000.0,7200000.0,,,46600000.0,9800000.0,9800000.0,0.0,,,0.02,1400000.0,4000000.0,,2100000.0,-11400000.0,-1100000.0,200000.0,400000.0,0.0,,,156666667.0,39500000.0,,5600000.0,,4100000,4800000.0,9200000.0,900000.0,,1300000.0,5600000.0,,28100000.0,,5600000,
1991-06-30,42100000.0,19500000.0,,1500000.0,15900000.0,,6200000.0,,4700000.0,,19600000,,5600000.0,2800000.0,71800000.0,29700000.0,20600000.0,1300000.0,2800000,2800000.0,0.0,6700000.0,14600000.0,0.0,200000.0,-4900000.0,-6000000.0,,7500000.0,,,,2000000.0,2700000.0,,,,,12100000.0,7700000.0,,600000.0,51200000.0,9800000.0,9800000.0,0.0,,,,1600000.0,4400000.0,,1900000.0,-3900000.0,-1100000.0,200000.0,-700000.0,0.0,,,,31700000.0,,6700000.0,,4400000,100000.0,9000000.0,700000.0,,2200000.0,5000000.0,,27800000.0,,5900000,
1991-09-30,48300000.0,22600000.0,,2300000.0,17400000.0,,6400000.0,,4300000.0,0.02,20400000,-2000000.0,4000000.0,3100000.0,76700000.0,28400000.0,21700000.0,1000000.0,3100000,3100000.0,0.0,8800000.0,14800000.0,0.0,200000.0,0.0,-2900000.0,,7000000.0,,,155000000.0,2000000.0,2300000.0,,,,,13400000.0,8700000.0,,,55000000.0,11900000.0,11900000.0,9800000.0,,,0.02,1700000.0,4800000.0,,1900000.0,-13500000.0,-900000.0,100000.0,100000.0,0.0,,,155000000.0,40900000.0,,4900000.0,,4700000,2100000.0,10600000.0,600000.0,,-500000.0,4900000.0,,27400000.0,,7000000,
1991-12-31,53700000.0,26000000.0,,1200000.0,19900000.0,,6800000.0,,3200000.0,0.02,21100000,-5900000.0,5500000.0,3300000.0,81900000.0,28200000.0,23100000.0,900000.0,3300000,3300000.0,0.0,15800000.0,14500000.0,0.0,300000.0,0.0,-7100000.0,,8100000.0,,,165000000.0,2000000.0,1200000.0,,,,,13000000.0,8000000.0,,,58800000.0,10600000.0,10600000.0,0.0,,,0.02,1800000.0,5100000.0,,1500000.0,-14200000.0,-1200000.0,100000.0,-900000.0,0.0,,,165000000.0,41500000.0,,6700000.0,,5000000,-1300000.0,11300000.0,600000.0,,2200000.0,7100000.0,,27300000.0,,6200000,
1992-03-31,59200000.0,29500000.0,,1300000.0,18300000.0,,7200000.0,,3000000.0,0.02,22100000,-1000000.0,3700000.0,3500000.0,87400000.0,28200000.0,21300000.0,800000.0,3500000,3500000.0,0.0,16400000.0,14700000.0,0.0,200000.0,100000.0,-2200000.0,,8200000.0,,,175000000.0,2000000.0,1000000.0,,,,,13900000.0,8500000.0,,,66100000.0,14000000.0,14000000.0,0.0,,,0.02,1900000.0,5400000.0,,1100000.0,-12200000.0,-1300000.0,100000.0,600000.0,0.0,,,175000000.0,39600000.0,,5000000.0,,5400000,3400000.0,11200000.0,1200000.0,,0.0,6000000.0,,27400000.0,,6700000,
1992-06-30,67900000.0,33200000.0,,1100000.0,20200000.0,,8200000.0,,3000000.0,,23300000,3800000.0,5300000.0,3700000.0,95500000.0,27600000.0,23200000.0,200000.0,3700000,3700000.0,-100000.0,4400000.0,15200000.0,0.0,300000.0,100000.0,3100000.0,,8600000.0,,,,2400000.0,700000.0,,,,,14700000.0,9300000.0,,400000.0,72300000.0,23500000.0,23500000.0,0.0,,,,2000000.0,5700000.0,,1000000.0,-14300000.0,-800000.0,100000.0,200000.0,0.0,,,,41300000.0,,6100000.0,,5400000,9500000.0,12600000.0,600000.0,,1000000.0,6600000.0,,27000000.0,,6500000,
1992-09-30,74700000.0,37200000.0,,1100000.0,22800000.0,,8600000.0,,2900000.0,0.02,25000000,,5200000.0,4000000.0,102600000.0,27900000.0,25700000.0,600000.0,4000000,4000000.0,0.0,12800000.0,15300000.0,0.0,300000.0,0.0,400000.0,,9400000.0,,,200000000.0,2400000.0,500000.0,,,,-200000.0,15600000.0,9700000.0,,,76900000.0,31000000.0,31000000.0,23500000.0,,,0.02,2200000.0,6200000.0,,800000.0,-14300000.0,-1600000.0,,400000.0,0.0,,,200000000.0,41600000.0,,6800000.0,2000000.0,5900000,7500000.0,14800000.0,800000.0,,1700000.0,7200000.0,,27300000.0,,7000000,
1992-12-31,78600000.0,41400000.0,,800000.0,22500000.0,,9100000.0,,2700000.0,0.02,26700000,,0.0,4200000.0,107500000.0,28900000.0,25200000.0,500000.0,4200000,4200000.0,0.0,27200000.0,16000000.0,0.0,300000.0,0.0,-16400000.0,,10500000.0,,,210000000.0,2400000.0,300000.0,,,,-900000.0,16200000.0,10100000.0,,,82300000.0,18300000.0,18300000.0,0.0,,,0.02,2300000.0,6500000.0,,800000.0,-14300000.0,-2300000.0,,1300000.0,0.0,,,210000000.0,42700000.0,,2300000.0,-1900000.0,6100000,-12700000.0,13900000.0,1500000.0,,-3700000.0,7800000.0,,28400000.0,,7100000,
1993-03-31,82500000.0,45700000.0,,1500000.0,23700000.0,,9800000.0,,2600000.0,0.02,28400000,-1000000.0,3800000.0,4400000.0,115100000.0,32600000.0,26300000.0,1100000.0,4400000,4400000.0,0.0,5800000.0,16100000.0,0.0,300000.0,-2000000.0,-7500000.0,,8700000.0,,,220000000.0,2400000.0,200000.0,,,,-1200000.0,19700000.0,13200000.0,,,88800000.0,19900000.0,19900000.0,0.0,,,0.02,2400000.0,6800000.0,,600000.0,-14300000.0,-4400000.0,,900000.0,0.0,,,220000000.0,45800000.0,,8200000.0,,6500000,1600000.0,15200000.0,1100000.0,,3300000.0,7900000.0,,31500000.0,,9900000,
1993-06-30,91300000.0,50500000.0,,1200000.0,27200000.0,,10400000.0,,2400000.0,,30100000,2900000.0,4600000.0,4700000.0,126900000.0,35600000.0,29600000.0,1100000.0,4700000,4700000.0,0.0,7500000.0,15500000.0,0.0,500000.0,1300000.0,-200000.0,,11500000.0,,,,2200000.0,200000.0,,,,-1100000.0,18600000.0,11600000.0,,,97300000.0,28600000.0,28600000.0,0.0,,,,2500000.0,7200000.0,,500000.0,-5100000.0,-4400000.0,,-100000.0,0.0,,,,39600000.0,,9000000.0,,7000000,8700000.0,16600000.0,1400000.0,,3300000.0,10100000.0,,34500000.0,,8200000,
1993-09-30,97000000.0,55800000.0,,2000000.0,30700000.0,100000.0,11400000.0,,2300000.0,0.03,33100000,-1700000.0,5500000.0,5300000.0,137200000.0,40200000.0,33000000.0,1100000.0,5300000,5300000.0,0.0,8000000.0,15800000.0,0.0,700000.0,-100000.0,-8200000.0,,12000000.0,,,176666667.0,2200000.0,100000.0,,,,-800000.0,21100000.0,13400000.0,,,104200000.0,33500000.0,33500000.0,28600000.0,,,0.03,3000000.0,8300000.0,,300000.0,-5100000.0,-6400000.0,,1200000.0,0.0,,,176666667.0,44200000.0,,11900000.0,,7700000,4900000.0,22300000.0,1400000.0,,4500000.0,8100000.0,,39100000.0,,9700000,
1993-12-31,96000000.0,61500000.0,,1600000.0,31800000.0,,12900000.0,,2300000.0,0.03,36100000,-200000.0,2700000.0,5700000.0,142400000.0,46400000.0,34100000.0,1100000.0,5700000,5700000.0,0.0,7600000.0,15700000.0,0.0,600000.0,0.0,-8100000.0,,13400000.0,,,190000000.0,2200000.0,100000.0,,,,500000.0,22700000.0,14500000.0,,,108300000.0,34300000.0,34300000.0,0.0,,,0.03,3200000.0,8900000.0,,200000.0,-5100000.0,-7900000.0,,-1700000.0,0.0,,,190000000.0,50400000.0,,10600000.0,,8200000,800000.0,21000000.0,1200000.0,,3400000.0,10600000.0,,45300000.0,,9800000,
1994-03-31,104000000.0,67800000.0,,1800000.0,29900000.0,,8500000.0,,2200000.0,0.03,40600000,,5600000.0,6300000.0,153500000.0,49500000.0,32100000.0,1300000.0,6300000,6300000.0,-100000.0,8500000.0,17100000.0,0.0,400000.0,-200000.0,-600000.0,,15100000.0,,,210000000.0,2200000.0,100000.0,,,,-2300000.0,25500000.0,16000000.0,,,121400000.0,45600000.0,45600000.0,0.0,,,0.03,3600000.0,9900000.0,,200000.0,-5100000.0,-4700000.0,,1600000.0,-100000.0,,-800000.0,210000000.0,53300000.0,,10300000.0,,9500000,11400000.0,20100000.0,2600000.0,5700000.0,2200000.0,9600000.0,,48200000.0,,11300000,
1994-06-30,99500000.0,74500000.0,,2500000.0,43400000.0,,8700000.0,,4900000.0,,44100000,,12600000.0,6800000.0,178500000.0,79000000.0,48300000.0,1300000.0,6800000,6800000.0,0.0,14900000.0,18300000.0,0.0,500000.0,-26100000.0,-31200000.0,,15900000.0,,,,4900000.0,,,,,-5200000.0,28200000.0,18100000.0,,,130200000.0,28000000.0,28000000.0,0.0,,,,3800000.0,10600000.0,,100000.0,-6600000.0,-2800000.0,,-1700000.0,100000.0,,-2900000.0,,84300000.0,,15400000.0,-2300000.0,10100000,-17600000.0,32600000.0,1200000.0,6900000.0,3400000.0,10700000.0,,77700000.0,,12600000,
1994-09-30,112800000.0,82800000.0,,2700000.0,50500000.0,,9700000.0,,4900000.0,0.04,52000000,,16500000.0,8300000.0,194000000.0,81200000.0,55400000.0,3100000.0,8300000,8300000.0,0.0,14500000.0,15600000.0,0.0,400000.0,-1800000.0,-200000.0,,18900000.0,,,207500000.0,4900000.0,,,,,2900000.0,33100000.0,20700000.0,,,138600000.0,45200000.0,45200000.0,28000000.0,,,0.04,4500000.0,12800000.0,,100000.0,-6600000.0,-2800000.0,,-2000000.0,0.0,,-3700000.0,207500000.0,84700000.0,,19300000.0,4400000.0,12400000,17100000.0,41800000.0,1700000.0,8300000.0,8300000.0,8600000.0,,78100000.0,,15100000,
1994-12-31,119900000.0,91800000.0,,2900000.0,46600000.0,,10100000.0,,4800000.0,0.04,56200000,,9400000.0,8900000.0,199200000.0,79300000.0,51400000.0,3100000.0,8900000,8900000.0,-100000.0,15000000.0,16000000.0,0.0,600000.0,-200000.0,-23400000.0,,20400000.0,,,222500000.0,4900000.0,,,,,-800000.0,35800000.0,22600000.0,,,147800000.0,37300000.0,37300000.0,0.0,,,0.04,4800000.0,13700000.0,,100000.0,-28200000.0,-6600000.0,,-500000.0,-100000.0,,-2100000.0,222500000.0,104400000.0,,16000000.0,,13200000,-7900000.0,35700000.0,1700000.0,9600000.0,-1400000.0,10800000.0,,76200000.0,,16100000,
1995-03-31,142900000.0,101900000.0,,2500000.0,62400000.0,,11000000.0,,1700000.0,0.04,66600000,-12000000.0,12400000.0,10100000.0,224800000.0,81900000.0,64100000.0,7000000.0,10100000,10100000.0,0.0,22800000.0,17500000.0,0.0,700000.0,-3700000.0,-27700000.0,,25200000.0,,,252500000.0,1700000.0,,,,,-9300000.0,41400000.0,26600000.0,,,160700000.0,33700000.0,33700000.0,0.0,,,0.04,5500000.0,15600000.0,,100000.0,-41300000.0,-12000000.0,,-200000.0,0.0,,-3200000.0,252500000.0,116200000.0,,24400000.0,,14800000,-3500000.0,47500000.0,3000000.0,13100000.0,3900000.0,14800000.0,,74900000.0,,17300000,
1995-06-30,161800000.0,113500000.0,,3500000.0,65800000.0,,16800000.0,,11600000.0,,76000000,7300000.0,13000000.0,11500000.0,256100000.0,94300000.0,77400000.0,6400000.0,11500000,11500000.0,6000000.0,60000000.0,19100000.0,0.0,900000.0,500000.0,-6400000.0,,27500000.0,,,,5600000.0,,,,,-1500000.0,48500000.0,31700000.0,,,178700000.0,55000000.0,55000000.0,0.0,,,,6200000.0,17700000.0,,,-43800000.0,-14200000.0,,400000.0,-100000.0,,-2900000.0,,131700000.0,,27200000.0,,16800000,21200000.0,41000000.0,3400000.0,11400000.0,6800000.0,24800000.0,3900000.0,87900000.0,,20300000,
1995-09-30,192870000.0,136036000.0,,2558000.0,69865000.0,,10869000.0,53939000.0,7129000.0,0.08,96443000,-16610000.0,10704000.0,22585000.0,286513000.0,93643000.0,76994000.0,1830000.0,22585000,22585000.0,6000000.0,0.0,14488000.0,47898000.0,0.0,4556000.0,-20800000.0,53685000.0,38597000.0,15421000.0,,282200000.0,1129000.0,,14681000.0,,,4465000.0,57846000.0,23069000.0,,,209519000.0,101837000.0,47898000.0,54966000.0,30000.0,,0.08,13264000.0,35849000.0,,11000.0,-42600000.0,-8746000.0,,-5718000.0,0.0,-184000.0,-11772000.0,282200000.0,134413000.0,,19450000.0,,34777000,-7068000.0,16775000.0,6083000.0,12200000.0,-2059000.0,22977000.0,-4450000.0,91813000.0,,37335000,
1995-12-31,219349000.0,167910000.0,,3861000.0,97343000.0,,9661000.0,46508000.0,7129000.0,0.12,106182000,7431000.0,21396000.0,31874000.0,331784000.0,112435000.0,104472000.0,3157000.0,31874000,31874000.0,6000000.0,0.0,19833000.0,61511000.0,0.0,-1327000.0,-15118000.0,65373000.0,36330000.0,15342000.0,,283308000.0,1129000.0,,15133000.0,,,-8609000.0,69852000.0,21963000.0,,,227312000.0,108019000.0,61511000.0,47898000.0,60000.0,,0.12,17163000.0,49037000.0,,,-47300000.0,-21222000.0,,-13887000.0,29000.0,-549000.0,-15599000.0,283308000.0,156578000.0,,42618000.0,,47889000,13613000.0,23352000.0,1683000.0,12302000.0,6355000.0,43516000.0,0.0,109278000.0,,51750000,
1996-03-31,245405000.0,202092000.0,,3306000.0,93457000.0,,10971000.0,48837000.0,5129000.0,0.12,109001000,-2329000.0,-3019000.0,34182000.0,378763000.0,133358000.0,98586000.0,2131000.0,34182000,34182000.0,1129000.0,0.0,28411000.0,63650000.0,0.0,1026000.0,-26999000.0,79125000.0,35356000.0,14789000.0,,284848000.0,4000000.0,,13342000.0,,,-7836000.0,73645000.0,22204000.0,,,280177000.0,112487000.0,63650000.0,61511000.0,61000.0,,0.12,18408000.0,52588000.0,,,-50600000.0,-25696000.0,,6461000.0,0.0,-990000.0,0.0,284848000.0,181827000.0,,22677000.0,,51441000,2139000.0,15335000.0,6461000.0,11233000.0,-14811000.0,49991000.0,0.0,131227000.0,,54747000,
1996-06-30,264551000.0,236796000.0,,3174000.0,88369000.0,,10450000.0,68970000.0,4000000.0,,110000000,-126374000.0,15397000.0,34704000.0,417794000.0,153243000.0,92369000.0,6175000.0,34704000,34704000.0,,0.0,30471000.0,60283000.0,0.0,-4044000.0,-43574000.0,80664000.0,35970000.0,11880000.0,,,,,14531000.0,,,614000.0,74030000.0,22247000.0,,,325425000.0,129253000.0,60283000.0,63650000.0,62000.0,,,18279000.0,52983000.0,,,-50357000.0,-19397000.0,,5413000.0,-40000.0,-1372000.0,0.0,,197425000.0,,34794000.0,,51783000,-3367000.0,32220000.0,5453000.0,11797000.0,-1955000.0,29738000.0,-1129000.0,147068000.0,,54957000,
1996-09-30,278111000.0,268188000.0,,4929000.0,86373000.0,,9948000.0,78874000.0,4000000.0,0.13,101000000,-24313000.0,20825000.0,31392000.0,439361000.0,161250000.0,90373000.0,6354000.0,31392000,31392000.0,,0.0,34597000.0,59316000.0,0.0,-179000.0,-22255000.0,82002000.0,33027000.0,16128000.0,,281536000.0,,,16863000.0,,,-4126000.0,67973000.0,21844000.0,,,348988000.0,138190000.0,59316000.0,60283000.0,62000.0,,0.11,16171000.0,47563000.0,,,-50357000.0,-12172000.0,,-11709000.0,0.0,-787000.0,-16314000.0,281536000.0,205253000.0,,32997000.0,14409000.0,46129000,-967000.0,28627000.0,4605000.0,11896000.0,-3324000.0,24755000.0,,154896000.0,,51058000,
1996-12-31,321551000.0,301502000.0,,4945000.0,68689000.0,,9039000.0,142903000.0,4000000.0,0.14,104686000,-81469000.0,29459000.0,33314000.0,490004000.0,168453000.0,72689000.0,6438000.0,33314000,33314000.0,,0.0,37470000.0,35869000.0,0.0,-84000.0,-75480000.0,81556000.0,35530000.0,14679000.0,,289688000.0,,,15930000.0,,,-2873000.0,69156000.0,20510000.0,,,417315000.0,178772000.0,35869000.0,59316000.0,64000.0,,0.12,17162000.0,50476000.0,,,-50357000.0,-11367000.0,,11207000.0,0.0,-90000.0,-774000.0,289688000.0,212372000.0,,40826000.0,17440000.0,48646000,-23447000.0,19012000.0,11981000.0,11471000.0,2567000.0,19068000.0,,162015000.0,,53591000,
1997-03-31,350848000.0,336905000.0,,2828000.0,76441000.0,,9298000.0,191274000.0,4000000.0,0.14,111005000,-87078000.0,44524000.0,35403000.0,524306000.0,173458000.0,80441000.0,6493000.0,35403000,35403000.0,,0.0,36463000.0,11536000.0,0.0,-55000.0,-57453000.0,83301000.0,37437000.0,14040000.0,,297500000.0,,,14830000.0,,,1007000.0,73568000.0,22390000.0,,,443865000.0,202810000.0,11536000.0,35869000.0,64000.0,,0.12,18237000.0,53640000.0,,,-50357000.0,-9027000.0,,-20431000.0,0.0,-1339000.0,-29047000.0,297500000.0,217322000.0,,53551000.0,38707000.0,51178000,-24333000.0,25484000.0,8616000.0,13092000.0,15320000.0,22087000.0,,166965000.0,,54006000,
1997-06-30,377007000.0,373700000.0,,4311000.0,85221000.0,,9909000.0,,5600000.0,,117019000,-70890000.0,48085000.0,36865000.0,556386000.0,179379000.0,90821000.0,4871000.0,36865000,36865000.0,4000000.0,3079000.0,36833000.0,18562000.0,0.0,1622000.0,-24116000.0,91642000.0,39313000.0,16312000.0,,,1600000.0,,16336000.0,,,-370000.0,77706000.0,24714000.0,,,465565000.0,223953000.0,223953000.0,11536000.0,64000.0,,,18991000.0,55856000.0,,,-67101000.0,-11621000.0,,-28564000.0,0.0,-1106000.0,-34570000.0,,241609000.0,,59706000.0,56773000.0,52992000,7026000.0,27324000.0,6006000.0,14805000.0,17755000.0,25249000.0,,174508000.0,,57303000,
1997-09-30,433634000.0,413734000.0,,3445000.0,84166000.0,,10934000.0,253111000.0,5600000.0,0.16,125000000,-104267000.0,50693000.0,39964000.0,621107000.0,187473000.0,89766000.0,4706000.0,39964000,39964000.0,4000000.0,0.0,37013000.0,22197000.0,0.0,24000.0,-59902000.0,95762000.0,41500000.0,22301000.0,,301620000.0,1600000.0,,15033000.0,,,-180000.0,83500000.0,26414000.0,,,531341000.0,275308000.0,22197000.0,18562000.0,64000.0,,0.13,20588000.0,60552000.0,,,-67100000.0,-12206000.0,,638000.0,0.0,-1749000.0,-10550000.0,301620000.0,249867000.0,,62899000.0,56547000.0,57086000,3635000.0,18604000.0,11188000.0,15480000.0,19490000.0,28228000.0,,182767000.0,,60531000,
1997-12-31,393110000.0,456563000.0,,3605000.0,94690000.0,,11811000.0,214118000.0,5600000.0,0.17,135000000,8938000.0,2682000.0,42829000.0,633277000.0,240167000.0,100290000.0,6542000.0,42829000,42829000.0,4000000.0,0.0,38534000.0,12679000.0,0.0,-1695000.0,-22447000.0,100435000.0,44550000.0,19114000.0,,299498000.0,1600000.0,,14965000.0,,,-1521000.0,90450000.0,28824000.0,,,532987000.0,226797000.0,12679000.0,22197000.0,131000.0,,0.15,22063000.0,64892000.0,,,-67100000.0,-59745000.0,,-49498000.0,-20000.0,-2048000.0,-55089000.0,257466000.0,300725000.0,,62427000.0,30055000.0,61626000,-9518000.0,29478000.0,5611000.0,17013000.0,11151000.0,31133000.0,,233625000.0,,65231000,
1998-03-31,462227000.0,502713000.0,,4108000.0,93639000.0,,12837000.0,249167000.0,5600000.0,0.18,145039000,-181104000.0,59341000.0,46150000.0,708643000.0,246416000.0,99239000.0,6681000.0,46150000,46150000.0,4000000.0,0.0,40948000.0,35033000.0,0.0,-139000.0,-51572000.0,107128000.0,47250000.0,17375000.0,,302446000.0,1600000.0,,21204000.0,,,-2414000.0,97789000.0,31547000.0,,,609404000.0,284200000.0,35033000.0,12679000.0,131000.0,,0.16,23774000.0,69924000.0,,,-67100000.0,-16384000.0,,-1799000.0,10000.0,-2214000.0,-15880000.0,261020000.0,306835000.0,,75725000.0,146055000.0,66242000,22354000.0,21363000.0,14071000.0,18710000.0,19467000.0,33697000.0,,239735000.0,,70350000,
1998-06-30,508015000.0,551914000.0,,3924000.0,130292000.0,,13674000.0,306209000.0,8200000.0,,155181000,-107872000.0,73337000.0,49201000.0,769492000.0,261477000.0,138492000.0,6024000.0,49201000,49201000.0,4000000.0,4039000.0,44707000.0,16739000.0,0.0,657000.0,-77476000.0,101921000.0,50424000.0,22604000.0,,,4200000.0,,23686000.0,,,-3759000.0,104757000.0,34675000.0,,,631000000.0,322948000.0,16739000.0,35033000.0,131000.0,,,25346000.0,74547000.0,,,-83749000.0,-21091000.0,,-35246000.0,10000.0,-2163000.0,-41615000.0,,339202000.0,,94428000.0,50830000.0,70082000,-18294000.0,48833000.0,6359000.0,21001000.0,50103000.0,35169000.0,,255453000.0,,74006000,
1998-09-30,523763000.0,601309000.0,,4787000.0,127573000.0,,13487000.0,289784000.0,8200000.0,0.19,155281000,-59517000.0,54091000.0,49395000.0,792368000.0,268605000.0,135773000.0,5991000.0,49395000,49395000.0,4000000.0,0.0,44707000.0,52275000.0,0.0,33000.0,5214000.0,99479000.0,50453000.0,26537000.0,,297320000.0,4200000.0,,24256000.0,,,,104828000.0,34538000.0,,,656595000.0,342059000.0,52275000.0,16739000.0,131000.0,,0.17,25446000.0,74841000.0,,,-83700000.0,-11244000.0,,-35013000.0,0.0,-1459000.0,-43502000.0,261162000.0,346314000.0,,65335000.0,75942000.0,70290000,35536000.0,50705000.0,8489000.0,21051000.0,10232000.0,26075000.0,921000.0,262614000.0,,75077000,
1998-12-31,567109000.0,647801000.0,,4211000.0,103136000.0,,12643000.0,338787000.0,8200000.0,0.18,145012000,-84573000.0,48099000.0,46492000.0,844855000.0,277746000.0,111336000.0,7766000.0,46492000,46492000.0,4000000.0,0.0,43309000.0,53666000.0,0.0,-1775000.0,-62365000.0,87403000.0,45409000.0,28506000.0,,299944000.0,4200000.0,,23946000.0,,,,99603000.0,34028000.0,,,733519000.0,392453000.0,53666000.0,52275000.0,131000.0,,0.16,23950000.0,70442000.0,,,-83700000.0,-11587000.0,,4070000.0,0.0,-1469000.0,-8904000.0,262618000.0,353680000.0,,59686000.0,35570000.0,65575000,1391000.0,22495000.0,12974000.0,21385000.0,15409000.0,28189000.0,-6426000.0,269980000.0,,69786000,
1999-03-31,640925000.0,695470000.0,,4325000.0,109344000.0,,12798000.0,419615000.0,8200000.0,0.18,147188000,-225277000.0,76898000.0,47669000.0,920434000.0,279509000.0,117544000.0,6622000.0,47669000,47669000.0,4000000.0,0.0,43057000.0,45190000.0,0.0,1144000.0,-86916000.0,84744000.0,45538000.0,33929000.0,,307962000.0,4200000.0,,24238000.0,,,252000.0,101650000.0,34646000.0,,,802890000.0,464805000.0,45190000.0,53666000.0,134000.0,,0.16,24557000.0,72226000.0,,,-83700000.0,-7232000.0,,-5690000.0,0.0,-1469000.0,-18174000.0,267524000.0,356587000.0,,84130000.0,144449000.0,67004000,-8476000.0,27207000.0,12484000.0,21848000.0,36511000.0,23970000.0,-4375000.0,272887000.0,,71329000,
1999-06-30,728874000.0,748036000.0,,4316000.0,120898000.0,,13347000.0,480580000.0,22200000.0,,159484000,-201716000.0,72833000.0,52566000.0,1022314000.0,293440000.0,143098000.0,3307000.0,52566000,52566000.0,4000000.0,5056000.0,45283000.0,34126000.0,0.0,3315000.0,-81913000.0,79330000.0,48273000.0,35477000.0,,,18200000.0,,16316000.0,,,-2226000.0,111211000.0,37312000.0,,,879216000.0,514706000.0,34126000.0,45190000.0,136000.0,,,27079000.0,79645000.0,,,-100243000.0,-24263000.0,,-26247000.0,0.0,-1470000.0,-43363000.0,,390376000.0,,97096000.0,140751000.0,73899000,-11064000.0,28848000.0,17116000.0,23965000.0,27084000.0,40257000.0,10430000.0,290133000.0,,78215000,
1999-09-30,794084000.0,806390000.0,,4804000.0,147313000.0,189000.0,15295000.0,517106000.0,22200000.0,0.22,180046000,-81397000.0,83373000.0,58354000.0,1115175000.0,321091000.0,169513000.0,4082000.0,58354000,58354000.0,4000000.0,4867000.0,44855000.0,62166000.0,0.0,-775000.0,-71481000.0,93074000.0,54482000.0,51749000.0,,313886000.0,18200000.0,,15894000.0,,,428000.0,125564000.0,43604000.0,,,945662000.0,579272000.0,62166000.0,34126000.0,137000.0,,0.19,30061000.0,88415000.0,,,-100200000.0,-34180000.0,,-18032000.0,0.0,-1470000.0,-36214000.0,273586000.0,417209000.0,,117553000.0,44871000.0,81960000,28040000.0,36493000.0,18182000.0,28309000.0,51706000.0,43177000.0,,317009000.0,,86764000,
1999-12-31,799211000.0,871021000.0,,4802000.0,138189000.0,,17268000.0,544912000.0,22200000.0,0.23,201728000,-64137000.0,49200000.0,64631000.0,1150448000.0,351237000.0,160389000.0,8137000.0,64631000,64631000.0,4000000.0,6325000.0,44391000.0,28161000.0,0.0,-4035000.0,-66654000.0,103406000.0,60912000.0,41222000.0,,315711000.0,18200000.0,,15619000.0,,,464000.0,140816000.0,49518000.0,,,990059000.0,573073000.0,28161000.0,62166000.0,277000.0,,0.2,33295000.0,97926000.0,,,-100200000.0,-34813000.0,,-51364000.0,0.0,-1470000.0,-68677000.0,275528000.0,443300000.0,,84013000.0,36331000.0,91298000,-34005000.0,35279000.0,17313000.0,32250000.0,10869000.0,46069000.0,,343100000.0,,96100000,
2000-03-31,928344000.0,945724000.0,,4706000.0,163980000.0,,21346000.0,596743000.0,22200000.0,0.27,226540000,-271539000.0,77109000.0,74703000.0,1309482000.0,381138000.0,186180000.0,8200000.0,74703000,74703000.0,4000000.0,9133000.0,51351000.0,74026000.0,0.0,-83000.0,-95238000.0,125075000.0,68117000.0,49206000.0,,316538000.0,18200000.0,,13856000.0,,,-6960000.0,158423000.0,57783000.0,,,1123302000.0,670769000.0,74026000.0,28161000.0,282000.0,,0.23,38484000.0,113187000.0,,,-100200000.0,-43324000.0,,20670000.0,0.0,-1470000.0,-4953000.0,276167000.0,473138000.0,,120433000.0,219708000.0,100640000,45865000.0,44339000.0,25623000.0,36437000.0,32224000.0,56579000.0,,372938000.0,,105346000,
2000-06-30,931419000.0,1028655000.0,,5419000.0,208451000.0,,23173000.0,587889000.0,23500000.0,,256610000,-113966000.0,97991000.0,82931000.0,1349783000.0,418364000.0,231951000.0,7022000.0,82931000,82931000.0,4000000.0,12010000.0,58593000.0,53057000.0,0.0,1178000.0,-53791000.0,147184000.0,76660000.0,86256000.0,,,19500000.0,,16924000.0,,,-7242000.0,179950000.0,68456000.0,,,1117832000.0,640946000.0,53057000.0,74026000.0,283000.0,,,42722000.0,125653000.0,,,-152979000.0,-63823000.0,,-128992000.0,0.0,-1470000.0,-147162000.0,,564321000.0,,161814000.0,122820000.0,111494000,-20969000.0,50953000.0,18170000.0,45283000.0,71814000.0,54318000.0,,411342000.0,,116913000,
2000-09-30,986526000.0,1121928000.0,,6931000.0,208459000.0,,23051000.0,661967000.0,23500000.0,0.33,285095000,-148319000.0,137686000.0,93273000.0,1421225000.0,434699000.0,231959000.0,5666000.0,93273000,93273000.0,4000000.0,4404000.0,64040000.0,50742000.0,0.0,1356000.0,-114009000.0,144481000.0,84021000.0,116392000.0,,322675000.0,19500000.0,,,,,-5447000.0,201074000.0,69707000.0,,,1189266000.0,712709000.0,50742000.0,53057000.0,285000.0,,0.29,48050000.0,141323000.0,,,-175182000.0,-41287000.0,,-67279000.0,0.0,-1470000.0,-95476000.0,283601000.0,604215000.0,,178973000.0,74241000.0,131367000,-2315000.0,10108000.0,28197000.0,46656000.0,48996000.0,59741000.0,13108000.0,429033000.0,,138298000,
2000-12-31,1011266000.0,1221025000.0,,9478000.0,230570000.0,,24816000.0,697569000.0,23500000.0,0.35,305104000,-165610000.0,131614000.0,99097000.0,1504014000.0,492748000.0,254070000.0,6214000.0,99097000,99097000.0,4000000.0,5231000.0,63451000.0,59702000.0,0.0,-548000.0,-118329000.0,127420000.0,89768000.0,115914000.0,,319920000.0,19500000.0,,,,,589000.0,215336000.0,76157000.0,,,1249944000.0,757271000.0,59702000.0,50742000.0,286000.0,,0.31,51050000.0,150147000.0,,,-175182000.0,-82179000.0,,-86504000.0,0.0,-1470000.0,-103067000.0,284947000.0,661716000.0,,213793000.0,130008000.0,139179000,8960000.0,8555000.0,16563000.0,51341000.0,87019000.0,81197000.0,2999000.0,486534000.0,,148657000,
2001-03-31,1111188000.0,1324962000.0,,9733000.0,223948000.0,,20643000.0,785107000.0,23500000.0,0.36,306752000,-574247000.0,111179000.0,103937000.0,1630747000.0,519559000.0,247448000.0,7440000.0,103937000,103937000.0,4000000.0,10346000.0,63152000.0,61155000.0,0.0,-1226000.0,-139313000.0,143978000.0,87851000.0,117162000.0,,317828000.0,19500000.0,,,,,299000.0,218901000.0,72731000.0,,,1383299000.0,846262000.0,61155000.0,59702000.0,286000.0,,0.33,53544000.0,157481000.0,,,-175182000.0,-53818000.0,,-24231000.0,0.0,1331000.0,-45381000.0,286214000.0,687301000.0,,164997000.0,489978000.0,146170000,1453000.0,6785000.0,21150000.0,52088000.0,29916000.0,74908000.0,2911000.0,512119000.0,,155903000,
2001-06-30,1699092000.0,1745638000.0,,64719000.0,325377000.0,,82112000.0,1126556000.0,4000000.0,,679662000,-464088000.0,92624000.0,38632000.0,2430531000.0,731439000.0,329377000.0,19400000.0,38632000,38632000.0,,10204000.0,162656000.0,93796000.0,0.0,-4427000.0,-284025000.0,152488000.0,275508000.0,170097000.0,,,,,45396000.0,,,-23380000.0,404154000.0,212255000.0,,,2101154000.0,1220352000.0,93796000.0,61155000.0,330000.0,,,17405000.0,56037000.0,,,-696507000.0,-159261000.0,,35621000.0,-5977000.0,3534000.0,-6761000.0,,1408546000.0,,251885000.0,343751000.0,191899000,3481000.0,8963000.0,48359000.0,130143000.0,12127000.0,100921000.0,8367000.0,712039000.0,,256618000,
2001-09-30,1496691000.0,1806932000.0,,14198000.0,295320000.0,,25091000.0,935674000.0,4000000.0,0.19,239426000,-370739000.0,115731000.0,61294000.0,2238920000.0,742229000.0,299320000.0,18786000.0,61294000,61294000.0,,6548000.0,159308000.0,139455000.0,0.0,614000.0,165898000.0,99462000.0,71845000.0,162214000.0,,359499000.0,,,39072000.0,,,3348000.0,167581000.0,91065000.0,,,1939600000.0,1075129000.0,139455000.0,93796000.0,324000.0,,0.17,30189000.0,91483000.0,,,-696507000.0,-25602000.0,,-261572000.0,0.0,3264000.0,-286632000.0,330711000.0,1419950000.0,,141333000.0,561625000.0,76516000,45659000.0,11502000.0,25060000.0,65974000.0,72016000.0,82532000.0,-6175000.0,723443000.0,,90714000,
2001-12-31,1521200000.0,1869486000.0,,14321000.0,265954000.0,,22857000.0,938479000.0,4000000.0,0.19,247108000,-448306000.0,63812000.0,62554000.0,2268578000.0,747378000.0,269954000.0,19578000.0,62554000,62554000.0,,8465000.0,154447000.0,158728000.0,0.0,-792000.0,-25040000.0,94754000.0,73961000.0,163333000.0,,355799000.0,,,31154000.0,,,4861000.0,173147000.0,91424000.0,,,1998624000.0,1097207000.0,158728000.0,139455000.0,325000.0,,0.18,30810000.0,93364000.0,,,-696507000.0,-18678000.0,,-38177000.0,0.0,1588000.0,-67816000.0,323897000.0,1424307000.0,,82490000.0,442736000.0,81723000,19273000.0,10462000.0,29639000.0,68567000.0,12436000.0,61005000.0,-6821000.0,727800000.0,,96044000,
2002-03-31,1451430000.0,1936213000.0,,13176000.0,224064000.0,,21951000.0,944089000.0,7298000.0,0.2,258481000,-377609000.0,41901000.0,66727000.0,2216664000.0,765234000.0,231362000.0,27545000.0,66727000,66727000.0,4000000.0,6447000.0,147724000.0,71189000.0,0.0,-7967000.0,-40096000.0,108569000.0,76989000.0,141834000.0,,358598000.0,3298000.0,,28218000.0,,,6723000.0,181492000.0,90925000.0,,,1985302000.0,1015278000.0,71189000.0,158728000.0,326000.0,,0.19,32866000.0,99593000.0,,,,-23065000.0,,-112409000.0,0.0,-895000.0,-141894000.0,326228000.0,737689000.0,,64966000.0,368545000.0,90567000,-87539000.0,8680000.0,29485000.0,68974000.0,-27933000.0,45332000.0,,737689000.0,,103743000,
2002-06-30,1235664000.0,1686816000.0,,14557000.0,229027000.0,,22083000.0,591694000.0,40634000.0,,280089000,-102006000.0,91945000.0,68608000.0,2010812000.0,775148000.0,269661000.0,28987000.0,68608000,68608000.0,4000000.0,56428000.0,139206000.0,173807000.0,0.0,-1442000.0,330205000.0,129812000.0,89428000.0,145927000.0,,,36634000.0,,27183000.0,,,8518000.0,190661000.0,94115000.0,,,1741151000.0,765501000.0,173807000.0,71189000.0,320000.0,,,33792000.0,102400000.0,,,-686023000.0,-23029000.0,,-342561000.0,0.0,-920000.0,-367670000.0,,1432184000.0,,114974000.0,,96546000,102618000.0,10633000.0,25109000.0,72032000.0,25405000.0,45284000.0,,746161000.0,,111103000,
2002-09-30,1285853000.0,1745946000.0,,15699000.0,232198000.0,,22296000.0,627260000.0,70383000.0,0.23,285881000,-371915000.0,86759000.0,73177000.0,2089250000.0,803397000.0,302581000.0,34284000.0,73177000,73177000.0,4000000.0,7053000.0,136304000.0,160431000.0,0.0,-5297000.0,-80492000.0,135430000.0,87123000.0,148246000.0,,337946000.0,66383000.0,,26350000.0,,,2902000.0,198758000.0,93407000.0,,,1786669000.0,787691000.0,160431000.0,173807000.0,319000.0,,0.22,36042000.0,109219000.0,,,-686023000.0,-38651000.0,,-58294000.0,0.0,94000.0,-68984000.0,319498000.0,1455136000.0,,125410000.0,335371000.0,105351000,-13376000.0,9344000.0,10690000.0,71111000.0,27587000.0,48258000.0,8947000.0,769113000.0,,121050000,
2002-12-31,1390490000.0,1816608000.0,,15137000.0,212308000.0,,21245000.0,765529000.0,74659000.0,0.24,286077000,-257638000.0,151409000.0,77077000.0,2186416000.0,795926000.0,286967000.0,33566000.0,77077000,77077000.0,4000000.0,8330000.0,127929000.0,180153000.0,0.0,718000.0,-144681000.0,122577000.0,86541000.0,147916000.0,,340322000.0,70659000.0,,22812000.0,,,8375000.0,199536000.0,88441000.0,,,1899449000.0,945682000.0,180153000.0,160431000.0,322000.0,,0.23,37963000.0,115040000.0,,,-686023000.0,-8384000.0,,4610000.0,-6415000.0,675000.0,-18289000.0,321199000.0,1448383000.0,,159793000.0,120623000.0,111095000,19722000.0,8638000.0,29314000.0,67196000.0,79456000.0,32942000.0,-11877000.0,762360000.0,,126232000,
2003-03-31,1494289000.0,1887758000.0,-6454000.0,14959000.0,215317000.0,,21065000.0,821687000.0,77720000.0,0.24,286232000,-475273000.0,119391000.0,77604000.0,2283933000.0,789644000.0,293037000.0,33595000.0,77604000,77604000.0,4000000.0,6964000.0,123752000.0,235033000.0,0.0,-29000.0,-66594000.0,123864000.0,86146000.0,137472000.0,,341863000.0,73720000.0,,21729000.0,,,4177000.0,200086000.0,87870000.0,,,1990896000.0,1056720000.0,235033000.0,180153000.0,324000.0,,0.23,38223000.0,115827000.0,,,-686023000.0,-8648000.0,,-6565000.0,0.0,-227000.0,-19978000.0,322905000.0,1442072000.0,,128039000.0,417356000.0,112216000,54880000.0,18348000.0,19867000.0,66805000.0,6146000.0,37768000.0,29330000.0,756049000.0,,127175000,
2003-06-30,1564642000.0,1956491000.0,-13010000.0,14541000.0,215917000.0,,20991000.0,953166000.0,81633000.0,,295029000,-515259000.0,140175000.0,81743000.0,2367962000.0,803320000.0,297550000.0,33435000.0,81743000,81743000.0,4000000.0,16503000.0,121192000.0,210841000.0,0.0,160000.0,-156836000.0,126760000.0,88454000.0,141394000.0,,,77633000.0,,21582000.0,,,2560000.0,206575000.0,88201000.0,,,2070412000.0,1164007000.0,210841000.0,235033000.0,325000.0,,,40262000.0,122005000.0,,,-737661000.0,-28377000.0,,-35908000.0,0.0,1424000.0,-46698000.0,,1507546000.0,,168552000.0,386640000.0,118374000,-24192000.0,10900000.0,23800000.0,67210000.0,50264000.0,42041000.0,22004000.0,769885000.0,,132915000,
2003-09-30,1694556000.0,2017730000.0,-26134000.0,14995000.0,229607000.0,,21389000.0,1130805000.0,85633000.0,0.27,310169000,-602833000.0,132557000.0,87373000.0,2504457000.0,809901000.0,315240000.0,32056000.0,87373000,87373000.0,4000000.0,8785000.0,115449000.0,163835000.0,0.0,1379000.0,-200303000.0,130982000.0,93028000.0,147957000.0,,347333000.0,81633000.0,,22669000.0,,,5743000.0,217141000.0,91485000.0,,,2189217000.0,1294640000.0,163835000.0,210841000.0,328000.0,,0.25,43034000.0,130407000.0,,,-737661000.0,-22955000.0,,-2215000.0,0.0,463000.0,-15460000.0,326247000.0,1515506000.0,,155512000.0,424106000.0,125656000,-47006000.0,9358000.0,39379000.0,70096000.0,50144000.0,49623000.0,3000000.0,777845000.0,,140651000,
2003-12-31,1728094000.0,2089864000.0,-26385000.0,14279000.0,240009000.0,,22193000.0,1169760000.0,92133000.0,0.3,338108000,-277881000.0,102421000.0,98519000.0,2595825000.0,867731000.0,332142000.0,34170000.0,98519000,98519000.0,4000000.0,10478000.0,108275000.0,159789000.0,48271000.0,-2114000.0,-111841000.0,133437000.0,103029000.0,154526000.0,,353888000.0,88133000.0,,21665000.0,,,7174000.0,235079000.0,141675000.0,,,2263683000.0,1329549000.0,159789000.0,163835000.0,329000.0,,0.28,48525000.0,147044000.0,,,-737661000.0,-69995000.0,,-64621000.0,0.0,-598000.0,-100574000.0,329188000.0,1571222000.0,,172416000.0,238149000.0,93404000,-4046000.0,6607000.0,62338000.0,71211000.0,54318000.0,57211000.0,5300000.0,833561000.0,,107683000,
2004-03-31,1517945000.0,1961781000.0,-26261000.0,14297000.0,287145000.0,,23546000.0,979978000.0,106805000.0,0.33,370023000,-5108000.0,119868000.0,109163000.0,2439759000.0,921814000.0,393950000.0,32751000.0,109163000,109163000.0,4000000.0,8501000.0,103366000.0,109033000.0,0.0,1419000.0,129159000.0,162423000.0,111761000.0,161686000.0,,354183000.0,102805000.0,,20928000.0,,,4909000.0,258262000.0,100801000.0,,,2045809000.0,1089011000.0,109033000.0,159789000.0,324000.0,,0.31,53767000.0,162930000.0,,,-737661000.0,-69799000.0,,-369582000.0,0.0,5447000.0,-385083000.0,328247000.0,1626724000.0,,189667000.0,202647000.0,157461000,-50756000.0,19102000.0,41762000.0,77255000.0,-38230000.0,85429000.0,104437000.0,889063000.0,,171758000,
2004-06-30,1578114000.0,2038820000.0,-25790000.0,18289000.0,318745000.0,,26422000.0,948879000.0,118399000.0,,420963000,-116332000.0,108990000.0,124697000.0,2549462000.0,971348000.0,437144000.0,29162000.0,124697000,124697000.0,4000000.0,10652000.0,117785000.0,147734000.0,0.0,2189000.0,-53618000.0,197158000.0,125540000.0,182692000.0,,,114399000.0,,22858000.0,,,-14419000.0,295423000.0,114180000.0,,,2112318000.0,1096613000.0,147734000.0,109033000.0,325000.0,,,61418000.0,186115000.0,,,-793555000.0,-68869000.0,,-85540000.0,0.0,-6964000.0,-100127000.0,,1735741000.0,,177859000.0,129394000.0,181243000,38701000.0,19339000.0,40377000.0,87758000.0,-4890000.0,93856000.0,,942186000.0,,199532000,
2004-09-30,1686344000.0,2157419000.0,-25946000.0,18685000.0,357191000.0,,25062000.0,939155000.0,122649000.0,0.45,435067000,-328985000.0,141922000.0,144545000.0,2706031000.0,1019687000.0,479840000.0,28922000.0,144545000,144545000.0,4000000.0,10125000.0,135818000.0,246405000.0,0.0,-109000.0,-51066000.0,200491000.0,120252000.0,199343000.0,,344875000.0,118649000.0,,22994000.0,,,-18033000.0,314815000.0,104159000.0,,,2226191000.0,1185560000.0,246405000.0,147734000.0,325000.0,,0.42,71840000.0,216385000.0,,,-793555000.0,-66344000.0,,-58529000.0,0.0,-2895000.0,-58490000.0,324668000.0,1784320000.0,,208266000.0,344372000.0,210656000,98671000.0,44850000.0,25907000.0,79097000.0,17207000.0,90004000.0,4041000.0,990765000.0,,229341000,
2004-12-31,1777195000.0,2269462000.0,-32572000.0,19134000.0,297597000.0,,25324000.0,1122270000.0,126569000.0,0.44,436061000,-305521000.0,121678000.0,144615000.0,2808854000.0,1031659000.0,424166000.0,27694000.0,144615000,144615000.0,4000000.0,10593000.0,146582000.0,164414000.0,0.0,1863000.0,-217722000.0,179682000.0,119437000.0,191122000.0,,343226000.0,122569000.0,,21351000.0,,,-10764000.0,316624000.0,106359000.0,,,2384688000.0,1286684000.0,164414000.0,246405000.0,326000.0,,0.42,71875000.0,216490000.0,,,-793555000.0,-31413000.0,,-17360000.0,0.0,-5785000.0,-13770000.0,325660000.0,1797520000.0,,153091000.0,117349000.0,210265000,-81991000.0,23384000.0,28982000.0,81035000.0,-49721000.0,61740000.0,4931000.0,1003965000.0,,229399000,
2005-03-31,1912674000.0,2362317000.0,-32682000.0,19282000.0,291729000.0,,24713000.0,1260744000.0,144107000.0,0.38,400188000,-249375000.0,156385000.0,125537000.0,2939701000.0,1027027000.0,435836000.0,27624000.0,125537000,125537000.0,4000000.0,9799000.0,159463000.0,142482000.0,0.0,-396000.0,-162158000.0,192380000.0,111896000.0,205332000.0,,342720000.0,140107000.0,,20095000.0,,,-12881000.0,288292000.0,107854000.0,,,2503865000.0,1403226000.0,142482000.0,164414000.0,328000.0,,0.37,62393000.0,187930000.0,,,-793555000.0,-13799000.0,,-29958000.0,0.0,-11605000.0,-24453000.0,326945000.0,1792958000.0,,170184000.0,101412000.0,180438000,-21932000.0,16145000.0,27177000.0,83141000.0,-30360000.0,50157000.0,26307000.0,999403000.0,,199720000,
2005-06-30,1973766000.0,2455714000.0,-32743000.0,19748000.0,285203000.0,,23414000.0,1289141000.0,134686000.0,,400397000,-267087000.0,146630000.0,126140000.0,3004071000.0,1030305000.0,419889000.0,28840000.0,126140000,126140000.0,0.0,10184000.0,167779000.0,185551000.0,0.0,-1666000.0,-43890000.0,192345000.0,112079000.0,175539000.0,,,134686000.0,,20225000.0,,,-8316000.0,288318000.0,108305000.0,,,2584182000.0,1474692000.0,185551000.0,142482000.0,327000.0,,,62692000.0,188832000.0,,,-862766000.0,-20889000.0,,-80560000.0,0.0,-6530000.0,-71744000.0,,1864231000.0,,167519000.0,245752000.0,180013000,43069000.0,33173000.0,23927000.0,84891000.0,27248000.0,56266000.0,,1001465000.0,,199761000,
2005-09-30,2125586000.0,2528293000.0,-32789000.0,20568000.0,328272000.0,,28865000.0,1382313000.0,128196000.0,0.32,424364000,-245432000.0,158138000.0,105368000.0,3154224000.0,1028638000.0,456468000.0,28850000.0,105368000,105368000.0,0.0,11241000.0,183243000.0,202800000.0,0.0,-238000.0,-114641000.0,212949000.0,132615000.0,191629000.0,,344860000.0,128196000.0,,19247000.0,,,-7736000.0,291749000.0,145918000.0,,,2697756000.0,1585113000.0,202800000.0,185551000.0,328000.0,,0.31,51430000.0,156798000.0,,,-862766000.0,-17971000.0,,-44219000.0,0.0,-8580000.0,-81309000.0,327959000.0,1862554000.0,,176109000.0,149000000.0,145831000,17249000.0,52701000.0,69879000.0,117053000.0,12675000.0,64695000.0,-9562000.0,999788000.0,,166399000,
2005-12-31,1909793000.0,2443976000.0,-39995000.0,20531000.0,322791000.0,,31053000.0,1192930000.0,118636000.0,0.35,445881000,-153675000.0,99310000.0,112558000.0,2957033000.0,1047240000.0,441427000.0,29628000.0,112558000,112558000.0,,16081000.0,197772000.0,148466000.0,0.0,-1376000.0,149365000.0,221029000.0,141937000.0,173574000.0,,337429000.0,,,19400000.0,,,-10986000.0,303944000.0,147931000.0,,,2515606000.0,1341396000.0,148466000.0,202800000.0,321000.0,,0.33,54691000.0,167249000.0,,,-862766000.0,-37435000.0,,-340444000.0,21259000.0,-9593000.0,-334604000.0,323935000.0,1880378000.0,,136745000.0,341851000.0,156013000,-54334000.0,52775000.0,12896000.0,116878000.0,-30825000.0,77042000.0,-9039000.0,1017612000.0,,176544000,
2006-03-31,1941243000.0,2517406000.0,-40024000.0,21817000.0,323287000.0,,33036000.0,1092791000.0,110259000.0,0.38,478120000,-8965000.0,77492000.0,120309000.0,3041556000.0,1100313000.0,433546000.0,39459000.0,120309000,120309000.0,0.0,11805000.0,204598000.0,243310000.0,0.0,-8942000.0,53333000.0,259921000.0,156901000.0,174518000.0,,334036000.0,110259000.0,,22433000.0,,,-6654000.0,321219000.0,152898000.0,,,2608010000.0,1336101000.0,243310000.0,148466000.0,321000.0,,0.36,58456000.0,178765000.0,,,-862766000.0,-40235000.0,,-76216000.0,8690000.0,-8907000.0,-87760000.0,320686000.0,1923620000.0,,117727000.0,109931000.0,168321000,94844000.0,43820000.0,42878000.0,119862000.0,-66884000.0,82516000.0,-5282000.0,1060854000.0,,190138000,
2006-06-30,2052116000.0,2761183000.0,-40192000.0,27408000.0,494361000.0,,85807000.0,920317000.0,16687000.0,,508580000,-7965000.0,82967000.0,49466000.0,3286537000.0,1234421000.0,511048000.0,33527000.0,47823000,49466000.0,,21992000.0,210895000.0,422333000.0,0.0,1393000.0,69550000.0,297285000.0,207094000.0,261805000.0,,,,,21127000.0,,,3036000.0,301486000.0,246152000.0,,,2775489000.0,1342650000.0,422333000.0,243310000.0,320000.0,,,21219000.0,69042000.0,,,-911541000.0,-105562000.0,,-79056000.0,14711000.0,-8119000.0,-76714000.0,,2076025000.0,,188529000.0,181684000.0,55334000,179023000.0,84348000.0,23139000.0,160345000.0,44581000.0,127081000.0,-34973000.0,1164484000.0,,82742000,
2006-09-30,2116535000.0,2731501000.0,-50020000.0,24347000.0,560767000.0,183958000.0,69691000.0,926654000.0,16085000.0,0.06,502745000,-302399000.0,118983000.0,20338000.0,3480237000.0,1363702000.0,576852000.0,109209000.0,20338000,20338000.0,,21562000.0,223835000.0,466818000.0,0.0,3380000.0,-92437000.0,296462000.0,203687000.0,269721000.0,,328210000.0,,,22253000.0,,,-12959000.0,299058000.0,282928000.0,,,2903385000.0,1393472000.0,466818000.0,422333000.0,321000.0,,0.06,9181000.0,29519000.0,,,,-94909000.0,,-76970000.0,8143000.0,-6151000.0,-60767000.0,320068000.0,1254493000.0,,213892000.0,301491000.0,16130000,44485000.0,130010000.0,25674000.0,213237000.0,33399000.0,138783000.0,-48150000.0,1254493000.0,,40477000,
2006-12-31,2091671000.0,2778973000.0,-50096000.0,25889000.0,486528000.0,56246000.0,42993000.0,945023000.0,15423000.0,0.3,497453000,-256257000.0,-12239000.0,97568000.0,3483449000.0,1391778000.0,501951000.0,87774000.0,97568000,97568000.0,,24228000.0,246861000.0,370714000.0,0.0,-4871000.0,-120833000.0,277065000.0,189270000.0,278650000.0,,329620000.0,,,21191000.0,,,-24020000.0,308183000.0,181337000.0,,,2981498000.0,1315737000.0,370714000.0,466818000.0,321000.0,,0.3,44045000.0,141613000.0,,,,-99464000.0,,-62496000.0,-12400000.0,-5366000.0,0.0,320553000.0,1304004000.0,,87225000.0,239759000.0,126846000,-96104000.0,85433000.0,0.0,138344000.0,-70513000.0,101254000.0,-21965000.0,1304004000.0,,152735000,
2007-03-31,2077671000.0,2805033000.0,-50008000.0,27265000.0,461028000.0,62404000.0,40567000.0,941189000.0,17700000.0,0.24,476556000,-210875000.0,84075000.0,76068000.0,3523056000.0,1445385000.0,478728000.0,48647000.0,76068000,76068000.0,,19052000.0,249078000.0,383061000.0,0.0,-14630000.0,-73129000.0,250703000.0,190286000.0,275124000.0,,330365000.0,,,23812000.0,,,-3331000.0,286270000.0,200001000.0,,,3044328000.0,1324250000.0,383061000.0,370714000.0,321000.0,,0.23,25263000.0,101331000.0,,,-911541000.0,-64049000.0,,-62648000.0,-12640000.0,-9023000.0,0.0,320553000.0,2260726000.0,,148124000.0,216425000.0,86269000,12347000.0,43095000.0,0.0,159434000.0,-11719000.0,118997000.0,-5894000.0,1349185000.0,,113534000,
2007-06-30,2070573000.0,2847281000.0,-50005000.0,27142000.0,454904000.0,67448000.0,51222000.0,722286000.0,19946000.0,,532370000,-10121000.0,24000000.0,92253000.0,3606784000.0,1536211000.0,474850000.0,43911000.0,92253000,92253000.0,,15555000.0,262713000.0,577068000.0,0.0,4456000.0,83465000.0,244998000.0,209454000.0,267188000.0,,,,,23641000.0,,,-13932000.0,322916000.0,199748000.0,,,3131934000.0,1299354000.0,577068000.0,383061000.0,321000.0,,,48964000.0,141217000.0,,,-996333000.0,-143318000.0,,-56776000.0,-10119000.0,-8271000.0,0.0,,2427606000.0,,167318000.0,230114000.0,123168000,194007000.0,70302000.0,1000.0,148526000.0,9189000.0,93773000.0,-27517000.0,1431273000.0,,150310000,
2007-09-30,2130015000.0,2847351000.0,-60104000.0,30345000.0,591381000.0,72925000.0,57194000.0,535292000.0,134405000.0,0.26,524081000,-107112000.0,118449000.0,83626000.0,3742069000.0,1612054000.0,725786000.0,43338000.0,83626000,83626000.0,,9529000.0,261018000.0,813673000.0,0.0,934000.0,131882000.0,275383000.0,206515000.0,410857000.0,,328873000.0,,,21727000.0,,,1586000.0,317566000.0,208027000.0,,,3016283000.0,1348965000.0,813673000.0,577068000.0,321000.0,,0.25,43267000.0,126893000.0,,,-996333000.0,-56953000.0,,-70679000.0,-10565000.0,-7566000.0,,320553000.0,2466077000.0,,175402000.0,295767000.0,109539000,236605000.0,53459000.0,,150833000.0,-3033000.0,105338000.0,-8461000.0,1469744000.0,,139884000,
2007-12-31,1981935000.0,2894268000.0,-60103000.0,34479000.0,417660000.0,37631000.0,56460000.0,147375000.0,133917000.0,0.33,540025000,-3898000.0,-11413000.0,107020000.0,3638595000.0,1656660000.0,551577000.0,21507000.0,107020000,107020000.0,,52197000.0,255165000.0,1007426000.0,0.0,2938000.0,264984000.0,286675000.0,204409000.0,301120000.0,,326284000.0,,,22250000.0,,,5811000.0,335616000.0,195039000.0,,62386000.0,3087018000.0,1154801000.0,1007426000.0,813673000.0,321000.0,,0.33,55483000.0,162503000.0,,,-996333000.0,-76730000.0,,-136548000.0,-76435000.0,-9668000.0,,320553000.0,2497152000.0,,65317000.0,391885000.0,140577000,193753000.0,4002000.0,,138579000.0,-130976000.0,90288000.0,26721000.0,1500819000.0,,175056000,
2008-03-31,2009228000.0,2895196000.0,-60104000.0,46352000.0,426576000.0,34351000.0,60449000.0,,133372000.0,0.19,487410000,-837000.0,110203000.0,61032000.0,3674018000.0,1664790000.0,559948000.0,28272000.0,61032000,61032000.0,,45696000.0,264075000.0,1189051000.0,0.0,-8361000.0,94451000.0,269292000.0,202614000.0,325284000.0,,322480000.0,,,19791000.0,,,-11132000.0,284796000.0,203738000.0,,61364000.0,3114070000.0,1189051000.0,1189051000.0,1007426000.0,321000.0,,0.19,31641000.0,92673000.0,,,-996333000.0,-45940000.0,,-68969000.0,-8855000.0,-8178000.0,,320553000.0,2493794000.0,,156143000.0,148112000.0,81058000,181625000.0,4002000.0,,143289000.0,26612000.0,77499000.0,-11935000.0,1497461000.0,,127410000,
2008-06-30,2046561000.0,2901139000.0,-60104000.0,50731000.0,419155000.0,39493000.0,60484000.0,205079000.0,141424000.0,,501267000,-204335000.0,86315000.0,66047000.0,3708390000.0,1661829000.0,560579000.0,26344000.0,66047000,66047000.0,,30423000.0,272421000.0,1013119000.0,0.0,13620000.0,-226228000.0,272029000.0,200857000.0,317210000.0,,,,,21447000.0,,,-5552000.0,300410000.0,205531000.0,,61655000.0,3147811000.0,1218198000.0,1013119000.0,1189051000.0,321000.0,,,34664000.0,100711000.0,,,-1018816000.0,-36247000.0,,-72266000.0,-12152000.0,-5127000.0,,,2504016000.0,,122562000.0,0.0,94879000,-175932000.0,825000.0,,145047000.0,-12985000.0,79673000.0,-20973000.0,1485200000.0,,145610000,
2008-09-30,2070599000.0,2904595000.0,-64111000.0,46781000.0,402068000.0,45914000.0,47601000.0,205262000.0,142105000.0,0.21,501204000,-1370000.0,119069000.0,67567000.0,3700763000.0,1630164000.0,544173000.0,28795000.0,67567000,67567000.0,,18747000.0,263244000.0,1051194000.0,-11449000.0,-3206000.0,-39811000.0,268570000.0,209654000.0,272414000.0,,323815000.0,,,21309000.0,,,6429000.0,291550000.0,193859000.0,,60290000.0,3156590000.0,1256456000.0,1051194000.0,1013119000.0,0.0,,0.21,35119000.0,102686000.0,,,-1018816000.0,-37995000.0,,-79178000.0,-15057000.0,-3823000.0,,320553000.0,2480585000.0,,157064000.0,2438000.0,97691000,38075000.0,21807000.0,,138915000.0,-2974000.0,86538000.0,-924000.0,1461769000.0,,144472000,
2008-12-31,1695697000.0,2742567000.0,-62303000.0,50893000.0,293367000.0,-18947000.0,64124000.0,207259000.0,175525000.0,-0.12,410675000,-1370000.0,42875000.0,-38784000.0,3209982000.0,1514285000.0,468892000.0,29354000.0,-38784000,-38784000.0,140732000.0,17681000.0,251661000.0,718200000.0,-57366000.0,1960000.0,-56398000.0,213370000.0,221842000.0,190281000.0,15936000.0,312718000.0,34793000.0,,20597000.0,,,7780000.0,188833000.0,266328000.0,,62981000.0,2741090000.0,925459000.0,718200000.0,1051194000.0,0.0,,-0.12,-34671000.0,-73455000.0,,,-1018816000.0,-29540000.0,,-349011000.0,-13316000.0,-1781000.0,,312718000.0,2423049000.0,,72415000.0,2237000.0,-77495000,-332994000.0,832000.0,,148183000.0,-90903000.0,81657000.0,169498000.0,1404233000.0,,-26602000,
2009-03-31,1607999000.0,2633638000.0,-60961000.0,51236000.0,276571000.0,-23067000.0,48760000.0,205474000.0,221430000.0,-0.09,339665000,-1392000.0,69968000.0,-26426000.0,3129928000.0,1521929000.0,498001000.0,51049000.0,-26426000,-26426000.0,27148000.0,22590000.0,239900000.0,692825000.0,-10956000.0,2119000.0,-63532000.0,196344000.0,171960000.0,194346000.0,22370000.0,304415000.0,79971000.0,114311000.0,18010000.0,,,13291000.0,167705000.0,173703000.0,,65279000.0,2631927000.0,898299000.0,692825000.0,718200000.0,304000.0,,-0.09,9244000.0,-17182000.0,,,,-35997000.0,,-67808000.0,-41291000.0,-2015000.0,0.0,304415000.0,,,105965000.0,2438000.0,-5998000,-25375000.0,820000.0,,120974000.0,55342000.0,63395000.0,41055000.0,1381474000.0,,45238000,
2009-06-30,1584951000.0,2580610000.0,-61126000.0,56513000.0,268776000.0,-217505000.0,50643000.0,204055000.0,218534000.0,,394471000,-1392000.0,78454000.0,8098000.0,3081775000.0,1496824000.0,487310000.0,21853000.0,8098000,8098000.0,26398000.0,34015000.0,217847000.0,709348000.0,535000.0,0.0,-31976000.0,207807000.0,203934000.0,179789000.0,26710000.0,,67273000.0,124863000.0,16760000.0,2042000.0,,21624000.0,190537000.0,169485000.0,0.0,76295000.0,2594465000.0,913403000.0,709348000.0,692825000.0,306000.0,0.0,,14472000.0,22570000.0,-11463000.0,,-946794000.0,-31897000.0,,-61852000.0,19862000.0,-7656000.0,-20588000.0,,2312846000.0,2140000.0,110351000.0,1313000.0,21052000,16523000.0,0.0,,117456000.0,30319000.0,70087000.0,-7277000.0,1366052000.0,34997000.0,77565000,
2009-09-30,1578411000.0,2561185000.0,-61377000.0,36496000.0,268943000.0,-6330000.0,54990000.0,101551000.0,220025000.0,0.14,449246000,0.0,112052000.0,41952000.0,3061307000.0,1482896000.0,488968000.0,130039000.0,41952000,41952000.0,152265000.0,24078000.0,192277000.0,836029000.0,-6730000.0,953000.0,71063000.0,228843000.0,197619000.0,165880000.0,,312162000.0,67760000.0,,18764000.0,-14891000.0,,24525000.0,251627000.0,154798000.0,-4000000.0,,2572339000.0,937580000.0,836029000.0,709348000.0,324000.0,,0.13,50048000.0,92000000.0,-21036000.0,,,-26463000.0,,-82897000.0,4224000.0,-8345000.0,-25744000.0,306276000.0,,26333000.0,138515000.0,100233000.0,96829000,126681000.0,0.0,,116693000.0,12984000.0,57966000.0,17809000.0,1352857000.0,26465000.0,133325000,
2009-12-31,1531560000.0,2553889000.0,-61017000.0,39832000.0,257392000.0,-1522000.0,64043000.0,101038000.0,195927000.0,0.19,473515000,0.0,2672000.0,58635000.0,2998452000.0,1466892000.0,453319000.0,125060000.0,58635000,58635000.0,25544000.0,26535000.0,196044000.0,737522000.0,-2063000.0,784000.0,-27180000.0,281122000.0,181727000.0,167409000.0,,310090000.0,170383000.0,,18227000.0,14248000.0,,-5522000.0,291788000.0,180596000.0,0.0,,2545133000.0,838560000.0,737522000.0,836029000.0,305000.0,0.0,0.19,54124000.0,112759000.0,-52279000.0,,,-28289000.0,,-102288000.0,1742000.0,-9061000.0,-53696000.0,305324000.0,,2501000.0,30961000.0,0.0,111192000,-98507000.0,0.0,,118367000.0,-95715000.0,69255000.0,8594000.0,1341832000.0,26933000.0,151024000,
2010-03-31,1632750000.0,2415172000.0,-60949000.0,40810000.0,472603000.0,11674000.0,67489000.0,100425000.0,200948000.0,0.22,508880000,0.0,138995000.0,-33903000.0,3078673000.0,1445923000.0,673551000.0,20215000.0,-33903000,-33903000.0,124775000.0,23091000.0,190589000.0,758436000.0,625000.0,-2000000.0,-26967000.0,297352000.0,200177000.0,371233000.0,29586000.0,309445000.0,76173000.0,,21105000.0,15388000.0,,5208000.0,308703000.0,357589000.0,0.0,64860000.0,2405122000.0,858861000.0,758436000.0,737522000.0,303000.0,-10000.0,0.21,-13714000.0,-47617000.0,-16257000.0,,,-25482000.0,,-116596000.0,1369000.0,-10353000.0,-57006000.0,304518000.0,,914000.0,164477000.0,0.0,-48886000,20914000.0,0.0,0.0,117100000.0,200329000.0,79351000.0,-53931000.0,1325348000.0,15279000.0,-8076000,
2010-06-30,1706613000.0,2364598000.0,-60412000.0,50385000.0,532517000.0,19741000.0,49880000.0,0.0,596850000.0,,565962000,0.0,113333000.0,58455000.0,3482325000.0,1775712000.0,1129367000.0,30325000.0,58455000,58455000.0,160326000.0,33909000.0,206040000.0,826512000.0,576000.0,-3735000.0,-258564000.0,339322000.0,225014000.0,37030000.0,226223000.0,,136524000.0,300000000.0,25779000.0,26446000.0,,-1530000.0,340948000.0,200441000.0,-312784000.0,194728000.0,2352958000.0,826512000.0,826512000.0,758436000.0,301000.0,30000.0,,84466000.0,142921000.0,-34686000.0,,-976884000.0,-43667000.0,,169640000.0,24402000.0,-11941000.0,-54459000.0,,2301320000.0,13053000.0,157000000.0,100000000.0,140507000,68076000.0,173000000.0,-40175000.0,122492000.0,-27880000.0,107797000.0,56618000.0,1324436000.0,9100000.0,190892000,
2010-09-30,1461681000.0,2355323000.0,-62467000.0,52134000.0,356760000.0,-4752000.0,73035000.0,,606423000.0,0.39,626139000,0.0,119970000.0,117550000.0,3305103000.0,1843422000.0,963183000.0,29968000.0,117550000,117550000.0,158471000.0,46235000.0,204207000.0,718280000.0,-1166000.0,535000.0,-111101000.0,331347000.0,239925000.0,192138000.0,249447000.0,301688000.0,147952000.0,300000000.0,32286000.0,11590000.0,,4817000.0,386214000.0,205925000.0,-73107000.0,240815000.0,2341920000.0,718280000.0,718280000.0,826512000.0,297000.0,-1422000.0,0.39,57897000.0,175447000.0,9541000.0,,-1014239000.0,-38529000.0,,-155630000.0,-2199000.0,-13700000.0,-89346000.0,298216000.0,2337431000.0,11991000.0,158499000.0,,180289000,-108232000.0,0.0,,127779000.0,-126207000.0,120345000.0,92635000.0,1323192000.0,27139000.0,232423000,
2010-12-31,1561686000.0,2399329000.0,-62278000.0,52228000.0,335350000.0,-1425000.0,72240000.0,,645377000.0,0.37,612936000,,140916000.0,109590000.0,3365693000.0,1804007000.0,980727000.0,27625000.0,109590000,109590000.0,183947000.0,129305000.0,217578000.0,798344000.0,-488000.0,0.0,-34354000.0,293264000.0,232661000.0,196593000.0,249777000.0,303260000.0,161430000.0,300000000.0,34265000.0,-18667000.0,,-13605000.0,380275000.0,227788000.0,0.0,228450000.0,2384966000.0,798344000.0,798344000.0,718280000.0,297000.0,-3237000.0,0.36,38309000.0,147899000.0,38083000.0,,-1002870000.0,-59068000.0,,-85566000.0,6047000.0,-14660000.0,-35969000.0,296550000.0,2301025000.0,8023000.0,199984000.0,,152487000,80064000.0,0.0,14555000.0,130001000.0,-7610000.0,96469000.0,11232000.0,1298155000.0,24522000.0,204715000,
2011-03-31,1676593000.0,2473271000.0,-62323000.0,,391153000.0,44734000.0,73510000.0,49924000.0,596224000.0,0.46,606775000,,227104000.0,136276000.0,3452417000.0,1775824000.0,987377000.0,25798000.0,136276000,136276000.0,23672000.0,89435000.0,234933000.0,868923000.0,-16000.0,0.0,-79300000.0,304591000.0,234125000.0,40984000.0,247526000.0,304515000.0,180442000.0,300000000.0,35571000.0,10952000.0,,-17673000.0,372650000.0,208639000.0,0.0,216439000.0,2465040000.0,918847000.0,868923000.0,798344000.0,5865000.0,0.0,0.45,26149000.0,162425000.0,-11327000.0,,-1037354000.0,-29593000.0,,-106818000.0,4229000.0,-14096000.0,-46689000.0,296511000.0,2323415000.0,,256697000.0,0.0,164011000,70579000.0,0.0,-2064000.0,130955000.0,3645000.0,107444000.0,43468000.0,1286061000.0,21228000.0,214695000,
2011-06-30,1727852000.0,2524790000.0,-62077000.0,,414340000.0,19427000.0,67045000.0,50346000.0,602585000.0,,626491000,0.0,198211000.0,125593000.0,3527743000.0,1799891000.0,1016925000.0,21653000.0,125593000,125593000.0,22771000.0,65495000.0,237928000.0,962541000.0,423000.0,0.0,-53579000.0,297632000.0,235666000.0,47767000.0,265125000.0,,183715000.0,300000000.0,36881000.0,-8621000.0,,-2974000.0,390825000.0,213326000.0,-7811000.0,204263000.0,2510818000.0,1012887000.0,962541000.0,868923000.0,296000.0,0.0,,50307000.0,175900000.0,6959000.0,,-1069876000.0,-48063000.0,,-99077000.0,4818000.0,-14268000.0,-59008000.0,,2378726000.0,,246274000.0,0.0,177499000,93618000.0,0.0,17202000.0,136573000.0,32551000.0,110153000.0,23295000.0,1308850000.0,21408000.0,227515000,
2011-09-30,1503942000.0,2526598000.0,-64781000.0,52071000.0,386667000.0,133446000.0,82456000.0,50299000.0,622360000.0,0.45,636002000,,71485000.0,133446000.0,3521583000.0,2017641000.0,1009027000.0,20552000.0,133446000,133446000.0,22155000.0,80972000.0,253159000.0,710041000.0,-492000.0,0.0,-203593000.0,328989000.0,240529000.0,73066000.0,411241000.0,301076000.0,189763000.0,311792000.0,34580000.0,4882000.0,,-9799000.0,395473000.0,222601000.0,-154269000.0,257016000.0,2512556000.0,760340000.0,710041000.0,962541000.0,293000.0,-16217000.0,0.44,34834000.0,168280000.0,-30790000.0,,-1098612000.0,-49324000.0,4100000.0,-169716000.0,2821000.0,-14335000.0,-88674000.0,294475000.0,2427444000.0,,120809000.0,,172872000,-252500000.0,0.0,-2865000.0,140213000.0,-126752000.0,126794000.0,41273000.0,1328832000.0,23465000.0,224943000,
2011-12-31,1465200000.0,2517166000.0,-64158000.0,,379659000.0,86977000.0,80826000.0,75375000.0,636530000.0,0.3,591359000,,180959000.0,88130000.0,3520655000.0,2055455000.0,1016189000.0,19055000.0,88130000,88130000.0,21529000.0,81396000.0,233404000.0,741160000.0,-6047000.0,-21883000.0,-100553000.0,246229000.0,243399000.0,62579000.0,432809000.0,299290000.0,197839000.0,308700000.0,31136000.0,-18397000.0,,19045000.0,347960000.0,227403000.0,-12018000.0,237776000.0,2504466000.0,816535000.0,741160000.0,710041000.0,292000.0,-4189000.0,0.29,28754000.0,116884000.0,82760000.0,,-1130003000.0,-68361000.0,,-117648000.0,4242000.0,-12992000.0,-72486000.0,291824000.0,2495818000.0,,249320000.0,,120557000,31119000.0,0.0,18943000.0,142084000.0,94599000.0,118427000.0,-1796000.0,1365815000.0,23474000.0,172552000,
2012-03-31,1637246000.0,2507298000.0,-64384000.0,,437627000.0,59074000.0,78011000.0,75405000.0,729412000.0,0.19,571212000,0.0,126446000.0,54517000.0,3670237000.0,2032991000.0,1167039000.0,26264000.0,22708000,54517000.0,22143000.0,79584000.0,220153000.0,860551000.0,-7940000.0,57852000.0,-1652000.0,296255000.0,235782000.0,72242000.0,423073000.0,300221000.0,205727000.0,308700000.0,28729000.0,27228000.0,,12412000.0,335430000.0,215604000.0,0.0,222354000.0,2503198000.0,935956000.0,860551000.0,741160000.0,9125000.0,0.0,0.18,88948000.0,111656000.0,-50026000.0,,-1150303000.0,-70053000.0,,-75456000.0,5172000.0,-13225000.0,-51631000.0,292276000.0,2511603000.0,,196499000.0,,119826000,119391000.0,0.0,-1172000.0,136075000.0,121172000.0,132906000.0,-9942000.0,1361300000.0,22038000.0,173302000,
2012-06-30,1699366000.0,2553418000.0,-64408000.0,53554000.0,755389000.0,41688000.0,79980000.0,75326000.0,444280000.0,0.38,604956000,0.0,113484000.0,110634000.0,3737946000.0,2038580000.0,1199669000.0,52988000.0,110634000,110634000.0,27797000.0,85177000.0,242162000.0,881060000.0,-22401000.0,-1245000.0,-78967000.0,317461000.0,232967000.0,255938000.0,423073000.0,299793000.0,198502000.0,5592000.0,26280000.0,11802000.0,,-22090000.0,371989000.0,213567000.0,-5737000.0,208913000.0,2538277000.0,956386000.0,881060000.0,860551000.0,293000.0,-400000.0,0.37,25279000.0,135913000.0,-21206000.0,303496000.0,-1166033000.0,-76610000.0,108000.0,-90618000.0,5247000.0,-15434000.0,-33621000.0,292757000.0,2519639000.0,22589000.0,190094000.0,,158422000,20509000.0,0.0,39123000.0,134007000.0,-13790000.0,147086000.0,1224000.0,1353606000.0,20890000.0,211976000,
2012-09-30,1666796000.0,2583060000.0,-70199000.0,53674000.0,682397000.0,21320000.0,80187000.0,75283000.0,453740000.0,0.44,623075000,,86042000.0,127888000.0,3704574000.0,2037778000.0,1136137000.0,60403000.0,127888000,127888000.0,26254000.0,94875000.0,258689000.0,849850000.0,-2707000.0,0.0,-50359000.0,316538000.0,237384000.0,205357000.0,422083000.0,298782000.0,195893000.0,5592000.0,27025000.0,-26466000.0,,-16015000.0,385691000.0,217581000.0,0.0,195410000.0,2568437000.0,925133000.0,849850000.0,881060000.0,292000.0,-224000.0,0.43,31773000.0,159661000.0,923000.0,303272000.0,-1196792000.0,-50703000.0,5742000.0,-117596000.0,5219000.0,-14915000.0,-72256000.0,292213000.0,2556674000.0,19437000.0,136745000.0,,168110000,-31210000.0,0.0,0.0,132930000.0,-88858000.0,127306000.0,22772000.0,1359882000.0,22497000.0,221784000,
2012-12-31,1723995000.0,2589619000.0,-70063000.0,51880000.0,673819000.0,43639000.0,80058000.0,75192000.0,483522000.0,0.26,605306000,0.0,192995000.0,76622000.0,3738553000.0,2014558000.0,1157341000.0,50940000.0,76622000,76622000.0,26321000.0,90470000.0,257690000.0,955107000.0,-24458000.0,0.0,-57987000.0,264545000.0,241931000.0,211022000.0,422083000.0,298759000.0,192434000.0,3997000.0,25362000.0,-9536000.0,,570000.0,363375000.0,221369000.0,0.0,182521000.0,2581212000.0,1030299000.0,955107000.0,849850000.0,7040000.0,-74000.0,0.26,38128000.0,114750000.0,51993000.0,304794000.0,-1100910000.0,-62102000.0,,-91853000.0,-861000.0,-15447000.0,-56973000.0,292075000.0,2459924000.0,22146000.0,255097000.0,0.0,142006000,105257000.0,0.0,16768000.0,135742000.0,96023000.0,110495000.0,-12979000.0,1359014000.0,22845000.0,193886000,
2013-03-31,2335958000.0,2629895000.0,-70421000.0,50391000.0,706963000.0,16633000.0,81954000.0,25095000.0,1014589000.0,0.45,604884000,0.0,156748000.0,131388000.0,4334118000.0,1998160000.0,1721552000.0,41660000.0,128785000,131388000.0,26063000.0,113010000.0,268018000.0,1547980000.0,-151000.0,0.0,5254000.0,300046000.0,228782000.0,241969000.0,422004000.0,300082000.0,213138000.0,503573000.0,25851000.0,10453000.0,,-12143000.0,376102000.0,221673000.0,0.0,165591000.0,2612566000.0,1573075000.0,1547980000.0,955107000.0,292000.0,-903000.0,0.44,22824000.0,151609000.0,-35501000.0,304314000.0,-1125918000.0,-54945000.0,3800000.0,375926000.0,4297000.0,-17621000.0,-74271000.0,292888000.0,2494823000.0,20200000.0,211693000.0,50000000.0,154429000,592873000.0,0.0,0.0,134138000.0,-2229000.0,114629000.0,18392000.0,1368905000.0,19613000.0,204820000,
2013-06-30,1939906000.0,2523457000.0,-69532000.0,51191000.0,404893000.0,16419000.0,82083000.0,25060000.0,1023019000.0,0.41,608194000,0.0,165478000.0,119014000.0,3935910000.0,1996004000.0,1427912000.0,43730000.0,119014000,119014000.0,29894000.0,96609000.0,275640000.0,1174986000.0,-442000.0,0.0,-36280000.0,285438000.0,236795000.0,248562000.0,422004000.0,296756000.0,206855000.0,503573000.0,26557000.0,-6961000.0,,-7657000.0,371399000.0,219867000.0,-3267000.0,157146000.0,2507998000.0,1200046000.0,1174986000.0,1547980000.0,288000.0,-302299000.0,0.4,25245000.0,144259000.0,14608000.0,2015000.0,-1152307000.0,-48922000.0,,-551114000.0,-7434000.0,-15747000.0,-200677000.0,290146000.0,2525431000.0,22437000.0,214400000.0,0.0,151532000,-372994000.0,0.0,19529000.0,132009000.0,24588000.0,105322000.0,-2813000.0,1373124000.0,18853000.0,202723000,
2013-09-30,1781768000.0,2412262000.0,-73744000.0,51133000.0,335357000.0,13555000.0,77430000.0,25036000.0,1030204000.0,0.36,585241000,0.0,59565000.0,103120000.0,3763997000.0,1982229000.0,1365561000.0,40063000.0,103120000,103120000.0,29300000.0,116225000.0,278218000.0,1009547000.0,-5547000.0,0.0,-33281000.0,297888000.0,238045000.0,180515000.0,422004000.0,290260000.0,205221000.0,500955000.0,27179000.0,-9162000.0,,-2301000.0,347196000.0,213040000.0,0.0,145618000.0,2398436000.0,1034583000.0,1009547000.0,1174986000.0,283000.0,0.0,0.36,22026000.0,125146000.0,-12450000.0,4804000.0,-1181166000.0,-36329000.0,4300000.0,-228052000.0,1697000.0,-14109000.0,-161352000.0,284654000.0,2555710000.0,21799000.0,95894000.0,0.0,134156000,-165439000.0,0.0,0.0,129902000.0,-97479000.0,101060000.0,25529000.0,1374544000.0,18740000.0,185289000,
2013-12-31,1890136000.0,2368350000.0,-73324000.0,64404000.0,381116000.0,24881000.0,83471000.0,0.0,1569702000.0,0.17,620274000,,188298000.0,44353000.0,4306882000.0,2416746000.0,1950818000.0,42803000.0,44353000,44353000.0,29343000.0,85554000.0,297234000.0,1149909000.0,-19561000.0,0.0,-472639000.0,288285000.0,291602000.0,231883000.0,596898000.0,288565000.0,202435000.0,1000871000.0,25542000.0,-3252000.0,,14030000.0,328672000.0,238717000.0,-453506000.0,404652000.0,2356064000.0,1149909000.0,1149909000.0,1009547000.0,283000.0,-1839000.0,0.17,20208000.0,64561000.0,33056000.0,2965000.0,-1194363000.0,-46133000.0,,378570000.0,-5573000.0,-12569000.0,-66207000.0,282664000.0,2566756000.0,21717000.0,234431000.0,27000000.0,89955000,140362000.0,0.0,19096000.0,142971000.0,112233000.0,99009000.0,-11705000.0,1372393000.0,22869000.0,154359000,
2014-03-31,1979278000.0,2412627000.0,-73481000.0,64665000.0,391388000.0,23845000.0,80680000.0,0.0,1562573000.0,0.43,605681000,,185291000.0,122544000.0,4354565000.0,2375287000.0,1953961000.0,38176000.0,122544000,122544000.0,37977000.0,79346000.0,290518000.0,1231248000.0,-3250000.0,0.0,-31539000.0,304128000.0,265744000.0,249568000.0,597676000.0,288575000.0,171431000.0,1000871000.0,24259000.0,-4044000.0,,7717000.0,339937000.0,229949000.0,-5750000.0,384167000.0,2400604000.0,1231248000.0,1231248000.0,1149909000.0,283000.0,-439000.0,0.42,-10632000.0,111912000.0,-15566000.0,2526000.0,-1229348000.0,-26407000.0,,-98820000.0,5035000.0,-12306000.0,-59473000.0,282627000.0,2584616000.0,20720000.0,211698000.0,0.0,109988000,81339000.0,0.0,0.0,141493000.0,33728000.0,94315000.0,-36482000.0,1355268000.0,22057000.0,174653000,
2014-06-30,2086702000.0,2423794000.0,-73626000.0,64391000.0,398635000.0,30815000.0,83153000.0,49953000.0,1577072000.0,0.3,642467000,-49953000.0,210430000.0,84793000.0,4405618000.0,2318916000.0,1975707000.0,29766000.0,84793000,84793000.0,53365000.0,54560000.0,289292000.0,1322472000.0,-12237000.0,0.0,-71980000.0,295828000.0,273507000.0,250760000.0,596637000.0,289487000.0,159879000.0,1001026000.0,25734000.0,5203000.0,,1226000.0,368960000.0,240173000.0,0.0,360994000.0,2429911000.0,1372425000.0,1322472000.0,1231248000.0,285000.0,-2430000.0,0.29,22814000.0,107607000.0,8300000.0,372000.0,-1243864000.0,-23654000.0,,-70880000.0,4897000.0,-17173000.0,-49666000.0,283431000.0,2575383000.0,20065000.0,234084000.0,0.0,128787000,91224000.0,0.0,23713000.0,143802000.0,62518000.0,102076000.0,-9501000.0,1331519000.0,21786000.0,193178000,
2014-09-30,2027779000.0,2430194000.0,-79763000.0,63693000.0,335130000.0,32007000.0,79989000.0,75094000.0,1558591000.0,0.35,580275000,-25142000.0,85311000.0,99980000.0,4305125000.0,2277346000.0,1893721000.0,40127000.0,99980000,99980000.0,61572000.0,67383000.0,305108000.0,1243883000.0,-11611000.0,0.0,-56616000.0,281932000.0,241454000.0,191840000.0,595441000.0,289430000.0,145597000.0,1001026000.0,26821000.0,4455000.0,,-15650000.0,338821000.0,226252000.0,,337917000.0,2411404000.0,1318977000.0,1243883000.0,1322472000.0,284000.0,-437000.0,0.35,-5499000.0,94481000.0,13896000.0,0.0,-1287286000.0,-31686000.0,,-138970000.0,2249000.0,-19074000.0,-70723000.0,284086000.0,2591147000.0,20122000.0,116997000.0,,112569000,-78589000.0,0.0,0.0,140362000.0,-85134000.0,96347000.0,6207000.0,1303861000.0,22420000.0,176262000,
2014-12-31,2072990000.0,2259997000.0,-79169000.0,71625000.0,334239000.0,162371000.0,79778000.0,75012000.0,1548547000.0,-0.25,566809000,0.0,154270000.0,-72034000.0,4124527000.0,2051537000.0,1882786000.0,38265000.0,-72034000,-72034000.0,64988000.0,67244000.0,306564000.0,1305870000.0,-157390000.0,0.0,5882000.0,258506000.0,252732000.0,204508000.0,511838000.0,282992000.0,120308000.0,1000000000.0,27103000.0,-12007000.0,,-1486000.0,314077000.0,220763000.0,0.0,306111000.0,2241741000.0,1380882000.0,1305870000.0,1243883000.0,283000.0,0.0,-0.25,359000.0,-71675000.0,23426000.0,,-1298986000.0,-18585000.0,,-116750000.0,1931000.0,-18539000.0,-66488000.0,282992000.0,2494309000.0,20102000.0,172855000.0,0.0,93314000,61987000.0,0.0,18653000.0,135945000.0,39898000.0,82526000.0,-30849000.0,1195323000.0,20776000.0,164939000,
2015-03-31,2180688000.0,2260011000.0,-79419000.0,71439000.0,355334000.0,25746000.0,75766000.0,75142000.0,1558534000.0,0.28,577263000,-200000.0,171879000.0,79433000.0,4167717000.0,1987029000.0,1913868000.0,36231000.0,79433000,79433000.0,56412000.0,66298000.0,297270000.0,1392197000.0,-8346000.0,0.0,-8270000.0,278427000.0,261995000.0,219321000.0,511824000.0,288840000.0,116284000.0,1000000000.0,30550000.0,477000.0,,9194000.0,315268000.0,201472000.0,0.0,283385000.0,2253849000.0,1467339000.0,1392197000.0,1305870000.0,12359000.0,0.0,0.28,20483000.0,99916000.0,-19921000.0,,-1319816000.0,-10185000.0,,-87467000.0,5997000.0,-18521000.0,-45143000.0,283418000.0,2475405000.0,20102000.0,182064000.0,500000.0,113796000,86327000.0,0.0,0.0,123913000.0,21545000.0,85361000.0,-15658000.0,1155589000.0,18586000.0,185235000,
2015-06-30,2320581000.0,2279112000.0,-79558000.0,92639000.0,383177000.0,15087000.0,72532000.0,75154000.0,1555187000.0,0.35,582517000,0.0,206428000.0,98659000.0,4228384000.0,1907803000.0,1938364000.0,43765000.0,98659000,98659000.0,54221000.0,49838000.0,288474000.0,1550965000.0,-13347000.0,0.0,22931000.0,278844000.0,278816000.0,229749000.0,511647000.0,289346000.0,90588000.0,1000000000.0,30327000.0,2874000.0,,10105000.0,303701000.0,195406000.0,0.0,261652000.0,2290020000.0,1626119000.0,1550965000.0,1392197000.0,283000.0,0.0,0.34,24789000.0,123448000.0,-417000.0,,-1263514000.0,-15360000.0,,-85951000.0,2372000.0,-17234000.0,-43391000.0,284202000.0,2354253000.0,34779000.0,221788000.0,0.0,108295000,158768000.0,0.0,22298000.0,121552000.0,84687000.0,88322000.0,-32207000.0,1090739000.0,17709000.0,200934000,
2015-09-30,2279046000.0,2121582000.0,-85387000.0,102053000.0,345954000.0,172411000.0,71995000.0,100285000.0,1484131000.0,-0.25,562510000,-26055000.0,101518000.0,-72143000.0,3944886000.0,1665840000.0,1830085000.0,107190000.0,-72143000,-72143000.0,53724000.0,46627000.0,290712000.0,1508347000.0,-164823000.0,0.0,-41270000.0,282471000.0,276159000.0,170632000.0,511647000.0,284588000.0,10602000.0,1000000000.0,35091000.0,-9776000.0,,-2167000.0,286351000.0,197293000.0,-1000000.0,241423000.0,2114801000.0,1608632000.0,1508347000.0,1550965000.0,10819000.0,0.0,-0.25,-10024000.0,-82167000.0,-3627000.0,,-944489000.0,-15821000.0,,-118687000.0,2249000.0,-17600000.0,-44519000.0,284588000.0,1750069000.0,59479000.0,117339000.0,,89058000,-42618000.0,0.0,0.0,121392000.0,-31718000.0,80752000.0,-53111000.0,805580000.0,16963000.0,191111000,
2015-12-31,2326629000.0,2103339000.0,-85712000.0,49082000.0,315251000.0,16449000.0,73643000.0,124955000.0,1473406000.0,0.24,510831000,-31040000.0,168959000.0,67469000.0,3937481000.0,1610852000.0,1788657000.0,146779000.0,67469000,67469000.0,52874000.0,47235000.0,274741000.0,1648518000.0,-12602000.0,2380000.0,7519000.0,231180000.0,218662000.0,176511000.0,490648000.0,290521000.0,651000.0,1000000000.0,32067000.0,-7659000.0,,15811000.0,292169000.0,190034000.0,,202877000.0,2148824000.0,1773473000.0,1648518000.0,1508347000.0,63014000.0,0.0,0.23,12471000.0,79940000.0,51291000.0,,-961692000.0,-13530000.0,,-49837000.0,3920000.0,-17529000.0,-30872000.0,285526000.0,1732240000.0,32528000.0,182489000.0,,102135000,140171000.0,0.0,14350000.0,113100000.0,33210000.0,74145000.0,18816000.0,770548000.0,18419000.0,151217000,
2016-03-31,2461910000.0,2154767000.0,-85714000.0,47088000.0,342033000.0,16890000.0,71778000.0,150076000.0,1500672000.0,0.49,555252000,-26782000.0,150456000.0,139810000.0,3981468000.0,1519558000.0,1842705000.0,91619000.0,139810000,139810000.0,48930000.0,88389000.0,234603000.0,1710340000.0,-3058000.0,0.0,60824000.0,278502000.0,236411000.0,193973000.0,490648000.0,289783000.0,643000.0,1000000000.0,34457000.0,8683000.0,11807000.0,22785000.0,318841000.0,138075000.0,,188510000.0,2138763000.0,1860416000.0,1710340000.0,1648518000.0,280000.0,,0.48,31525000.0,171335000.0,-47322000.0,,-953244000.0,-17530000.0,,-166988000.0,1491000.0,-16284000.0,-92654000.0,285854000.0,1702025000.0,30907000.0,167986000.0,,180766000,61822000.0,0.0,0.0,119178000.0,19832000.0,82696000.0,-333000.0,748781000.0,17875000.0,227854000,
2016-06-30,2807048000.0,2121749000.0,-85210000.0,46414000.0,609403000.0,18211000.0,71483000.0,125439000.0,1517399000.0,0.32,566126000,-25000000.0,231583000.0,92339000.0,4234616000.0,1427568000.0,2126802000.0,97829000.0,92339000,92339000.0,45908000.0,91920000.0,227929000.0,2105229000.0,-32180000.0,0.0,35649000.0,256531000.0,219099000.0,217219000.0,490648000.0,288544000.0,756000.0,990090000.0,38779000.0,5076000.0,,7657000.0,347027000.0,192474000.0,-1554000.0,146540000.0,2107814000.0,2230668000.0,2105229000.0,1710340000.0,284000.0,0.0,0.32,23607000.0,115946000.0,21971000.0,249717000.0,-937230000.0,-22488000.0,,105169000.0,1890000.0,-14219000.0,-93125000.0,285354000.0,1629781000.0,21153000.0,254071000.0,50000000.0,154553000,394889000.0,0.0,19625000.0,113491000.0,77967000.0,82535000.0,-13510000.0,692551000.0,16444000.0,200967000,
2016-09-30,2833914000.0,2141326000.0,-93627000.0,43485000.0,531967000.0,23254000.0,70852000.0,175441000.0,1525413000.0,0.49,561396000,-77561000.0,109092000.0,137614000.0,4192616000.0,1358702000.0,2057380000.0,57744000.0,137614000,137614000.0,37368000.0,89398000.0,223484000.0,2092073000.0,-16099000.0,0.0,73000.0,253518000.0,215664000.0,159698000.0,491015000.0,288574000.0,,990685000.0,35754000.0,-858000.0,,2517000.0,345732000.0,157560000.0,,131496000.0,2135236000.0,2267514000.0,2092073000.0,2105229000.0,284000.0,,0.48,27589000.0,165203000.0,3013000.0,249788000.0,-956586000.0,-14310000.0,,-136631000.0,-5206000.0,-6374000.0,-62915000.0,283633000.0,1635033000.0,3138000.0,123402000.0,49540000.0,188172000,-13156000.0,0.0,,112746000.0,-69878000.0,83589000.0,14895000.0,678447000.0,17120000.0,231657000,
2016-12-31,2622562000.0,2155698000.0,-93562000.0,42140000.0,260673000.0,18456000.0,71543000.0,399461000.0,1543110000.0,0.46,550998000,-225948000.0,176855000.0,130477000.0,3947974000.0,1325412000.0,1803783000.0,56344000.0,130477000,130477000.0,37331000.0,75284000.0,236040000.0,1687435000.0,-1247000.0,0.0,-213045000.0,224342000.0,210820000.0,150893000.0,491015000.0,288106000.0,,991281000.0,36137000.0,-11999000.0,,-12512000.0,340178000.0,189857000.0,,117393000.0,2144191000.0,2086896000.0,1687435000.0,2092073000.0,284000.0,-250000000.0,0.45,17961000.0,148438000.0,29176000.0,0.0,-977960000.0,-15775000.0,,-384223000.0,-4239000.0,-11791000.0,-65474000.0,283294000.0,1638620000.0,3138000.0,192630000.0,26454000.0,150321000,-404638000.0,0.0,17658000.0,114057000.0,5179000.0,70505000.0,-7520000.0,660660000.0,18073000.0,192461000,
2017-03-31,2715107000.0,2169760000.0,-93387000.0,40473000.0,294110000.0,19300000.0,73987000.0,499154000.0,1563364000.0,0.5,581216000,-99560000.0,212411000.0,140213000.0,4017783000.0,1302676000.0,1857474000.0,70845000.0,140213000,140213000.0,37459000.0,60195000.0,241439000.0,1656727000.0,-1450000.0,0.0,-107059000.0,257592000.0,214312000.0,170910000.0,491015000.0,287882000.0,,991877000.0,35724000.0,11887000.0,,-5505000.0,366904000.0,191202000.0,,103981000.0,2160309000.0,2155881000.0,1656727000.0,1687435000.0,284000.0,0.0,0.49,30155000.0,170368000.0,-33250000.0,0.0,-985868000.0,-8286000.0,,-144346000.0,-8268000.0,-9735000.0,-68461000.0,282903000.0,1622703000.0,4538000.0,220697000.0,0.0,175702000,-30708000.0,0.0,-3194000.0,113163000.0,32869000.0,82938000.0,-16967000.0,636835000.0,18300000.0,216175000,
2017-06-30,3305594000.0,2212301000.0,-93396000.0,38194000.0,278997000.0,18289000.0,75129000.0,498718000.0,2088542000.0,0.58,602005000,-49891000.0,223878000.0,163309000.0,4570233000.0,1264639000.0,2367539000.0,76176000.0,163309000,163309000.0,43366000.0,57059000.0,247242000.0,2246121000.0,-1175000.0,0.0,-5365000.0,256454000.0,208339000.0,182962000.0,491015000.0,287494000.0,1514000.0,1487678000.0,14974000.0,-5235000.0,,-5715000.0,393666000.0,193113000.0,,90867000.0,2202694000.0,2744839000.0,2246121000.0,1656727000.0,283000.0,0.0,0.57,32271000.0,195580000.0,1139000.0,0.0,-952915000.0,-13050000.0,3798000.0,357831000.0,-3688000.0,-9890000.0,-83324000.0,282747000.0,1559496000.0,3688000.0,236928000.0,50000000.0,200553000,589394000.0,0.0,19805000.0,114011000.0,8433000.0,77373000.0,1697000.0,606581000.0,17624000.0,238747000,
2017-09-30,3307582000.0,2207052000.0,-101462000.0,36754000.0,233912000.0,17329000.0,73681000.0,1196827000.0,2104350000.0,0.55,575676000,-716304000.0,205384000.0,154533000.0,4536006000.0,1228424000.0,2338262000.0,61937000.0,154533000,154533000.0,40677000.0,55033000.0,245347000.0,1577160000.0,-5475000.0,0.0,-711657000.0,233215000.0,201845000.0,146315000.0,491015000.0,286437000.0,1436000.0,1488406000.0,16994000.0,-9979000.0,,1835000.0,373831000.0,183190000.0,-606000.0,79850000.0,2197744000.0,2773987000.0,1577160000.0,2246121000.0,283000.0,,0.54,26419000.0,180952000.0,23239000.0,0.0,-972829000.0,-14321000.0,,-177009000.0,-5416000.0,-9591000.0,-80707000.0,282170000.0,1568451000.0,3688000.0,219705000.0,18101000.0,190641000,-668961000.0,0.0,0.0,108601000.0,-1087000.0,66915000.0,12115000.0,595622000.0,17287000.0,227395000,
2017-12-31,3342720000.0,1997207000.0,-101421000.0,35813000.0,745390000.0,21890000.0,85323000.0,1191765000.0,1833424000.0,-0.27,622637000,-137166000.0,207462000.0,-75015000.0,4564512000.0,1221792000.0,2578814000.0,65243000.0,-75015000,-75015000.0,41736000.0,24153000.0,259597000.0,1631510000.0,-7373000.0,0.0,-19529000.0,235695000.0,212961000.0,151403000.0,491015000.0,281560000.0,,990428000.0,0.0,13643000.0,,-14125000.0,409676000.0,201255000.0,-1500000.0,67716000.0,1985698000.0,2823275000.0,1631510000.0,1577160000.0,283000.0,0.0,-0.27,272942000.0,197927000.0,-2480000.0,498694000.0,-993030000.0,-22413000.0,,-155996000.0,-6104000.0,-11792000.0,-83057000.0,281560000.0,1590848000.0,10523000.0,229875000.0,140106000.0,208421000,54350000.0,0.0,14975000.0,115896000.0,251024000.0,84770000.0,-3188000.0,597818000.0,21040000.0,244234000,
2018-03-31,3340838000.0,1963912000.0,-117883000.0,37201000.0,803951000.0,,81304000.0,1094801000.0,1868253000.0,0.69,648599000,-270071000.0,206295000.0,193627000.0,4623195000.0,1282357000.0,2672204000.0,69428000.0,193627000,193627000.0,59497000.0,22275000.0,273616000.0,1629593000.0,-2272000.0,,22367000.0,320553000.0,224653000.0,196155000.0,532904000.0,285881000.0,,990787000.0,0.0,-235000.0,,-11036000.0,423946000.0,196836000.0,-57773000.0,90848000.0,1950991000.0,2724394000.0,1629593000.0,1631510000.0,283000.0,0.0,0.68,28677000.0,222304000.0,-80953000.0,499050000.0,-989337000.0,-16930000.0,,-247509000.0,-9642000.0,-13204000.0,-137342000.0,280850000.0,1578514000.0,24339000.0,223225000.0,364297000.0,227110000,-1917000.0,,0.0,114390000.0,-26698000.0,84407000.0,-2670000.0,589177000.0,20605000.0,264311000,
2018-06-30,3210409000.0,1945646000.0,-117321000.0,36083000.0,797395000.0,,82611000.0,1082915000.0,1723226000.0,0.7,633154000,-327227000.0,134541000.0,194172000.0,4451561000.0,1241152000.0,2520621000.0,51291000.0,194172000,194172000.0,70743000.0,21548000.0,282390000.0,1543484000.0,-833000.0,,-1247000.0,280072000.0,214486000.0,187456000.0,532251000.0,283934000.0,,991147000.0,0.0,6131000.0,,-9450000.0,418668000.0,195440000.0,0.0,78246000.0,1930940000.0,2626399000.0,1543484000.0,1629593000.0,279000.0,0.0,0.68,29528000.0,223700000.0,40480000.0,499406000.0,-1002587000.0,-12118000.0,,-231521000.0,-9148000.0,-14985000.0,-137172000.0,279304000.0,1581951000.0,17961000.0,146659000.0,338036000.0,223228000,-86109000.0,,21346000.0,112056000.0,-125230000.0,92572000.0,21458000.0,579364000.0,19753000.0,259311000,
2018-09-30,3311525000.0,1924764000.0,-127857000.0,31191000.0,928277000.0,-117000.0,81518000.0,964643000.0,1707952000.0,0.71,638495000,-191630000.0,188869000.0,197423000.0,4548552000.0,1237027000.0,2636229000.0,56977000.0,197423000,197423000.0,64283000.0,33329000.0,275374000.0,1598772000.0,-994000.0,,97378000.0,439407000.0,208259000.0,148364000.0,532251000.0,282454000.0,,991506000.0,0.0,-5263000.0,,7002000.0,430236000.0,195059000.0,-2949000.0,74785000.0,1912323000.0,2563415000.0,1598772000.0,1543484000.0,279000.0,,0.7,36214000.0,233637000.0,-23604000.0,499762000.0,-1025713000.0,-18316000.0,,-249275000.0,-8000000.0,-12720000.0,-120026000.0,278045000.0,1598727000.0,60877000.0,207185000.0,310272000.0,235177000,55288000.0,135187000.0,0.0,112708000.0,-39398000.0,84087000.0,-3032000.0,573014000.0,20497000.0,266368000,
2018-12-31,2657918000.0,1766471000.0,-126808000.0,26803000.0,406480000.0,,77853000.0,553901000.0,1727033000.0,0.48,576906000,-23863000.0,211653000.0,131892000.0,3888927000.0,1231009000.0,2133513000.0,59614000.0,131892000,131892000.0,62116000.0,26933000.0,278925000.0,1406740000.0,-1932000.0,,399076000.0,391419000.0,203858000.0,136795000.0,532251000.0,280008000.0,,991866000.0,,7664000.0,,-3505000.0,373048000.0,188912000.0,0.0,67161000.0,1755414000.0,1960641000.0,1406740000.0,1598772000.0,279000.0,-500000000.0,0.47,50784000.0,182676000.0,43402000.0,,-1043979000.0,-12597000.0,,-815358000.0,0.0,-11336000.0,-213474000.0,276252000.0,1615962000.0,39507000.0,224250000.0,435535000.0,184136000,-192032000.0,,17689000.0,110303000.0,46045000.0,99577000.0,-5174000.0,571983000.0,21656000.0,210939000,
2019-03-31,2576769000.0,1672938000.0,-125566000.0,27182000.0,398997000.0,,74116000.0,243864000.0,1742110000.0,0.48,542383000,-770000.0,185681000.0,130613000.0,3803854000.0,1227085000.0,2141107000.0,61843000.0,130613000,130613000.0,61105000.0,24358000.0,272832000.0,1654563000.0,-1744000.0,-540000.0,288933000.0,381152000.0,201552000.0,162009000.0,532251000.0,276610000.0,,992225000.0,,-13372000.0,,6123000.0,340831000.0,181947000.0,0.0,61036000.0,1662747000.0,1898427000.0,1654563000.0,1406740000.0,279000.0,0.0,0.47,29845000.0,160458000.0,-14323000.0,,-1063310000.0,-21257000.0,,-248048000.0,-1052000.0,-10470000.0,-126573000.0,273221000.0,1635265000.0,44179000.0,206938000.0,311468000.0,158884000,247823000.0,,0.0,107075000.0,30221000.0,86798000.0,-3955000.0,571955000.0,22820000.0,186066000,
2019-06-30,2539500000.0,1856358000.0,-125345000.0,25569000.0,371167000.0,,75130000.0,140990000.0,1527539000.0,1.35,556545000,-1500000.0,206814000.0,367558000.0,3743982000.0,1204482000.0,1898706000.0,38267000.0,367558000,367558000.0,65537000.0,34640000.0,246512000.0,1757342000.0,-1715000.0,-60000.0,71524000.0,360016000.0,200154000.0,152577000.0,532251000.0,275834000.0,,992584000.0,0.0,699000.0,,26383000.0,356391000.0,181105000.0,0.0,56242000.0,1845276000.0,1898332000.0,1757342000.0,1654563000.0,272000.0,0.0,1.33,-189908000.0,177650000.0,,,-1072795000.0,-30653000.0,,-206212000.0,0.0,-11354000.0,-108767000.0,272382000.0,1650517000.0,33765000.0,237467000.0,103431000.0,175286000,102779000.0,,22486000.0,105136000.0,-204157000.0,84335000.0,26118000.0,577722000.0,22004000.0,200855000,
2019-09-30,2424624000.0,1793012000.0,-130222000.0,23921000.0,342516000.0,27000.0,76115000.0,98176000.0,1556985000.0,0.52,533040000,0.0,120639000.0,140156000.0,3680787000.0,1256163000.0,1899501000.0,97439000.0,140156000,140156000.0,117903000.0,24982000.0,235959000.0,1695191000.0,-1434000.0,-35000.0,22814000.0,370316000.0,189717000.0,138812000.0,532251000.0,274436000.0,,992944000.0,,1242000.0,,10578000.0,343323000.0,185885000.0,0.0,52376000.0,1781286000.0,1793367000.0,1695191000.0,1757342000.0,271000.0,,0.51,17677000.0,157833000.0,,,-1092016000.0,-20631000.0,,-226235000.0,,-11997000.0,-103495000.0,271388000.0,1666113000.0,31704000.0,141270000.0,42921000.0,157438000,-62151000.0,,0.0,108989000.0,-48334000.0,81794000.0,453000.0,574097000.0,24671000.0,181359000,
2019-12-31,2379297000.0,1737528000.0,-129810000.0,24087000.0,360471000.0,5934000.0,76071000.0,63006000.0,1539849000.0,0.54,551070000,0.0,223795000.0,146050000.0,3626829000.0,1247532000.0,1900320000.0,95413000.0,146050000,146050000.0,112803000.0,23797000.0,223958000.0,1720194000.0,-2728000.0,-33000.0,21055000.0,348342000.0,190546000.0,127478000.0,532251000.0,273269000.0,,993303000.0,,3602000.0,,12005000.0,360524000.0,188740000.0,-516000.0,48509000.0,1726509000.0,1783200000.0,1720194000.0,1695191000.0,270000.0,0.0,0.53,22989000.0,169039000.0,,,,-13670000.0,,-233517000.0,-8000000.0,-11289000.0,-115580000.0,270330000.0,,38307000.0,237465000.0,35146000.0,171784000,25003000.0,,,111914000.0,39898000.0,89449000.0,-2684000.0,571359000.0,24067000.0,195871000,
