date,quarterlyBasicAverageShares,quarterlyCapitalExpenditure,quarterlyCurrentDebt,quarterlyInterestExpense,quarterlyOtherNonCurrentAssets,quarterlyInvestmentsAndAdvances,quarterlyNetOtherFinancingCharges,quarterlyAccumulatedDepreciation,quarterlyCashFlowFromContinuingFinancingActivities,quarterlyOtherIncomeExpense,quarterlyNonCurrentDeferredTaxesLiabilities,quarterlyInventory,quarterlyCurrentDeferredRevenue,quarterlyOperatingCashFlow,quarterlyOperatingExpense,quarterlyPretaxIncome,quarterlyChangeInCashSupplementalAsReported,quarterlyNetPPE,quarterlyTaxProvision,quarterlyCommonStockIssuance,quarterlyOtherCurrentLiabilities,quarterlyDilutedEPS,quarterlyTotalNonCurrentAssets,quarterlyChangesInAccountReceivables,quarterlyTotalAssets,quarterlyFreeCashFlow,quarterlySaleOfInvestment,quarterlyOtherIntangibleAssets,quarterlyDepreciationAndAmortization,quarterlyCapitalStock,quarterlyAccountsPayable,quarterlyGainsLossesNotAffectingRetainedEarnings,quarterlyCashAndCashEquivalents,quarterlyCashCashEquivalentsAndMarketableSecurities,quarterlyBeginningCashPosition,quarterlyTotalRevenue,quarterlyPurchaseOfInvestment,quarterlyEbitda,quarterlyEndCashPosition,quarterlyInvestingCashFlow,quarterlyOperatingIncome,quarterlyTotalLiabilitiesNetMinorityInterest,quarterlyNetIncomeCommonStockholders,quarterlyChangeInAccountPayable,quarterlyGrossProfit,quarterlyOtherNonCashItems,quarterlyCurrentAssets,quarterlyDilutedAverageShares,quarterlyRepurchaseOfCapitalStock,quarterlyGrossPPE,quarterlyCurrentLiabilities,quarterlyCashDividendsPaid,quarterlyChangeInWorkingCapital,quarterlyDeferredIncomeTax,quarterlyRetainedEarnings,quarterlyOtherShortTermInvestments,quarterlyCostOfRevenue,quarterlyGoodwill,quarterlyStockholdersEquity,quarterlyNetOtherInvestingChanges,quarterlyCurrentAccruedExpenses,quarterlyAccountsReceivable,quarterlyChangeInInventory,quarterlyLongTermDebt,quarterlyNetIncomeContinuousOperations,quarterlyNetIncome,quarterlyRepaymentOfDebt,quarterlyOtherCurrentAssets,quarterlyOtherNonCurrentLiabilities,quarterlyTotalNonCurrentLiabilitiesNetMinorityInterest,quarterlyBasicEPS,quarterlyStockBasedCompensation,quarterlyPurchaseOfBusiness,quarterlySellingGeneralAndAdministration,quarterlyResearchAndDevelopment,quarterlyIncomeTaxPayable,quarterlyNonCurrentDeferredRevenue
1984-03-31,231780000.0,,,,,,,,,,,,,,,,,,,,,0.05875,,,,,,,,,,,,,,852200000,,852200000,,,852200000,,,,,,,231780000.0,,,,,,,,,,,,,,,,,53100000,,,,,,0.05875,,,,,,
1984-06-30,231780000.0,,,,,,,,,,,,,,,,,,,,,0.06125,,,,,,,,,,,,,,967600000,,967600000,,,967600000,,,,,,,231780000.0,,,,,,,,,,,,,,,,,55600000,,,,,,0.06125,,,,,,
1984-09-30,231780000.0,,,,,,,,,,,,,,,,,,,,,0.13625,,,,,,,,,,,,,,1217000000,,1217000000,,,1217000000,,,,,,,231780000.0,,,,,,,,,,,,,,,,,127000000,,,,,,0.13625,,,,,,
1984-12-31,,,,,,,,,,,,,,,,,,,,,,,,,,,,,,,,,,,,904100000,,904100000,,,904100000,,,,,,,,,,,,,,,,,,,,,,,,67000000,,,,,,,,,,,,
1985-03-31,236544000.0,,,,,,,,,,,,,,,,,,,,,0.195,,,,,,,,,,,,,,991000000,,991000000,,,991000000,,,,,,,236544000.0,,,,,,,,,,,,,,,,,92300000,,,,,,0.195,,,,,,
1985-06-30,236544000.0,,,,,,,,,,,,,,,,,,,,,0.195,,,,,,,,,,,,,,1062500000,,1062500000,,,1062500000,,,,,,,236544000.0,,,,,,,,,,,,,,,,,93500000,,,,,,0.195,,,,,,
1985-09-30,239534000.0,,,,,,,,,,,,,,,,,,,,,0.2875,,,,,,,,,,,,,,1263000000,,1263000000,,,1263000000,,,,,,,239534000.0,,,,,,,,,,,,,,,,,137600000,,,,,,0.2875,,,,,,
1985-12-31,,,,,,,,,,,,,,,,,,,,,,,,,,,,,,,,,,,,1032300000,,1032300000,,,1032300000,,,,,,,,,,,,,,,,,,,,,,,,48900000,,,,,,,,,,,,
1986-03-31,250344000.0,,,,,,,,,,,,,,,,,,,,,0.155,,,,,,,,,,,,,,943000000,,943000000,,,943000000,,,,,,,250344000.0,,,,,,,,,,,,,,,,,75900000,,,,,,0.155,,,,,,
1986-06-30,251166000.0,,,,,,,,,,,,,,,,,,,,,0.15,,,,,,,,,,,,,,999100000,,999100000,,,999100000,,,,,,,251166000.0,,,,,,,,,,,,,,,,,75800000,,,,,,0.15,,,,,,
1986-09-30,255636000.0,,,,,,,,,,,,,,,,,,,,,0.2975,,,,,,,,,,,,,,1170300000,,1170300000,,,1170300000,,,,,,,255636000.0,,,,,,,,,,,,,,,,,152400000,,,,,,0.2975,,,,,,
1986-12-31,,,,,,,,,,,,,,,,,,,,,,,,,,,,,,,,,,,,979100000,,979100000,,,979100000,,,,,,,,,,,,,,,,,,,,,,,,61300000,,,,,,,,,,,,
1987-03-31,260062000.0,,,,,,,,,,,,,,,,,,,,,0.175,,,,,,,,,,,,,,968300000,,968300000,,,968300000,,,,,,,260062000.0,,,,,,,,,,,,,,,,,90500000,,,,,,0.175,,,,,,
1987-06-30,260062000.0,,,,,,,,,,,,,,,,,,,,,0.1725,,,,,,,,,,,,,,1062300000,,1062300000,,,1062300000,,,,,,,260062000.0,,,,,,,,,,,,,,,,,89500000,,,,,,0.1725,,,,,,
1987-09-30,260062000.0,,,,,,,,,,,,,,,,,,,,,0.29,,,,,,,,,,,,,,1308400000,,1308400000,,,1308400000,,,,,,,260062000.0,,,,,,,,,,,,,,,,,151400000,,,,,,0.29,,,,,,
1987-12-31,,,,,,,,,,,,,,,,,,,,,,,,,,,,,,,,,,,,1100100000,,1100100000,,,1100100000,,,,,,,,,,,,,,,,,,,,,,,,71500000,,,,,,,,,,,,
1988-03-31,260062000.0,,,,,,,,,,,,,,,,,,,,,0.175,,,,,,,,,,,,,,1072100000,,1072100000,,,1072100000,,,,,,,260062000.0,,,,,,,,,,,,,,,,,90700000,,,,,,0.175,,,,,,
1988-06-30,260062000.0,,,,,,,,,,,,,,,,,,,,,0.175,,,,,,,,,,,,,,1174100000,,1174100000,,,1174100000,,,,,,,260062000.0,,,,,,,,,,,,,,,,,90600000,,,,,,0.175,,,,,,
1988-09-30,260062000.0,,,,,,,,,,,,,,,,,,,,,0.3325,,,,,,,,,,,,,,1384800000,,1384800000,,,1384800000,,,,,,,260062000.0,,,,,,,,,,,,,,,,,174900000,,,,,,0.3325,,,,,,
1988-12-31,,,,,,,,,,,,,,,,,,,,,,,,,,,,,,,,,,,,2222500000,,2222500000,,,2222500000,,,,,,,,,,,,,,,,,,,,,,,,91600000,,,,,,,,,,,,
1989-03-31,260062000.0,,,,,,,,,,,,,,,,,,,,,0.135,,,,,,,,,,,,,,1365800000,,1365800000,,,1365800000,,,,,,,260062000.0,,,,,,,,,,,,,,,,,70600000,,,,,,0.135,,,,,,
1989-06-30,262244000.0,,,,,,,,,,,,,,,,,,,,,0.2125,,,,,,,,,,,,,,1530100000,,1530100000,,,1530100000,,100200000.0,,,,,262244000.0,,,,,,,,,,,,,,,,,111100000,111100000.0,,,,,0.2125,,,,,,
1989-09-30,262990000.0,,,,,,,,,,,,,,,,,,,,,0.3,,,,,,,,,,,,,,1812500000,,1812500000,,,1812500000,,147700000.0,,,,,262990000.0,,,,,,,,,,,,,,,,,158600000,158600000.0,,,,,0.3,,,,,,
1989-12-31,,,,,,,,,,,,,,,,,,,,,,,,,,,,,,,,,,,,1471400000,,1471400000,,,1471400000,,60600000.0,,,,,,,,,,,,,,,,,,,,,,70200000,70200000.0,,,,,,,,,,,
1990-03-31,270134000.0,,,,,,,,,,,,,,,,,,,,,0.0725,,,,,,,,,,,,,,1357500000,,1357500000,,,1357500000,,39400000.0,,,,,270134000.0,,,,,,,,,,,,,,,,,39400000,39400000.0,,,,,0.0725,,,,,,
1990-06-30,271456000.0,,,,,,,,,,,,,,,,,,,,,0.18,,,,,,,,,,,,,,1575300000,,1575300000,,,1575300000,,96700000.0,,,,,271456000.0,,,,,,,,,,,,,,,,,96700000,96700000.0,,,,,0.18,,,,,,
1990-09-30,273112000.0,,,,,,,,,,,,,,,,,,,,,-1.0475,,,,,,,,,,,,,,1774500000,,1774500000,,,1774500000,,-568500000.0,,,,,273112000.0,,,,,,,,,,,,,,,,,-568500000,-568500000.0,,,,,-1.0475,,,,,,
1990-12-31,,,,,,,,,,,,,,,,,,,,,,,,,,,,,,,,,,,,1581700000,,1581700000,,,1581700000,,-2200000.0,,,,,,,,,,,,,,,,,,,,,,41400000,41400000.0,,,,,,,,,,,
1991-03-31,323334000.0,,,,,,,,,,,,,,,,,,,,,-0.1,,,,,,,,,,,,,,1163100000,,1163100000,,,1163100000,,-74800000.0,,,,,323334000.0,,,,,,,,,,,,,,,,,71400000,-64200000.0,,,,,-0.1,,,,,,
1991-06-30,324376000.0,,,,,,,,,,,,,,,,,,,,,0.115,,,,,,,,,,,,,,1386700000,,1386700000,,,1386700000,,64500000.0,,,,,324376000.0,,,,,,,,,,,,,,,,,74700000,74700000.0,,,,,0.115,,,,,,
1991-09-30,329026000.0,,,,,,,,,,,,,,,,,,,,,0.2875,,,,,,,,,,,,,,1518300000,,1518300000,,,1518300000,,177500000.0,,,,,329026000.0,,,,,,,,,,,,,,,,,187700000,187700000.0,,,,,0.2875,,,,,,
1991-12-31,,,,,,,,,,,,,,,,,,,,,,,,,,,,,,,,,,,,1181200000,,1181200000,,,1181200000,,32000000.0,,,,,,,,,,,,,,,,,,,,,,42300000,42300000.0,,,,,,,,,,,
1992-03-31,346786000.0,,,,,,,,,,,,,,,,,,,,,0.1075,,,,,,,,,,,,,,1093400000,,1093400000,,,1093400000,,64000000.0,,,,,346786000.0,,,,,,,,,,,,,,,,,74400000,74400000.0,,,,,0.1075,,,,,,
1992-06-30,349732000.0,,,,,,,,,,,,,,,,,,,,,0.15,,,,,,,,,,,,,,1262000000,,1262000000,,,1262000000,,92100000.0,,,,,349732000.0,,,,,,,,,,,,,,,,,103500000,103500000.0,,,,,0.15,,,,,,
1992-09-30,357400000.0,,,,,,,,,,,,,,,,,,,,,0.2625,,,,,,,,,,,,,,1569100000,,1569100000,,,1569100000,,176700000.0,,,,,357400000.0,,,,,,,,,,,,,,,,,187800000,187800000.0,,,,,0.2625,,,,,,
1992-12-31,,,,,,,,,,,,,,,,,,,,,,,,,,,,,,,,,,,,1271200000,,1271200000,,,1271200000,,90100000.0,,,,,,,,,,,,,,,,,,,,,,101200000,101200000.0,,,,,,,,,,,
1993-03-31,370740000.0,,,,,,,,,,,,,,,,,,,,,0.125,,,,,,,,,,,,,,1132400000,,1132400000,,,1132400000,,80700000.0,,,,,370740000.0,,,,,,,,,,,,,,,,,92000000,92000000.0,,,,,0.125,,,,,,
1993-06-30,370960000.0,,,,,,,,,,,,,,,,,,,,,0.15,,,,,,,,,,,,,,1349900000,,1349900000,,,1349900000,,99900000.0,,,,,370960000.0,,,,,,,,,,,,,,,,,110500000,110500000.0,,,,,0.15,,,,,,
1993-09-30,379080000.0,,,,,,,,,,,,,,,,,,,,,0.1875,,,,,,,,,,,,,,1602700000,,1602700000,,,1602700000,,129800000.0,,,,,379080000.0,,,,,,,,,,,,,,,,,140500000,140500000.0,,,,,0.1875,,,,,,
1993-12-31,,,,,,,,,,,,,,,,,,,,,,,,,,,,,,,,,,,,1231600000,,1231600000,,,1231600000,,73200000.0,,,,,,,,,,,,,,,,,,,,,,85700000,85700000.0,,,,,,,,,,,
1994-03-31,358654000.0,-145300000.0,357300000.0,82000000.0,1487000000.0,,-33000000.0,-5760400000.0,-289400000.0,-2800000.0,1888100000.0,311200000.0,,341200000.0,578900000.0,151400000.0,-63100000.0,10192600000.0,57000000.0,16700000.0,-100000.0,0.1325,11790500000.0,,12872000000.0,195900000.0,,,,548700000.0,250200000.0,4106000000.0,88900000.0,88900000.0,152000000.0,1178900000,,402200000,88900000.0,-114900000.0,235200000,8217300000.0,94400000.0,,814100000.0,167000000.0,1081500000.0,358654000.0,,15953000000.0,1458500000.0,-111100000.0,,50000000.0,,,364800000.0,,4654700000.0,30400000.0,851100000.0,511400000.0,,3869800000.0,94400000,94400000.0,,170000000.0,,,0.1325,,,,,,
1994-06-30,358654000.0,-297600000.0,294100000.0,79700000.0,1368200000.0,,53400000.0,-5908800000.0,-116300000.0,-700000.0,1882100000.0,309100000.0,,295400000.0,680600000.0,203500000.0,-22800000.0,10291500000.0,77700000.0,0.0,294100000.0,0.175,11770600000.0,,12868700000.0,-2200000.0,,,,547200000.0,271700000.0,4099300000.0,66100000.0,66100000.0,88900000.0,1443100000,,459100000,66100000.0,-201800000.0,288900000,8222100000.0,125800000.0,,969500000.0,170300000.0,1098100000.0,358654000.0,,16200300000.0,1419000000.0,-75200000.0,,-5600000.0,,,473600000.0,,4646600000.0,95800000.0,853200000.0,548300000.0,,3906700000.0,125800000,125800000.0,,174600000.0,6285500000.0,,0.175,,,,,,
1994-09-30,354406000.0,-99700000.0,270800000.0,79400000.0,1437000000.0,,-3700000.0,-6050700000.0,-150600000.0,13300000.0,1904700000.0,310900000.0,,455100000.0,614500000.0,356000000.0,144300000.0,10175700000.0,133800000.0,0.0,270800000.0,0.3125,11723600000.0,,12968400000.0,355400000.0,,,,547200000.0,276300000.0,4201600000.0,210400000.0,210400000.0,66100000.0,1512900000,,634300000,210400000.0,-160300000.0,428100000,8219600000.0,222200000.0,,1042600000.0,206200000.0,1244800000.0,354406000.0,-50600000.0,16226400000.0,1426300000.0,-74300000.0,,23200000.0,,,470300000.0,,4748800000.0,-60600000.0,879200000.0,613000000.0,,3909100000.0,222200000,222200000.0,,110500000.0,6285500000.0,,0.3125,,,,,,
1994-12-31,,-216100000.0,122100000.0,117400000.0,1354300000.0,,-36800000.0,-6186700000.0,-318000000.0,2200000.0,1928300000.0,309300000.0,,290300000.0,685000000.0,115000000.0,-124700000.0,10202800000.0,38800000.0,0.0,-100000.0,,11668000000.0,,12617600000.0,74200000.0,,,,547200000.0,311300000.0,-304200000.0,85800000.0,85800000.0,210400000.0,1287800000,,376700000,85800000.0,-96900000.0,196200000,7875100000.0,76200000.0,,881200000.0,180400000.0,949600000.0,,-9100000.0,16389500000.0,1161600000.0,-74200000.0,,25200000.0,1013800000.0,,406600000.0,,4742500000.0,-3800000.0,728300000.0,464700000.0,,3864500000.0,76200000,76200000.0,,89800000.0,6214800000.0,,,,,,,,
1995-03-31,371008000.0,-132900000.0,419900000.0,89100000.0,1462000000.0,,-60000000.0,-6353700000.0,-194600000.0,5400000.0,1666200000.0,305900000.0,,416600000.0,583700000.0,165000000.0,73800000.0,10133700000.0,65200000.0,,-100000.0,0.1425,11595700000.0,,12599600000.0,283700000.0,,,,505300000.0,243400000.0,4196700000.0,159500000.0,159500000.0,85800000.0,1177400000,,449100000,159500000.0,-148100000.0,248800000,7897600000.0,99800000.0,,832500000.0,200400000.0,1003900000.0,371008000.0,-28900000.0,16487400000.0,1439100000.0,-77500000.0,,34600000.0,,,344900000.0,,4702000000.0,-15200000.0,775900000.0,390900000.0,,3579400000.0,99800000,99800000.0,,147600000.0,,,0.1425,,,,,,
1995-06-30,371008000.0,-223400000.0,326000000.0,83400000.0,1550800000.0,,32900000.0,-6587000000.0,-290700000.0,900000.0,1598700000.0,298700000.0,,459700000.0,696100000.0,229700000.0,-34800000.0,10025800000.0,91400000.0,,326000000.0,0.1975,11576600000.0,,12623800000.0,236300000.0,,,,501300000.0,302300000.0,4240800000.0,124700000.0,124700000.0,159500000.0,1466700000,,575000000,124700000.0,-203900000.0,312200000,7881700000.0,138300000.0,,1008300000.0,262700000.0,1047200000.0,371008000.0,-23900000.0,16612800000.0,1587100000.0,-77000000.0,,-76900000.0,,,458400000.0,,4742100000.0,19500000.0,958800000.0,503000000.0,,3464100000.0,138300000,138300000.0,,120800000.0,5811500000.0,,0.1975,,,,,,
1995-09-30,369026000.0,-143500000.0,216000000.0,79500000.0,1547200000.0,,3400000.0,-16604400000.0,-320800000.0,9200000.0,1610100000.0,261700000.0,,422900000.0,658200000.0,377600000.0,-21300000.0,9936800000.0,137200000.0,,-100000.0,0.3425,11484000000.0,,12630400000.0,279400000.0,,,,501300000.0,337300000.0,4403000000.0,103500000.0,103500000.0,124700000.0,1587000000,,660600000,103500000.0,-123400000.0,447900000,7726100000.0,240400000.0,,1106100000.0,212600000.0,1146400000.0,369026000.0,-6700000.0,26541200000.0,1529000000.0,-77100000.0,,1200000.0,,,480900000.0,,4904300000.0,20100000.0,975800000.0,564700000.0,,3338500000.0,240400000,240400000.0,,216500000.0,5724100000.0,,0.3425,,,,,,
1995-12-31,,-171000000.0,390400000.0,38700000.0,1621900000.0,,6900000.0,-6873300000.0,-42000000.0,3400000.0,1869400000.0,247300000.0,,210900000.0,735500000.0,109500000.0,-57300000.0,9852000000.0,34800000.0,,390400000.0,,11473900000.0,,12459200000.0,39900000.0,,,,341400000.0,305100000.0,-287500000.0,46200000.0,46200000.0,103500000.0,1361400000,,430500000,46200000.0,-226200000.0,188400000,7727100000.0,74700000.0,,923900000.0,242200000.0,985300000.0,,-9900000.0,16725300000.0,1504100000.0,-77000000.0,,-48500000.0,1258500000.0,,437500000.0,,4732100000.0,-125400000.0,808600000.0,482300000.0,,3376600000.0,74700000,74700000.0,,209500000.0,5796600000.0,,,,,,,,
1996-03-31,369025070.0,-115500000.0,155700000.0,69200000.0,1638900000.0,,9200000.0,-7114300000.0,-337300000.0,-1400000.0,2017100000.0,238500000.0,,486700000.0,684700000.0,146300000.0,-17900000.0,9699000000.0,52600000.0,,155700000.0,0.135,11337900000.0,,12266400000.0,371200000.0,,,,335600000.0,274300000.0,4387400000.0,28300000.0,28300000.0,46200000.0,1357700000,,491000000,28300000.0,-167300000.0,223300000,7543400000.0,93700000.0,,908000000.0,267700000.0,928500000.0,369025070.0,-24400000.0,16813300000.0,1269300000.0,-80400000.0,,,,,449700000.0,,4723000000.0,-51800000.0,839300000.0,432100000.0,,3377100000.0,93700000,93700000.0,,229600000.0,,,0.135,,,,,,
1996-06-30,366706000.0,-123500000.0,170700000.0,67900000.0,1613400000.0,,30100000.0,-7309800000.0,-170400000.0,-8500000.0,1987800000.0,260500000.0,,337400000.0,674700000.0,217100000.0,50600000.0,9589000000.0,66800000.0,,100000.0,0.215,11202400000.0,,12245100000.0,213900000.0,,,,331600000.0,300800000.0,4429200000.0,78900000.0,78900000.0,28300000.0,1474100000,,531100000,78900000.0,-116400000.0,299200000,7484300000.0,150300000.0,,973900000.0,231900000.0,1042700000.0,366706000.0,-34500000.0,16898800000.0,1334400000.0,-80100000.0,,,,,500200000.0,,4760800000.0,7100000.0,862800000.0,462300000.0,,3281200000.0,150300000,150300000.0,,241000000.0,5752100000.0,,0.215,,,,,,
1996-09-30,365996000.0,-104900000.0,4700000.0,65500000.0,1648300000.0,,-38200000.0,-7444100000.0,-309300000.0,4400000.0,1999200000.0,274800000.0,,491100000.0,682000000.0,392200000.0,12800000.0,9457200000.0,142100000.0,,4700000.0,0.36,11105500000.0,,12381800000.0,386200000.0,,,,331600000.0,327100000.0,4597500000.0,91700000.0,91700000.0,78900000.0,1769600000,,716900000,91700000.0,-168900000.0,459100000,7452700000.0,250100000.0,,1141100000.0,257800000.0,1276300000.0,365996000.0,-6800000.0,16901300000.0,1283800000.0,-80000000.0,,,,,628500000.0,,4929100000.0,-64000000.0,952000000.0,564200000.0,,3262900000.0,250100000,250100000.0,,345600000.0,5757200000.0,,0.36,,,,,,
1996-12-31,,-143700000.0,154600000.0,63900000.0,1661900000.0,,500000.0,-7649700000.0,-99500000.0,-1800000.0,1781100000.0,268200000.0,,277100000.0,694200000.0,117700000.0,104300000.0,9383900000.0,32300000.0,,100000.0,,11045800000.0,,12219300000.0,133400000.0,,,,333400000.0,307800000.0,-272500000.0,195900000.0,195900000.0,91700000.0,1435400000,,392000000,195900000.0,-73400000.0,188900000,7295600000.0,85400000.0,,883100000.0,203000000.0,1173500000.0,,-15900000.0,17033600000.0,1274500000.0,-79800000.0,,,1517700000.0,,552300000.0,,4923700000.0,1500000.0,812000000.0,461500000.0,,3144300000.0,85400000,85400000.0,,247900000.0,5641800000.0,,,,,,,,
1997-03-31,364888000.0,-114300000.0,387800000.0,71000000.0,1722400000.0,,0.0,-7906500000.0,-220800000.0,7800000.0,1544400000.0,294200000.0,,511100000.0,676400000.0,156300000.0,198800000.0,9615200000.0,55200000.0,,387800000.0,0.145,11337600000.0,,12669600000.0,396800000.0,,,,264300000.0,340900000.0,4598100000.0,394700000.0,394700000.0,195900000.0,1445200000,,493100000,394700000.0,-91400000.0,225200000,7807200000.0,101100000.0,,901600000.0,267900000.0,1332000000.0,364888000.0,-17100000.0,17521700000.0,1578700000.0,-83100000.0,,,,,543600000.0,,4862400000.0,22900000.0,850000000.0,454000000.0,,3266800000.0,101100000,101100000.0,,189100000.0,,,0.145,,,,,,
1997-06-30,364186000.0,-145800000.0,360200000.0,71500000.0,1901700000.0,,-100000.0,-8122300000.0,-172600000.0,1700000.0,1449600000.0,287900000.0,,441900000.0,705400000.0,247300000.0,-57100000.0,9528900000.0,82900000.0,,100000.0,0.2375,11430600000.0,,12753100000.0,296100000.0,,,,262800000.0,362500000.0,4670500000.0,337600000.0,337600000.0,394700000.0,1587000000,,583800000,337600000.0,-326500000.0,321300000,7819800000.0,164400000.0,,1026700000.0,262500000.0,1322500000.0,364186000.0,-15200000.0,17651200000.0,1696600000.0,-83000000.0,,,,,560300000.0,,4933300000.0,-180700000.0,973800000.0,538100000.0,,3227900000.0,164400000,164400000.0,,158900000.0,5705000000.0,,0.2375,,,,,,
1997-09-30,363810000.0,-129300000.0,345900000.0,69500000.0,1917400000.0,,0.0,-8241400000.0,-294000000.0,16700000.0,1430700000.0,277700000.0,,544100000.0,721200000.0,406400000.0,122600000.0,9392400000.0,144000000.0,,100000.0,0.38,11309800000.0,,12880400000.0,414800000.0,,,,226300000.0,386700000.0,4845200000.0,460300000.0,460300000.0,337600000.0,1859000000,,730400000,460300000.0,-127400000.0,464200000,7808900000.0,262400000.0,,1185400000.0,266200000.0,1570600000.0,363810000.0,-8500000.0,17633800000.0,1872900000.0,-83000000.0,,,,,673600000.0,,5071500000.0,1900000.0,1140200000.0,624300000.0,,3078900000.0,262400000,262400000.0,,208300000.0,5528600000.0,,0.38,,,,,,
1997-12-31,,-161600000.0,332000000.0,76100000.0,1994000000.0,,100000.0,-8466000000.0,-254600000.0,-24900000.0,1473000000.0,302000000.0,,99900000.0,783100000.0,112000000.0,-406300000.0,9354000000.0,21800000.0,,332000000.0,,11348000000.0,,12449000000.0,-61700000.0,,,,226000000.0,368000000.0,4845000000.0,54000000.0,54000000.0,460300000.0,1477700000,,481500000,54000000.0,-251700000.0,217100000,7378000000.0,90200000.0,,1000200000.0,264400000.0,1101000000.0,,-7200000.0,17820000000.0,1499000000.0,-82900000.0,,,,,477500000.0,,5071000000.0,-90100000.0,799000000.0,501000000.0,,2949000000.0,90200000,90200000.0,,244000000.0,5713000000.0,,,,,,,,
1998-03-31,362964000.0,-159000000.0,310000000.0,63000000.0,2225000000.0,,0.0,-8704000000.0,-125000000.0,7000000.0,1528000000.0,289000000.0,,454000000.0,684000000.0,158000000.0,18000000.0,9204000000.0,50000000.0,,310000000.0,0.1575,11429000000.0,,12471000000.0,295000000.0,,,,228000000.0,297000000.0,1000000.0,72000000.0,72000000.0,54000000.0,1338000000,,467000000,72000000.0,-311000000.0,218000000,7389000000.0,108000000.0,,902000000.0,249000000.0,1042000000.0,362964000.0,-17000000.0,17908000000.0,1444000000.0,-86000000.0,,,1825000000.0,,436000000.0,,5082000000.0,-152000000.0,837000000.0,438000000.0,,2950000000.0,108000000,108000000.0,,243000000.0,,,0.1575,,,,,,
1998-06-30,362434000.0,-168000000.0,456000000.0,64000000.0,2309000000.0,,0.0,-9049000000.0,31000000.0,16000000.0,1428000000.0,282000000.0,,543000000.0,817000000.0,265000000.0,356000000.0,8906000000.0,89000000.0,,456000000.0,0.255,11215000000.0,,12844000000.0,375000000.0,,,,228000000.0,353000000.0,1000000.0,428000000.0,428000000.0,72000000.0,1692000000,,665000000,428000000.0,-218000000.0,317000000,7682000000.0,176000000.0,,1134000000.0,348000000.0,1629000000.0,362434000.0,-16000000.0,17955000000.0,1884000000.0,-86000000.0,,,1915000000.0,,558000000.0,,5162000000.0,-50000000.0,1075000000.0,613000000.0,,2862000000.0,176000000,176000000.0,,306000000.0,5424000000.0,,0.255,,,,,,
1998-09-30,361768000.0,-147000000.0,287000000.0,101000000.0,2235000000.0,,0.0,-9153000000.0,-368000000.0,21000000.0,1364000000.0,278000000.0,,535000000.0,812000000.0,444000000.0,19000000.0,8838000000.0,157000000.0,,287000000.0,0.415,11073000000.0,,12844000000.0,388000000.0,,,,228000000.0,401000000.0,1000000.0,447000000.0,447000000.0,428000000.0,1999000000,,842000000,447000000.0,-148000000.0,528000000,7495000000.0,287000000.0,,1340000000.0,314000000.0,1771000000.0,361768000.0,-19000000.0,17991000000.0,1819000000.0,-87000000.0,,,2116000000.0,,659000000.0,,5349000000.0,-1000000.0,1131000000.0,705000000.0,,2785000000.0,287000000,287000000.0,,341000000.0,5311000000.0,,0.415,,,,,,
1998-12-31,,-143000000.0,469000000.0,94000000.0,2208000000.0,,0.0,-9397000000.0,-353000000.0,-14000000.0,1255000000.0,282000000.0,,211000000.0,852000000.0,75000000.0,-260000000.0,8555000000.0,-18000000.0,,469000000.0,,10763000000.0,,12029000000.0,68000000.0,,,,226000000.0,338000000.0,5126000000.0,187000000.0,187000000.0,447000000.0,1631000000,,560000000,187000000.0,-118000000.0,187000000,6677000000.0,93000000.0,,1039000000.0,373000000.0,1266000000.0,,-10000000.0,17952000000.0,1641000000.0,-86000000.0,,,,,592000000.0,,5352000000.0,25000000.0,834000000.0,559000000.0,,2347000000.0,93000000,93000000.0,,238000000.0,4888000000.0,,,,,,,,
1999-03-31,360330000.0,-180000000.0,616000000.0,47000000.0,2194000000.0,,0.0,-9672000000.0,25000000.0,9000000.0,1261000000.0,275000000.0,,680000000.0,549000000.0,315000000.0,361000000.0,8674000000.0,106000000.0,,616000000.0,0.305,10868000000.0,,12296000000.0,500000000.0,,,,228000000.0,322000000.0,,548000000.0,548000000.0,187000000.0,1412000000,,636000000,548000000.0,-344000000.0,357000000,6858000000.0,209000000.0,,906000000.0,279000000.0,1428000000.0,360330000.0,-32000000.0,18346000000.0,1933000000.0,-89000000.0,,,2243000000.0,,506000000.0,,5438000000.0,-164000000.0,995000000.0,462000000.0,,2207000000.0,209000000,209000000.0,,143000000.0,,,0.305,,,,,,
1999-06-30,358482000.0,-198000000.0,1387000000.0,58000000.0,2626000000.0,,0.0,-9917000000.0,879000000.0,32000000.0,1138000000.0,301000000.0,,410000000.0,891000000.0,105000000.0,47000000.0,9083000000.0,28000000.0,,1387000000.0,0.1125,11709000000.0,,13306000000.0,212000000.0,,,,228000000.0,369000000.0,,595000000.0,595000000.0,548000000.0,1614000000,,379000000,595000000.0,-1242000000.0,135000000,7925000000.0,77000000.0,,1026000000.0,244000000.0,1597000000.0,358482000.0,-52000000.0,19000000000.0,2847000000.0,-89000000.0,,,2231000000.0,,588000000.0,,5381000000.0,-1044000000.0,1091000000.0,521000000.0,,2493000000.0,77000000,77000000.0,,180000000.0,4746000000.0,,0.1125,,,,,,
1999-09-30,358282000.0,-229000000.0,519000000.0,58000000.0,2760000000.0,,0.0,-10029000000.0,-344000000.0,39000000.0,1112000000.0,308000000.0,,428000000.0,729000000.0,447000000.0,-225000000.0,9142000000.0,156000000.0,,519000000.0,0.425,11902000000.0,,13520000000.0,199000000.0,,,,228000000.0,462000000.0,,370000000.0,370000000.0,595000000.0,1892000000,,715000000,370000000.0,-309000000.0,470000000,7936000000.0,291000000.0,,1199000000.0,245000000.0,1618000000.0,358282000.0,-5000000.0,19171000000.0,2257000000.0,-89000000.0,,,2433000000.0,,693000000.0,,5584000000.0,-80000000.0,1276000000.0,658000000.0,,3091000000.0,291000000,291000000.0,,282000000.0,5357000000.0,,0.425,,,,,,
1999-12-31,,-254000000.0,464000000.0,59000000.0,2804000000.0,,0.0,-10290000000.0,223000000.0,1000000.0,1079000000.0,343000000.0,,45000000.0,729000000.0,152000000.0,-9000000.0,9264000000.0,32000000.0,,464000000.0,,12068000000.0,,13441000000.0,-209000000.0,,,,226000000.0,407000000.0,5370000000.0,361000000.0,361000000.0,370000000.0,1520000000,,486000000,361000000.0,-277000000.0,214000000,7845000000.0,120000000.0,,943000000.0,296000000.0,1373000000.0,,-27000000.0,19554000000.0,1870000000.0,-88000000.0,,,,,577000000.0,,5596000000.0,-23000000.0,999000000.0,482000000.0,,3478000000.0,120000000,120000000.0,,187000000.0,5849000000.0,,,,,,,,
2000-03-31,356332670.0,-301000000.0,246000000.0,62000000.0,2968000000.0,,0.0,-10551000000.0,-326000000.0,7000000.0,1166000000.0,312000000.0,,480000000.0,689000000.0,178000000.0,-257000000.0,9316000000.0,57000000.0,,246000000.0,0.1775,12284000000.0,,13361000000.0,179000000.0,,,,228000000.0,448000000.0,,104000000.0,104000000.0,361000000.0,1468000000,,496000000,104000000.0,-411000000.0,237000000,7743000000.0,121000000.0,,926000000.0,359000000.0,1077000000.0,356332670.0,-16000000.0,19867000000.0,1697000000.0,-92000000.0,,,2494000000.0,,542000000.0,,5618000000.0,-110000000.0,1003000000.0,463000000.0,,3478000000.0,121000000,121000000.0,,198000000.0,,,0.1775,,,,,,
2000-06-30,340000000.0,-359000000.0,823000000.0,64000000.0,3130000000.0,,0.0,-10764000000.0,468000000.0,26000000.0,1176000000.0,320000000.0,,268000000.0,718000000.0,305000000.0,130000000.0,9456000000.0,101000000.0,,823000000.0,0.6,12586000000.0,,14196000000.0,-91000000.0,,,,228000000.0,547000000.0,,234000000.0,234000000.0,104000000.0,1670000000,,613000000,234000000.0,-606000000.0,347000000,8471000000.0,204000000.0,,1065000000.0,64000000.0,1610000000.0,340000000.0,-18000000.0,20220000000.0,2428000000.0,-91000000.0,,,2606000000.0,,605000000.0,,5725000000.0,-247000000.0,1058000000.0,578000000.0,,3479000000.0,204000000,204000000.0,,478000000.0,5754000000.0,,0.6,,,,,,
2000-09-30,340000000.0,-255000000.0,1178000000.0,74000000.0,3452000000.0,,0.0,-10940000000.0,210000000.0,46000000.0,1254000000.0,331000000.0,,307000000.0,731000000.0,479000000.0,143000000.0,9642000000.0,165000000.0,,1178000000.0,0.92,13094000000.0,,14937000000.0,52000000.0,,,,228000000.0,613000000.0,,377000000.0,377000000.0,234000000.0,2087000000,,748000000,377000000.0,-374000000.0,511000000,9032000000.0,314000000.0,,1242000000.0,-7000000.0,1843000000.0,342000000.0,-51000000.0,20582000000.0,2953000000.0,-92000000.0,,,2829000000.0,,845000000.0,,5905000000.0,275000000.0,1162000000.0,690000000.0,,3480000000.0,314000000,314000000.0,,445000000.0,5800000000.0,,0.925,,,,,,
2000-12-31,,-384000000.0,1223000000.0,77000000.0,3585000000.0,,0.0,-11088000000.0,383000000.0,13000000.0,1378000000.0,370000000.0,,-79000000.0,835000000.0,78000000.0,-248000000.0,9934000000.0,13000000.0,,1223000000.0,,13519000000.0,,15300000000.0,-463000000.0,,,,226000000.0,564000000.0,5593000000.0,129000000.0,129000000.0,377000000.0,1857000000,,415000000,129000000.0,-552000000.0,146000000,9481000000.0,65000000.0,,981000000.0,-1459000000.0,1781000000.0,,-65000000.0,21022000000.0,2763000000.0,-91000000.0,,,,,876000000.0,,5819000000.0,-584000000.0,976000000.0,637000000.0,,3976000000.0,65000000,65000000.0,,645000000.0,6611000000.0,,,,,,,,
2001-03-31,351715140.0,-333000000.0,1385000000.0,85000000.0,3730000000.0,,300000000.0,-11290000000.0,-213000000.0,15000000.0,1467000000.0,340000000.0,,502000000.0,750000000.0,166000000.0,-54000000.0,10139000000.0,56000000.0,,1385000000.0,0.1625,13869000000.0,,15663000000.0,169000000.0,,,,228000000.0,525000000.0,13000000.0,109000000.0,109000000.0,66000000.0,1941000000,,480000000,12000000.0,-343000000.0,240000000,9813000000.0,110000000.0,,990000000.0,392000000.0,1794000000.0,351715140.0,,21429000000.0,2973000000.0,-87000000.0,,,2819000000.0,,951000000.0,,5850000000.0,-10000000.0,1063000000.0,619000000.0,,3977000000.0,110000000,110000000.0,,726000000.0,,,0.1625,,,,,,
2001-06-30,338000000.0,-262000000.0,1562000000.0,82000000.0,4059000000.0,,-401000000.0,-11508000000.0,856000000.0,34000000.0,1398000000.0,373000000.0,,347000000.0,732000000.0,328000000.0,-3000000.0,10637000000.0,109000000.0,,1562000000.0,0.647929,14696000000.0,,16559000000.0,85000000.0,,,,228000000.0,622000000.0,5000000.0,72000000.0,72000000.0,12000000.0,2166000000,,625000000,72000000.0,-1206000000.0,380000000,10584000000.0,219000000.0,,1112000000.0,238000000.0,1863000000.0,338000000.0,,22145000000.0,3311000000.0,,,,2944000000.0,,1054000000.0,,5975000000.0,-944000000.0,1127000000.0,670000000.0,,4474000000.0,219000000,219000000.0,,748000000.0,,,0.65,,,,,,
2001-09-30,338000000.0,-255000000.0,1563000000.0,83000000.0,4065000000.0,,-97000000.0,-11463000000.0,292000000.0,46000000.0,1307000000.0,341000000.0,,814000000.0,747000000.0,499000000.0,227000000.0,11284000000.0,165000000.0,,1563000000.0,0.99,15349000000.0,,17355000000.0,559000000.0,,,,228000000.0,464000000.0,-9000000.0,299000000.0,299000000.0,72000000.0,2529000000,,786000000,299000000.0,-879000000.0,540000000,11150000000.0,334000000.0,,1287000000.0,,2006000000.0,338000000.0,,22747000000.0,3537000000.0,,,,3181000000.0,,1242000000.0,,6205000000.0,-624000000.0,1510000000.0,806000000.0,,4872000000.0,334000000,334000000.0,,560000000.0,,,0.99,,,,,,
2001-12-31,,-304000000.0,1982000000.0,74000000.0,4199000000.0,,0.0,-11726000000.0,345000000.0,8000000.0,1442000000.0,349000000.0,,279000000.0,819000000.0,167000000.0,-217000000.0,11662000000.0,49000000.0,,1982000000.0,,15861000000.0,,17463000000.0,-25000000.0,,,,228000000.0,473000000.0,-219000000.0,82000000.0,82000000.0,299000000.0,1839000000,,488000000,82000000.0,-841000000.0,237000000,11222000000.0,118000000.0,,1056000000.0,,1602000000.0,,,23388000000.0,3639000000.0,-92000000.0,,,3207000000.0,,783000000.0,,6241000000.0,-587000000.0,1184000000.0,780000000.0,,4858000000.0,118000000,118000000.0,,391000000.0,7443000000.0,,,,,,,,
2002-03-31,338200000.0,-269000000.0,1547000000.0,80000000.0,3642000000.0,,-16000000.0,-11953000000.0,-102000000.0,13000000.0,1481000000.0,283000000.0,,690000000.0,783000000.0,185000000.0,35000000.0,12271000000.0,19000000.0,6000000.0,1547000000.0,-0.165387,15913000000.0,,17474000000.0,421000000.0,,,,228000000.0,432000000.0,8000000.0,117000000.0,117000000.0,82000000.0,1843000000,,520000000,117000000.0,-553000000.0,256000000,11435000000.0,-56000000.0,,1039000000.0,524000000.0,1561000000.0,338600000.0,-98000000.0,24224000000.0,3403000000.0,,,,3053000000.0,,804000000.0,,6039000000.0,-284000000.0,1424000000.0,615000000.0,,5333000000.0,166000000,-56000000.0,,546000000.0,,,-0.165,,,,,,
2002-06-30,341200000.0,-289000000.0,1129000000.0,79000000.0,3362000000.0,,-19000000.0,-11904000000.0,161000000.0,47000000.0,1475000000.0,358000000.0,,737000000.0,750000000.0,373000000.0,267000000.0,12964000000.0,123000000.0,336000000.0,1129000000.0,0.73,16326000000.0,,18152000000.0,448000000.0,,,,228000000.0,619000000.0,8000000.0,384000000.0,384000000.0,117000000.0,2248000000,,639000000,384000000.0,-631000000.0,409000000,11678000000.0,250000000.0,,1159000000.0,,1826000000.0,342200000.0,,24868000000.0,2980000000.0,,,,3205000000.0,,1089000000.0,,6474000000.0,-342000000.0,1232000000.0,656000000.0,,5697000000.0,250000000,250000000.0,,428000000.0,8488000000.0,,0.73,,,,,,
2002-09-30,351400000.0,-245000000.0,1270000000.0,74000000.0,3302000000.0,,-8000000.0,-11984000000.0,79000000.0,18000000.0,1560000000.0,310000000.0,,801000000.0,1004000000.0,207000000.0,312000000.0,13172000000.0,57000000.0,18000000.0,1270000000.0,0.425,16474000000.0,,18693000000.0,556000000.0,,,,228000000.0,628000000.0,12000000.0,696000000.0,696000000.0,384000000.0,2353000000,,492000000,696000000.0,-568000000.0,267000000,12137000000.0,150000000.0,,1271000000.0,,2219000000.0,351800000.0,,25156000000.0,3369000000.0,-102000000.0,147000000.0,,3253000000.0,,1082000000.0,,6556000000.0,-323000000.0,1471000000.0,810000000.0,,5727000000.0,150000000,150000000.0,,403000000.0,8566000000.0,,0.425,,,,,,
2002-12-31,,-474000000.0,2302000000.0,77000000.0,3578000000.0,,-9000000.0,-12201000000.0,975000000.0,7000000.0,1667000000.0,448000000.0,,110000000.0,884000000.0,174000000.0,-430000000.0,14304000000.0,45000000.0,18000000.0,2302000000.0,,17882000000.0,,19790000000.0,-364000000.0,,,,228000000.0,458000000.0,-176000000.0,266000000.0,266000000.0,696000000.0,2060000000,,482000000,266000000.0,-1515000000.0,248000000,13174000000.0,129000000.0,,1132000000.0,,1908000000.0,,,26505000000.0,3911000000.0,-102000000.0,-1047000000.0,178000000.0,3280000000.0,,928000000.0,,6616000000.0,-1041000000.0,1151000000.0,865000000.0,,5790000000.0,129000000,129000000.0,,329000000.0,9143000000.0,,,,,,,,
2003-03-31,353600000.0,-300000000.0,2469000000.0,77000000.0,3679000000.0,,-9000000.0,-11072000000.0,68000000.0,26000000.0,1683000000.0,407000000.0,,686000000.0,844000000.0,253000000.0,66000000.0,16455000000.0,78000000.0,16000000.0,2469000000.0,0.494071,20134000000.0,,22395000000.0,386000000.0,,,,228000000.0,746000000.0,24000000.0,332000000.0,332000000.0,266000000.0,2173000000,,567000000,332000000.0,-688000000.0,308000000,15673000000.0,175000000.0,,1152000000.0,59000000.0,2261000000.0,354200000.0,,27527000000.0,4512000000.0,-106000000.0,243000000.0,132000000.0,3349000000.0,,1021000000.0,,6722000000.0,-388000000.0,1297000000.0,965000000.0,41000000.0,5791000000.0,175000000,175000000.0,,557000000.0,,,0.495,,,,,,
2003-06-30,354600000.0,-333000000.0,2071000000.0,84000000.0,3912000000.0,,-9000000.0,-11287000000.0,470000000.0,24000000.0,1761000000.0,408000000.0,,346000000.0,863000000.0,350000000.0,-51000000.0,16969000000.0,111000000.0,14000000.0,2071000000.0,0.67,20881000000.0,,23421000000.0,13000000.0,,,,228000000.0,728000000.0,43000000.0,281000000.0,281000000.0,332000000.0,2459000000,,684000000,281000000.0,-867000000.0,414000000,16519000000.0,239000000.0,,1277000000.0,,2540000000.0,356200000.0,,28256000000.0,4175000000.0,-106000000.0,23000000.0,74000000.0,3483000000.0,,1182000000.0,,6902000000.0,-534000000.0,1376000000.0,1041000000.0,0.0,6765000000.0,239000000,239000000.0,,810000000.0,,,0.675,,,,,,
2003-09-30,355600000.0,-313000000.0,1885000000.0,106000000.0,3973000000.0,,-9000000.0,-11663000000.0,735000000.0,54000000.0,1936000000.0,422000000.0,,577000000.0,892000000.0,495000000.0,654000000.0,17924000000.0,160000000.0,25000000.0,1885000000.0,0.93,21897000000.0,,25155000000.0,264000000.0,,,,228000000.0,608000000.0,11000000.0,935000000.0,935000000.0,281000000.0,2974000000,,845000000,935000000.0,-658000000.0,550000000,18024000000.0,332000000.0,,1442000000.0,,3258000000.0,356600000.0,,29587000000.0,4031000000.0,,-185000000.0,170000000.0,3708000000.0,,1532000000.0,,7131000000.0,-345000000.0,1538000000.0,1131000000.0,-5000000.0,8331000000.0,335000000,332000000.0,,770000000.0,,,0.93,,,,,,
2003-12-31,,-445000000.0,1287000000.0,112000000.0,4168000000.0,,-21000000.0,-9975000000.0,-575000000.0,5000000.0,2155000000.0,458000000.0,,645000000.0,962000000.0,163000000.0,-806000000.0,20297000000.0,19000000.0,18000000.0,1287000000.0,,24465000000.0,,26935000000.0,200000000.0,,,,7000000.0,542000000.0,-177000000.0,129000000.0,129000000.0,935000000.0,2025000000,,565000000,129000000.0,-876000000.0,260000000,19963000000.0,144000000.0,,1222000000.0,,2470000000.0,,90000000.0,30272000000.0,3353000000.0,,-243000000.0,212000000.0,3745000000.0,,803000000.0,,6972000000.0,-431000000.0,1524000000.0,1187000000.0,-35000000.0,8723000000.0,144000000,144000000.0,,696000000.0,,,,,,,,,
2004-03-31,356800000.0,-402000000.0,1269000000.0,122000000.0,4343000000.0,,-39000000.0,-10192000000.0,-214000000.0,27000000.0,2284000000.0,410000000.0,,947000000.0,911000000.0,166000000.0,103000000.0,20469000000.0,28000000.0,19000000.0,1269000000.0,0.385,24812000000.0,,27078000000.0,545000000.0,,,,7000000.0,566000000.0,-19000000.0,232000000.0,232000000.0,129000000.0,2331000000,,575000000,232000000.0,-630000000.0,261000000,20062000000.0,138000000.0,,1172000000.0,77000000.0,2266000000.0,359200000.0,,30661000000.0,3245000000.0,-111000000.0,202000000.0,47000000.0,3773000000.0,,1159000000.0,,7016000000.0,-228000000.0,1410000000.0,1007000000.0,15000000.0,8667000000.0,138000000,138000000.0,,617000000.0,,,0.39,,,,,,
2004-06-30,358200000.0,-400000000.0,984000000.0,124000000.0,4183000000.0,,46000000.0,-10338000000.0,-461000000.0,10000000.0,2358000000.0,376000000.0,,784000000.0,919000000.0,352000000.0,-10000000.0,20660000000.0,95000000.0,28000000.0,984000000.0,0.715,24843000000.0,,27206000000.0,384000000.0,,,,7000000.0,793000000.0,-24000000.0,222000000.0,222000000.0,232000000.0,2619000000,,767000000,222000000.0,-333000000.0,457000000,19984000000.0,257000000.0,,1376000000.0,-54000000.0,2363000000.0,359800000.0,,30998000000.0,3209000000.0,-111000000.0,256000000.0,74000000.0,3918000000.0,,1243000000.0,,7222000000.0,67000000.0,1432000000.0,1087000000.0,33000000.0,8526000000.0,257000000,257000000.0,,678000000.0,14074000000.0,,0.715,,,,,,
2004-09-30,359200000.0,-183000000.0,1169000000.0,122000000.0,4486000000.0,,-34000000.0,-10391000000.0,56000000.0,52000000.0,2785000000.0,377000000.0,,581000000.0,972000000.0,463000000.0,229000000.0,20744000000.0,143000000.0,16000000.0,1169000000.0,0.88,25230000000.0,,28518000000.0,398000000.0,,,,7000000.0,679000000.0,-50000000.0,451000000.0,451000000.0,222000000.0,2983000000,,834000000,451000000.0,-408000000.0,523000000,21085000000.0,320000000.0,,1495000000.0,88000000.0,3288000000.0,362200000.0,,31135000000.0,4096000000.0,-123000000.0,-351000000.0,439000000.0,4116000000.0,,1488000000.0,,7433000000.0,-225000000.0,2248000000.0,1397000000.0,-4000000.0,8551000000.0,320000000,320000000.0,,1063000000.0,14585000000.0,,0.89,,,,,,
2004-12-31,,-550000000.0,1717000000.0,121000000.0,4580000000.0,,-12000000.0,-10494000000.0,-63000000.0,29000000.0,2766000000.0,394000000.0,,338000000.0,1007000000.0,173000000.0,-226000000.0,21226000000.0,1000000.0,47000000.0,1717000000.0,,25806000000.0,,28333000000.0,-212000000.0,,,,2000000.0,762000000.0,-209000000.0,225000000.0,225000000.0,451000000.0,2589000000,,565000000,225000000.0,-501000000.0,254000000,20796000000.0,172000000.0,,1261000000.0,-55000000.0,2527000000.0,,,31720000000.0,4248000000.0,-122000000.0,387000000.0,-132000000.0,4166000000.0,,1328000000.0,,7537000000.0,432000000.0,1769000000.0,1044000000.0,-15000000.0,8027000000.0,172000000,172000000.0,,864000000.0,14349000000.0,,,,,,,,
2005-03-31,370700000.0,-380000000.0,1327000000.0,138000000.0,4713000000.0,,-40000000.0,-10653000000.0,522000000.0,53000000.0,2929000000.0,442000000.0,,214000000.0,965000000.0,159000000.0,16000000.0,21471000000.0,22000000.0,603000000.0,1327000000.0,0.36,26184000000.0,,29343000000.0,-166000000.0,,,,4000000.0,684000000.0,-101000000.0,241000000.0,241000000.0,225000000.0,2437000000,,560000000,241000000.0,-720000000.0,234000000,21253000000.0,137000000.0,,1199000000.0,53000000.0,3159000000.0,376700000.0,-5000000.0,32124000000.0,3973000000.0,-135000000.0,-358000000.0,190000000.0,4168000000.0,,1238000000.0,,8090000000.0,-340000000.0,1962000000.0,1277000000.0,-49000000.0,8501000000.0,137000000,137000000.0,,1199000000.0,,,0.37,,,,,,
2005-06-30,381400000.0,-471000000.0,1743000000.0,140000000.0,4777000000.0,,62000000.0,-10815000000.0,-63000000.0,39000000.0,2870000000.0,475000000.0,,580000000.0,1002000000.0,257000000.0,-87000000.0,21804000000.0,54000000.0,7000000.0,1743000000.0,0.52,26581000000.0,,29971000000.0,109000000.0,,,,4000000.0,1074000000.0,-113000000.0,154000000.0,154000000.0,241000000.0,2741000000,,704000000,154000000.0,-604000000.0,346000000,21718000000.0,203000000.0,,1348000000.0,-34000000.0,3390000000.0,386300000.0,0.0,32619000000.0,4612000000.0,-136000000.0,113000000.0,-26000000.0,4235000000.0,,1393000000.0,,8253000000.0,-133000000.0,1795000000.0,1655000000.0,-32000000.0,8108000000.0,203000000,203000000.0,,1106000000.0,14585000000.0,,0.53,,,,,,
2005-09-30,383800000.0,-297000000.0,1945000000.0,150000000.0,5471000000.0,,0.0,-10875000000.0,-233000000.0,81000000.0,2969000000.0,467000000.0,,1722000000.0,1119000000.0,492000000.0,948000000.0,22142000000.0,153000000.0,23000000.0,1945000000.0,0.87,27613000000.0,,33644000000.0,1425000000.0,,,,4000000.0,1341000000.0,-213000000.0,1102000000.0,1102000000.0,154000000.0,3504000000,,1074000000,1102000000.0,-541000000.0,559000000,25247000000.0,339000000.0,,1678000000.0,90000000.0,6031000000.0,389800000.0,0.0,33017000000.0,7963000000.0,-136000000.0,1287000000.0,118000000.0,4437000000.0,,1826000000.0,,8397000000.0,-244000000.0,4677000000.0,1826000000.0,8000000.0,7787000000.0,339000000,339000000.0,,2636000000.0,14570000000.0,,0.88,,,,,,
2005-12-31,,-468000000.0,2563000000.0,165000000.0,5554000000.0,,-32000000.0,-10888000000.0,697000000.0,0.0,3077000000.0,567000000.0,,-969000000.0,1099000000.0,249000000.0,-572000000.0,22463000000.0,43000000.0,6000000.0,2563000000.0,,28017000000.0,,33004000000.0,-1437000000.0,,,,4000000.0,1245000000.0,-351000000.0,530000000.0,530000000.0,1102000000.0,3164000000,,733000000,530000000.0,-300000000.0,352000000,24505000000.0,206000000.0,,1451000000.0,-29000000.0,4987000000.0,,0.0,33351000000.0,7267000000.0,-137000000.0,-958000000.0,51000000.0,4506000000.0,,1713000000.0,,8499000000.0,168000000.0,3459000000.0,1430000000.0,-100000000.0,8039000000.0,206000000,206000000.0,,2460000000.0,14267000000.0,,,,,,,,
2006-03-31,389200000.0,-548000000.0,3619000000.0,169000000.0,5529000000.0,,26000000.0,-11133000000.0,968000000.0,7000000.0,3322000000.0,747000000.0,,-117000000.0,1058000000.0,323000000.0,-382000000.0,23285000000.0,75000000.0,509000000.0,3619000000.0,0.63,28814000000.0,,32836000000.0,-665000000.0,671000000.0,,,4000000.0,926000000.0,-130000000.0,148000000.0,148000000.0,530000000.0,3584000000,-1340000000.0,815000000,148000000.0,-1233000000.0,473000000,23895000000.0,248000000.0,,1531000000.0,,4022000000.0,392900000.0,-258000000.0,34418000000.0,6490000000.0,-148000000.0,-823000000.0,132000000.0,4606000000.0,,2053000000.0,,8941000000.0,-16000000.0,1945000000.0,1529000000.0,-167000000.0,7828000000.0,248000000,248000000.0,,1598000000.0,,,0.64,,,,,,
2006-06-30,394300000.0,-1567000000.0,3570000000.0,178000000.0,5519000000.0,,-47000000.0,-11301000000.0,333000000.0,30000000.0,3310000000.0,777000000.0,,591000000.0,1197000000.0,315000000.0,-14000000.0,23878000000.0,77000000.0,-206000000.0,3570000000.0,0.6,29397000000.0,,33764000000.0,-976000000.0,,,,4000000.0,1061000000.0,-111000000.0,134000000.0,134000000.0,148000000.0,3809000000,,769000000,134000000.0,-938000000.0,438000000,24689000000.0,238000000.0,,1635000000.0,,4367000000.0,396700000.0,,35179000000.0,6830000000.0,-148000000.0,-205000000.0,136000000.0,4696000000.0,,2174000000.0,,9075000000.0,-40000000.0,2199000000.0,1372000000.0,-30000000.0,8360000000.0,238000000,238000000.0,,2084000000.0,14947000000.0,,0.6,,,,,,
2006-09-30,394900000.0,812000000.0,2270000000.0,179000000.0,5786000000.0,,6000000.0,-11451000000.0,-186000000.0,49000000.0,3239000000.0,772000000.0,,946000000.0,1171000000.0,753000000.0,25000000.0,24249000000.0,229000000.0,9000000.0,2270000000.0,1.32,30035000000.0,,34869000000.0,1758000000.0,,,,4000000.0,1065000000.0,-10000000.0,159000000.0,159000000.0,134000000.0,4694000000,,1367000000,159000000.0,-735000000.0,867000000,25289000000.0,524000000.0,,2038000000.0,-457000000.0,4834000000.0,397600000.0,,35700000000.0,6163000000.0,-149000000.0,112000000.0,65000000.0,5072000000.0,,2656000000.0,,9580000000.0,-1604000000.0,2828000000.0,1862000000.0,5000000.0,9631000000.0,524000000,524000000.0,,2041000000.0,16143000000.0,,1.33,,,,,,
2006-12-31,,-523000000.0,2742000000.0,180000000.0,6493000000.0,,-7000000.0,-11653000000.0,284000000.0,123000000.0,3432000000.0,785000000.0,,1078000000.0,1239000000.0,288000000.0,461000000.0,24499000000.0,17000000.0,21000000.0,2742000000.0,,30992000000.0,,35991000000.0,555000000.0,,,,4000000.0,1060000000.0,-28000000.0,620000000.0,620000000.0,159000000.0,3623000000,,685000000,620000000.0,-901000000.0,324000000,26061000000.0,271000000.0,,1563000000.0,2000000.0,4999000000.0,,,36152000000.0,6493000000.0,-148000000.0,-46000000.0,60000000.0,5256000000.0,,2060000000.0,,9930000000.0,-321000000.0,2691000000.0,1656000000.0,-11000000.0,9591000000.0,271000000,271000000.0,,1938000000.0,15916000000.0,,,,,,,,
2007-03-31,396800000.0,-559000000.0,2686000000.0,180000000.0,6423000000.0,,7000000.0,-11807000000.0,-760000000.0,15000000.0,3476000000.0,719000000.0,,1219000000.0,1105000000.0,156000000.0,-394000000.0,25171000000.0,6000000.0,11000000.0,2686000000.0,0.38,31594000000.0,,35535000000.0,660000000.0,525000000.0,,,4000000.0,995000000.0,50000000.0,226000000.0,226000000.0,620000000.0,3075000000,-830000000.0,649000000,226000000.0,-853000000.0,298000000,25664000000.0,150000000.0,,1403000000.0,-4000000.0,3941000000.0,399700000.0,,36978000000.0,5953000000.0,-163000000.0,-163000000.0,317000000.0,5255000000.0,,1672000000.0,,9871000000.0,11000000.0,2272000000.0,1935000000.0,66000000.0,9091000000.0,150000000,150000000.0,,1061000000.0,,,0.38,,,,,,
2007-06-30,397600000.0,-339000000.0,2506000000.0,178000000.0,6817000000.0,,-21000000.0,-11980000000.0,852000000.0,41000000.0,3645000000.0,814000000.0,,631000000.0,1159000000.0,532000000.0,497000000.0,25825000000.0,127000000.0,16000000.0,2506000000.0,1.01,32642000000.0,,37343000000.0,292000000.0,802000000.0,,,4000000.0,1247000000.0,101000000.0,723000000.0,723000000.0,226000000.0,3929000000,-658000000.0,1025000000,723000000.0,-986000000.0,664000000,27142000000.0,405000000.0,,1823000000.0,114000000.0,4701000000.0,400400000.0,,37805000000.0,6193000000.0,-163000000.0,116000000.0,-15000000.0,5497000000.0,,2106000000.0,,10201000000.0,-791000000.0,2440000000.0,1879000000.0,-95000000.0,10322000000.0,405000000,405000000.0,,1285000000.0,17188000000.0,,1.02,,,,,,
2007-09-30,398100000.0,-413000000.0,2968000000.0,194000000.0,7473000000.0,,176000000.0,-12191000000.0,774000000.0,50000000.0,3627000000.0,868000000.0,,896000000.0,1232000000.0,760000000.0,-373000000.0,27714000000.0,227000000.0,9000000.0,2968000000.0,1.33,35187000000.0,,39571000000.0,483000000.0,-1210000000.0,,,4000000.0,1279000000.0,115000000.0,350000000.0,350000000.0,723000000.0,4575000000,1357000000.0,1265000000,350000000.0,-2043000000.0,900000000,28956000000.0,533000000.0,,2132000000.0,73000000.0,4384000000.0,400900000.0,,39905000000.0,6872000000.0,-164000000.0,121000000.0,-53000000.0,5866000000.0,,2443000000.0,,10615000000.0,-1777000000.0,2625000000.0,1861000000.0,3000000.0,10844000000.0,533000000,533000000.0,,1305000000.0,18295000000.0,,1.34,,,,,,
2007-12-31,,-546000000.0,2418000000.0,210000000.0,7692000000.0,,-152000000.0,-12388000000.0,-211000000.0,-74000000.0,3821000000.0,857000000.0,,847000000.0,1292000000.0,232000000.0,-60000000.0,28652000000.0,8000000.0,10000000.0,2418000000.0,,36344000000.0,,40123000000.0,301000000.0,21000000.0,,,4000000.0,1204000000.0,2000000.0,290000000.0,290000000.0,350000000.0,3684000000,-25000000.0,823000000,290000000.0,-696000000.0,421000000,29388000000.0,224000000.0,,1713000000.0,-45000000.0,3779000000.0,,,41040000000.0,5758000000.0,-164000000.0,0.0,153000000.0,5945000000.0,,1971000000.0,,10735000000.0,-146000000.0,2136000000.0,1721000000.0,12000000.0,11280000000.0,224000000,224000000.0,,911000000.0,19679000000.0,,,,,,,,
2008-03-31,399100000.0,-649000000.0,1734000000.0,199000000.0,7600000000.0,,3000000.0,-12489000000.0,184000000.0,15000000.0,3952000000.0,836000000.0,,1317000000.0,1265000000.0,279000000.0,313000000.0,29451000000.0,30000000.0,8000000.0,1734000000.0,0.62,37051000000.0,,41330000000.0,668000000.0,410000000.0,,,4000000.0,1328000000.0,-10000000.0,603000000.0,603000000.0,290000000.0,3434000000,-988000000.0,834000000,603000000.0,-1188000000.0,443000000,30616000000.0,249000000.0,,1708000000.0,208000000.0,4279000000.0,402000000.0,,41940000000.0,5879000000.0,-178000000.0,291000000.0,138000000.0,6030000000.0,,1726000000.0,,10714000000.0,39000000.0,2817000000.0,1710000000.0,15000000.0,12304000000.0,249000000,249000000.0,,1130000000.0,,,0.62,,,,,,
2008-06-30,399800000.0,-1747000000.0,2603000000.0,195000000.0,7766000000.0,,10000000.0,-12683000000.0,412000000.0,13000000.0,3782000000.0,1096000000.0,,751000000.0,1308000000.0,160000000.0,-179000000.0,30499000000.0,-49000000.0,15000000.0,2603000000.0,0.52,38265000000.0,,43753000000.0,-996000000.0,794000000.0,,,4000000.0,1912000000.0,-187000000.0,424000000.0,424000000.0,603000000.0,3585000000,-311000000.0,715000000,424000000.0,-1342000000.0,313000000,33139000000.0,209000000.0,,1621000000.0,126000000.0,5488000000.0,402600000.0,,43182000000.0,8347000000.0,-178000000.0,263000000.0,-52000000.0,6060000000.0,,1964000000.0,,10614000000.0,-78000000.0,3832000000.0,2028000000.0,-248000000.0,12057000000.0,209000000,209000000.0,,1940000000.0,20959000000.0,,0.52,,,,,,
2008-09-30,400400000.0,699000000.0,4220000000.0,203000000.0,7825000000.0,,4000000.0,-12901000000.0,2204000000.0,-20000000.0,4215000000.0,1019000000.0,,291000000.0,1323000000.0,1135000000.0,1168000000.0,31345000000.0,361000000.0,9000000.0,4220000000.0,1.92,39170000000.0,,45478000000.0,990000000.0,-1120000000.0,,,4000000.0,1423000000.0,103000000.0,1592000000.0,1592000000.0,424000000.0,5387000000,1111000000.0,1684000000,1592000000.0,-1327000000.0,1336000000,33944000000.0,774000000.0,,2659000000.0,-312000000.0,6308000000.0,403000000.0,,44246000000.0,8501000000.0,-179000000.0,-523000000.0,422000000.0,6656000000.0,,2728000000.0,,11534000000.0,-2017000000.0,2858000000.0,2068000000.0,77000000.0,12814000000.0,774000000,774000000.0,,1629000000.0,21734000000.0,,1.93,,,,,,
2008-12-31,,-577000000.0,3253000000.0,216000000.0,7018000000.0,,-11000000.0,-13117000000.0,-150000000.0,-11000000.0,4231000000.0,968000000.0,,1044000000.0,1303000000.0,515000000.0,-1057000000.0,32411000000.0,108000000.0,9000000.0,3253000000.0,,39429000000.0,,44821000000.0,467000000.0,-56000000.0,,,4000000.0,1062000000.0,-113000000.0,535000000.0,535000000.0,1592000000.0,4003000000,104000000.0,1324000000,535000000.0,-1951000000.0,706000000,33140000000.0,407000000.0,,2009000000.0,-222000000.0,5392000000.0,,,45528000000.0,7689000000.0,-179000000.0,-204000000.0,61000000.0,6885000000.0,,1994000000.0,,11681000000.0,-1422000000.0,3374000000.0,1443000000.0,50000000.0,13833000000.0,407000000,407000000.0,,2182000000.0,22571000000.0,,,,,,,,
2009-03-31,402300000.0,-654000000.0,1940000000.0,211000000.0,5223000000.0,939000000.0,7000000.0,-13411000000.0,-206000000.0,-31000000.0,4216000000.0,871000000.0,,1043000000.0,1311000000.0,383000000.0,-259000000.0,33053000000.0,19000000.0,49000000.0,3207000000.0,0.9,40150000000.0,162000000.0,45304000000.0,389000000.0,897000000.0,,469000000.0,4000000.0,1058000000.0,61000000.0,276000000.0,276000000.0,535000000.0,3705000000,-1340000000.0,1063000000,276000000.0,-1096000000.0,583000000,33305000000.0,364000000.0,-130000000.0,1894000000.0,40000000.0,5154000000.0,404800000.0,,46464000000.0,6643000000.0,-191000000.0,-36000000.0,-18000000.0,7058000000.0,,1811000000.0,,11999000000.0,1000000.0,438000000.0,1281000000.0,97000000.0,15099000000.0,364000000,364000000.0,-1579000000.0,2333000000.0,7129000000.0,26662000000.0,0.9,,,,,,
2009-06-30,406000000.0,-621000000.0,1582000000.0,215000000.0,5437000000.0,946000000.0,-5000000.0,-13659000000.0,224000000.0,34000000.0,4322000000.0,906000000.0,,1101000000.0,1409000000.0,441000000.0,0.0,34197000000.0,71000000.0,34000000.0,3079000000.0,0.91,41535000000.0,-167000000.0,46404000000.0,480000000.0,1105000000.0,,494000000.0,4000000.0,1255000000.0,114000000.0,276000000.0,276000000.0,276000000.0,3811000000,-1814000000.0,1091000000,276000000.0,-1325000000.0,605000000,34160000000.0,370000000.0,189000000.0,2014000000.0,-64000000.0,4869000000.0,406000000.0,,47856000000.0,6450000000.0,-191000000.0,77000000.0,91000000.0,7242000000.0,,1797000000.0,,12244000000.0,5000000.0,534000000.0,1448000000.0,-35000000.0,15864000000.0,370000000,370000000.0,-478000000.0,1901000000.0,7332000000.0,27710000000.0,0.91,,,,,,
2009-09-30,408000000.0,-881000000.0,2243000000.0,204000000.0,5809000000.0,979000000.0,14000000.0,-14009000000.0,303000000.0,44000000.0,4493000000.0,884000000.0,,1182000000.0,1460000000.0,715000000.0,-112000000.0,35216000000.0,182000000.0,103000000.0,2652000000.0,1.31,42979000000.0,-141000000.0,47155000000.0,301000000.0,1268000000.0,,500000000.0,4000000.0,1057000000.0,132000000.0,164000000.0,164000000.0,276000000.0,4473000000,-2069000000.0,1419000000,164000000.0,-1597000000.0,849000000,34423000000.0,533000000.0,-158000000.0,2309000000.0,173000000.0,4176000000.0,408000000.0,,49225000000.0,6557000000.0,-192000000.0,-62000000.0,109000000.0,7583000000.0,,2164000000.0,,12732000000.0,85000000.0,605000000.0,1594000000.0,12000000.0,15601000000.0,533000000,533000000.0,361000000.0,1162000000.0,7566000000.0,27866000000.0,1.31,,,,,,
2009-12-31,,-782000000.0,2589000000.0,218000000.0,2534000000.0,4325000000.0,-12000000.0,-14091000000.0,854000000.0,44000000.0,4860000000.0,877000000.0,,1137000000.0,1466000000.0,403000000.0,74000000.0,36078000000.0,55000000.0,12000000.0,2402000000.0,,44121000000.0,164000000.0,48458000000.0,355000000.0,2110000000.0,,541000000.0,4000000.0,992000000.0,169000000.0,238000000.0,238000000.0,164000000.0,3655000000,-3337000000.0,1162000000,238000000.0,-1917000000.0,557000000,35491000000.0,348000000.0,13000000.0,2023000000.0,-96000000.0,4337000000.0,,,50169000000.0,6449000000.0,-192000000.0,1000000.0,91000000.0,7739000000.0,,1632000000.0,,12967000000.0,92000000.0,466000000.0,1431000000.0,11000000.0,16300000000.0,348000000,348000000.0,61000000.0,975000000.0,7712000000.0,29042000000.0,,,,,,,
2010-03-31,414673538.0,-846000000.0,3912000000.0,238000000.0,2848000000.0,4479000000.0,20000000.0,-14413000000.0,1442000000.0,51000000.0,5083000000.0,852000000.0,,896000000.0,1334000000.0,770000000.0,977000000.0,36854000000.0,214000000.0,12000000.0,2472000000.0,1.340814,45385000000.0,257000000.0,50942000000.0,50000000.0,2144000000.0,,486000000.0,4000000.0,937000000.0,157000000.0,1215000000.0,1826000000.0,238000000.0,3622000000,-2757000000.0,1494000000,1215000000.0,-1361000000.0,939000000,37606000000.0,556000000.0,-22000000.0,2273000000.0,153000000.0,5557000000.0,414673538.0,,51267000000.0,7782000000.0,-204000000.0,154000000.0,270000000.0,8091000000.0,611000000.0,1349000000.0,,13336000000.0,98000000.0,461000000.0,1174000000.0,26000000.0,16601000000.0,556000000,556000000.0,-102000000.0,933000000.0,7771000000.0,29824000000.0,1.340814,,,,,,
2010-06-30,408900000.0,-743000000.0,3022000000.0,247000000.0,2590000000.0,4315000000.0,185000000.0,-14602000000.0,-316000000.0,4000000.0,5242000000.0,826000000.0,664000000.0,852000000.0,1427000000.0,494000000.0,-386000000.0,37578000000.0,77000000.0,57000000.0,1518000000.0,1.01,45910000000.0,-311000000.0,51209000000.0,109000000.0,1373000000.0,,454000000.0,4000000.0,1316000000.0,49000000.0,829000000.0,829000000.0,1215000000.0,3591000000,-1961000000.0,1195000000,829000000.0,-922000000.0,709000000,37680000000.0,417000000.0,382000000.0,2136000000.0,328000000.0,5299000000.0,411400000.0,,52180000000.0,7126000000.0,-206000000.0,137000000.0,10000000.0,8303000000.0,0.0,1455000000.0,,13529000000.0,409000000.0,606000000.0,1485000000.0,25000000.0,17171000000.0,417000000,417000000.0,-167000000.0,798000000.0,5374000000.0,30554000000.0,1.02,,,,,,
2010-09-30,410900000.0,-663000000.0,2788000000.0,247000000.0,2807000000.0,4618000000.0,55000000.0,-15058000000.0,214000000.0,60000000.0,5149000000.0,895000000.0,678000000.0,1021000000.0,1575000000.0,960000000.0,-38000000.0,38301000000.0,240000000.0,115000000.0,1910000000.0,1.74,46958000000.0,-103000000.0,52734000000.0,358000000.0,1171000000.0,,604000000.0,4000000.0,1099000000.0,47000000.0,791000000.0,791000000.0,829000000.0,4691000000,-1874000000.0,1811000000,791000000.0,-1273000000.0,1125000000,38583000000.0,720000000.0,-258000000.0,2700000000.0,-97000000.0,5776000000.0,413700000.0,,53359000000.0,7187000000.0,-206000000.0,46000000.0,56000000.0,8817000000.0,0.0,1991000000.0,,14151000000.0,93000000.0,712000000.0,1595000000.0,-68000000.0,17680000000.0,720000000,720000000.0,-1237000000.0,439000000.0,5636000000.0,31396000000.0,1.75,,,,,,
2010-12-31,,-695000000.0,2809000000.0,247000000.0,2689000000.0,4713000000.0,-56000000.0,-15146000000.0,174000000.0,18000000.0,5109000000.0,857000000.0,47000000.0,1065000000.0,1496000000.0,263000000.0,-489000000.0,39075000000.0,0.0,124000000.0,2091000000.0,,47736000000.0,84000000.0,52994000000.0,370000000.0,2759000000.0,,548000000.0,4000000.0,1124000000.0,166000000.0,302000000.0,302000000.0,791000000.0,3413000000,-3856000000.0,1058000000,302000000.0,-1728000000.0,470000000,38533000000.0,263000000.0,77000000.0,1966000000.0,27000000.0,5258000000.0,,,54221000000.0,6904000000.0,-207000000.0,-100000000.0,175000000.0,8873000000.0,0.0,1447000000.0,,14461000000.0,64000000.0,833000000.0,1509000000.0,39000000.0,18013000000.0,263000000,263000000.0,-393000000.0,407000000.0,5676000000.0,31629000000.0,,,,,,,
2011-03-31,418000000.0,-811000000.0,2966000000.0,254000000.0,2705000000.0,4818000000.0,-9000000.0,-15368000000.0,217000000.0,41000000.0,5157000000.0,875000000.0,40000000.0,983000000.0,1302000000.0,236000000.0,123000000.0,39937000000.0,-32000000.0,18000000.0,1956000000.0,0.64,48738000000.0,229000000.0,53257000000.0,172000000.0,1501000000.0,,402000000.0,0.0,1075000000.0,202000000.0,425000000.0,425000000.0,302000000.0,3134000000,-2177000000.0,892000000,425000000.0,-1077000000.0,428000000,38658000000.0,268000000.0,-105000000.0,1730000000.0,-6000000.0,4519000000.0,418000000.0,,55305000000.0,6739000000.0,-229000000.0,22000000.0,9000000.0,8912000000.0,0.0,1404000000.0,,14599000000.0,410000000.0,742000000.0,1285000000.0,-18000000.0,18288000000.0,268000000,268000000.0,236000000.0,799000000.0,5726000000.0,31919000000.0,0.64,,,,,,
2011-06-30,422340129.0,-975000000.0,2218000000.0,256000000.0,2271000000.0,4859000000.0,166000000.0,-15287000000.0,136000000.0,9000000.0,5281000000.0,1072000000.0,29000000.0,1008000000.0,1446000000.0,727000000.0,-138000000.0,40854000000.0,147000000.0,15000000.0,1852000000.0,1.373301,49744000000.0,-352000000.0,54557000000.0,33000000.0,1393000000.0,,469000000.0,4000000.0,1280000000.0,115000000.0,287000000.0,287000000.0,425000000.0,3961000000,-1861000000.0,1452000000,287000000.0,-1282000000.0,958000000,39651000000.0,580000000.0,298000000.0,2404000000.0,878000000.0,4813000000.0,422340129.0,,56141000000.0,6389000000.0,-230000000.0,-44000000.0,147000000.0,9262000000.0,0.0,1557000000.0,,14906000000.0,161000000.0,1010000000.0,1633000000.0,-196000000.0,19235000000.0,580000000,580000000.0,-1227000000.0,488000000.0,5823000000.0,33262000000.0,1.373301,,,,,,
2011-09-30,417400000.0,-877000000.0,2432000000.0,265000000.0,2801000000.0,4599000000.0,-39000000.0,-15106000000.0,1290000000.0,-102000000.0,5357000000.0,1045000000.0,639000000.0,1126000000.0,1560000000.0,565000000.0,353000000.0,41117000000.0,158000000.0,6000000.0,1907000000.0,0.97,50333000000.0,-105000000.0,56585000000.0,249000000.0,1072000000.0,,575000000.0,4000000.0,1336000000.0,-114000000.0,640000000.0,640000000.0,287000000.0,4382000000,-1685000000.0,1405000000,640000000.0,-2063000000.0,911000000,41698000000.0,407000000.0,-163000000.0,2471000000.0,1304000000.0,6252000000.0,419800000.0,,56223000000.0,7419000000.0,-230000000.0,-358000000.0,118000000.0,9439000000.0,0.0,1911000000.0,,14887000000.0,-573000000.0,1105000000.0,1689000000.0,-55000000.0,20039000000.0,407000000,407000000.0,-697000000.0,381000000.0,5721000000.0,34279000000.0,0.98,,,,,,
2011-12-31,419000000.0,-1364000000.0,2157000000.0,260000000.0,2889000000.0,4774000000.0,230000000.0,-15062000000.0,-363000000.0,31000000.0,5681000000.0,1074000000.0,547000000.0,957000000.0,1349000000.0,923000000.0,-263000000.0,42490000000.0,256000000.0,9000000.0,1842000000.0,0.93,52147000000.0,321000000.0,57019000000.0,-407000000.0,870000000.0,,398000000.0,4000000.0,1191000000.0,-154000000.0,377000000.0,377000000.0,640000000.0,3864000000,-1833000000.0,1514000000,377000000.0,-857000000.0,1132000000,42076000000.0,667000000.0,-127000000.0,2481000000.0,699000000.0,4872000000.0,419000000.0,,57552000000.0,6719000000.0,-231000000.0,-105000000.0,279000000.0,9876000000.0,0.0,1383000000.0,,14943000000.0,266000000.0,982000000.0,1372000000.0,-39000000.0,20810000000.0,667000000,667000000.0,-533000000.0,394000000.0,5511000000.0,35357000000.0,0.93,,,,,,
2012-03-31,415000000.0,-1274000000.0,3388000000.0,265000000.0,2996000000.0,5041000000.0,299000000.0,-15293000000.0,1058000000.0,20000000.0,5813000000.0,1092000000.0,528000000.0,558000000.0,1346000000.0,618000000.0,-102000000.0,43968000000.0,157000000.0,12000000.0,2031000000.0,1.02,54113000000.0,110000000.0,59207000000.0,-716000000.0,1035000000.0,,383000000.0,4000000.0,1073000000.0,-94000000.0,275000000.0,275000000.0,377000000.0,3371000000,-1808000000.0,1266000000,275000000.0,-1995000000.0,843000000,43984000000.0,461000000.0,-75000000.0,2189000000.0,234000000.0,5094000000.0,415000000.0,-19000000.0,59261000000.0,8005000000.0,-248000000.0,-61000000.0,134000000.0,10089000000.0,0.0,1182000000.0,,15223000000.0,52000000.0,985000000.0,1262000000.0,-18000000.0,20582000000.0,461000000,461000000.0,-134000000.0,353000000.0,5781000000.0,35979000000.0,1.02,,,,,,
2012-06-30,422757848.0,-1300000000.0,3270000000.0,270000000.0,1790000000.0,5028000000.0,5000000.0,-15453000000.0,953000000.0,76000000.0,5987000000.0,1082000000.0,517000000.0,1370000000.0,1409000000.0,850000000.0,20000000.0,45495000000.0,243000000.0,360000000.0,1600000000.0,1.43581,55536000000.0,-198000000.0,60390000000.0,70000000.0,2076000000.0,,402000000.0,4000000.0,1134000000.0,-190000000.0,295000000.0,295000000.0,275000000.0,3667000000,-2863000000.0,1522000000,295000000.0,-2026000000.0,1022000000,44602000000.0,607000000.0,63000000.0,2431000000.0,-63000000.0,4854000000.0,422757848.0,0.0,60948000000.0,7643000000.0,-252000000.0,-85000000.0,239000000.0,10444000000.0,0.0,1236000000.0,,15788000000.0,61000000.0,1122000000.0,1466000000.0,12000000.0,21580000000.0,607000000,607000000.0,-512000000.0,430000000.0,1440000000.0,36959000000.0,1.43581,,,,,,
2012-09-30,423206077.0,-1090000000.0,3636000000.0,259000000.0,1702000000.0,5194000000.0,-7000000.0,-15737000000.0,1202000000.0,59000000.0,6166000000.0,1055000000.0,513000000.0,1229000000.0,1568000000.0,569000000.0,-49000000.0,47693000000.0,154000000.0,14000000.0,1317000000.0,0.98,57612000000.0,-167000000.0,62049000000.0,139000000.0,998000000.0,,336000000.0,4000000.0,1194000000.0,-219000000.0,246000000.0,246000000.0,295000000.0,3843000000,-2607000000.0,1295000000,246000000.0,-2480000000.0,749000000,46163000000.0,415000000.0,13000000.0,2317000000.0,11000000.0,4437000000.0,423206077.0,0.0,63430000000.0,7875000000.0,-252000000.0,2000000.0,144000000.0,10607000000.0,0.0,1526000000.0,,15886000000.0,219000000.0,1215000000.0,1633000000.0,27000000.0,22714000000.0,415000000,415000000.0,-675000000.0,419000000.0,1503000000.0,38288000000.0,0.98061,,,,,,
2012-12-31,424000000.0,-1206000000.0,4033000000.0,243000000.0,1629000000.0,5166000000.0,130000000.0,-15504000000.0,1675000000.0,54000000.0,6703000000.0,1073000000.0,508000000.0,835000000.0,658000000.0,567000000.0,83000000.0,49413000000.0,138000000.0,19000000.0,2066000000.0,1.011792,59202000000.0,-31000000.0,64439000000.0,-371000000.0,1192000000.0,,651000000.0,4000000.0,1281000000.0,-255000000.0,329000000.0,329000000.0,246000000.0,3375000000,-2732000000.0,1461000000,329000000.0,-2427000000.0,732000000,48370000000.0,429000000.0,-18000000.0,1390000000.0,17000000.0,5237000000.0,424000000.0,0.0,64917000000.0,8729000000.0,-252000000.0,-181000000.0,141000000.0,10783000000.0,,1985000000.0,,16069000000.0,319000000.0,841000000.0,1487000000.0,-20000000.0,23326000000.0,429000000,429000000.0,-291000000.0,439000000.0,1454000000.0,39641000000.0,1.011792,,,,,,
2013-03-31,424638080.0,-895000000.0,5058000000.0,272000000.0,1554000000.0,5394000000.0,-13000000.0,-15666000000.0,382000000.0,-229000000.0,6660000000.0,1098000000.0,506000000.0,1082000000.0,724000000.0,252000000.0,-114000000.0,49824000000.0,168000000.0,8000000.0,1268000000.0,0.64,59798000000.0,136000000.0,63843000000.0,187000000.0,1005000000.0,,500000000.0,4000000.0,1094000000.0,-136000000.0,215000000.0,215000000.0,329000000.0,3279000000,-1986000000.0,1024000000,215000000.0,-1578000000.0,734000000,47641000000.0,272000000.0,42000000.0,1458000000.0,42000000.0,4045000000.0,424638080.0,0.0,65490000000.0,8776000000.0,-279000000.0,-207000000.0,363000000.0,10777000000.0,,1821000000.0,,16202000000.0,298000000.0,850000000.0,1366000000.0,-25000000.0,22866000000.0,84000000,272000000.0,-923000000.0,373000000.0,1371000000.0,38865000000.0,0.640545,,,,,,
2013-06-30,424662329.0,-749000000.0,4718000000.0,266000000.0,1514000000.0,5466000000.0,111000000.0,-15951000000.0,235000000.0,87000000.0,6861000000.0,1120000000.0,501000000.0,1168000000.0,826000000.0,821000000.0,196000000.0,50460000000.0,211000000.0,1000000.0,1322000000.0,1.436435,60482000000.0,-412000000.0,65217000000.0,419000000.0,902000000.0,,595000000.0,4000000.0,1279000000.0,-102000000.0,411000000.0,411000000.0,215000000.0,3833000000,-1471000000.0,1682000000,411000000.0,-1207000000.0,981000000,48616000000.0,610000000.0,182000000.0,1807000000.0,-209000000.0,4735000000.0,425000000.0,0.0,66411000000.0,8867000000.0,-278000000.0,20000000.0,172000000.0,11109000000.0,,2026000000.0,,16601000000.0,111000000.0,1047000000.0,1809000000.0,-22000000.0,23514000000.0,610000000,610000000.0,-502000000.0,486000000.0,1331000000.0,39749000000.0,1.436435,,,,,,
2013-09-30,423800000.0,-771000000.0,4848000000.0,288000000.0,1502000000.0,5659000000.0,-61000000.0,-16456000000.0,488000000.0,78000000.0,7207000000.0,1142000000.0,502000000.0,1140000000.0,953000000.0,995000000.0,147000000.0,51399000000.0,297000000.0,406000000.0,1386000000.0,1.64,61694000000.0,-108000000.0,67166000000.0,369000000.0,876000000.0,,690000000.0,4000000.0,1244000000.0,-82000000.0,558000000.0,558000000.0,411000000.0,4394000000,-1641000000.0,1973000000,558000000.0,-1481000000.0,1185000000,49757000000.0,698000000.0,-96000000.0,2138000000.0,71000000.0,5472000000.0,426800000.0,0.0,67855000000.0,9213000000.0,-279000000.0,-436000000.0,288000000.0,11528000000.0,,2256000000.0,,17409000000.0,55000000.0,1233000000.0,1888000000.0,-22000000.0,23862000000.0,698000000,698000000.0,-369000000.0,958000000.0,1323000000.0,40544000000.0,1.65,,,,,,
2013-12-31,435000000.0,-813000000.0,4457000000.0,296000000.0,1426000000.0,5901000000.0,118000000.0,-16728000000.0,25000000.0,87000000.0,8144000000.0,1153000000.0,452000000.0,1712000000.0,941000000.0,452000000.0,-120000000.0,52720000000.0,125000000.0,427000000.0,1768000000.0,0.75,63464000000.0,116000000.0,69306000000.0,899000000.0,1787000000.0,,736000000.0,4000000.0,1200000000.0,56000000.0,438000000.0,438000000.0,558000000.0,3630000000,-2826000000.0,1388000000,438000000.0,-1857000000.0,641000000,51266000000.0,327000000.0,-6000000.0,1582000000.0,-44000000.0,5842000000.0,435000000.0,0.0,69448000000.0,9189000000.0,-286000000.0,571000000.0,54000000.0,11569000000.0,,2048000000.0,,18040000000.0,-5000000.0,1312000000.0,1777000000.0,-12000000.0,23969000000.0,327000000,327000000.0,-952000000.0,519000000.0,1257000000.0,42077000000.0,0.751724,,,,,,
2014-03-31,436118602.0,-1114000000.0,5691000000.0,319000000.0,1612000000.0,6014000000.0,48000000.0,-17061000000.0,875000000.0,142000000.0,8306000000.0,1148000000.0,452000000.0,1017000000.0,783000000.0,583000000.0,50000000.0,53306000000.0,153000000.0,25000000.0,1686000000.0,0.98,64190000000.0,-90000000.0,70331000000.0,-97000000.0,53000000.0,,551000000.0,4000000.0,1450000000.0,21000000.0,488000000.0,488000000.0,438000000.0,3674000000,-2233000000.0,1453000000,488000000.0,-1842000000.0,738000000,52171000000.0,430000000.0,162000000.0,1521000000.0,-33000000.0,6141000000.0,438000000.0,,70367000000.0,10292000000.0,-315000000.0,-180000000.0,190000000.0,11684000000.0,,2153000000.0,,18160000000.0,1452000000.0,1013000000.0,1904000000.0,9000000.0,23824000000.0,430000000,430000000.0,-717000000.0,501000000.0,1242000000.0,41879000000.0,0.98597,,,,,,
2014-06-30,436357087.0,-689000000.0,4901000000.0,305000000.0,1919000000.0,6296000000.0,2000000.0,-17402000000.0,-34000000.0,117000000.0,8227000000.0,1178000000.0,452000000.0,1431000000.0,937000000.0,784000000.0,134000000.0,54031000000.0,292000000.0,17000000.0,1453000000.0,1.12,65491000000.0,-61000000.0,71590000000.0,742000000.0,220000000.0,,695000000.0,4000000.0,1475000000.0,59000000.0,622000000.0,622000000.0,488000000.0,4029000000,-1578000000.0,1784000000,622000000.0,-1263000000.0,951000000,53161000000.0,492000000.0,31000000.0,1888000000.0,-17000000.0,6099000000.0,440000000.0,,71433000000.0,9690000000.0,-315000000.0,-140000000.0,271000000.0,11860000000.0,,2141000000.0,,18429000000.0,784000000.0,1409000000.0,1978000000.0,-29000000.0,25049000000.0,492000000,492000000.0,-1558000000.0,814000000.0,1434000000.0,43471000000.0,1.127517,,,,,,
2014-09-30,436482306.0,-784000000.0,4570000000.0,316000000.0,1938000000.0,6414000000.0,-56000000.0,-17844000000.0,-684000000.0,78000000.0,7999000000.0,1269000000.0,457000000.0,1520000000.0,1153000000.0,943000000.0,-137000000.0,55067000000.0,279000000.0,15000000.0,1462000000.0,1.5,66560000000.0,-112000000.0,72193000000.0,736000000.0,34000000.0,,872000000.0,4000000.0,1496000000.0,47000000.0,485000000.0,485000000.0,622000000.0,4654000000,-2361000000.0,2131000000,485000000.0,-973000000.0,1163000000,53049000000.0,660000000.0,-46000000.0,2316000000.0,130000000.0,5633000000.0,440000000.0,,72911000000.0,9572000000.0,-315000000.0,-294000000.0,255000000.0,12204000000.0,,2338000000.0,,18810000000.0,1700000000.0,1587000000.0,2022000000.0,-92000000.0,24853000000.0,664000000,660000000.0,-1413000000.0,638000000.0,1686000000.0,43477000000.0,1.512089,,,,,,
2014-12-31,,-916000000.0,4657000000.0,321000000.0,2511000000.0,6565000000.0,879000000.0,-17934000000.0,843000000.0,96000000.0,9261000000.0,1292000000.0,462000000.0,1532000000.0,1004000000.0,1337000000.0,92000000.0,55705000000.0,453000000.0,576000000.0,2040000000.0,,67985000000.0,256000000.0,74929000000.0,616000000.0,0.0,,778000000.0,4000000.0,1354000000.0,-40000000.0,577000000.0,577000000.0,485000000.0,4664000000,-2109000000.0,2436000000,577000000.0,-2283000000.0,1542000000,54761000000.0,884000000.0,-37000000.0,2546000000.0,-191000000.0,6944000000.0,,,73639000000.0,9663000000.0,-316000000.0,76000000.0,489000000.0,12773000000.0,,2118000000.0,,19916000000.0,742000000.0,1150000000.0,1805000000.0,-23000000.0,24367000000.0,884000000,884000000.0,-1062000000.0,555000000.0,1677000000.0,45098000000.0,,,,,,,
2015-03-31,448275862.0,-917000000.0,5202000000.0,321000000.0,2224000000.0,6772000000.0,-27000000.0,-18445000000.0,275000000.0,103000000.0,9337000000.0,1249000000.0,464000000.0,1181000000.0,873000000.0,936000000.0,-108000000.0,56233000000.0,286000000.0,16000000.0,1610000000.0,1.45,68632000000.0,118000000.0,74929000000.0,264000000.0,34000000.0,,637000000.0,4000000.0,1104000000.0,-73000000.0,469000000.0,469000000.0,577000000.0,4104000000,-1477000000.0,1894000000,469000000.0,-1564000000.0,1133000000,54465000000.0,650000000.0,-157000000.0,2006000000.0,27000000.0,6297000000.0,449000000.0,,74678000000.0,9386000000.0,-341000000.0,-274000000.0,262000000.0,13082000000.0,,2098000000.0,,20235000000.0,796000000.0,1006000000.0,1718000000.0,43000000.0,24264000000.0,650000000,650000000.0,-170000000.0,601000000.0,1649000000.0,45079000000.0,1.45,,,,,,
2015-06-30,445500000.0,-947000000.0,4539000000.0,280000000.0,2239000000.0,6823000000.0,-58000000.0,-18954000000.0,519000000.0,97000000.0,9436000000.0,1278000000.0,466000000.0,1753000000.0,1087000000.0,994000000.0,82000000.0,58310000000.0,274000000.0,614000000.0,1489000000.0,1.59,70855000000.0,-126000000.0,77201000000.0,806000000.0,0.0,,825000000.0,5000000.0,1517000000.0,-4000000.0,551000000.0,551000000.0,469000000.0,4358000000,-3558000000.0,2099000000,551000000.0,-2190000000.0,1155000000,55600000000.0,716000000.0,102000000.0,2242000000.0,-54000000.0,6346000000.0,449200000.0,,77264000000.0,9421000000.0,-342000000.0,39000000.0,255000000.0,13456000000.0,,2116000000.0,,21338000000.0,2209000000.0,1410000000.0,1883000000.0,-29000000.0,25235000000.0,720000000,716000000.0,-1233000000.0,782000000.0,1679000000.0,46179000000.0,1.61,,,,,,
2015-09-30,455440415.0,-1119000000.0,4660000000.0,311000000.0,2333000000.0,6805000000.0,24000000.0,-19370000000.0,774000000.0,103000000.0,9567000000.0,1344000000.0,468000000.0,1579000000.0,1175000000.0,1302000000.0,630000000.0,59835000000.0,421000000.0,644000000.0,1561000000.0,1.93,73306000000.0,-115000000.0,79963000000.0,460000000.0,0.0,,900000000.0,5000000.0,1870000000.0,-168000000.0,1181000000.0,1181000000.0,551000000.0,4954000000,-1530000000.0,2411000000,1181000000.0,-1723000000.0,1488000000,57137000000.0,879000000.0,-76000000.0,2663000000.0,-446000000.0,6657000000.0,456000000.0,,79205000000.0,10371000000.0,-348000000.0,191000000.0,331000000.0,13987000000.0,,2291000000.0,,22318000000.0,713000000.0,1812000000.0,1961000000.0,-66000000.0,25604000000.0,881000000,879000000.0,-2123000000.0,811000000.0,1710000000.0,46766000000.0,1.93,,,,,,
2015-12-31,461000000.0,-889000000.0,3006000000.0,299000000.0,3239000000.0,6924000000.0,587000000.0,-19000000000.0,315000000.0,151000000.0,9827000000.0,1259000000.0,473000000.0,1603000000.0,1094000000.0,757000000.0,-610000000.0,61386000000.0,247000000.0,24000000.0,2729000000.0,1.099783,75684000000.0,213000000.0,82479000000.0,714000000.0,18000000.0,,841000000.0,5000000.0,2529000000.0,-167000000.0,571000000.0,571000000.0,1181000000.0,4069000000,-2922000000.0,1897000000,571000000.0,-2528000000.0,884000000,59367000000.0,507000000.0,-75000000.0,1978000000.0,-111000000.0,6795000000.0,462000000.0,,80386000000.0,10107000000.0,-354000000.0,-48000000.0,314000000.0,14140000000.0,,2091000000.0,,22574000000.0,1239000000.0,1370000000.0,1784000000.0,69000000.0,26681000000.0,510000000,507000000.0,-1688000000.0,686000000.0,2005000000.0,49260000000.0,1.099783,,,,,,
2016-03-31,461445951.0,-1265000000.0,4617000000.0,509000000.0,3285000000.0,7058000000.0,8000000.0,-19426000000.0,2193000000.0,149000000.0,9982000000.0,1287000000.0,472000000.0,1545000000.0,870000000.0,896000000.0,57000000.0,62894000000.0,259000000.0,17000000.0,2886000000.0,1.37,77541000000.0,188000000.0,84637000000.0,280000000.0,823000000.0,,651000000.0,5000000.0,1139000000.0,-113000000.0,628000000.0,628000000.0,571000000.0,3835000000,-3452000000.0,2056000000,628000000.0,-3681000000.0,1238000000,61007000000.0,636000000.0,-40000000.0,2108000000.0,23000000.0,7096000000.0,463000000.0,,82320000000.0,10587000000.0,-401000000.0,28000000.0,214000000.0,14375000000.0,,1727000000.0,,22912000000.0,744000000.0,1473000000.0,1574000000.0,-27000000.0,27791000000.0,637000000,636000000.0,-367000000.0,721000000.0,1920000000.0,50420000000.0,1.378276,,,,,,
2016-06-30,465517241.0,-1082000000.0,5307000000.0,602000000.0,3069000000.0,7404000000.0,69000000.0,-19583000000.0,133000000.0,174000000.0,10121000000.0,1254000000.0,472000000.0,1725000000.0,843000000.0,763000000.0,102000000.0,64157000000.0,219000000.0,26000000.0,2112000000.0,1.16,78908000000.0,-228000000.0,85420000000.0,643000000.0,1182000000.0,,816000000.0,5000000.0,1774000000.0,-82000000.0,730000000.0,730000000.0,628000000.0,3817000000,-1921000000.0,2181000000,730000000.0,-1756000000.0,1171000000,61538000000.0,540000000.0,15000000.0,2014000000.0,-11000000.0,6512000000.0,465517241.0,,83740000000.0,11336000000.0,-402000000.0,-104000000.0,192000000.0,14548000000.0,,1803000000.0,,23174000000.0,840000000.0,1671000000.0,1816000000.0,24000000.0,27001000000.0,544000000,540000000.0,-641000000.0,758000000.0,1847000000.0,50202000000.0,1.16,,,,,,
2016-09-30,464814815.0,-972000000.0,3482000000.0,369000000.0,3279000000.0,7830000000.0,17000000.0,-20246000000.0,-527000000.0,151000000.0,10582000000.0,1309000000.0,469000000.0,2024000000.0,1353000000.0,1207000000.0,-49000000.0,65617000000.0,418000000.0,485000000.0,2063000000.0,1.62,81117000000.0,-110000000.0,87864000000.0,1052000000.0,-1000000.0,,1070000000.0,5000000.0,2800000000.0,-36000000.0,681000000.0,681000000.0,730000000.0,4805000000,-1948000000.0,2646000000,681000000.0,-1546000000.0,1402000000,62995000000.0,753000000.0,79000000.0,2755000000.0,-299000000.0,6747000000.0,466000000.0,,85863000000.0,10456000000.0,-402000000.0,189000000.0,360000000.0,14899000000.0,,2050000000.0,,23907000000.0,1033000000.0,1642000000.0,1921000000.0,-56000000.0,28195000000.0,789000000,753000000.0,-2008000000.0,760000000.0,2115000000.0,52539000000.0,1.62,,,,,,
2016-12-31,468932039.0,-921000000.0,3022000000.0,387000000.0,3335000000.0,7916000000.0,1397000000.0,-20101000000.0,696000000.0,370000000.0,11101000000.0,1289000000.0,470000000.0,1042000000.0,1105000000.0,1521000000.0,611000000.0,66912000000.0,504000000.0,9000000.0,2380000000.0,2.06,82584000000.0,,89993000000.0,121000000.0,263000000.0,,840000000.0,5000000.0,3447000000.0,-70000000.0,1292000000.0,1292000000.0,681000000.0,3699000000,-1904000000.0,2748000000,1292000000.0,-1127000000.0,743000000,64662000000.0,966000000.0,,1848000000.0,-245000000.0,7409000000.0,469000000.0,,87013000000.0,10919000000.0,-407000000.0,-336000000.0,464000000.0,15458000000.0,,1851000000.0,,24341000000.0,1435000000.0,1600000000.0,1784000000.0,,27818000000.0,1017000000,966000000.0,-1062000000.0,1052000000.0,2049000000.0,53743000000.0,2.06,,,,,,
2017-03-31,467500000.0,-1842000000.0,5325000000.0,360000000.0,3632000000.0,8384000000.0,-251000000.0,-20768000000.0,1678000000.0,1287000000.0,11727000000.0,1303000000.0,464000000.0,1364000000.0,958000000.0,2266000000.0,-692000000.0,68400000000.0,675000000.0,7000000.0,1398000000.0,3.37,85378000000.0,,91205000000.0,-478000000.0,735000000.0,,691000000.0,5000000.0,1237000000.0,-40000000.0,600000000.0,600000000.0,1292000000.0,3972000000,-4141000000.0,3317000000,600000000.0,-3734000000.0,1320000000,64736000000.0,1583000000.0,,2278000000.0,-264000000.0,5827000000.0,470200000.0,,89168000000.0,9761000000.0,-460000000.0,67000000.0,565000000.0,16581000000.0,,1694000000.0,,25497000000.0,30000000.0,1337000000.0,1635000000.0,,28539000000.0,1591000000,1583000000.0,-548000000.0,1086000000.0,2141000000.0,54975000000.0,3.39,,,,,,
2017-06-30,467900000.0,-989000000.0,4132000000.0,430000000.0,3740000000.0,8706000000.0,-93000000.0,-21048000000.0,16000000.0,216000000.0,12102000000.0,1313000000.0,457000000.0,1801000000.0,1262000000.0,1093000000.0,42000000.0,69656000000.0,289000000.0,18000000.0,1257000000.0,1.68,86943000000.0,,92890000000.0,812000000.0,-693000000.0,,957000000.0,5000000.0,1814000000.0,3000000.0,642000000.0,642000000.0,600000000.0,4404000000,-1496000000.0,2480000000,642000000.0,-1775000000.0,1288000000,66014000000.0,793000000.0,,2550000000.0,-206000000.0,5947000000.0,471700000.0,,90704000000.0,8950000000.0,-460000000.0,-214000000.0,321000000.0,16914000000.0,,1854000000.0,,25926000000.0,1405000000.0,1290000000.0,1950000000.0,,30392000000.0,804000000,793000000.0,-1337000000.0,966000000.0,2110000000.0,57064000000.0,1.69,,,,,,
2017-09-30,469400000.0,-1078000000.0,4614000000.0,381000000.0,3736000000.0,8877000000.0,146000000.0,-21460000000.0,70000000.0,185000000.0,12563000000.0,1352000000.0,449000000.0,1995000000.0,1467000000.0,1220000000.0,739000000.0,71088000000.0,364000000.0,11000000.0,2491000000.0,1.79,89754000000.0,,96781000000.0,917000000.0,117000000.0,,1138000000.0,5000000.0,2256000000.0,48000000.0,1381000000.0,1381000000.0,642000000.0,4808000000,-1187000000.0,2739000000,1381000000.0,-1326000000.0,1396000000,69460000000.0,847000000.0,,2863000000.0,-266000000.0,7027000000.0,473500000.0,,92548000000.0,11604000000.0,-462000000.0,-163000000.0,430000000.0,17299000000.0,,1945000000.0,,26398000000.0,2304000000.0,1794000000.0,2147000000.0,,30345000000.0,856000000,847000000.0,-2009000000.0,1102000000.0,2115000000.0,57856000000.0,1.8,,,,,,
2017-12-31,471000000.0,-1536000000.0,3618000000.0,387000000.0,4081000000.0,8962000000.0,932000000.0,-21367000000.0,1169000000.0,-258000000.0,5754000000.0,1273000000.0,448000000.0,1253000000.0,1395000000.0,86000000.0,365000000.0,72416000000.0,-1982000000.0,19000000.0,2276000000.0,4.55,90670000000.0,,97827000000.0,-283000000.0,19000000.0,,-157000000.0,5000000.0,3235000000.0,111000000.0,1714000000.0,1714000000.0,1381000000.0,4010000000,-1715000000.0,692000000,1983000000.0,-2083000000.0,709000000,68329000000.0,2155000000.0,,2104000000.0,97000000.0,7157000000.0,474000000.0,,93783000000.0,11232000000.0,-463000000.0,656000000.0,-2191000000.0,18992000000.0,0.0,1906000000.0,,28208000000.0,-305000000.0,1655000000.0,2220000000.0,,31463000000.0,2068000000,2155000000.0,-2888000000.0,804000000.0,2146000000.0,57097000000.0,4.575372,,,,,,
2018-03-31,471436476.0,-1288000000.0,4137000000.0,226000000.0,3170000000.0,12809000000.0,-62000000.0,-20919000000.0,1311000000.0,4257000000.0,7007000000.0,1205000000.0,450000000.0,1290000000.0,1236000000.0,5080000000.0,-1075000000.0,67196000000.0,1249000000.0,7000000.0,1751000000.0,9.32,88672000000.0,,94284000000.0,2000000.0,,,924000000.0,5000000.0,1748000000.0,-178000000.0,550000000.0,550000000.0,1983000000.0,3863000000,-3339000000.0,6230000000,908000000.0,-3667000000.0,1031000000,58291000000.0,4428000000.0,,2267000000.0,-185000000.0,5612000000.0,474000000.0,,88115000000.0,9579000000.0,-523000000.0,-395000000.0,1271000000.0,23181000000.0,,1596000000.0,,32706000000.0,960000000.0,1493000000.0,1881000000.0,,28062000000.0,3831000000,4428000000.0,-1192000000.0,891000000.0,1260000000.0,48712000000.0,9.39257,,,,,,
2018-06-30,471100000.0,-1415000000.0,4210000000.0,394000000.0,3142000000.0,12351000000.0,-28000000.0,-21092000000.0,-121000000.0,191000000.0,7162000000.0,1159000000.0,445000000.0,1643000000.0,1202000000.0,931000000.0,-172000000.0,68659000000.0,230000000.0,4000000.0,1808000000.0,1.64,89605000000.0,,95490000000.0,228000000.0,,,891000000.0,5000000.0,2298000000.0,-173000000.0,478000000.0,478000000.0,908000000.0,4069000000,-1873000000.0,2216000000,736000000.0,-1688000000.0,1124000000,59318000000.0,795000000.0,,2326000000.0,-17000000.0,5885000000.0,475200000.0,,89751000000.0,10184000000.0,-524000000.0,-179000000.0,124000000.0,23453000000.0,,1743000000.0,,33021000000.0,967000000.0,1423000000.0,2230000000.0,,28356000000.0,701000000,795000000.0,-272000000.0,898000000.0,1231000000.0,49134000000.0,1.69,,,,,,
2018-09-30,473100000.0,-1729000000.0,5539000000.0,167000000.0,3548000000.0,12854000000.0,638000000.0,-21753000000.0,885000000.0,251000000.0,7420000000.0,1083000000.0,448000000.0,2292000000.0,1527000000.0,1069000000.0,-15000000.0,68572000000.0,126000000.0,703000000.0,1984000000.0,2.1,90254000000.0,,98603000000.0,563000000.0,,,1180000000.0,5000000.0,3000000000.0,-158000000.0,497000000.0,497000000.0,736000000.0,4418000000,-2473000000.0,2416000000,721000000.0,-3206000000.0,974000000,61265000000.0,1007000000.0,,2501000000.0,-62000000.0,8349000000.0,477400000.0,,90325000000.0,12807000000.0,-523000000.0,37000000.0,160000000.0,23935000000.0,,1917000000.0,,34252000000.0,665000000.0,1836000000.0,2454000000.0,,27048000000.0,943000000,1007000000.0,-1579000000.0,917000000.0,1214000000.0,48458000000.0,2.13,,,,,,
2018-12-31,478000000.0,-1578000000.0,10930000000.0,709000000.0,8412000000.0,12634000000.0,900000000.0,-21749000000.0,5559000000.0,-119000000.0,7367000000.0,1223000000.0,445000000.0,1368000000.0,1467000000.0,289000000.0,4532000000.0,70334000000.0,-25000000.0,4000000.0,2130000000.0,0.88,97309000000.0,,103702000000.0,-210000000.0,1290000000.0,708000000.0,1152000000.0,5000000.0,2386000000.0,-188000000.0,638000000.0,638000000.0,721000000.0,4390000000,-3042000000.0,2089000000,5253000000.0,-2389000000.0,1105000000,66289000000.0,422000000.0,,2572000000.0,143000000.0,6393000000.0,481000000.0,,92083000000.0,17563000000.0,-531000000.0,-68000000.0,-92000000.0,23837000000.0,,1818000000.0,891000000.0,34144000000.0,941000000.0,1672000000.0,2302000000.0,,26782000000.0,314000000,422000000.0,-514000000.0,999000000.0,1449000000.0,48726000000.0,0.882845,,,,,,
2019-03-31,478300000.0,-5886000000.0,10330000000.0,714000000.0,3036000000.0,13095000000.0,-99000000.0,-23364000000.0,1427000000.0,257000000.0,8050000000.0,1410000000.0,484000000.0,1597000000.0,1168000000.0,680000000.0,-3912000000.0,74794000000.0,74000000.0,20000000.0,3386000000.0,1.41,100807000000.0,,109029000000.0,-4289000000.0,,,862000000.0,5000000.0,2398000000.0,-213000000.0,972000000.0,972000000.0,5253000000.0,4075000000,-2162000000.0,2256000000,1341000000.0,-6945000000.0,1125000000,71189000000.0,680000000.0,,2293000000.0,-153000000.0,8222000000.0,481800000.0,,98158000000.0,17926000000.0,-598000000.0,-338000000.0,220000000.0,23919000000.0,,1782000000.0,3488000000.0,34226000000.0,1103000000.0,1328000000.0,2191000000.0,,29883000000.0,606000000,680000000.0,-664000000.0,1058000000.0,1559000000.0,53263000000.0,1.42,,,,,,
2019-06-30,478900000.0,-1505000000.0,7770000000.0,601000000.0,3187000000.0,13749000000.0,612000000.0,-23915000000.0,625000000.0,452000000.0,8086000000.0,1427000000.0,487000000.0,1684000000.0,1597000000.0,1263000000.0,362000000.0,76136000000.0,124000000.0,6000000.0,1842000000.0,2.56,103081000000.0,,110552000000.0,179000000.0,,,1262000000.0,5000000.0,2598000000.0,-191000000.0,1019000000.0,1019000000.0,1341000000.0,4970000000,-2452000000.0,3126000000,1703000000.0,-1946000000.0,1399000000,72126000000.0,1234000000.0,,2996000000.0,-61000000.0,7471000000.0,482800000.0,,100051000000.0,14412000000.0,-599000000.0,54000000.0,-118000000.0,24554000000.0,,1974000000.0,3496000000.0,34910000000.0,-1043000000.0,1715000000.0,2553000000.0,,33947000000.0,1139000000,1234000000.0,-5812000000.0,1099000000.0,1571000000.0,57714000000.0,2.58,,,,,,
2019-09-30,488775903.0,-2342000000.0,5643000000.0,746000000.0,3220000000.0,13813000000.0,-84000000.0,-24748000000.0,471000000.0,-9000000.0,8109000000.0,1451000000.0,492000000.0,2962000000.0,1848000000.0,856000000.0,-145000000.0,78995000000.0,58000000.0,1462000000.0,2188000000.0,1.79837,106543000000.0,,114222000000.0,620000000.0,761000000.0,,1313000000.0,5000000.0,2838000000.0,-181000000.0,1131000000.0,1131000000.0,1703000000.0,5572000000,-2167000000.0,2897000000,1558000000.0,-3572000000.0,1595000000,74048000000.0,879000000.0,,3443000000.0,233000000.0,7679000000.0,488775903.0,,103743000000.0,13314000000.0,-600000000.0,255000000.0,23000000.0,24835000000.0,,2129000000.0,4129000000.0,36592000000.0,176000000.0,2153000000.0,2717000000.0,,36144000000.0,798000000,879000000.0,-2044000000.0,1187000000.0,1881000000.0,60734000000.0,1.79837,,,,,,
2019-12-31,488775903.0,-1344000000.0,5040000000.0,188000000.0,3314000000.0,14407000000.0,730000000.0,-25168000000.0,1350000000.0,360000000.0,8361000000.0,1328000000.0,499000000.0,1912000000.0,1645000000.0,1037000000.0,-450000000.0,82010000000.0,193000000.0,6000000.0,2973000000.0,1.99,110283000000.0,,117691000000.0,568000000.0,1356000000.0,,1041000000.0,5000000.0,3631000000.0,-169000000.0,600000000.0,600000000.0,1558000000.0,4588000000,-3764000000.0,2266000000,1108000000.0,-3714000000.0,852000000,76331000000.0,975000000.0,,2497000000.0,-257000000.0,7408000000.0,491000000.0,,107178000000.0,13853000000.0,-611000000.0,406000000.0,133000000.0,25199000000.0,,2091000000.0,4204000000.0,37005000000.0,38000000.0,1710000000.0,2282000000.0,,37543000000.0,844000000,975000000.0,-1971000000.0,1911000000.0,1831000000.0,62478000000.0,1.994779,,,,,,
