date,quarterlyNetOtherInvestingChanges,quarterlyChangesInAccountReceivables,quarterlyStockholdersEquity,quarterlyOtherIntangibleAssets,quarterlyOperatingExpense,quarterlySaleOfInvestment,quarterlyCashAndCashEquivalents,quarterlyCurrentDeferredRevenue,quarterlyCashCashEquivalentsAndMarketableSecurities,quarterlyBeginningCashPosition,quarterlyRepaymentOfDebt,quarterlyCapitalStock,quarterlyDilutedEPS,quarterlyGainsLossesNotAffectingRetainedEarnings,quarterlyOtherCurrentAssets,quarterlyAccountsPayable,quarterlyStockBasedCompensation,quarterlyEbitda,quarterlyTotalRevenue,quarterlyCommonStockIssuance,quarterlyCapitalExpenditure,quarterlyCashFlowFromContinuingFinancingActivities,quarterlyAccumulatedDepreciation,quarterlyCurrentLiabilities,quarterlyCurrentAssets,quarterlyGrossPPE,quarterlyBasicAverageShares,quarterlyOtherNonCashItems,quarterlyOperatingCashFlow,quarterlyRepurchaseOfCapitalStock,quarterlyChangeInCashSupplementalAsReported,quarterlyOperatingIncome,quarterlyOtherCurrentLiabilities,quarterlyRetainedEarnings,quarterlyPurchaseOfBusiness,quarterlyTaxProvision,quarterlyChangeInWorkingCapital,quarterlyNetPPE,quarterlyDeferredIncomeTax,quarterlyNonCurrentDeferredRevenue,quarterlyPretaxIncome,quarterlyCostOfRevenue,quarterlyGoodwill,quarterlyAccountsReceivable,quarterlyOtherShortTermInvestments,quarterlyBasicEPS,quarterlyLongTermDebt,quarterlyFreeCashFlow,quarterlyTotalAssets,quarterlyTotalNonCurrentAssets,quarterlyNetIncomeContinuousOperations,quarterlyNetIncome,quarterlyDepreciationAndAmortization,quarterlySellingGeneralAndAdministration,quarterlyOtherNonCurrentLiabilities,quarterlyTotalNonCurrentLiabilitiesNetMinorityInterest,quarterlyDilutedAverageShares,quarterlyPurchaseOfInvestment,quarterlyCurrentDebt,quarterlyInterestExpense,quarterlyNetOtherFinancingCharges,quarterlyInvestmentsAndAdvances,quarterlyOtherNonCurrentAssets,quarterlyTotalLiabilitiesNetMinorityInterest,quarterlyGrossProfit,quarterlyNetIncomeCommonStockholders,quarterlyOtherIncomeExpense,quarterlyEndCashPosition,quarterlyInvestingCashFlow,quarterlyInventory,quarterlyChangeInAccountPayable,quarterlyCashDividendsPaid,quarterlyChangeInInventory,quarterlyNonCurrentDeferredTaxesLiabilities,quarterlyIncomeTaxPayable,quarterlyCurrentAccruedExpenses,quarterlyResearchAndDevelopment
1985-06-30,,,,,,,,,,,,,0.00875,,,,,1100000,1100000,,,,,,,,16852000.0,,,,,1100000,,,,,,,,,,,,,,0.00875,,,,,700000,700000,,,,,16852000.0,,,,,,,,,700000,,,,,,,,,,,
1985-09-30,,,,,,,,,,,,,0.02875,,,,,5500000,5500000,,,,,,,,19400000.0,,,,,5500000,,,,,,,,,,,,,,0.02875,,,,,2100000,2100000,,,,,19400000.0,,,,,,,,,2100000,,,,,,,,,,,
1985-12-31,,,89200000.0,,,,,,,,,,,,,,,6200000,3400000,,,,,,,,,,,,,6200000,,-1200000.0,,,,,,,,,,,,,49900000.0,,163600000.0,,2200000,2200000,,,,,,,,,,,,74400000.0,,2200000,,,,,,,,,,,
1986-03-31,,,,,,,,,,,,,0.02625,,,,,5500000,5500000,,,,,,,,19400000.0,,,,,5500000,,,,,,,,,,,,,,0.02625,,,,,2000000,2000000,,,,,19400000.0,,,,,,,,,2000000,,,,,,,,,,,
1986-06-30,,,,,,,,,,,,,0.0275,,,,,6400000,6400000,,,,,,,,31400000.0,,,,,6400000,,,,,,,,,,,,,,0.0275,,,,,3400000,3400000,,,,,31400000.0,,,,,,,,,3400000,,,,,,,,,,,
1986-09-30,,,,,,,,,,,,,0.02875,,,,,7500000,7500000,,,,,,,,32544000.0,,,,,7500000,,,,,,,,,,,,,,0.02875,,,,,3800000,3800000,,,,,32544000.0,,,,,,,,,3800000,,,,,,,,,,,
1986-12-31,,,167000000.0,,,,,,,,,,,,,,,18100000,9400000,,,,,,,,,,,,,18100000,,-600000.0,,,,,,,,,,,,,116000000.0,,306500000.0,,3700000,3700000,,,,,,,,,,,,139500000.0,,3700000,,,,,,,,,,,
1987-03-31,,,,,,,,,,,,,0.02625,,,,,9500000,9500000,,,,,,,,32580000.0,,,,,9500000,,,,,,,,,,,,,,0.02625,,,,,3400000,3400000,,,,,32580000.0,,,,,,,,,3400000,,,,,,,,,,,
1987-06-30,,,,,,,,,,,,,0.02625,,,,,9600000,9600000,,,,,,,,32580000.0,,,,,9600000,,,,,,,,,,,,,,0.02625,,,,,3400000,3400000,,,,,32580000.0,,,,,,,,,3400000,,,,,,,,,,,
1987-09-30,,,,,,,,,,,,,0.0275,,,,,10100000,10100000,,,,,,,,32628000.0,,,,,10100000,,,,,,,,,,,,,,0.0275,,,,,3600000,3600000,,,,,32628000.0,,,,,,,,,3600000,,,,,,,,,,,
1987-12-31,,,161500000.0,,,,,,,,,,,,,,,22600000,10500000,,,,,,,,,,,,,22600000,,-6400000.0,,,,,,,,,,,,,79300000.0,,324300000.0,,3800000,3800000,,,,,,,,,,,,162800000.0,,3800000,,,,,,,,,,,
1988-03-31,,,,,,,,,,,,,0.02625,,,,,10600000,10600000,,,,,,,,32628000.0,,,,,10600000,,,,,,,,,,,,,,0.02625,,,,,3400000,3400000,,,,,32628000.0,,,,,,,,,3400000,,,,,,,,,,,
1988-06-30,,,,,,,,,,,,,0.03125,,,,,14900000,14900000,,,,,,,,32628000.0,,,,,14900000,,,,,,,,,,,,,,0.03125,,,,,4100000,4100000,,,,,32628000.0,,,,,,,,,4100000,,,,,,,,,,,
1988-09-30,,,,,,,,,,,,,0.02125,,,,,13000000,13000000,,,,,,,,32660000.0,,,,,13000000,,,,,,,,,,,,,,0.02125,,,,,2800000,2800000,,,,,32660000.0,,,,,,,,,2800000,,,,,,,,,,,
1988-12-31,,,153900000.0,,,,,,,,,,,,,,,36500000,14700000,,,,,,,,,,,,,36500000,,-14300000.0,,,,,,,,,,,,,159000000.0,,400300000.0,,3400000,3400000,,,,,,,,,,,,246400000.0,,3400000,,,,,,,,,,,
1989-03-31,,,,,,,,,,,,,0.02625,,,,,11200000,11200000,,,,,,,,32668000.0,,,,,11200000,,,,,,,,,,,,,,0.02625,,,,,3400000,3400000,,,,,32668000.0,,,,,,,,,3400000,,,,,,,,,,,
1989-06-30,,,173600000.0,,-3900000.0,,,,,,,,0.025,,,,,18800000,14900000,,,,,,,,36800000.0,,,,,18800000,,-18900000.0,,,,374200000.0,,,,,,,,0.025,167800000.0,,413500000.0,,3600000,3600000,,2000000.0,,,36800000.0,,,4700000.0,,,,217600000.0,,3600000,,,,,,,,,,,
1989-09-30,-6500000.0,,169900000.0,,-5900000.0,,,,,,7000000.0,,0.0175,,,,,26800000,15800000,0.0,,-300000.0,,,,,36800000.0,0.0,7600000.0,,,21700000,,-22900000.0,,,,372500000.0,,,,,,,,0.0175,167500000.0,7600000.0,415200000.0,,2500000,2500000,5100000.0,1600000.0,,,36800000.0,,,4900000.0,-700000.0,,,223100000.0,,2500000,,,-7200000.0,,,-6600000.0,,,,,
1989-12-31,-19400000.0,,167500000.0,,-4700000.0,,,,,,,,,,,,,25100000,16800000,-100000.0,,11700000.0,,,,,,100000.0,8000000.0,,,21500000,,-25300000.0,,,,386400000.0,,,,,,,,,167200000.0,8000000.0,431400000.0,,4300000,4300000,3600000.0,1600000.0,,,,,,5200000.0,1100000.0,,,241900000.0,,4300000,,,-19400000.0,,,-6600000.0,,,,,
1990-03-31,-7200000.0,,228300000.0,,-4700000.0,,,,,800000.0,-51500000.0,,0.03125,,,,,25700000,17300000,61500000.0,,3500000.0,,,,,45920000.0,200000.0,9100000.0,,5400000.0,22000000,,-26900000.0,,,,389300000.0,,,,,,,,0.03125,166900000.0,9100000.0,440700000.0,,5200000,5200000,3700000.0,1900000.0,,,45920000.0,,,4600000.0,300000.0,,,190200000.0,,5200000,,,-7200000.0,,,-6800000.0,,,,,
1990-06-30,-10900000.0,,225700000.0,,-4500000.0,,,,,,-5000000.0,,0.03375,,,,,25600000,17600000,0.0,,-1700000.0,,,,,45928000.0,300000.0,9900000.0,,-2600000.0,22100000,,-29500000.0,,,,389500000.0,,,,,,,,0.03375,181800000.0,9900000.0,448200000.0,,6100000,6100000,3500000.0,2000000.0,,,45928000.0,,,4100000.0,-500000.0,,,200500000.0,,6100000,,,-10900000.0,,,-8700000.0,,,,,
1990-09-30,-14300000.0,,223300000.0,,-4900000.0,,,,,,15500000.0,,0.035,,,,,27100000,18300000,0.0,,1600000.0,,,,,45928000.0,-200000.0,10000000.0,,,23200000,,-31900000.0,,,,399200000.0,,,,,,,,0.035,176400000.0,10000000.0,455200000.0,,6300000,6300000,3900000.0,1800000.0,,,45928000.0,,,4200000.0,-5100000.0,,,210000000.0,,6300000,,,-14300000.0,,,-8800000.0,,,,,
1990-12-31,-22400000.0,,219900000.0,,-5400000.0,,,,,,22900000.0,,,,,,,28700000,18900000,0.0,,15100000.0,,,,,,100000.0,10100000.0,,,24300000,,-35300000.0,,,,398300000.0,,,,,,,,,174900000.0,10100000.0,476500000.0,,5600000,5600000,4400000.0,2300000.0,,,,,,4600000.0,1100000.0,,,234600000.0,,5600000,,,-22400000.0,,,-8900000.0,,,,,
1991-03-31,-21300000.0,,218100000.0,,-5600000.0,,,,,3700000.0,,,0.035,,,,,30400000,20300000,,,8200000.0,,,,,46030000.0,,10900000.0,,-2200000.0,25900000,,-38000000.0,,,,408800000.0,,,,,,,,0.035,184600000.0,10900000.0,491500000.0,,6400000,6400000,4500000.0,2000000.0,,,46030000.0,,,5300000.0,17300000.0,,,250700000.0,,6400000,,,-21300000.0,,,-9100000.0,,,,,
1991-06-30,19500000.0,,215800000.0,,-6100000.0,,,,,,,,0.0375,,,,,32000000,21000000,,,-30900000.0,,,,,46210000.0,,11700000.0,,300000.0,27100000,,-40400000.0,,,,404900000.0,,,,,,,,0.0375,191700000.0,11700000.0,468300000.0,,6800000,6800000,4900000.0,1900000.0,,,46210000.0,,,5300000.0,-21700000.0,,,229700000.0,,6800000,,,19500000.0,,,-9200000.0,,,,,
1991-09-30,4700000.0,,213900000.0,,-5600000.0,,,,,,-12800000.0,,0.035,,,,,29600000,19400000,,,-12800000.0,,,,,46226000.0,,10900000.0,,2800000.0,25000000,,-43300000.0,,,,401200000.0,,,,,,,,0.035,196500000.0,10900000.0,461600000.0,,6500000,6500000,4600000.0,1300000.0,,,46226000.0,,,5200000.0,2400000.0,,,225100000.0,,6500000,,,4700000.0,,,-9400000.0,,,,,
1991-12-31,-4400000.0,,211300000.0,,-11200000.0,,,,,,-300000.0,,,,,,,34300000,18600000,200000.0,,-8500000.0,,,,,,100000.0,11400000.0,,-1500000.0,29800000,,245900000.0,,,,400700000.0,,,,,,,,,212400000.0,11400000.0,458600000.0,,6800000,6800000,4500000.0,,,,,,,5000000.0,1200000.0,,,225000000.0,,6800000,,,-4400000.0,,,-9600000.0,,,,,
1992-03-31,-31500000.0,,277100000.0,,-6100000.0,,,,,3100000.0,-16600000.0,,0.0425,,,,,30900000,20300000,66900000.0,-1100000.0,41600000.0,,,,,52722000.0,-500000.0,12200000.0,,21200000.0,26400000,,117500000.0,,,,,,,,,,,,0.0425,195900000.0,11100000.0,509100000.0,,8200000,8200000,4500000.0,,,,52722000.0,,,5200000.0,1000000.0,,,210000000.0,,8200000,,,-32600000.0,,,-9700000.0,,,,,
1992-06-30,400000.0,,274900000.0,,-6200000.0,,,,,,-300000.0,,0.085,,,,,31700000,21000000,0.0,-2300000.0,-13400000.0,,,,,52766000.0,0.0,13600000.0,,-1700000.0,27200000,,126600000.0,,,,,,,,,,,,0.085,195600000.0,11300000.0,504500000.0,,9000000,9000000,4500000.0,,,,52766000.0,,,4900000.0,-1800000.0,,,207900000.0,,9000000,,,-1900000.0,,,-11300000.0,,,,,
1992-09-30,-4600000.0,,273000000.0,,-5900000.0,,,,,,600000.0,,0.0875,,,,,31000000,20800000,0.0,,-10300000.0,,,,,52766000.0,-100000.0,13400000.0,,2000000.0,26700000,,126600000.0,,,,,,,,,,,,0.0875,195300000.0,16800000.0,503500000.0,,9200000,9200000,4300000.0,,,,52766000.0,,,4800000.0,600000.0,,,209100000.0,,9200000,,,-1200000.0,,,-11500000.0,,,,,
1992-12-31,-33400000.0,,271400000.0,,-6700000.0,,,,,,15000000.0,,,,,,,33100000,21600000,0.0,,-2300000.0,,,,,,-200000.0,13800000.0,,-21900000.0,28300000,,299500000.0,,,,415100000.0,,,,,,,,,179600000.0,13800000.0,509200000.0,,9200000,9200000,4800000.0,,,,,,26100000.0,4900000.0,-3800000.0,,,216600000.0,,9200000,,,-33400000.0,,,-11600000.0,,,,,
1993-03-31,200000.0,,272700000.0,,-6400000.0,,,,,2700000.0,-13000000.0,,0.1,,,,,33600000,22700000,1900000.0,,-9900000.0,,,,,53190000.0,100000.0,15200000.0,,5500000.0,29100000,,302000000.0,,,,417100000.0,,,,,,,,0.1,202800000.0,15200000.0,509900000.0,,10600000,10600000,4500000.0,,,,53190000.0,,,4800000.0,3100000.0,,,216200000.0,,10600000,,,200000.0,,,-11900000.0,,,,,
1993-06-30,6700000.0,,271200000.0,,-6500000.0,,,,,,2900000.0,,0.1,,,,,33600000,22600000,0.0,,-11800000.0,,,,,53214000.0,-200000.0,14900000.0,,-5300000.0,29100000,,302000000.0,,,,422900000.0,,,,,,,,0.1,202500000.0,-200000.0,509800000.0,,10700000,10700000,4500000.0,,,,53214000.0,,2600000.0,4700000.0,-1900000.0,,,217800000.0,,10700000,,,-8400000.0,,,-12200000.0,,,,,
1993-09-30,200000.0,,270100000.0,,-5300000.0,,,,,,2300000.0,,0.1025,,,,,31800000,22400000,300000.0,-7500000.0,-7700000.0,,,,,53226000.0,-200000.0,14900000.0,,0.0,27700000,,-236000000.0,,,,426800000.0,,,,,,,,0.1025,203200000.0,7400000.0,512700000.0,,11000000,11000000,4100000.0,500000.0,,,53226000.0,,,4700000.0,500000.0,,,222100000.0,,11000000,,,-7300000.0,,,-12400000.0,,,,,
1993-12-31,-36400000.0,,269900000.0,,-8300000.0,,,,,,-69100000.0,,,,,,,37900000,24800000,500000.0,,20600000.0,,,,,,1000000.0,17700000.0,,24400000.0,33100000,,279700000.0,,,,434800000.0,,,,,,,,,235800000.0,40300000.0,549600000.0,,11900000,11900000,4800000.0,,,,,,14200000.0,5400000.0,-700000.0,,,259500000.0,,11900000,,,-13800000.0,,,-12500000.0,,,,,
1994-03-31,-12600000.0,,269400000.0,,-6400000.0,,,,,27200000.0,-1700000.0,,0.105,,,,,34500000,23600000,400000.0,,-14400000.0,,,,,53340000.0,-100000.0,15700000.0,,-11200000.0,30000000,,-261400000.0,,,,444300000.0,,,,,,,,0.105,135900000.0,15700000.0,547300000.0,,11300000,11300000,4500000.0,,,,53340000.0,,100000000.0,5000000.0,-300000.0,,,257800000.0,,11300000,,,-12600000.0,,,-12800000.0,,,,,
1994-06-30,-8800000.0,,269400000.0,,5600000.0,,9600000.0,,9600000.0,,-300000.0,,0.125,,0.0,13000000.0,,23600000,25400000,0.0,,-13500000.0,-103900000.0,20500000.0,85100000.0,547500000.0,53340000.0,17900000.0,15900000.0,,-6400000.0,19200000,,-274500000.0,,,,443600000.0,,,,600000.0,,,,0.125,235900000.0,15900000.0,545700000.0,460600000.0,13200000,13200000,4400000.0,1200000.0,0.0,235900000.0,53340000.0,,7500000.0,5000000.0,-100000.0,,17000000.0,256400000.0,24800000.0,13200000,,,-8800000.0,,,-13100000.0,,,,,
1994-09-30,13200000.0,,268600000.0,,-6200000.0,,,,,,-600000.0,,0.115,,,,,35100000,24500000,-300000.0,,-11600000.0,,,,,53468000.0,-19100000.0,17300000.0,,-7000000.0,30700000,,-287800000.0,,,,452400000.0,,,,,,,,0.115,135900000.0,17300000.0,550300000.0,,12400000,12400000,4400000.0,,,,53468000.0,,100000000.0,5000000.0,600000.0,,,262000000.0,,12400000,,,-12600000.0,,,-13300000.0,,,,,
1994-12-31,-770000.0,,269403000.0,,64334000.0,,,,2928000.0,,-23500000.0,26733000.0,,,,,,-34517000,25596000,1609000.0,,11082000.0,-111540000.0,,,587335000.0,,-702000.0,16619000.0,,318000.0,-38738000,,-62379000.0,,,,475795000.0,,,,,,,,,20581000.0,-35794000.0,573826000.0,,13077000,13077000,4221000.0,,,,,,,5033000.0,22504000.0,9642000.0,,284946000.0,,13077000,,,-27383000.0,,,-13631000.0,,,,,
1995-03-31,-4400000.0,-1200000.0,317700000.0,,-6600000.0,,,,,2800000.0,-75000000.0,,0.125,,,,,37400000,26800000,47100000.0,,-13400000.0,,,,,57082000.0,1600000.0,17000000.0,,-700000.0,33400000,,,,,-2400000.0,475900000.0,,,,,,,,0.125,224800000.0,17000000.0,575000000.0,,13800000,13800000,4000000.0,,,,57082000.0,,,5300000.0,-200000.0,,,237800000.0,,13800000,,,-4400000.0,,,-13900000.0,,,,,
1995-06-30,-5100000.0,,341500000.0,,-6500000.0,,,,,,-1100000.0,,0.3325,,,,,32300000,25800000,0.0,,-9500000.0,,,,,57088000.0,2200000.0,14900000.0,,300000.0,32300000,,290700000.0,,,,470100000.0,,,,,,,,0.3325,223100000.0,14900000.0,607200000.0,,14300000,37800000,,,,,57088000.0,,,4100000.0,-1300000.0,,,246500000.0,,37800000,,,-5100000.0,,,-15200000.0,,,,,
1995-09-30,300000.0,,340800000.0,,-6100000.0,,,,,,-300000.0,,0.1275,,,,,32300000,26200000,0.0,,12900000.0,,,,,57092000.0,9900000.0,24500000.0,,-500000.0,32300000,,302300000.0,,,,485900000.0,,,,,,,,0.1275,265200000.0,-13600000.0,639000000.0,,14600000,14600000,,,,,57092000.0,,,4600000.0,1400000.0,,,279300000.0,,14600000,,,-37800000.0,,,-15400000.0,,,,,
1995-12-31,3531000.0,,339460000.0,,64501000.0,,2000000.0,,2000000.0,,-96700000.0,28574000.0,,,,,,-37705000,26796000,9000.0,-45245000.0,18535000.0,-121983000.0,,,649977000.0,,-15927000.0,14764000.0,,-28000.0,-37705000,,-42280000.0,,,,527994000.0,,,,,,,,,145090000.0,-30481000.0,667831000.0,,37566000,14066000,,,,,,,,5239000.0,76193000.0,9248000.0,,309652000.0,,14066000,,,-33327000.0,,,-15667000.0,,,,,
1996-03-31,4900000.0,,340200000.0,,-7100000.0,,,,,2000000.0,-32000000.0,,0.1275,,,,,40800000,29000000,900000.0,-75300000.0,66100000.0,,,,,57330000.0,7100000.0,26400000.0,,22100000.0,36100000,,399800000.0,,,,596800000.0,,,,,,,,0.1275,380300000.0,-48900000.0,755800000.0,,14600000,14600000,4700000.0,,,,57330000.0,,,6300000.0,-100000.0,,,396900000.0,,14600000,,,-70400000.0,,,-16000000.0,,,,,
1996-06-30,1800000.0,,339700000.0,,-7500000.0,,,,,,300000.0,,0.135,,,,,43200000,30600000,300000.0,-13000000.0,-17100000.0,,,,,57338000.0,-1600000.0,19100000.0,,-9100000.0,38100000,,430000000.0,,,,603400000.0,,,,,,,,0.135,380100000.0,6100000.0,752100000.0,,15600000,15600000,5100000.0,,,,57338000.0,,,6600000.0,-600000.0,,,394000000.0,,15600000,,,-11200000.0,,,-17100000.0,,,,,
1996-09-30,5800000.0,,338100000.0,,-7500000.0,,,,,,-1100000.0,,0.13,,,,,42500000,29800000,100000.0,-15500000.0,-16800000.0,,,,,57356000.0,-17400000.0,28800000.0,,2200000.0,37300000,,-46000000.0,,,,611600000.0,,,,,,,,0.13,379800000.0,13300000.0,758800000.0,,15000000,15000000,5200000.0,,,,57356000.0,,,6700000.0,100000.0,,,402800000.0,,15000000,,,-9700000.0,,,-15900000.0,,,,,
1996-12-31,-1989000.0,-2000000.0,336806000.0,,78376000.0,,2811000.0,,2811000.0,,-80500000.0,28678000.0,,,,,,-41683000,30993000,236000.0,-11508000.0,-17177000.0,-147860000.0,,,771594000.0,,5985000.0,16285000.0,,-14389000.0,-47383000,,-47544000.0,,,-10800000.0,623734000.0,,,,,,,,,112034000.0,4777000.0,753653000.0,,15441000,15441000,5700000.0,,,,,,,6801000.0,111692000.0,6531000.0,,399243000.0,,15441000,,,-13497000.0,,-3400000.0,-16905000.0,,,,,
1997-03-31,9500000.0,-400000.0,337800000.0,,-8000000.0,,,,,2800000.0,-200000.0,,0.1475,,,,,46500000,33000000,200000.0,-18100000.0,-7400000.0,,,,,57424000.0,-4300000.0,24100000.0,,8100000.0,41000000,,-65700000.0,,,5800000.0,629700000.0,,,,,,,,0.15,389100000.0,6000000.0,767600000.0,,17100000,17100000,5500000.0,,,,57424000.0,,,6800000.0,-100000.0,,,412200000.0,,17100000,,,-8600000.0,,3300000.0,-17200000.0,,,,,
1997-06-30,-200000.0,-500000.0,335800000.0,,-8200000.0,,,,,,-12800000.0,,0.1325,,,,,45500000,31800000,0.0,-61600000.0,36500000.0,,,,,57444000.0,,17800000.0,,-7600000.0,40000000,,-49800000.0,,,-7400000.0,685800000.0,,,,,,,,0.135,443300000.0,-43800000.0,816600000.0,,15400000,15400000,5500000.0,,,,57444000.0,,,7200000.0,-200000.0,,,463400000.0,,15400000,,,-61800000.0,,-3200000.0,-17500000.0,,,,,
1997-09-30,500000.0,-700000.0,391700000.0,,-8400000.0,,,,,,-200000.0,,0.135,,,,,46400000,32300000,200000.0,-16800000.0,-9600000.0,,,,,57558000.0,,25500000.0,,-300000.0,40700000,,-52000000.0,,,7200000.0,696800000.0,,,,,,,,0.135,393600000.0,8700000.0,827100000.0,,15600000,15600000,5700000.0,,,,57558000.0,,,7400000.0,0.0,,,418400000.0,,15500000,,,-16300000.0,,4300000.0,-17800000.0,,,,,
1997-12-31,-23630000.0,-900000.0,442269000.0,,86657000.0,,4084000.0,,4084000.0,,700000.0,88026000.0,,,,,,-49187000,31503000,53267000.0,-103532000.0,99467000.0,-170502000.0,,,957004000.0,,3877000.0,20144000.0,,1073000.0,-55154000,,-54681000.0,,,-6400000.0,786502000.0,,,,,,,,,452858000.0,-83388000.0,940964000.0,,15442000,16689000,5967000.0,,,,,,,7192000.0,5440000.0,14241000.0,,476350000.0,,15542000,,,-118538000.0,,-2300000.0,-19426000.0,,,,,
1998-03-31,-19800000.0,-600000.0,440400000.0,,-10100000.0,,,,,4100000.0,-10200000.0,,0.135,,,,,53000000,36300000,,-11400000.0,3000000.0,,,,,61918000.0,-2000000.0,27300000.0,,-900000.0,46400000,,-57700000.0,,,5200000.0,791300000.0,,,,,,,,0.135,477600000.0,15900000.0,966200000.0,,17500000,17500000,6600000.0,,,,61918000.0,,,7600000.0,-1300000.0,,,504300000.0,,16300000,,,-31200000.0,,3200000.0,-20500000.0,,,,,
1998-06-30,-34300000.0,-1900000.0,460200000.0,,-10800000.0,,,,,,-65700000.0,,0.1325,,,,,56600000,38500000,,-114300000.0,123400000.0,,,,,61926000.0,1700000.0,24100000.0,,-1100000.0,49300000,,-61300000.0,,,-2600000.0,896900000.0,,,,,,,,0.135,600200000.0,-90200000.0,1109100000.0,,17700000,17700000,7300000.0,,,,61926000.0,,,8800000.0,-1400000.0,,,627700000.0,,16500000,500000.0,,-148600000.0,,600000.0,-21300000.0,,,,,
1998-09-30,13000000.0,500000.0,592800000.0,,-12300000.0,,,,,,-14300000.0,,0.18,,,,,68200000,48400000,200000.0,-59900000.0,88900000.0,,,,,61974000.0,-16900000.0,38900000.0,,80900000.0,60700000,,-58900000.0,,,23400000.0,945100000.0,,,,,,,,0.185,585900000.0,-21000000.0,1239300000.0,,24900000,24900000,7500000.0,,,,61974000.0,,,10300000.0,700000.0,,,625700000.0,,22800000,6200000.0,,-46900000.0,,11200000.0,-22500000.0,,,,,
1998-12-31,-7740000.0,1200000.0,595419000.0,,74389000.0,,4504000.0,,4504000.0,,62700000.0,218834000.0,,,,,,-32916000,38349000,271000.0,-226122000.0,90333000.0,-190941000.0,,,1322060000.0,,8156000.0,22011000.0,,-78480000.0,-41093000,,-56724000.0,,,-21422000.0,1131119000.0,,,,,,,,,709045000.0,-204111000.0,1356612000.0,,18535000,27067000,8177000.0,,,,,,88000000.0,10053000.0,-2134000.0,54478000.0,,737803000.0,,22935000,,,-190824000.0,,-9600000.0,-24910000.0,,,,,
1999-03-31,-8500000.0,-500000.0,591000000.0,,-16400000.0,,,,,4500000.0,-500000.0,,0.1225,,,,,75400000,49600000,,-57800000.0,29600000.0,,,,,62080000.0,-5600000.0,36400000.0,,-300000.0,66000000,,-62600000.0,,,13200000.0,1213400000.0,,,,,,,,0.1225,679400000.0,-21400000.0,1448300000.0,,19400000,19400000,9400000.0,,,,62080000.0,,100500000.0,12400000.0,17900000.0,,,814400000.0,,15300000,,,-66300000.0,,7100000.0,-25200000.0,,,,,
1999-06-30,-11300000.0,100000.0,614200000.0,,-17400000.0,,,,,,-1200000.0,,0.1225,,,,,79500000,52000000,,-55300000.0,41800000.0,,,,,64088000.0,5800000.0,26000000.0,,1200000.0,69400000,,-69100000.0,,,-9600000.0,1262500000.0,,,,,,,,0.1225,712300000.0,-29300000.0,1513000000.0,,19700000,19700000,10100000.0,,,,64088000.0,,117700000.0,13400000.0,-4600000.0,,,858300000.0,,15600000,200000.0,,-66600000.0,,-4900000.0,-26200000.0,,,,,
1999-09-30,66100000.0,-2400000.0,617900000.0,,-17600000.0,,,,,,-8300000.0,32000000.0,0.2,,,,,90200000,62400000,0.0,-53700000.0,-44400000.0,,,,,64090000.0,-12100000.0,34800000.0,,2800000.0,80000000,,-55700000.0,,,6600000.0,1238800000.0,,,,,,,,0.2025,711700000.0,-18900000.0,1504600000.0,,30200000,30200000,10200000.0,,,,64090000.0,,100500000.0,13800000.0,-2400000.0,,,847300000.0,,26100000,10200000.0,,12400000.0,,5700000.0,-26600000.0,,,,,
1999-12-31,170705000.0,-3100000.0,1200257000.0,,109144000.0,,7696000.0,,7696000.0,8200000.0,-5000000.0,326462000.0,,,,,,-51112000,60893000,4669000.0,-73952000.0,82535000.0,-230509000.0,,,2423497000.0,,6277000.0,26917000.0,,-508000.0,-66201000,,-66676000.0,,,-21449000.0,2192988000.0,,,,,,,,,1179507000.0,-47035000.0,2469390000.0,,9250000,27025000,15089000.0,,,,,,215500000.0,18201000.0,-1657000.0,47642000.0,,1228729000.0,,21550000,0.0,7696000.0,-109960000.0,,-13300000.0,-28177000.0,,,,,
2000-03-31,2456000.0,3452000.0,1185920000.0,,49262000.0,,4957000.0,,4957000.0,7696000.0,-10000000.0,325778000.0,0.26,,,,,50136000,82252000,,-6471000.0,-55729000.0,-247250000.0,,,2163585000.0,102570000.0,-5436000.0,57005000.0,-6269000.0,-2739000.0,32990000,,-76685000.0,,,12350000.0,1916335000.0,,,,,,,,0.265,1090899000.0,50534000.0,2454177000.0,,32945000,33154000,17146000.0,3519000.0,,,102600000.0,,213200000.0,21214000.0,-18862000.0,42902000.0,,1227765000.0,,26929000,684000.0,4957000.0,-4015000.0,,2723000.0,-43163000.0,,,,,
2000-06-30,-3343000.0,4666000.0,1169345000.0,,20667000.0,,7177000.0,,7177000.0,4957000.0,0.0,325488000.0,0.275,,,,,72123000,82096000,,-6147000.0,-42111000.0,-261737000.0,,,2432719000.0,102138000.0,4881000.0,44379000.0,-22694000.0,2220000.0,54676000,,-85712000.0,,,-12455000.0,2170982000.0,,,,6753000.0,,,,0.275,1094579000.0,38232000.0,2433607000.0,,34506000,34506000,17447000.0,3220000.0,,,102186000.0,,220800000.0,21535000.0,-13861000.0,42168000.0,,1224245000.0,75343000.0,28281000,3029000.0,7177000.0,-48000.0,,-10946000.0,-43533000.0,,,,,
2000-09-30,5549000.0,-4753000.0,1154934000.0,,22731000.0,,4904000.0,,4904000.0,7177000.0,0.0,325487000.0,0.23,,,,,69810000,82281000,-13655000.0,-3600000.0,-75859000.0,-277193000.0,,,2439229000.0,101924000.0,1196000.0,53869000.0,13679000.0,-2273000.0,52349000,,-100146000.0,,,5776000.0,2162036000.0,,,,7201000.0,,15231000.0,,0.23,1087648000.0,50269000.0,2404707000.0,,29436000,29501000,17461000.0,3270000.0,,,102054000.0,,132000000.0,22008000.0,-26148000.0,23045000.0,,1210049000.0,75080000.0,23276000,421000.0,4904000.0,19717000.0,,10529000.0,-43935000.0,,,,,
2000-12-31,-81434000.0,-2980000.0,1144555000.0,,21793000.0,,58623000.0,,58623000.0,4904000.0,0.0,325361000.0,,,,,,74836000,83178000,2535000.0,-5340000.0,-44599000.0,-287719000.0,,,2388228000.0,,-6452000.0,50258000.0,-2535000.0,53719000.0,54300000,,-107988000.0,,,-432000.0,2100509000.0,,,,7085000.0,,14920000.0,,,1158928000.0,44918000.0,2398703000.0,,36606000,36606000,20536000.0,3257000.0,,,,,204500000.0,21990000.0,-72651000.0,22615000.0,,1214604000.0,76093000.0,30381000,5622000.0,58623000.0,48060000.0,,2548000.0,-44448000.0,,,,,
2001-03-31,33646000.0,450000.0,1129460000.0,,50230000.0,,6213000.0,,6213000.0,58623000.0,-1000000.0,325496000.0,0.193546,,,,,46874000,78365000,1218000.0,-22949000.0,-91042000.0,-304224000.0,,,2414204000.0,101926000.0,-1515000.0,50198000.0,,-52410000.0,28135000,,-126930000.0,-22949000.0,,6950000.0,2109980000.0,,,,,,14910000.0,,0.195,1111830000.0,27249000.0,2343196000.0,,26024000,26024000,18739000.0,3256000.0,,,102296000.0,,159500000.0,20996000.0,-1294000.0,22296000.0,,1171600000.0,,19799000,-774000.0,6213000.0,-11566000.0,,3025000.0,-44966000.0,,,,,
2001-06-30,29685000.0,-2266000.0,1257225000.0,,21610000.0,,16131000.0,,16131000.0,6213000.0,0.0,329706000.0,0.268548,,,,,73620000,84450000,138343000.0,-30314000.0,-27334000.0,-318995000.0,,,2418440000.0,106324000.0,3882000.0,45027000.0,,9918000.0,55519000,,-137574000.0,-30314000.0,,-11856000.0,2099445000.0,,,,7321000.0,,18060000.0,,0.27,991669000.0,14713000.0,2344693000.0,,34900000,34900000,18101000.0,3509000.0,,,106778000.0,,40300000.0,19553000.0,-909000.0,22215000.0,,1045559000.0,77129000.0,28675000,532000.0,16131000.0,-7775000.0,,-6115000.0,-45544000.0,,,,,
2001-09-30,76106000.0,859000.0,1242684000.0,,32443000.0,,9836000.0,,9836000.0,16131000.0,0.0,330019000.0,0.16,,,,,73318000,84137000,10689000.0,-87682000.0,33446000.0,-323062000.0,,,2517709000.0,110720000.0,524000.0,56251000.0,0.0,-6295000.0,44096000,,-162847000.0,-87682000.0,,2432000.0,2194647000.0,,,,7598000.0,,19746000.0,,0.16,1076148000.0,-31431000.0,2443511000.0,,24073000,24073000,29222000.0,3221000.0,,,111248000.0,,112300000.0,18871000.0,103000.0,21998000.0,,1133142000.0,76539000.0,17848000,537000.0,9836000.0,-95992000.0,,1573000.0,-49346000.0,,,,,
2001-12-31,-160877000.0,-2729000.0,1246724000.0,,21289000.0,,8408000.0,,8408000.0,9836000.0,-13000000.0,330874000.0,,,,,,74308000,85508000,26060000.0,-14384000.0,-47970000.0,-339971000.0,,,2534527000.0,,402000.0,49372000.0,,-1428000.0,56272000,,-176945000.0,,,-5235000.0,2194556000.0,,,,7947000.0,,20940000.0,,,1057752000.0,34988000.0,2431153000.0,,36169000,36169000,18036000.0,3253000.0,,,,,108500000.0,19069000.0,-6987000.0,21750000.0,,1114461000.0,77561000.0,29944000,937000.0,8408000.0,-2830000.0,,-2506000.0,-50267000.0,,,,,
2002-03-31,7855000.0,590000.0,1246826000.0,,47144000.0,,6617000.0,,6617000.0,8408000.0,-111000000.0,331537000.0,0.21,,,,,51750000,80769000,19420000.0,-125572000.0,55543000.0,-369146000.0,,,2662070000.0,113474000.0,2609000.0,51753000.0,,-1791000.0,33625000,,-198067000.0,,,610000.0,2292924000.0,,,,,,21183000.0,,0.215,1144893000.0,-73819000.0,2519069000.0,,31626000,30409000,18125000.0,4199000.0,,,117238000.0,,309800000.0,17536000.0,-2646000.0,21546000.0,,1202476000.0,,24184000,,6617000.0,-109087000.0,,-285000.0,-51531000.0,,,,,
2002-06-30,948000.0,-608000.0,1258315000.0,,23125000.0,,8916000.0,,8916000.0,6617000.0,0.0,332166000.0,0.295,,,,,77378000,89259000,23593000.0,-67474000.0,6038000.0,-385799000.0,,,2719786000.0,114638000.0,823000.0,53609000.0,,2299000.0,58634000,,-210315000.0,,,-6313000.0,2333987000.0,,,,7500000.0,,20964000.0,,0.3,1182660000.0,-13865000.0,2563112000.0,,38185000,40355000,18744000.0,4477000.0,,,115252000.0,,101400000.0,18219000.0,-4182000.0,20886000.0,,1291488000.0,81759000.0,34130000,,8916000.0,-57348000.0,,-5400000.0,-52603000.0,,,,,
2002-09-30,-9541000.0,2160000.0,1280784000.0,,23638000.0,,11714000.0,,11714000.0,8916000.0,-5000000.0,333265000.0,0.265,,,,,79800000,92672000,34602000.0,-36350000.0,90108000.0,-404808000.0,,,2756338000.0,116408000.0,1791000.0,68559000.0,,2798000.0,60415000,,-227084000.0,,,10141000.0,2351530000.0,,,,8619000.0,,19238000.0,,0.265,1288503000.0,32209000.0,2703101000.0,,38005000,37242000,19385000.0,4253000.0,,,116832000.0,,213500000.0,20361000.0,2417000.0,32887000.0,,1409107000.0,84053000.0,31017000,,11714000.0,-155869000.0,,7981000.0,-54011000.0,,,,,
2002-12-31,-138592000.0,-3774000.0,1280889000.0,,34647000.0,,8495000.0,,8495000.0,11714000.0,-8579000.0,333957000.0,,,,,,73113000,97124000,24723000.0,-43457000.0,15851000.0,-424788000.0,,,2796199000.0,,11894000.0,49919000.0,,-3219000.0,53261000,,-252914000.0,,,-10817000.0,2371411000.0,,,,9216000.0,,22382000.0,,,1333848000.0,6462000.0,2748417000.0,,29307000,29374000,19468000.0,5595000.0,,,,,267800000.0,21836000.0,488000.0,32664000.0,,1395993000.0,87908000.0,23149000,,8495000.0,-68989000.0,,-7043000.0,-55204000.0,,,,,
2003-03-31,-10206000.0,5529000.0,1282641000.0,,55794000.0,,13440000.0,,13440000.0,8495000.0,-35000000.0,334775000.0,0.18,,,,,55811000,92056000,25028000.0,-29220000.0,-33829000.0,-439558000.0,,,2805924000.0,119630000.0,-6026000.0,72157000.0,,4945000.0,36262000,,-281000000.0,,,30970000.0,2366366000.0,,,,,,19319000.0,,0.18,1329557000.0,42937000.0,2754957000.0,,34267000,27664000,19549000.0,5242000.0,,,119972000.0,,102200000.0,22000000.0,-43000.0,32217000.0,,1459490000.0,,21439000,,13440000.0,-33383000.0,,11189000.0,-55750000.0,,,,,
2003-06-30,-355000.0,-10140000.0,1209485000.0,,25268000.0,,11559000.0,,11559000.0,13440000.0,0.0,248478000.0,0.165,,,,,84025000,98405000,143034000.0,-9122000.0,-49399000.0,-458691000.0,,,2807835000.0,121940000.0,19219000.0,50190000.0,,-1881000.0,64437000,,-299456000.0,,,-25371000.0,2349144000.0,,,,8700000.0,,18870000.0,,0.165,1391429000.0,41068000.0,2743822000.0,,39031000,36914000,19428000.0,5680000.0,,,122200000.0,,,23142000.0,-9232000.0,31662000.0,,1466109000.0,89705000.0,20295000,,11559000.0,-2672000.0,,-979000.0,-55371000.0,,,,,
2003-09-30,51805000.0,4097000.0,1210157000.0,,25045000.0,,9706000.0,,9706000.0,11559000.0,-1000000.0,160715000.0,0.305,,,,,88119000,102957000,163668000.0,-171894000.0,36455000.0,-473966000.0,,,2967757000.0,126784000.0,-3053000.0,71871000.0,-120000000.0,-1853000.0,68581000,,-306565000.0,,,5931000.0,2493791000.0,,,,9331000.0,,17093000.0,,0.305,1345659000.0,-100023000.0,2832439000.0,,43937000,49609000,19384000.0,5507000.0,,,127202000.0,,129200000.0,22606000.0,-2006000.0,28484000.0,,1554516000.0,93626000.0,38680000,,9706000.0,-110179000.0,,1834000.0,-56717000.0,,,,,
2003-12-31,-6191000.0,792000.0,1440617000.0,,29045000.0,,17768000.0,,17768000.0,9706000.0,0.0,416213000.0,,,,,,88076000,108242000,184040000.0,-12509000.0,111757000.0,-486421000.0,,,2992266000.0,,2575000.0,62955000.0,-267250000.0,8062000.0,67342000,,-318678000.0,,,-4752000.0,2505845000.0,,,,11855000.0,,16471000.0,,,1407284000.0,50446000.0,3035957000.0,,38797000,44398000,20734000.0,8311000.0,,,,,198000000.0,23001000.0,-7103000.0,210045000.0,,1478419000.0,96387000.0,41435000,,17768000.0,-166650000.0,,-5544000.0,-55393000.0,,,,,
2004-03-31,105537000.0,-361000.0,1445514000.0,,80977000.0,,28132000.0,,28132000.0,17768000.0,-51080000.0,417125000.0,0.31,,,,,37699000,98092000,16338000.0,-56808000.0,-203919000.0,-494274000.0,,,2969188000.0,130739000.0,-12582000.0,67338000.0,,10364000.0,17115000,,-331902000.0,,,12501000.0,2474914000.0,,20272000.0,,,,16417000.0,,0.32,1216971000.0,10530000.0,2857462000.0,,36271000,46835000,20584000.0,7302000.0,,,132700000.0,,90000000.0,22021000.0,-159080000.0,61973000.0,,1294593000.0,,41552000,,28132000.0,146945000.0,,6404000.0,-61177000.0,,,,,
2004-06-30,788000.0,-5651000.0,1439418000.0,,29470000.0,,11549000.0,,11549000.0,28132000.0,-35920000.0,417804000.0,0.27,,,,,88600000,107186000,11209000.0,-105226000.0,24574000.0,-512906000.0,,,3058977000.0,131653000.0,10979000.0,52532000.0,,-16583000.0,67524000,,-350773000.0,,,-21005000.0,2546071000.0,,14735000.0,,10192000.0,,17077000.0,,0.28,1292671000.0,-52694000.0,2918824000.0,,42401000,41584000,20974000.0,8394000.0,,,132856000.0,,154000000.0,20618000.0,73820000.0,72339000.0,,1362219000.0,96994000.0,36302000,-1216000.0,11549000.0,-93689000.0,,-8896000.0,-60455000.0,,,,,
2004-09-30,12152000.0,1481000.0,1421227000.0,,32545000.0,,11369000.0,,11369000.0,11549000.0,-12788000.0,418177000.0,0.22,,,,,90988000,111226000,4547000.0,-59929000.0,-36694000.0,-513518000.0,,,3268276000.0,132182000.0,8668000.0,72624000.0,0.0,-180000.0,68100000,,-377024000.0,,,6940000.0,2754758000.0,,16281000.0,,10581000.0,,16910000.0,,0.22,1390294000.0,12695000.0,3013639000.0,,36241000,34490000,22526000.0,9657000.0,,,133584000.0,,142800000.0,23233000.0,6488000.0,58520000.0,,1467152000.0,100645000.0,29208000,-5680000.0,11369000.0,-36110000.0,,5459000.0,-60741000.0,,,,,
2004-12-31,25000.0,6411000.0,1419442000.0,,36809000.0,,20555000.0,,20555000.0,11369000.0,-61593000.0,418831000.0,,,,,,105410000,113783000,10535000.0,-118901000.0,28244000.0,-534573000.0,,,3350945000.0,,-15590000.0,80048000.0,0.0,9186000.0,63070000,,-391770000.0,,,4836000.0,2816372000.0,,15300000.0,,13904000.0,,14834000.0,,,1486206000.0,-38853000.0,3102634000.0,,43419000,46131000,25273000.0,10681000.0,,,,,300100000.0,23442000.0,-119221000.0,60506000.0,,1561411000.0,99879000.0,40848000,,20555000.0,-99106000.0,,-1575000.0,-60877000.0,,,,,
2005-03-31,9636000.0,1648000.0,1413821000.0,18517000.0,31068000.0,,17807000.0,,75187000.0,20555000.0,-53661000.0,419491000.0,0.28,,,,,87946000,108396000,10815000.0,-6864000.0,-107963000.0,-544496000.0,,,3316640000.0,133492000.0,-1308000.0,72486000.0,,-2748000.0,63984000,,-409919000.0,,,6161000.0,2772144000.0,,17319000.0,,13344000.0,,14225000.0,57380000.0,0.29,1432751000.0,65622000.0,3048133000.0,,37599000,43458000,23962000.0,7297000.0,,,134529000.0,-4285000.0,247800000.0,23238000.0,-3510000.0,57380000.0,,1512469000.0,95052000.0,38175000,,17807000.0,32729000.0,,4513000.0,-61607000.0,,,,,
2005-06-30,-4750000.0,-767000.0,1420421000.0,19725000.0,36080000.0,,18890000.0,,18890000.0,17807000.0,-144066000.0,420803000.0,0.28,,,,,94296000,118542000,23509000.0,-123756000.0,60515000.0,-565559000.0,,,3461591000.0,134445000.0,555000.0,67671000.0,,4676000.0,67043000,,-428719000.0,,,-1707000.0,2896032000.0,,18430000.0,,15419000.0,,13629000.0,,0.28,1565709000.0,-56085000.0,3187760000.0,,38640000,43047000,25989000.0,8827000.0,,,135214000.0,-2349000.0,115300000.0,25372000.0,-4438000.0,48694000.0,,1646903000.0,103123000.0,37764000,,18890000.0,-123510000.0,,-940000.0,-61847000.0,,,,,
2005-09-30,12229000.0,-959000.0,1410384000.0,23236000.0,34932000.0,,38174000.0,,38174000.0,18890000.0,29832000.0,421031000.0,0.29,,,,,105229000,124392000,5464000.0,-246093000.0,167818000.0,-590284000.0,,,3779300000.0,135225000.0,1609000.0,83742000.0,,19284000.0,76073000,,-446090000.0,,,7436000.0,3189016000.0,,19018000.0,,13387000.0,,13507000.0,,0.29,1854112000.0,-162351000.0,3494944000.0,,44396000,45041000,29156000.0,7301000.0,,,136135000.0,-3153000.0,170000000.0,28262000.0,-3180000.0,49750000.0,,1943657000.0,111005000.0,39759000,,38174000.0,-232276000.0,,8395000.0,-62412000.0,,,,,
2005-12-31,4266000.0,-6925000.0,1399766000.0,38804000.0,36947000.0,,21342000.0,,21342000.0,38174000.0,77506000.0,421367000.0,,,,,,100755000,126236000,5450000.0,-70439000.0,16706000.0,-614089000.0,,,3855941000.0,,96189000.0,58191000.0,,-16832000.0,72428000,,-467102000.0,,,-934000.0,3241852000.0,,22551000.0,,16861000.0,,13313000.0,,,1956946000.0,-12248000.0,3597265000.0,,38742000,41511000,26947000.0,8620000.0,,,,-50274000.0,258600000.0,30329000.0,37773000.0,48598000.0,,2048215000.0,109375000.0,36229000,,21342000.0,-91729000.0,,-3749000.0,-62523000.0,,,,,
2006-03-31,31862000.0,1274000.0,1407505000.0,51556000.0,39421000.0,,55957000.0,,55957000.0,21342000.0,-136470000.0,422015000.0,0.38,1357000.0,,,,115566000,141695000,9564000.0,-190126000.0,93738000.0,-638405000.0,,,4042082000.0,136040000.0,-5009000.0,92211000.0,,34615000.0,84710000,,-472975000.0,,,8299000.0,3403677000.0,,31781000.0,,17564000.0,,13696000.0,,0.39,1744869000.0,-97915000.0,3788816000.0,,48840000,57888000,30856000.0,8742000.0,,,136856000.0,-14465000.0,2119869000.0,32093000.0,19399000.0,49058000.0,,2224517000.0,124131000.0,52605000,,55957000.0,-151334000.0,,7025000.0,-63761000.0,,,,,
2006-06-30,3675000.0,-665000.0,1391647000.0,60849000.0,44983000.0,,21476000.0,,72618000.0,55957000.0,-17903000.0,422222000.0,0.26,314000.0,,,,112873000,140082000,4673000.0,-74007000.0,-50435000.0,-657182000.0,,,4108315000.0,136484000.0,776000.0,81656000.0,,-34481000.0,75981000,,-495070000.0,,,1794000.0,3451133000.0,,35973000.0,,19118000.0,,12422000.0,51142000.0,0.27,2196489000.0,7649000.0,3858605000.0,,38171000,41567000,32181000.0,8434000.0,,,137192000.0,-1584000.0,265100000.0,33640000.0,129857000.0,51142000.0,,2309244000.0,120964000.0,36284000,,21476000.0,-65702000.0,45746000.0,2459000.0,-63662000.0,,,,,
2006-09-30,-124749000.0,-6870000.0,1414719000.0,58501000.0,40517000.0,,645363000.0,,695120000.0,21476000.0,-1026000.0,422733000.0,0.52,-4888000.0,,,,111763000,139597000,7449000.0,-72576000.0,663199000.0,-657552000.0,,,4135386000.0,136682000.0,-33065000.0,80626000.0,,623887000.0,78975000,,-482116000.0,,,4299000.0,3477834000.0,,31372000.0,,20105000.0,,12676000.0,49757000.0,0.52,2923428000.0,8050000.0,4611501000.0,,38496000,76818000,32788000.0,8280000.0,,,143538000.0,-851000.0,,36968000.0,-2031000.0,49757000.0,,3044171000.0,119492000.0,71536000,,645363000.0,-119938000.0,27964000.0,11169000.0,-63864000.0,,,,,
2006-12-31,166318000.0,-7687000.0,3294036000.0,479612000.0,72684000.0,1920000.0,60687000.0,,764089000.0,645363000.0,-166290000.0,483772000.0,,17725000.0,,,,150747000,205299000,967353000.0,-143428000.0,2688397000.0,-595662000.0,,,7462853000.0,,-77720000.0,79723000.0,,-584676000.0,100215000,,-316369000.0,,,-279000.0,6867191000.0,,20795000.0,,32400000.0,,31026000.0,703402000.0,,5516447000.0,-63705000.0,10012749000.0,,-14225000,241274000,46230000.0,22152000.0,,,,-326494000.0,1129093000.0,110603000.0,-38584000.0,703402000.0,,6556948000.0,172899000.0,235992000,-490000.0,60687000.0,-3352796000.0,57496000.0,7408000.0,-75527000.0,,,,,
2007-03-31,279798000.0,-10559000.0,3620388000.0,430011000.0,84626000.0,4454000.0,102923000.0,,611565000.0,60687000.0,-954388000.0,491160000.0,0.68,18512000.0,,,,187794000,250448000,271460000.0,-222006000.0,-271951000.0,-628977000.0,,,7892143000.0,204000000.0,-103401000.0,86682000.0,,42236000.0,123421000,,-268142000.0,,,-18906000.0,7263166000.0,,27281000.0,,42401000.0,,33960000.0,508642000.0,0.69,5072814000.0,-135324000.0,9391086000.0,,39810000,145288000,64373000.0,20593000.0,,,205909000.0,-4843000.0,298307000.0,79590000.0,935697000.0,853645000.0,,5428967000.0,208047000.0,140005000,,102923000.0,227505000.0,4830000.0,-8347000.0,-97061000.0,,,,,
2007-06-30,200197000.0,1443000.0,3604387000.0,328753000.0,78726000.0,48863000.0,351217000.0,,1248297000.0,102923000.0,-261518000.0,491552000.0,0.32,14318000.0,,,,188275000,242747000,10620000.0,-52452000.0,-231893000.0,-618321000.0,,,7004764000.0,205755000.0,-22418000.0,128040000.0,,248294000.0,125072000,,-294095000.0,,,13925000.0,6386443000.0,,29638000.0,,38949000.0,,,897080000.0,0.32,4592804000.0,75588000.0,8879326000.0,,57417000,71284000,63203000.0,18292000.0,,,207024000.0,-30915000.0,108497000.0,72359000.0,-946599000.0,897080000.0,,4934137000.0,203798000.0,66001000,20282000.0,351217000.0,352147000.0,204683000.0,12482000.0,-97237000.0,,,,,
2007-09-30,24232000.0,-11894000.0,3843856000.0,648915000.0,90811000.0,197000.0,568853000.0,,1455271000.0,351217000.0,590172000.0,492450000.0,1.53,7718000.0,,,,215160000,284249000,18511000.0,-65234000.0,2638747000.0,,,,,206186000.0,-282413000.0,95099000.0,,219918000.0,140856000,,-69436000.0,,,-19157000.0,9213050000.0,,44454000.0,,52582000.0,,34403000.0,886418000.0,1.54,4613938000.0,29865000.0,12096133000.0,,32251000,322148000,74304000.0,16558000.0,,,207070000.0,6492000.0,2750000000.0,103829000.0,137235000.0,886418000.0,,7913250000.0,231667000.0,316866000,,568853000.0,-2513928000.0,5578000.0,-7263000.0,-97489000.0,,,,,
2007-12-31,-3379555000.0,-6726000.0,4103709000.0,623650000.0,94420000.0,303000.0,96269000.0,,985215000.0,568853000.0,480808000.0,501992000.0,,-2102000.0,,,,170067000,217661000,318263000.0,-547526000.0,338025000.0,-728804000.0,,,9978603000.0,,-32820000.0,143230000.0,,-472584000.0,70355000,,-120920000.0,2977564000.0,,23036000.0,9249799000.0,,55990000.0,,52886000.0,,44892000.0,888946000.0,,5209207000.0,-404296000.0,12521772000.0,,40448000,50295000,99712000.0,15487000.0,,,,-924556000.0,951700000.0,,839033000.0,888946000.0,,8078792000.0,164775000.0,45013000,,96269000.0,-953839000.0,171000.0,29762000.0,-101779000.0,,,,,
2008-03-31,-9791000.0,12043000.0,4027647000.0,598167000.0,99814000.0,0.0,154000000.0,68387000.0,154000000.0,96269000.0,-12071000.0,502989000.0,0.21,-55897000.0,,,3526000.0,308409000,252177000,4243000.0,-42962000.0,-52625000.0,-722224000.0,,,9662856000.0,216773000.0,6565000.0,131675000.0,,57731000.0,100935000,,,-472000.0,2245000.0,6367000.0,8940632000.0,,,35463000.0,51428000.0,,32849000.0,,0.21,6552340000.0,88713000.0,12500064000.0,,33218000,50412000,80206000.0,20538000.0,,,217663000.0,,,192740000.0,0.0,923674000.0,,8158679000.0,200749000.0,45129000,114852000.0,154000000.0,-21319000.0,,,-111697000.0,,,,,
2008-06-30,-17883000.0,929000.0,4807654000.0,582088000.0,97148000.0,10700000.0,216789000.0,65786000.0,216789000.0,154000000.0,-1169574000.0,521685000.0,0.96,-8198000.0,,,3959000.0,205976000,251372000,568730000.0,-29922000.0,-528785000.0,-725751000.0,,,9585802000.0,235117000.0,7082000.0,141019000.0,,62789000.0,106644000,,,-2354000.0,1274000.0,5957000.0,8860051000.0,,,42159000.0,47580000.0,,31920000.0,,0.97,6593430000.0,111097000.0,12223730000.0,,36570000,232295000,77811000.0,18840000.0,,,236467000.0,,,85509000.0,5180000.0,923558000.0,,7143040000.0,203792000.0,227012000,-9715000.0,216789000.0,450555000.0,,,-119163000.0,,,,,
2008-09-30,41381000.0,1909000.0,5293339000.0,552906000.0,95200000.0,0.0,117052000.0,64841000.0,117052000.0,216789000.0,-963795000.0,537099000.0,0.49,-28881000.0,,,3152000.0,261153000,269938000,487263000.0,-104286000.0,-309829000.0,-781903000.0,,,9551995000.0,244572000.0,9926000.0,182689000.0,,-99737000.0,124892000,,,206000.0,866000.0,6673000.0,8770092000.0,,,100245000.0,49846000.0,,30011000.0,,0.49,5950338000.0,78403000.0,12031404000.0,,94803000,125417000,75715000.0,17541000.0,,,245906000.0,-28964000.0,0.0,83249000.0,-14838000.0,923022000.0,,6489824000.0,220092000.0,120135000,-3710000.0,117052000.0,27403000.0,,,-134527000.0,,,,,
2008-12-31,-7120000.0,-4200000.0,5201271000.0,507100000.0,99485000.0,16790000.0,57562000.0,60185000.0,57562000.0,117052000.0,-224233000.0,538774000.0,,-81162000.0,0.0,,3128000.0,210625000,258385000,302000.0,-38352000.0,-143492000.0,-827655000.0,271876000.0,126851000.0,9537746000.0,,20595000.0,113314000.0,,-59490000.0,112774000,0.0,-130068000.0,-959000.0,-93000.0,-19052000.0,8710091000.0,,,46565000.0,46126000.0,,34211000.0,,,5937456000.0,74962000.0,11849826000.0,11722975000.0,42040000,40371000,79064000.0,18773000.0,439223000.0,6376679000.0,,-1125000.0,,83348000.0,0.0,921163000.0,508229000.0,6648555000.0,212259000.0,35089000,-11235000.0,57562000.0,-29312000.0,,,-130108000.0,,,,,
2009-03-31,3819000.0,5165000.0,5129262000.0,482329000.0,99528000.0,2485000.0,66376000.0,72305000.0,66376000.0,57562000.0,-38463000.0,539148000.0,0.17,-77469000.0,0.0,,3546000.0,209281000,251615000,665000.0,-29911000.0,-90339000.0,-880881000.0,262405000.0,128395000.0,9549408000.0,253335000.0,793000.0,117012000.0,-11240000.0,8814000.0,104411000,0.0,-203359000.0,0.0,915000.0,-10641000.0,8668527000.0,,,52070000.0,47676000.0,,29046000.0,,0.17,5984223000.0,87101000.0,11801289000.0,11672894000.0,50693000,48568000,77938000.0,18991000.0,223749000.0,6207972000.0,253423000.0,-16000.0,,76674000.0,0.0,915761000.0,531403000.0,6470377000.0,203939000.0,43285000,0.0,66376000.0,-17859000.0,,,-126301000.0,,,,,
2009-06-30,3336000.0,-489000.0,5611396000.0,433874000.0,100538000.0,7042000.0,49484000.0,71716000.0,49484000.0,66376000.0,-390332000.0,560426000.0,0.35,-18819000.0,0.0,,3991000.0,224025000,267336000,422969000.0,-28234000.0,-178638000.0,-940544000.0,269011000.0,1189788000.0,9602928000.0,265422000.0,-4470000.0,133085000.0,-38000.0,-16892000.0,121593000,0.0,-228424000.0,0.0,841000.0,-1746000.0,8662384000.0,,,69079000.0,45205000.0,,29535000.0,,0.35,5309843000.0,104851000.0,11785850000.0,10596062000.0,69365000,97067000,71309000.0,20932000.0,415571000.0,5725414000.0,265542000.0,0.0,,75340000.0,0.0,913210000.0,586594000.0,5994425000.0,222131000.0,91784000,-5906000.0,49484000.0,28661000.0,,,-126237000.0,,,,,
2009-09-30,-163796000.0,6634000.0,5869804000.0,410366000.0,207134000.0,118792000.0,144366000.0,86925000.0,144366000.0,49484000.0,-255987000.0,578318000.0,-0.18,-9838000.0,0.0,,3531000.0,109162000,255329000,422501000.0,-40185000.0,34715000.0,-1003177000.0,397418000.0,213178000.0,9626530000.0,284812000.0,-9629000.0,139623000.0,2181000.0,94882000.0,2022000,0.0,-407210000.0,-48000.0,-322000.0,111690000.0,8623353000.0,,,-47178000.0,46173000.0,,36824000.0,,-0.18,5483468000.0,99438000.0,12338210000.0,12125032000.0,-45528000,-47115000,80680000.0,124833000.0,407847000.0,5891315000.0,284812000.0,16000.0,,74039000.0,0.0,895597000.0,521387000.0,6288733000.0,209156000.0,-52397000,-15123000.0,144366000.0,-79456000.0,,,-135922000.0,,,,,
2009-12-31,165588000.0,-6902000.0,5780537000.0,389698000.0,94116000.0,39755000.0,112259000.0,85127000.0,112259000.0,144366000.0,-27893000.0,578721000.0,,-2134000.0,0.0,,3320000.0,180918000,383427000,6777000.0,-38900000.0,-165269000.0,-1061103000.0,394723000.0,188985000.0,9646448000.0,,-13062000.0,125914000.0,0.0,-32107000.0,243225000,0.0,-515450000.0,-7927000.0,518000.0,-17973000.0,8585345000.0,,,30809000.0,46086000.0,,43726000.0,,,5456143000.0,87014000.0,12209735000.0,12020750000.0,31809000,31679000,75418000.0,16851000.0,400260000.0,5856403000.0,,-165494000.0,,72844000.0,0.0,868055000.0,504714000.0,6251126000.0,337341000.0,26397000,-46545000.0,112259000.0,7248000.0,,,-144153000.0,,,,,
2010-03-31,-4149000.0,4265000.0,5724554000.0,373001000.0,103071000.0,1251000.0,44604000.0,85315000.0,44604000.0,112259000.0,-208842000.0,579139000.0,0.25,-406000.0,0.0,,3506000.0,237129000,295914000,8395000.0,-35661000.0,-138404000.0,-1091615000.0,379247000.0,122018000.0,9634177000.0,293223000.0,-14503000.0,109459000.0,-1546000.0,-67655000.0,146726000,0.0,-577006000.0,-151000.0,387000.0,-19539000.0,8542562000.0,,,83026000.0,46117000.0,50346000.0,39461000.0,,0.26,5658999000.0,73798000.0,12139570000.0,12017552000.0,84022000,81036000,77067000.0,24924000.0,193153000.0,5852152000.0,294087000.0,0.0,210000000.0,75956000.0,8395000.0,1055657000.0,292512000.0,6231399000.0,249797000.0,74836000,12256000.0,44604000.0,-38710000.0,,,-146411000.0,,,,,
2010-06-30,-2668000.0,191000.0,6112203000.0,356387000.0,98438000.0,24577000.0,96260000.0,81898000.0,96260000.0,44604000.0,-78878000.0,593212000.0,0.27,-4552000.0,0.0,,4182000.0,237266000,303019000,432194000.0,-138060000.0,7640000.0,-1147237000.0,394673000.0,173127000.0,9769650000.0,294880000.0,154435000.0,166638000.0,1546000.0,51656000.0,159130000,0.0,-634066000.0,-113000.0,577000.0,22730000.0,8622413000.0,,,86607000.0,45451000.0,,37050000.0,,0.27,5370498000.0,28578000.0,12244643000.0,12071516000.0,88516000,85101000,76108000.0,20526000.0,186152000.0,5556650000.0,296037000.0,-8081000.0,0.0,72747000.0,-8395000.0,869818000.0,515289000.0,5951323000.0,257568000.0,79465000,224000.0,96260000.0,-122622000.0,,,-145617000.0,,,,,
2010-09-30,5594000.0,-2469000.0,6064881000.0,325859000.0,97924000.0,75415000.0,52635000.0,79482000.0,52635000.0,96260000.0,-274903000.0,595680000.0,0.05,-7426000.0,0.0,,3618000.0,243755000,317149000,78255000.0,-119759000.0,-32623000.0,-1189998000.0,418288000.0,125272000.0,9819167000.0,309448000.0,-189174000.0,154631000.0,,-43625000.0,158764000,0.0,-761036000.0,-6181000.0,867000.0,10250000.0,8629169000.0,,,93821000.0,60461000.0,50346000.0,38414000.0,,0.05,5419705000.0,34872000.0,12245299000.0,12120027000.0,21470000,22655000,76878000.0,19590000.0,153522000.0,5573227000.0,311092000.0,-123411000.0,,71600000.0,0.0,805089000.0,457043000.0,5991515000.0,256688000.0,16995000,6657000.0,52635000.0,-165633000.0,,,-153975000.0,,,,,
2010-12-31,-36073000.0,7235000.0,7957367000.0,316375000.0,107853000.0,77972000.0,1036701000.0,77653000.0,1036701000.0,52635000.0,-479895000.0,656098000.0,,-13237000.0,0.0,,3618000.0,273484000,341073000,1908056000.0,-11367000.0,938260000.0,-1251142000.0,391459000.0,1107524000.0,9927906000.0,,-71630000.0,149770000.0,,984066000.0,174972000,0.0,-775476000.0,-120000.0,-1397000.0,-15491000.0,8676764000.0,,,127193000.0,58248000.0,50346000.0,34504000.0,,,4646345000.0,138403000.0,13331923000.0,12224399000.0,129282000,141917000,77016000.0,18009000.0,148072000.0,4794417000.0,,-166593000.0,,68347000.0,-27169000.0,805508000.0,348999000.0,5185876000.0,282825000.0,136202000,20568000.0,1036701000.0,-103964000.0,,,-144732000.0,,,,,
2011-03-31,-14944000.0,4416000.0,9077533000.0,389716000.0,113372000.0,0.0,3988622000.0,70414000.0,3988622000.0,1036701000.0,-21137000.0,691182000.0,0.17,-14008000.0,0.0,,5102000.0,273219000,331705000,,-65453000.0,3377597000.0,-1325352000.0,391972000.0,4060951000.0,10798679000.0,372116000.0,-36163000.0,149827000.0,,2951921000.0,171487000,0.0,-889592000.0,-136060000.0,37000.0,12060000.0,9473327000.0,,,73223000.0,46846000.0,50346000.0,30272000.0,,0.17,7697302000.0,84374000.0,17499652000.0,13438701000.0,73984000,70093000,90514000.0,21952000.0,142930000.0,7840232000.0,373960000.0,-359683000.0,,108576000.0,-65106000.0,742430000.0,361595000.0,8232204000.0,284859000.0,63875000,10312000.0,3988622000.0,-575503000.0,,,-184209000.0,,,,,
2011-06-30,291431000.0,4406000.0,9145528000.0,400438000.0,124924000.0,0.0,276205000.0,66995000.0,276205000.0,3988622000.0,-120547000.0,692293000.0,0.55,-13833000.0,0.0,,5103000.0,414731000,488706000,,-82579000.0,-306257000.0,-1392002000.0,656813000.0,344648000.0,10874667000.0,406193000.0,-39684000.0,282988000.0,,-3712417000.0,317161000,0.0,-861539000.0,-3801114000.0,248000.0,28448000.0,9482665000.0,,,219550000.0,46621000.0,50346000.0,24273000.0,,0.55,7577129000.0,200409000.0,17693058000.0,17348410000.0,234252000,228759000,88865000.0,34872000.0,137848000.0,7714977000.0,411710000.0,-96249000.0,,105129000.0,-18530000.0,6898257000.0,366074000.0,8371790000.0,442085000.0,222993000,7518000.0,276205000.0,-3689148000.0,,,-200706000.0,,,,,
2011-09-30,-13988000.0,-5616000.0,9127777000.0,389518000.0,108204000.0,0.0,44860000.0,69729000.0,44860000.0,276205000.0,-303098000.0,692952000.0,0.41,-28483000.0,0.0,,5081000.0,351180000,444672000,21308000.0,-22597000.0,-99080000.0,-1465165000.0,330075000.0,117497000.0,10912075000.0,407081000.0,-38346000.0,154106000.0,,-231345000.0,278796000,0.0,-890477000.0,-319932000.0,5000.0,-80519000.0,9446910000.0,,,158426000.0,57672000.0,50346000.0,24786000.0,,0.41,7659462000.0,131509000.0,17439377000.0,17321880000.0,175471000,172195000,87378000.0,19648000.0,132788000.0,7792250000.0,408646000.0,70146000.0,,104198000.0,8843000.0,6926088000.0,367768000.0,8122325000.0,387000000.0,166367000,-16172000.0,44860000.0,-286371000.0,,,-201133000.0,,,,,
2011-12-31,-16695000.0,-616000.0,9033482000.0,373763000.0,106484000.0,0.0,33506000.0,65614000.0,33506000.0,44860000.0,-17266000.0,693802000.0,,-19582000.0,0.0,,,241872000,460303000,24930000.0,-27756000.0,-119132000.0,-1473977000.0,341092000.0,101740000.0,10859409000.0,,-40302000.0,137240000.0,,-11354000.0,284786000,0.0,-1024274000.0,0.0,959000.0,23080000.0,9385432000.0,,,53632000.0,69033000.0,50346000.0,26681000.0,,,7722619000.0,109484000.0,17408475000.0,17306735000.0,66625000,67844000,86128000.0,19678000.0,124142000.0,7846761000.0,,-6602000.0,,101434000.0,-4155000.0,6968882000.0,382410000.0,8187853000.0,391270000.0,61996000,-129720000.0,33506000.0,-29462000.0,,,-201641000.0,,,,,
2012-03-31,-6105000.0,2300000.0,9124791000.0,360140000.0,108343000.0,,347425000.0,68527000.0,347425000.0,33506000.0,-464057000.0,419433000.0,0.43,-17666000.0,0.0,,,371996000,459011000,397569000.0,-22340000.0,158597000.0,-1540809000.0,588019000.0,417264000.0,10876166000.0,410018000.0,-33966000.0,186468000.0,,313919000.0,283319000,0.0,-1053684000.0,0.0,-709000.0,-58196000.0,9335357000.0,,,179187000.0,67349000.0,50346000.0,24381000.0,,0.43,7707926000.0,164128000.0,17725319000.0,17308055000.0,193571000,193380000,87579000.0,20102000.0,119412000.0,7827338000.0,411661000.0,-9939000.0,,104568000.0,-13848000.0,7006779000.0,401162000.0,8415357000.0,391662000.0,175257000,436000.0,347425000.0,-31146000.0,,,-211067000.0,,,,,
2012-06-30,-16199000.0,-1592000.0,9507230000.0,347670000.0,102736000.0,,169636000.0,68548000.0,169636000.0,347425000.0,-67466000.0,429402000.0,0.48,-19703000.0,0.0,,,380568000,464439000,385568000.0,-40520000.0,-192476000.0,-1614148000.0,341892000.0,238392000.0,10932535000.0,420468000.0,-34811000.0,297083000.0,,-177789000.0,291616000,0.0,-1062049000.0,0.0,176000.0,44678000.0,9318387000.0,,,189419000.0,70087000.0,50346000.0,25974000.0,,0.48,7641998000.0,256563000.0,17789768000.0,17551376000.0,204975000,202024000,87299000.0,14812000.0,114939000.0,7756937000.0,421671000.0,-225677000.0,,103225000.0,-3293000.0,7257062000.0,414251000.0,8098829000.0,394352000.0,201467000,1028000.0,169636000.0,-282396000.0,,,-211785000.0,,,,,
2012-09-30,22480000.0,-5790000.0,9517999000.0,382321000.0,108129000.0,,96476000.0,65802000.0,96476000.0,169636000.0,-282046000.0,429980000.0,0.45,-16646000.0,0.0,,,377184000,475482000,21275000.0,-239456000.0,26594000.0,-1662116000.0,336645000.0,171667000.0,11023526000.0,429557000.0,36270000.0,237402000.0,0.0,-73160000.0,294686000,0.0,-1081317000.0,0.0,-598000.0,-20564000.0,9361410000.0,,,184065000.0,72667000.0,50346000.0,31763000.0,,0.46,7903998000.0,-2054000.0,18079336000.0,17907669000.0,198059000,196108000,89606000.0,19443000.0,105191000.0,8014838000.0,430778000.0,-124840000.0,,103513000.0,-12048000.0,7304128000.0,527753000.0,8351483000.0,402815000.0,195629000,-7108000.0,96476000.0,-337156000.0,,,-215376000.0,,,,,
2012-12-31,-231843000.0,-2387000.0,10551237000.0,552701000.0,124304000.0,-4660000.0,247673000.0,68055000.0,247673000.0,96476000.0,-45996000.0,453191000.0,,-14653000.0,0.0,,,409046000,-139093000,988374000.0,-1594130000.0,1500734000.0,-1739718000.0,293994000.0,901995000.0,12624745000.0,,-93747000.0,313917000.0,0.0,151197000.0,-337312000,0.0,-1067367000.0,-186478000.0,-505000.0,37066000.0,10885027000.0,,68055000.0,202585000.0,73915000.0,50346000.0,340444000.0,,,8693820000.0,616233000.0,19915555000.0,19013560000.0,214742000,241028000,91529000.0,25098000.0,105909000.0,8867784000.0,,-1555813000.0,,107255000.0,-14566000.0,7341244000.0,138752000.0,9161778000.0,-213008000.0,239937000,543000.0,247673000.0,-1663454000.0,,,-227078000.0,,,,,
2013-03-31,-21555000.0,1967000.0,10581266000.0,537692000.0,125461000.0,28030000.0,47547000.0,64866000.0,47547000.0,247673000.0,-162135000.0,454417000.0,0.51,-16604000.0,0.0,,5430000.0,433932000,347013000,32253000.0,-8959000.0,-357116000.0,-1822628000.0,238583000.0,732788000.0,12700308000.0,453651000.0,-38415000.0,214350000.0,-238467000.0,-200126000.0,147947000,0.0,-1075249000.0,,881000.0,-67265000.0,10877680000.0,,64866000.0,219864000.0,73605000.0,50346000.0,355696000.0,,0.51,8545590000.0,214350000.0,19732731000.0,18999943000.0,233784000,230585000,104639000.0,20744000.0,101633000.0,8712089000.0,454613000.0,-14957000.0,,109351000.0,-2767000.0,7339445000.0,151836000.0,8950672000.0,273408000.0,230107000,12012000.0,47547000.0,-57360000.0,,,-238467000.0,,,,,
2013-06-30,-287049000.0,-1505000.0,10596558000.0,518982000.0,134759000.0,0.0,53114000.0,64142000.0,53114000.0,47547000.0,-28245000.0,455094000.0,0.47,-12360000.0,0.0,,6208000.0,420637000,343851000,29607000.0,-10979000.0,11827000.0,-1905879000.0,313627000.0,1033528000.0,12767303000.0,454618000.0,-13639000.0,357252000.0,-238986000.0,5567000.0,134278000,0.0,-1100834000.0,,1654000.0,60169000.0,10861424000.0,,64142000.0,201235000.0,74814000.0,50346000.0,372734000.0,,0.47,8766901000.0,357252000.0,20051793000.0,19018265000.0,215166000,213401000,104607000.0,24073000.0,108864000.0,8939907000.0,455431000.0,-302422000.0,,108716000.0,-1598000.0,7392292000.0,155235000.0,9253534000.0,269037000.0,213023000,3240000.0,53114000.0,-363575000.0,,,-238986000.0,,,,,
2013-09-30,178774000.0,5927000.0,10640218000.0,507754000.0,150282000.0,373000.0,49414000.0,71655000.0,49414000.0,53114000.0,-244625000.0,455874000.0,0.51,-15879000.0,0.0,,22195000.0,423550000,344627000,30644000.0,-14026000.0,-423350000.0,-1918842000.0,303966000.0,1005063000.0,12618695000.0,455345000.0,-27879000.0,272078000.0,0.0,-3700000.0,117776000,0.0,-1106494000.0,,1033000.0,-44223000.0,10699853000.0,,71655000.0,210603000.0,76569000.0,50346000.0,385857000.0,,0.51,8560592000.0,272078000.0,19889509000.0,18884446000.0,223462000,233756000,101770000.0,45423000.0,103059000.0,8735306000.0,456078000.0,0.0,,108088000.0,5216000.0,7438190000.0,150924000.0,9039272000.0,268058000.0,233282000,1584000.0,49414000.0,146981000.0,,,-239416000.0,,,,,
2013-12-31,6562000.0,267000.0,10723300000.0,489842000.0,125035000.0,0.0,300556000.0,65872000.0,300556000.0,49414000.0,-417114000.0,456961000.0,,-14487000.0,0.0,,6147000.0,445462000,354566000,21578000.0,-30593000.0,-131777000.0,-1965592000.0,318427000.0,1110018000.0,12592841000.0,,-27427000.0,305307000.0,0.0,251142000.0,156231000,0.0,-1053215000.0,,2252000.0,2750000.0,10627249000.0,,65872000.0,230422000.0,73300000.0,50346000.0,396413000.0,,,8661627000.0,305307000.0,20075870000.0,18965852000.0,248325000,293095000,105650000.0,19153000.0,98810000.0,8826309000.0,,0.0,,109158000.0,-13343000.0,7594064000.0,162245000.0,9144736000.0,281266000.0,292691000,1329000.0,300556000.0,77306000.0,,,-239816000.0,,,,,
2014-03-31,-44620000.0,-1045000.0,10761753000.0,472058000.0,128782000.0,0.0,49738000.0,67801000.0,49738000.0,300556000.0,-562739000.0,458044000.0,0.56,-14570000.0,0.0,,4890000.0,434821000,348759000,32728000.0,-12405000.0,-451450000.0,-2015034000.0,276342000.0,860565000.0,12608389000.0,457294000.0,-30506000.0,247181000.0,-8068000.0,-250818000.0,144270000,0.0,-1044302000.0,,1446000.0,-57856000.0,10593355000.0,,67801000.0,220795000.0,75707000.0,50346000.0,409359000.0,,0.56,8450347000.0,247181000.0,19858678000.0,18998113000.0,233877000,259111000,107220000.0,21394000.0,94615000.0,8612763000.0,457674000.0,-42281000.0,,106638000.0,-13173000.0,7629979000.0,204145000.0,8889105000.0,273052000.0,258047000,1930000.0,49738000.0,-46551000.0,,,-250198000.0,,,,,
2014-06-30,-20825000.0,-4180000.0,10760131000.0,477837000.0,142195000.0,0.0,54070000.0,67756000.0,54070000.0,49738000.0,-94104000.0,458742000.0,0.48,-11669000.0,0.0,,6116000.0,428901000,353684000,23673000.0,-15053000.0,-17548000.0,-2100223000.0,339364000.0,889601000.0,12915104000.0,458247000.0,-25876000.0,360524000.0,-3018000.0,4332000.0,132622000,0.0,-1075583000.0,,1339000.0,59889000.0,10814881000.0,,67756000.0,208926000.0,78867000.0,50346000.0,425485000.0,,0.48,8674029000.0,360524000.0,20144169000.0,19254568000.0,222279000,218885000,112958000.0,29062000.0,90426000.0,8832211000.0,458588000.0,-4153000.0,,106842000.0,-3933000.0,7666496000.0,199226000.0,9171575000.0,274817000.0,218396000,709000.0,54070000.0,-338647000.0,,,-250166000.0,,,,,
2014-09-30,28296000.0,-1968000.0,10773125000.0,479226000.0,147929000.0,,83531000.0,76380000.0,83531000.0,54070000.0,-32291000.0,459146000.0,0.54,-17464000.0,0.0,,5461000.0,475196000,413434000,16658000.0,-17495000.0,326173000.0,-2159115000.0,329209000.0,938576000.0,12999139000.0,458799000.0,-60850000.0,275317000.0,-513000.0,29461000.0,165906000,0.0,-1078400000.0,,55000.0,-32018000.0,10840024000.0,,76380000.0,240946000.0,99599000.0,50346000.0,381796000.0,,0.54,9214637000.0,275317000.0,20744890000.0,19806314000.0,251059000,247654000,122699000.0,24954000.0,88490000.0,9379507000.0,459141000.0,21954000.0,,111275000.0,-6881000.0,8132846000.0,253305000.0,9708716000.0,313835000.0,247208000,3111000.0,83531000.0,-572027000.0,,,-250471000.0,,,,,
2014-12-31,-526840000.0,-1652000.0,10735297000.0,481013000.0,123264000.0,,183810000.0,95411000.0,183810000.0,83531000.0,599540000.0,459746000.0,,-23895000.0,0.0,,5418000.0,454257000,412841000,23533000.0,-26781000.0,287622000.0,-2250757000.0,432934000.0,1531950000.0,13137644000.0,,-20827000.0,365599000.0,-1104000.0,100279000.0,159147000,0.0,-1132541000.0,0.0,-2590000.0,43207000.0,10886887000.0,,95411000.0,222771000.0,130430000.0,50346000.0,392203000.0,,,9759773000.0,365599000.0,21369940000.0,19837990000.0,199630000,196583000,116169000.0,6765000.0,84723000.0,9939907000.0,,-575539000.0,,114987000.0,-9397000.0,8117224000.0,254928000.0,10372841000.0,282411000.0,196145000,-12076000.0,183810000.0,-554654000.0,,,-250724000.0,,,,,
2015-03-31,-168851000.0,-3814000.0,10293270000.0,458249000.0,139295000.0,,137170000.0,87420000.0,137170000.0,183810000.0,-661860000.0,461584000.0,-0.52,-28461000.0,0.0,,6165000.0,-19879000,410451000,62425000.0,-11540000.0,51722000.0,-2319791000.0,314226000.0,1609191000.0,13156816000.0,460880000.0,-26929000.0,230068000.0,-6096000.0,-46640000.0,139125000,0.0,-1633841000.0,-27279000.0,-77000.0,-84799000.0,10837025000.0,,87420000.0,-251181000.0,132031000.0,50346000.0,399464000.0,,-0.52,9986763000.0,230068000.0,21024442000.0,19415251000.0,-237503000,-240614000,114144000.0,24773000.0,80387000.0,10154570000.0,460880000.0,-176504000.0,,116780000.0,-10185000.0,7691770000.0,325264000.0,10468796000.0,278420000.0,-240949000,-473866000.0,137170000.0,-328286000.0,,,-260686000.0,,,,,
2015-06-30,-85889000.0,-2650000.0,10232787000.0,577238000.0,149248000.0,,115770000.0,96586000.0,115770000.0,137170000.0,241527000.0,462486000.0,0.36,-32115000.0,0.0,,9559000.0,390219000,415406000,30693000.0,-16762000.0,931320000.0,-2403205000.0,433636000.0,1447019000.0,14630489000.0,461874000.0,-29193000.0,363918000.0,-1594000.0,-21400000.0,129816000,0.0,-1730168000.0,-774558000.0,-4563000.0,71654000.0,12227284000.0,,96586000.0,151184000.0,136342000.0,50346000.0,414259000.0,,0.36,11213358000.0,363918000.0,22348127000.0,20901108000.0,167748000,164885000,120145000.0,28845000.0,77550000.0,11387494000.0,462106000.0,-99534000.0,,118632000.0,-8096000.0,7696660000.0,292837000.0,11821130000.0,279064000.0,164515000,-52126000.0,115770000.0,-1316782000.0,,,-261212000.0,,,,,
2015-09-30,-33283000.0,-4170000.0,10167752000.0,559677000.0,155238000.0,,120498000.0,112565000.0,120498000.0,115770000.0,-131917000.0,464442000.0,0.25,-32450000.0,0.0,,5344000.0,391755000,482394000,76379000.0,-24069000.0,-227162000.0,-2506844000.0,401838000.0,1380089000.0,14756193000.0,463337000.0,-26091000.0,273674000.0,-316000.0,4728000.0,153641000,0.0,-1876486000.0,-11730000.0,-1980000.0,-50748000.0,12249349000.0,,112565000.0,134894000.0,173515000.0,50346000.0,428289000.0,,0.25,11144880000.0,273674000.0,22192973000.0,20812884000.0,117954000,115362000,134360000.0,20534000.0,73233000.0,11330678000.0,463586000.0,-7214000.0,,122157000.0,-5170000.0,7616839000.0,282923000.0,11732516000.0,308879000.0,115046000,-72149000.0,120498000.0,-40517000.0,,,-261680000.0,,,,,
2015-12-31,-367113000.0,1065000.0,9343643000.0,614227000.0,163026000.0,627267000.0,346500000.0,123017000.0,346500000.0,120498000.0,-417116000.0,465488000.0,,-30470000.0,0.0,,5059000.0,-338561000,490042000,36974000.0,-31911000.0,-141793000.0,-2605036000.0,436239000.0,1610676000.0,14887752000.0,,-23240000.0,354485000.0,-732000.0,226002000.0,154529000,0.0,-2738414000.0,-26694000.0,-2391000.0,11114000.0,12282716000.0,,123017000.0,-601744000.0,172487000.0,50346000.0,434817000.0,,,11069003000.0,354485000.0,21449849000.0,19839173000.0,-594617000,-598868000,140841000.0,21870000.0,75273000.0,11267293000.0,,-292400000.0,,122027000.0,88035000.0,6613211000.0,278673000.0,11703532000.0,317555000.0,-599165000,-812240000.0,346500000.0,13580000.0,,,-263060000.0,,,,,
2016-03-31,-122910000.0,3705000.0,9230747000.0,585330000.0,166821000.0,155320000.0,94665000.0,129656000.0,94665000.0,346500000.0,-536918000.0,466925000.0,0.25,-31673000.0,0.0,,5345000.0,437075000,494785000,34122000.0,-19964000.0,-354402000.0,-2636636000.0,451208000.0,1643772000.0,14701771000.0,466074000.0,-2131000.0,268617000.0,-3628000.0,-251835000.0,151009000,18064000.0,-2890046000.0,-10136000.0,53038000.0,-46141000.0,12065135000.0,49156000.0,129656000.0,173691000.0,176955000.0,50346000.0,422688000.0,,0.25,10935944000.0,268617000.0,21199927000.0,19556155000.0,119745000,116119000,140854000.0,25499000.0,52794000.0,11118394000.0,466262000.0,-117282000.0,,122062000.0,-2689000.0,6566790000.0,288554000.0,11569602000.0,317830000.0,115762000,-1253000.0,94665000.0,-165757000.0,,,-268186000.0,,,,,
2016-06-30,-30306000.0,-6576000.0,9281130000.0,550569000.0,164179000.0,50256000.0,116450000.0,136038000.0,116450000.0,94665000.0,-344469000.0,467325000.0,0.64,-30738000.0,0.0,,4160000.0,566625000,497289000,11802000.0,-21197000.0,-388346000.0,-2716880000.0,499134000.0,1766205000.0,14642649000.0,467084000.0,1853000.0,398295000.0,-246000.0,21785000.0,152985000,17001000.0,-2857164000.0,-20000.0,-2003000.0,63683000.0,11925769000.0,0.0,136038000.0,303906000.0,180125000.0,50346000.0,430802000.0,,0.65,10755449000.0,398295000.0,21116457000.0,19350252000.0,304842000,301717000,140882000.0,22793000.0,49448000.0,10940935000.0,471425000.0,-4831000.0,869078000.0,121333000.0,-6559000.0,6545613000.0,277955000.0,11440069000.0,317164000.0,301375000,107367000.0,116450000.0,12139000.0,,,-268875000.0,,,,,
2016-09-30,185018000.0,10429000.0,9183112000.0,538631000.0,177661000.0,,132891000.0,136406000.0,132891000.0,116450000.0,-403153000.0,467820000.0,0.32,-30164000.0,0.0,,9802000.0,414613000,503125000,13260000.0,-23340000.0,-154580000.0,-2799969000.0,510035000.0,1682129000.0,14901421000.0,467628000.0,1849000.0,331720000.0,-4793000.0,16441000.0,136717000,23002000.0,-2975096000.0,-13000.0,-2213000.0,21014000.0,12101452000.0,-1961000.0,136406000.0,153879000.0,188747000.0,50346000.0,421549000.0,,0.32,10920535000.0,331720000.0,21188545000.0,19506416000.0,154039000,151250000,142453000.0,34787000.0,46135000.0,11103076000.0,467835000.0,-7222000.0,1372032000.0,117860000.0,-5711000.0,6534579000.0,281408000.0,11613111000.0,314378000.0,150924000,-16123000.0,132891000.0,-160541000.0,,,-269182000.0,,,,,
2016-12-31,-378581000.0,-3745000.0,5547595000.0,479805000.0,163058000.0,,94730000.0,149181000.0,94730000.0,132891000.0,-1617640000.0,468081000.0,,-29642000.0,0.0,,3577000.0,-18322000,485879000,8466000.0,-26941000.0,-156937000.0,-2648930000.0,421136000.0,2229702000.0,13974760000.0,,1039000.0,215499000.0,-18000.0,-38161000.0,130249000,3776000.0,-3089734000.0,-17000.0,-44349000.0,-3524000.0,11325830000.0,0.0,149181000.0,-264192000.0,192572000.0,42386000.0,356892000.0,,,9189495000.0,215499000.0,15759265000.0,13529563000.0,-204455000,58661000,142722000.0,20532000.0,58145000.0,9396821000.0,,-144358000.0,,103148000.0,1675034000.0,1392710000.0,288832000.0,9817957000.0,293307000.0,58440000,22348000.0,94730000.0,-96458000.0,,,-173299000.0,,,,,
2017-03-31,15206000.0,3467000.0,5841348000.0,432109000.0,159032000.0,135538000.0,764114000.0,141561000.0,764114000.0,94730000.0,-1060271000.0,468446000.0,0.97,-28658000.0,0.0,,3765000.0,678018000,460125000,3472000.0,-22693000.0,-1238969000.0,-2577248000.0,344908000.0,1961031000.0,13210952000.0,468299000.0,-1732000.0,193129000.0,-3532000.0,669384000.0,142012000,0.0,-2802218000.0,-8109000.0,-6162000.0,-37848000.0,10633704000.0,-8130000.0,141561000.0,454746000.0,159081000.0,47019000.0,347625000.0,,0.98,8141452000.0,193129000.0,14855868000.0,12894837000.0,464177000,461145000,136554000.0,22478000.0,54472000.0,8337485000.0,475173000.0,-15000000.0,,86718000.0,-5009000.0,1558072000.0,223933000.0,8682393000.0,301044000.0,460375000,367409000.0,764114000.0,1715217000.0,,,-173629000.0,,,,,
2017-06-30,334405000.0,-5469000.0,5702047000.0,414404000.0,152037000.0,0.0,391965000.0,147155000.0,391965000.0,764114000.0,-687262000.0,468879000.0,0.04,-27289000.0,0.0,,3327000.0,227413000,424495000,10415000.0,-25882000.0,-853198000.0,-2672489000.0,389690000.0,1204475000.0,13323972000.0,468646000.0,-220000.0,238460000.0,-829000.0,-372149000.0,119295000,0.0,-2956324000.0,-13193000.0,-2987000.0,20895000.0,10651483000.0,-4342000.0,147155000.0,18874000.0,153163000.0,47019000.0,357454000.0,,0.04,7485326000.0,238460000.0,14102575000.0,12898100000.0,22101000,19383000,130751000.0,21286000.0,51463000.0,7683944000.0,468839000.0,-3433000.0,,77788000.0,-7428000.0,1559456000.0,225738000.0,8073634000.0,271332000.0,19283000,-57066000.0,391965000.0,242369000.0,,,-173489000.0,,,,,
2017-09-30,-41676000.0,2398000.0,5531433000.0,400867000.0,154111000.0,0.0,133887000.0,140378000.0,133887000.0,391965000.0,-87235000.0,469035000.0,-0.02,-24491000.0,0.0,,3773000.0,189653000,429009000,4231000.0,-26636000.0,-262796000.0,-2699174000.0,389842000.0,1127446000.0,13234927000.0,468975000.0,10226000.0,206307000.0,-98000.0,-258078000.0,119560000,8653000.0,-3137642000.0,-4474000.0,-5481000.0,-9580000.0,10535753000.0,-5314000.0,140378000.0,-12263000.0,155338000.0,47019000.0,348198000.0,,-0.02,7466203000.0,206307000.0,13904081000.0,12776635000.0,-5720000,-7657000,130588000.0,23523000.0,53427000.0,7660008000.0,468975000.0,-9906000.0,,71328000.0,-6033000.0,1556040000.0,176702000.0,8049850000.0,273671000.0,-7788000,-85509000.0,133887000.0,-201763000.0,,,-173661000.0,,,,,
2017-12-31,-453471000.0,-25178000.0,5301005000.0,410082000.0,166281000.0,423231000.0,55306000.0,144709000.0,55306000.0,133887000.0,-835689000.0,469436000.0,,-24024000.0,0.0,,3393000.0,157758000,424295000,10003000.0,-40049000.0,206502000.0,-2741695000.0,415769000.0,853276000.0,13473573000.0,,46321000.0,209145000.0,-326000.0,-93944000.0,59345000,14031000.0,-3370520000.0,-20558000.0,13297000.0,6568000.0,10731878000.0,12263000.0,144709000.0,-50957000.0,198669000.0,,40733000.0,,,7880466000.0,209145000.0,14088461000.0,13235185000.0,-57924000,-58702000,136833000.0,21485000.0,52579000.0,8077754000.0,,-1937000.0,,71882000.0,-37499000.0,1515192000.0,578033000.0,8493523000.0,225626000.0,-59298000,-57384000.0,82203000.0,-509566000.0,,,-174176000.0,,,,,
2018-03-31,-19893000.0,-18082000.0,5206291000.0,395298000.0,174620000.0,132429000.0,86021000.0,,86021000.0,82203000.0,-171172000.0,469725000.0,0.08,-21307000.0,,,5919000.0,255683000,459566000,2774000.0,-19246000.0,-171238000.0,,400506000.0,652603000.0,,469557000.0,31266000.0,196164000.0,-2144000.0,35765000.0,112394000,8564000.0,-3425293000.0,-3688000.0,-5336000.0,-5767000.0,,-2394000.0,167975000.0,37331000.0,172552000.0,,51468000.0,,0.08,7965591000.0,196164000.0,14067571000.0,13414968000.0,43237000,40232000,143250000.0,29175000.0,52576000.0,8186142000.0,469695000.0,-647000.0,,75102000.0,-66547000.0,1577238000.0,583261000.0,8586648000.0,287014000.0,39841000,-19592000.0,117968000.0,10728000.0,,,-174149000.0,,,,,
2018-06-30,-32074000.0,9638000.0,5143494000.0,294056000.0,168210000.0,0.0,91381000.0,,91381000.0,117968000.0,-754848000.0,469830000.0,0.19,-4080000.0,,,4299000.0,304705000,454614000,659000.0,-26345000.0,-720502000.0,,409277000.0,1299734000.0,,469769000.0,-3405000.0,243510000.0,-634000.0,3961000.0,112538000,10357000.0,-3509641000.0,-2365000.0,-4654000.0,31568000.0,,-4994000.0,172369000.0,88375000.0,173866000.0,,43965000.0,,0.19,7403042000.0,243510000.0,13451387000.0,12151653000.0,92928000,89942000,143292000.0,22514000.0,49976000.0,7625387000.0,469941000.0,-5729000.0,,73038000.0,-4389000.0,1341177000.0,554400000.0,8034664000.0,280748000.0,89481000,33938000.0,121929000.0,481040000.0,,,-174290000.0,,,,,
2018-09-30,-45380000.0,3779000.0,5071168000.0,305805000.0,160190000.0,15006000.0,78864000.0,,78864000.0,121929000.0,-1624069000.0,469916000.0,0.21,-4297000.0,,,2880000.0,294592000,441213000,1253000.0,-24646000.0,-532419000.0,,413950000.0,621807000.0,,469867000.0,995000.0,193244000.0,-564000.0,-13188000.0,99816000,3146000.0,-3584397000.0,-4762000.0,-4929000.0,1334000.0,,-5443000.0,174509000.0,98908000.0,181207000.0,,48701000.0,,0.21,6798253000.0,193244000.0,13083958000.0,12462151000.0,102926000,99371000,132198000.0,23503000.0,56871000.0,7029633000.0,470118000.0,-20734000.0,,63486000.0,291501000.0,1337964000.0,582682000.0,7443583000.0,260006000.0,98946000,47769000.0,108741000.0,325766000.0,,,-174127000.0,,,,,
2018-12-31,-80127000.0,10351000.0,5944439000.0,305079000.0,153953000.0,589000.0,110790000.0,,110790000.0,108741000.0,-1851157000.0,477496000.0,,-4708000.0,,,3465000.0,1019076000,426616000,212970000.0,-35956000.0,-1196377000.0,,392708000.0,359101000.0,,,-45967000.0,215791000.0,-90000.0,31105000.0,95250000,1125000.0,-2927196000.0,-1388000.0,-2935000.0,19176000.0,,-5694000.0,190683000.0,833600000.0,177413000.0,,48171000.0,,,5567908000.0,215791000.0,12718553000.0,12359452000.0,834383000,831548000,130759000.0,21510000.0,54663000.0,5813254000.0,,-44171000.0,,54717000.0,-3753000.0,1253906000.0,591017000.0,6205962000.0,249203000.0,830157000,777764000.0,139846000.0,1011745000.0,,,-174347000.0,,,,,
2019-03-31,-42111000.0,-11114000.0,5836882000.0,275565000.0,157824000.0,481000.0,120117000.0,,120117000.0,139846000.0,-127437000.0,477929000.0,0.13,-3883000.0,,,4111000.0,243673000,420917000,1578000.0,-19220000.0,8521000.0,,352774000.0,292188000.0,165748000.0,477766000.0,-1832000.0,158582000.0,-2919000.0,6806000.0,94166000,132000.0,-3042422000.0,-3870000.0,-3458000.0,-43747000.0,165748000.0,-3800000.0,181467000.0,62395000.0,168927000.0,,48555000.0,,0.13,5763870000.0,158582000.0,12899501000.0,12607313000.0,64990000,61470000,131951000.0,21355000.0,49488000.0,6147662000.0,479131000.0,-22891000.0,,49327000.0,-5415000.0,895361000.0,643456000.0,6500436000.0,251990000.0,61029000,2319000.0,146652000.0,-160277000.0,,,-177286000.0,,,,,
2019-06-30,-47943000.0,-4359000.0,6054404000.0,317960000.0,193753000.0,360000.0,130521000.0,,130521000.0,146652000.0,-778379000.0,491109000.0,-0.03,-4459000.0,,,6247000.0,211900000,478963000,405454000.0,-19513000.0,716137000.0,,401328000.0,495450000.0,172424000.0,478739000.0,-16937000.0,221978000.0,-1663000.0,9400000.0,71217000,30093000.0,-3233283000.0,-4671000.0,-1864000.0,17489000.0,172424000.0,-3686000.0,193286000.0,-10338000.0,213993000.0,,53840000.0,,-0.03,6290559000.0,221978000.0,13713093000.0,13217643000.0,-9980000,-13597000,165296000.0,27120000.0,53771000.0,6692493000.0,478739000.0,-37789000.0,,56942000.0,-2011000.0,875137000.0,618218000.0,7093821000.0,264970000.0,-13991000,-37217000.0,156052000.0,-928700000.0,,,-177264000.0,,,,,
2019-09-30,-36683000.0,-15972000.0,5933134000.0,303722000.0,196233000.0,273184000.0,124990000.0,,124990000.0,156052000.0,-2486005000.0,494848000.0,-0.09,-5223000.0,,,4171000.0,192248000,525640000,,,103590000.0,,466556000.0,752455000.0,172958000.0,491203000.0,-6321000.0,248041000.0,-349000.0,-948000.0,81338000,35063000.0,-3461256000.0,-5526000.0,-6261000.0,42885000.0,172958000.0,-6982000.0,208653000.0,-40926000.0,248069000.0,,56991000.0,,-0.09,6600432000.0,248041000.0,14010210000.0,13257755000.0,-42308000,-45863000,171944000.0,22970000.0,54913000.0,7020295000.0,491203000.0,,,61230000.0,21802000.0,589849000.0,656115000.0,7486851000.0,277571000.0,-46249000,-73365000.0,155104000.0,-352537000.0,,,-182110000.0,,,,,
