date,quarterlyOtherCurrentAssets,quarterlyDilutedEPS,quarterlyChangeInInventory,quarterlyChangesInAccountReceivables,quarterlySaleOfInvestment,quarterlyRepurchaseOfCapitalStock,quarterlyAccountsPayable,quarterlyCapitalStock,quarterlyGainsLossesNotAffectingRetainedEarnings,quarterlyBeginningCashPosition,quarterlyOperatingExpense,quarterlyGrossProfit,quarterlyNetOtherInvestingChanges,quarterlyStockholdersEquity,quarterlyAccumulatedDepreciation,quarterlyRepaymentOfDebt,quarterlyNetPPE,quarterlyTaxProvision,quarterlyStockBasedCompensation,quarterlyOtherNonCashItems,quarterlyCommonStockIssuance,quarterlyEbitda,quarterlyChangeInWorkingCapital,quarterlyDeferredIncomeTax,quarterlyPretaxIncome,quarterlyPurchaseOfBusiness,quarterlyRetainedEarnings,quarterlyTotalRevenue,quarterlyOperatingCashFlow,quarterlyCurrentLiabilities,quarterlyCashFlowFromContinuingFinancingActivities,quarterlyCurrentAssets,quarterlyCapitalExpenditure,quarterlyGrossPPE,quarterlyOperatingIncome,quarterlyTotalAssets,quarterlyLongTermDebt,quarterlyTotalNonCurrentAssets,quarterlyOtherCurrentLiabilities,quarterlyCurrentAccruedExpenses,quarterlyDilutedAverageShares,quarterlyCostOfRevenue,quarterlyOtherShortTermInvestments,quarterlyChangeInCashSupplementalAsReported,quarterlyAccountsReceivable,quarterlyOtherNonCurrentLiabilities,quarterlyTotalNonCurrentLiabilitiesNetMinorityInterest,quarterlySellingGeneralAndAdministration,quarterlyBasicEPS,quarterlyGoodwill,quarterlyNetIncome,quarterlyNetIncomeContinuousOperations,quarterlyBasicAverageShares,quarterlyNetIncomeCommonStockholders,quarterlyInvestingCashFlow,quarterlyNonCurrentDeferredTaxesLiabilities,quarterlyEndCashPosition,quarterlyOtherIncomeExpense,quarterlyInventory,quarterlyCurrentDebt,quarterlyCashCashEquivalentsAndMarketableSecurities,quarterlyCashAndCashEquivalents,quarterlyDepreciationAndAmortization,quarterlyPurchaseOfInvestment,quarterlyInterestExpense,quarterlyTotalLiabilitiesNetMinorityInterest,quarterlyOtherIntangibleAssets,quarterlyOtherNonCurrentAssets,quarterlyFreeCashFlow,quarterlyNetOtherFinancingCharges,quarterlyCurrentDeferredRevenue,quarterlyNonCurrentDeferredRevenue,quarterlyResearchAndDevelopment,quarterlyInvestmentsAndAdvances,quarterlyChangeInAccountPayable,quarterlyIncomeTaxPayable,quarterlyCashDividendsPaid
2004-06-30,,0.41,,,,,,,,,21108000,42465000,,,,,,7808000,,,,21693000,,,21061000,,,180354000,,,,,,,21357000,,,,,,31060000.0,137889000,,,,,,19197000,0.41,,12648000,13253000,30801000.0,12648000,,,,110000,,,,,,,,,,,,,,,,,,,
2004-09-30,,0.04,-30084000.0,,,,,,,649000.0,19464000,35811000,-225000.0,,,-276000.0,,5950000,,18863000.0,,20482000,-23675000.0,983000.0,16187000,,,169203000,-8017000.0,,16281000.0,,-8070000.0,,16347000,,,,,,31060000.0,133392000,,-28000.0,,,,17537000,0.04,,1166000,10237000,30801000.0,1166000,-8292000.0,,621000.0,-20000,,,,,4135000.0,,,,,,-16087000.0,16557000.0,,,,,,,
2004-12-31,5944000.0,,26829000.0,,,,,,-2462000.0,621000.0,24850000,38776000,332000.0,-497217000.0,,535000.0,125246000.0,5028000,,17615000.0,,16407000,19843000.0,1255000.0,13724000,,,179486000,34809000.0,56926000.0,-29774000.0,159783000.0,-5747000.0,125246000.0,13926000,632922000.0,28296000.0,473139000.0,1431000.0,,,140710000,,-456000.0,,20538000.0,81241000.0,18022000,,308695000.0,8446000,8696000,,8446000,-5491000.0,32407000.0,165000.0,-195000,115294000.0,215000.0,165000.0,165000.0,2481000.0,,,138167000.0,39198000.0,0.0,29062000.0,-30309000.0,,,,,,,
2005-03-31,,0.36,10054000.0,,,,,,,165000.0,19710000,37844000,0.0,,,-68000.0,,6620000,,-15426000.0,,22265000,11160000.0,2551000.0,18002000,0.0,,166375000,31640000.0,,-29092000.0,,-2626000.0,,18134000,,,,,,31060000.0,128531000,,-78000.0,,,,17826000,0.36,,11043000,11382000,30801000.0,11043000,-2626000.0,,87000.0,325000,,,,,4131000.0,,193000.0,,,,29014000.0,-29024000.0,,,,,,,
2005-06-30,1861000.0,0.04,3397000.0,,,,66655000.0,308000.0,-2462000.0,87000.0,31356000,40464000,0.0,498068000.0,,,129907000.0,7404000,,,,13233000,8416000.0,-1798000.0,8941000,,,185008000,12196000.0,68485000.0,-4881000.0,146203000.0,-5110000.0,129907000.0,9108000,622088000.0,6338000.0,475885000.0,263000.0,,31060000.0,144544000,,2209000.0,33892000.0,19234000.0,55535000.0,30942000,0.04,,1281000,1537000,30801000.0,1281000,-5106000.0,29963000.0,2296000.0,5000,103372000.0,1567000.0,2296000.0,2296000.0,4125000.0,,172000.0,124020000.0,345978000.0,0.0,7086000.0,-6326000.0,,,,,,,
2005-09-30,1962000.0,0.16,-34796000.0,,,,72713000.0,311000.0,-2462000.0,2296000.0,24904000,34276000,0.0,513662000.0,,,129302000.0,4016000,,,,13804000,-29779000.0,681000.0,8969000,,4900000.0,171872000,-12917000.0,87549000.0,16558000.0,180127000.0,-3331000.0,129302000.0,9372000,654841000.0,6200000.0,474714000.0,111000.0,,31075000.0,137596000,,320000.0,32592000.0,18924000.0,53630000.0,24769000,0.16,,4900000,4953000,30833000.0,4900000,-3321000.0,28506000.0,2616000.0,317000,138168000.0,14725000.0,2616000.0,2616000.0,4432000.0,,403000.0,141179000.0,345412000.0,0.0,-16248000.0,1011000.0,,,,,,,
2005-12-31,1970000.0,,23606000.0,,,,61457000.0,311000.0,-2279000.0,2616000.0,43078000,35053000,0.0,513355000.0,-65698000.0,,117438000.0,-2866000,,,0.0,-3772000,11509000.0,-6295000.0,-8473000,,-748000.0,184476000,20889000.0,61871000.0,-12327000.0,166660000.0,-3177000.0,183136000.0,-8025000,609697000.0,6144000.0,443037000.0,93000.0,,,149423000,,5385000.0,34636000.0,18906000.0,34471000.0,52528000,,,-5648000,-5607000,,-5648000,-3177000.0,9421000.0,8001000.0,9902000,114562000.0,321000.0,8001000.0,8001000.0,4253000.0,,448000.0,96342000.0,325599000.0,0.0,17712000.0,2940000.0,,,,,,,
2006-03-31,1970000.0,0.24,4892000.0,,,,71542000.0,311000.0,-2279000.0,8001000.0,28283000,40390000,0.0,525568000.0,-65698000.0,,115059000.0,4540000,,,,16622000,15822000.0,-1765000.0,11946000,,6652000.0,172724000,30858000.0,71965000.0,-86000.0,182999000.0,-1787000.0,180757000.0,12107000,629538000.0,6076000.0,446539000.0,91000.0,,31190000.0,132334000,,16498000.0,36031000.0,18953000.0,32005000.0,27819000,0.24,293374000.0,7399000,7406000,31088000.0,7399000,-14274000.0,6976000.0,24499000.0,0,114637000.0,332000.0,24499000.0,24499000.0,4515000.0,,161000.0,103970000.0,38106000.0,0.0,29071000.0,0.0,,,,,,,
2006-06-30,1970000.0,0.21,-10112000.0,,,,94918000.0,312000.0,-2279000.0,24499000.0,34489000,48523000,0.0,538100000.0,-65698000.0,,214501000.0,4182000,,,,20285000,-7830000.0,275000.0,10782000,,13245000.0,232118000,9823000.0,343765000.0,250365000.0,261843000.0,-2600000.0,280199000.0,14034000,952083000.0,9163000.0,690240000.0,50000.0,,31231000.0,183595000,,-24495000.0,56165000.0,52649000.0,70218000.0,33644000,0.21,402043000.0,6594000,6600000,31145000.0,6594000,-284683000.0,8406000.0,4000.0,0,195417000.0,248797000.0,4000.0,4000.0,6251000.0,,3252000.0,413983000.0,73696000.0,0.0,7223000.0,2107000.0,,,,,,,
2006-09-30,1822000.0,0.26,-41129000.0,,,,100276000.0,312000.0,-3394000.0,4000.0,36906000,54190000,0.0,550555000.0,-65698000.0,,210813000.0,4554000,,4771000.0,0.0,24536000,-37242000.0,1551000.0,12822000,,21503000.0,251684000,-16497000.0,100820000.0,10264000.0,306792000.0,-2959000.0,276511000.0,17284000,983474000.0,270169000.0,676682000.0,0.0,,31277000.0,197494000,,0.0,54715000.0,53008000.0,332099000.0,36652000,0.26,394302000.0,8258000,8268000,31202000.0,8258000,6233000.0,8922000.0,4000.0,712000,238895000.0,544000.0,4000.0,4000.0,7252000.0,,4462000.0,432919000.0,71567000.0,0.0,-19456000.0,-2265000.0,,,,,,,
2006-12-31,1604000.0,,23130000.0,,,,51097000.0,312000.0,-5105000.0,4000.0,16546000,57475000,0.0,576249000.0,-70432000.0,,207197000.0,14057000,,-16424000.0,0.0,47615000,9874000.0,12903000.0,36484000,,44108000.0,282870000,35442000.0,89446000.0,-31386000.0,284771000.0,-4028000.0,277629000.0,40929000,935623000.0,239115000.0,650852000.0,0.0,36590000.0,,225395000,,2000.0,56393000.0,26520000.0,269928000.0,36640000,,382582000.0,22605000,22427000,,22605000,-4054000.0,4293000.0,6000.0,21087000,215766000.0,543000.0,6000.0,6000.0,6686000.0,,5110000.0,359374000.0,61073000.0,0.0,31414000.0,-323000.0,,,,,,,
2007-03-31,1296000.0,0.24,16529000.0,,,,92496000.0,312000.0,-4981000.0,6000.0,36112000,52089000,0.0,587493000.0,-70432000.0,,202964000.0,4730000,,3753000.0,,23794000,30290000.0,1448000.0,12153000,,51516000.0,258984000,50716000.0,94469000.0,-48504000.0,260298000.0,-2518000.0,273396000.0,15977000,905729000.0,190613000.0,645431000.0,0.0,,31313000.0,206895000,,8000.0,52281000.0,27629000.0,223767000.0,35046000,0.24,382582000.0,7414000,7423000,31202000.0,7414000,-2204000.0,5525000.0,14000.0,0,199237000.0,541000.0,14000.0,14000.0,7817000.0,,3870000.0,318236000.0,59885000.0,0.0,48198000.0,0.0,,,,,,,
2007-06-30,1138000.0,0.3,-11347000.0,,,,95914000.0,312000.0,-4857000.0,14000.0,34458000,53607000,-103271000.0,600056000.0,-70432000.0,,213499000.0,5789000,,3036000.0,,27266000,-9218000.0,977000.0,15172000,,60878000.0,256031000,11848000.0,96697000.0,93791000.0,283334000.0,-3786000.0,283931000.0,19149000,1015969000.0,284413000.0,732635000.0,0.0,,31312000.0,202424000,,76000.0,57039000.0,27120000.0,319216000.0,33579000,0.3,432430000.0,9362000,9383000,31202000.0,9362000,-105563000.0,7683000.0,90000.0,365000,220064000.0,532000.0,90000.0,90000.0,8117000.0,,3982000.0,415913000.0,86706000.0,0.0,8062000.0,0.0,,,,,,,
2007-09-30,544000.0,0.34,-51469000.0,,,,114304000.0,312000.0,-4734000.0,90000.0,36793000,58732000,0.0,614179000.0,-70432000.0,,214598000.0,6380000,,3432000.0,,30418000,-48048000.0,3053000.0,16948000,,71446000.0,271951000,-22532000.0,116218000.0,31755000.0,345092000.0,-8040000.0,285030000.0,21939000,1081528000.0,316423000.0,736436000.0,0.0,,31290000.0,213219000,,-84000.0,65421000.0,25574000.0,351131000.0,35175000,0.34,432581000.0,10568000,10568000,31202000.0,10568000,-9307000.0,9134000.0,6000.0,-2000,271519000.0,502000.0,6000.0,6000.0,8479000.0,-1785000.0,4998000.0,467349000.0,89257000.0,0.0,-30572000.0,-225000.0,,,,,,,
2007-12-31,544000.0,,19172000.0,,,,102626000.0,312000.0,-7097000.0,6000.0,47984000,75863000,4471000.0,629309000.0,-96741000.0,,265007000.0,7974000,,3359000.0,,38613000,27587000.0,462000.0,22252000,,85724000.0,370936000,56370000.0,144767000.0,303657000.0,394275000.0,-5470000.0,361748000.0,27879000,1455958000.0,620452000.0,1061683000.0,0.0,41464000.0,,295073000,,9224000.0,76951000.0,33913000.0,681882000.0,44821000,,590791000.0,14278000,14278000,,14278000,-350745000.0,27517000.0,9230000.0,3611000,297692000.0,677000.0,9230000.0,9230000.0,10734000.0,,9186000.0,826649000.0,202381000.0,0.0,50900000.0,-5000.0,,,,,,,
2008-03-31,522000.0,0.07,9578000.0,,,,150259000.0,312000.0,-17406000.0,9230000.0,58315000,70389000,0.0,623883000.0,-96741000.0,,255709000.0,736000,,8012000.0,,24047000,9660000.0,-710000.0,2797000,,87880000.0,360623000,32618000.0,150720000.0,-31347000.0,383061000.0,-7597000.0,352450000.0,12074000,1420893000.0,584026000.0,1037832000.0,0.0,,31308000.0,290234000,,-6475000.0,81299000.0,34142000.0,646290000.0,54828000,0.07,584738000.0,2061000,2061000,31204000.0,2061000,-7623000.0,28122000.0,2755000.0,-1566000,285729000.0,461000.0,2755000.0,2755000.0,11973000.0,,7731000.0,797010000.0,194487000.0,0.0,25021000.0,0.0,,,,,,,
2008-06-30,4818000.0,0.26,10598000.0,,,,141473000.0,312000.0,-13466000.0,2755000.0,49164000,68629000,598000.0,638784000.0,-96741000.0,,265660000.0,3591000,,2566000.0,,31504000,-3734000.0,4674000.0,11883000,,96019000.0,367369000,23297000.0,141896000.0,-1250000.0,386424000.0,-22086000.0,362401000.0,19465000,1430373000.0,588008000.0,1043949000.0,0.0,,31341000.0,298740000,,908000.0,87235000.0,33920000.0,649693000.0,45636000,0.27,585869000.0,8292000,8292000,31209000.0,8292000,-21121000.0,27765000.0,3663000.0,-108000,275661000.0,423000.0,3663000.0,3663000.0,12039000.0,,7561000.0,791589000.0,192420000.0,0.0,1211000.0,287000.0,,,,,,,
2008-09-30,4506000.0,0.35,-13641000.0,,,,176064000.0,315000.0,-19996000.0,3663000.0,49072000,73160000,4202000.0,651540000.0,-96741000.0,,266423000.0,4733000,,3185000.0,3778000.0,35582000,6171000.0,3201000.0,15813000,,107099000.0,374576000,36777000.0,176434000.0,-32573000.0,404721000.0,-11116000.0,363164000.0,24088000,1439755000.0,551474000.0,1035034000.0,0.0,,31514000.0,301416000,,-1789000.0,92594000.0,29307000.0,611781000.0,45019000,0.35,583264000.0,11080000,11080000,31397000.0,11080000,-5847000.0,31000000.0,1874000.0,-2504000,288287000.0,370000.0,1874000.0,1874000.0,11494000.0,,6493000.0,788215000.0,185347000.0,0.0,25661000.0,225000.0,,,,,,,
2008-12-31,4081000.0,,36861000.0,,,,,315000.0,-63394000.0,1874000.0,48348000,79846000,7247000.0,620131000.0,-119935000.0,,270664000.0,1835000,,-7635000.0,,21790000,50331000.0,-1851000.0,8962000,,113948000.0,398082000,82944000.0,188270000.0,-74556000.0,356479000.0,-14672000.0,390599000.0,31498000,1355682000.0,475233000.0,999203000.0,0.0,,,318236000,,813000.0,,44563000.0,547281000.0,43839000,,560874000.0,6791000,7127000,,6791000,-7248000.0,27485000.0,2687000.0,-4135000,245790000.0,475000.0,2687000.0,2687000.0,10348000.0,,5829000.0,735551000.0,167665000.0,0.0,68272000.0,52000.0,,,,,,,
2009-03-31,4081000.0,0.39,-10124000.0,,,,,315000.0,-67663000.0,2687000.0,45054000,71711000,0.0,631600000.0,,,275483000.0,7479000,2900000.0,12000.0,,36157000,-22610000.0,3612000.0,20211000,,126684000.0,355396000,8826000.0,173063000.0,4618000.0,357580000.0,-13943000.0,,26657000,1353963000.0,480346000.0,996383000.0,0.0,,32343000.0,283685000,,-539000.0,,37909000.0,549300000.0,41796000,0.4,558269000.0,12732000,12732000,31547000.0,12732000,-13931000.0,31045000.0,2148000.0,-1948000,255206000.0,535000.0,2148000.0,2148000.0,11448000.0,,4498000.0,722363000.0,162631000.0,0.0,-5117000.0,0.0,,,,,,,
2009-06-30,4081000.0,0.58,-17756000.0,,,,,318000.0,-50924000.0,2148000.0,51884000,79844000,0.0,669946000.0,,,278081000.0,9731000,3159000.0,-1218000.0,,44524000,-27077000.0,3681000.0,28156000,,145109000.0,372605000,6203000.0,164428000.0,1819000.0,379929000.0,-8610000.0,,27960000,1391019000.0,482837000.0,1011090000.0,0.0,,31752000.0,292761000,,-51000.0,,37441000.0,556645000.0,48563000,0.58,567862000.0,18425000,18425000,31616000.0,18425000,-8598000.0,36367000.0,2097000.0,5017000,275803000.0,627000.0,2097000.0,2097000.0,11529000.0,,4839000.0,721073000.0,165147000.0,0.0,-2407000.0,-179000.0,,,,,,,
2009-09-30,4081000.0,0.85,-26203000.0,,,,,319000.0,-35316000.0,2097000.0,35444000,80518000,0.0,720524000.0,,,278702000.0,15343000,3892000.0,-23000.0,,51589000,-18987000.0,4450000.0,43407000,,173173000.0,378865000,13898000.0,177096000.0,-4245000.0,433864000.0,-8324000.0,,45074000,1455508000.0,475477000.0,1021644000.0,0.0,,33129000.0,298347000,,1557000.0,,38319000.0,557888000.0,46423000,0.87,576094000.0,28064000,28064000,32280000.0,28064000,-8313000.0,44092000.0,3654000.0,3119000,303955000.0,597000.0,3654000.0,3654000.0,11955000.0,,4807000.0,734984000.0,166848000.0,0.0,5574000.0,-85000.0,,,,,,,
2009-12-31,4081000.0,,40021000.0,,,,,320000.0,-26951000.0,3654000.0,63179000,94297000,0.0,756229000.0,-152201000.0,-73535000.0,276033000.0,8207000,3352000.0,1793000.0,,46997000,24291000.0,6853000.0,30300000,,195262000.0,404787000,75917000.0,149725000.0,-71917000.0,370652000.0,-6110000.0,428234000.0,31118000,1384428000.0,401640000.0,1013776000.0,0.0,,,310490000,,761000.0,,31453000.0,478474000.0,52047000,,575007000.0,22093000,22093000,,22093000,-3276000.0,45381000.0,4415000.0,8234000,264933000.0,906000.0,4415000.0,4415000.0,12411000.0,,4286000.0,628199000.0,162736000.0,0.0,69807000.0,97000.0,,,,,,,
2010-03-31,4081000.0,0.47,14182000.0,,,,,348000.0,-17349000.0,4415000.0,57460000,88778000,0.0,897722000.0,-161990000.0,-119300000.0,360783000.0,8285000,3354000.0,-691000.0,110688000.0,35878000,20021000.0,2254000.0,24604000,-664655000.0,211581000.0,397124000,54112000.0,171899000.0,621066000.0,426088000.0,-10942000.0,522773000.0,31318000,2172978000.0,921181000.0,1746890000.0,0.0,,34614000.0,308346000,,-318000.0,,31844000.0,1103357000.0,53013000,0.49,960764000.0,16319000,16319000,33553000.0,16319000,-675597000.0,150332000.0,4097000.0,113000,299324000.0,1090000.0,4097000.0,4097000.0,14117000.0,,6827000.0,1275256000.0,406520000.0,18823000.0,43170000.0,-9486000.0,,,,,,,
2010-06-30,4081000.0,0.6,2693000.0,,,,,354000.0,-24945000.0,4097000.0,65277000,106150000,0.0,902452000.0,-172701000.0,-67800000.0,357292000.0,10605000,4444000.0,-1019000.0,0.0,51323000,12434000.0,4945000.0,32257000,0.0,233233000.0,446195000,62650000.0,183045000.0,-50644000.0,437658000.0,-12297000.0,529993000.0,40873000,2168231000.0,886205000.0,1730573000.0,0.0,,35994000.0,340045000,,-650000.0,,35753000.0,1082734000.0,57990000,0.62,953384000.0,21652000,21652000,34814000.0,21652000,-12297000.0,160776000.0,3447000.0,3163000,295635000.0,1046000.0,3447000.0,3447000.0,18380000.0,,11779000.0,1265779000.0,400464000.0,19433000.0,50353000.0,-17654000.0,,,,,,,
2010-09-30,4081000.0,0.68,-16416000.0,,,,,354000.0,-19651000.0,3447000.0,62444000,110237000,0.0,936903000.0,-181363000.0,-65036000.0,358243000.0,11943000,4019000.0,-1345000.0,0.0,65938000,-13610000.0,719000.0,36810000,0.0,258100000.0,464242000,33890000.0,206613000.0,-10221000.0,466248000.0,-24026000.0,539606000.0,47793000,2202062000.0,875522000.0,1735814000.0,0.0,,36373000.0,354005000,,9000.0,,36229000.0,1058546000.0,54301000,0.7,953938000.0,24867000,24867000,35421000.0,24867000,-24010000.0,146795000.0,3456000.0,1884000,312693000.0,981000.0,3456000.0,3456000.0,18145000.0,,,1265159000.0,404381000.0,19252000.0,9864000.0,583000.0,,,,,,,
2010-12-31,4081000.0,,33859000.0,,,,,354000.0,-12034000.0,3456000.0,69600000,126169000,0.0,977966000.0,-190250000.0,-86474000.0,386191000.0,14648000,4021000.0,4685000.0,0.0,81243000,47735000.0,1281000.0,42729000,-179841000.0,286181000.0,509463000,93999000.0,203360000.0,102420000.0,440803000.0,-14388000.0,576441000.0,56569000,2391248000.0,976452000.0,1950445000.0,0.0,,,383294000,,2867000.0,,38553000.0,1209922000.0,61700000,,1076321000.0,28081000,28081000,,28081000,-194202000.0,194917000.0,6323000.0,378000,287395000.0,976000.0,6323000.0,6323000.0,19136000.0,,,1413282000.0,463617000.0,24316000.0,79611000.0,501000.0,,,,,,,
2011-03-31,4081000.0,0.54,-10693000.0,,,,,355000.0,-3022000.0,6323000.0,76202000,120926000,0.0,1011995000.0,-204808000.0,-105196000.0,381219000.0,10127000,4774000.0,1808000.0,0.0,56511000,-14319000.0,463000.0,29935000,1401000.0,305988000.0,493513000,32748000.0,196873000.0,-24192000.0,450779000.0,-14728000.0,586027000.0,44724000,2397186000.0,951865000.0,1946407000.0,0.0,,36785000.0,372587000,,-3948000.0,,40927000.0,1188318000.0,65503000,0.56,1079671000.0,19808000,19808000,35534000.0,19808000,-13294000.0,195526000.0,2375000.0,938000,299153000.0,974000.0,2375000.0,2375000.0,11787000.0,,,1385191000.0,461764000.0,23753000.0,18020000.0,404000.0,,,,,,,
2011-06-30,4081000.0,0.39,-21734000.0,,,,135515000.0,359000.0,-4241000.0,2375000.0,75827000,109440000,0.0,1023700000.0,-216327000.0,-57603000.0,392255000.0,6898000,4675000.0,33949000.0,0.0,41932000,1609000.0,444000.0,21243000,1842000.0,320333000.0,492620000,38288000.0,206732000.0,-18730000.0,458150000.0,-21294000.0,608582000.0,33613000,2407719000.0,940324000.0,1949569000.0,0.0,69985000.0,36950000.0,383180000,,-28000.0,,41512000.0,1177287000.0,66160000,0.4,1079301000.0,14345000,14345000,35600000.0,14345000,-19429000.0,195451000.0,2347000.0,1100000,320672000.0,1232000.0,2347000.0,2347000.0,28560000.0,,,1384019000.0,454908000.0,23105000.0,16994000.0,-6127000.0,,,,,,,
2011-09-30,4081000.0,0.82,-49113000.0,,,,140690000.0,359000.0,-21860000.0,2347000.0,72880000,125532000,0.0,1040610000.0,-222939000.0,-52062000.0,400419000.0,14725000,3124000.0,30056000.0,0.0,61491000,-78281000.0,4396000.0,45115000,0.0,350723000.0,528050000,-20157000.0,204219000.0,47359000.0,538409000.0,-24410000.0,623358000.0,52652000,2476060000.0,990474000.0,1937651000.0,0.0,61288000.0,36911000.0,402518000,,733000.0,,43261000.0,1231231000.0,62308000,0.84,1069856000.0,30390000,30390000,35967000.0,30390000,-24233000.0,197496000.0,3080000.0,5073000,367446000.0,2241000.0,3080000.0,3080000.0,21333000.0,,,1435450000.0,443633000.0,23743000.0,-44567000.0,8093000.0,,,,,,,
2011-12-31,4081000.0,,38501000.0,,,,109178000.0,359000.0,-22362000.0,3080000.0,60113000,117399000,0.0,1073517000.0,-230907000.0,-126456000.0,406558000.0,13641000,2534000.0,30785000.0,0.0,83170000,39999000.0,9811000.0,43505000,0.0,380588000.0,535802000,105192000.0,171479000.0,-87977000.0,468394000.0,-17364000.0,637465000.0,57286000,2404529000.0,902929000.0,1936135000.0,0.0,60347000.0,,418403000,,199000.0,,54346000.0,1159533000.0,50187000,,1068419000.0,29864000,29864000,,29864000,-17346000.0,202258000.0,3279000.0,-689000,329374000.0,1954000.0,3279000.0,3279000.0,21338000.0,,,1331012000.0,437860000.0,23298000.0,87828000.0,-7693000.0,,,,,,,
2012-03-31,4081000.0,0.6,-8307000.0,,,,121757000.0,359000.0,-14556000.0,3279000.0,69621000,114932000,0.0,1105855000.0,-241402000.0,-75300000.0,408217000.0,9630000,2685000.0,21601000.0,,65637000,5253000.0,1610000.0,31704000,0.0,402660000.0,523811000,52234000.0,187716000.0,28140000.0,548277000.0,-18073000.0,649619000.0,45311000,2483003000.0,931301000.0,1934726000.0,0.0,63999000.0,37094000.0,408879000,,64045000.0,,54207000.0,1189432000.0,60898000,0.61,1070943000.0,22074000,22074000,36019000.0,22074000,-18039000.0,203924000.0,67324000.0,-395000,338725000.0,1960000.0,67324000.0,67324000.0,20721000.0,,13212000.0,1377148000.0,432895000.0,22671000.0,34161000.0,-105000.0,,,,,,,
2012-06-30,4081000.0,0.53,-3978000.0,,,,123813000.0,361000.0,-23504000.0,67324000.0,65137000,106591000,0.0,1118365000.0,-253918000.0,-86133000.0,423712000.0,7985000,3063000.0,22885000.0,,62164000,-6118000.0,1777000.0,27496000,-25000000.0,422171000.0,527421000,42384000.0,193197000.0,7889000.0,561954000.0,-16248000.0,677630000.0,41454000,2502568000.0,940220000.0,1940614000.0,0.0,61393000.0,37132000.0,420830000,,6920000.0,,45796000.0,1191006000.0,56562000,0.54,1067864000.0,19511000,19511000,36057000.0,19511000,-41236000.0,204990000.0,74244000.0,-1520000,349901000.0,2028000.0,74244000.0,74244000.0,22230000.0,,12438000.0,1384203000.0,426758000.0,22280000.0,26136000.0,2545000.0,,,,,,,
2012-09-30,4081000.0,0.58,-39308000.0,,,,147992000.0,362000.0,-9099000.0,74244000.0,71864000,113209000,0.0,1157699000.0,-270546000.0,-64458000.0,424241000.0,7408000,3364000.0,20997000.0,,49570000,-44030000.0,4861000.0,28962000,0.0,443725000.0,538112000,9952000.0,203009000.0,13408000.0,625649000.0,-17030000.0,694787000.0,41345000,2568734000.0,953474000.0,1943085000.0,0.0,53001000.0,37074000.0,424903000,,9553000.0,,43676000.0,1208026000.0,60475000,0.6,1072516000.0,21554000,21554000,36149000.0,21554000,-17034000.0,210876000.0,83797000.0,377000,391306000.0,2016000.0,83797000.0,83797000.0,23872000.0,,12760000.0,1411035000.0,424046000.0,22282000.0,-7078000.0,100000.0,,,,,,,
2012-12-31,14005000.0,0.68,43330000.0,,,,121404000.0,362000.0,-16640000.0,83797000.0,70461000,119178000,0.0,1179255000.0,-287763000.0,-99552000.0,425307000.0,10823000,3712000.0,-64062000.0,,57709000,40783000.0,-2524000.0,36047000,-4955000.0,468951000.0,592781000,99989000.0,187030000.0,-55402000.0,588411000.0,-28169000.0,713070000.0,48717000,2525873000.0,898100000.0,1937462000.0,0.0,56803000.0,37137000.0,473603000,,10610000.0,124648000.0,49027000.0,1159588000.0,61817000,0.7,1073191000.0,25224000,25224000,36276000.0,25224000,-33053000.0,212461000.0,94407000.0,-114000,347353000.0,1944000.0,94407000.0,94407000.0,31392000.0,,12851000.0,1346618000.0,417561000.0,21403000.0,71820000.0,117000.0,,,,,,,
2013-03-31,4081000.0,0.62,-17583000.0,-2868000.0,,,149102000.0,362000.0,-24048000.0,94407000.0,68374000,114172000,0.0,1198928000.0,-305354000.0,-90507000.0,419025000.0,10380000,3418000.0,-319000.0,,73016000,7545000.0,-2214000.0,33354000,,491924000.0,540110000,56986000.0,211252000.0,-35396000.0,614588000.0,-14848000.0,724379000.0,45798000,2534152000.0,862282000.0,1919564000.0,0.0,53667000.0,37234000.0,425938000,7663000.0,-2606000.0,127563000.0,49425000.0,1123972000.0,59875000,0.63,1070713000.0,22974000,22974000,36301000.0,22974000,-22165000.0,212265000.0,91801000.0,-344000,364635000.0,1803000.0,99464000.0,91801000.0,26884000.0,-7477000.0,12778000.0,1335224000.0,409260000.0,20566000.0,42138000.0,395000.0,,,,,,,
2013-06-30,0.0,0.5,-25905000.0,10598000.0,,,127900000.0,363000.0,-35267000.0,91801000.0,68727000,109568000,0.0,1207643000.0,-311434000.0,-106442000.0,419872000.0,9318000,3690000.0,876000.0,,68367000,-41767000.0,4352000.0,27883000,,510489000.0,526346000,13056000.0,197077000.0,-49848000.0,569236000.0,-24048000.0,731306000.0,40841000,2476483000.0,813224000.0,1907247000.0,0.0,60136000.0,37373000.0,416778000,7551000.0,-63456000.0,115604000.0,44491000.0,1071763000.0,60500000,0.51,1067068000.0,18565000,18565000,36337000.0,18565000,-23244000.0,214048000.0,28345000.0,-1050000,389447000.0,1667000.0,35896000.0,28345000.0,28254000.0,-108000.0,12230000.0,1268840000.0,400550000.0,19757000.0,-10992000.0,702000.0,,,,,,,
2013-09-30,0.0,0.61,-23822000.0,-13573000.0,,,154639000.0,364000.0,-27814000.0,28345000.0,73242000,115263000,0.0,1245851000.0,-327054000.0,-190348000.0,424572000.0,6707000,4593000.0,162000.0,,67030000,-16823000.0,-986000.0,29372000,-34610000.0,533154000.0,567150000,31844000.0,215704000.0,96875000.0,699203000.0,-17275000.0,751626000.0,42021000,2626469000.0,908514000.0,1927266000.0,0.0,52028000.0,37438000.0,451887000,8273000.0,79707000.0,133945000.0,40174000.0,1164914000.0,64659000,0.62,1071108000.0,22665000,22665000,36482000.0,22665000,-51382000.0,216226000.0,108052000.0,-560000,423340000.0,1527000.0,116325000.0,108052000.0,25060000.0,-308000.0,12598000.0,1380618000.0,412407000.0,19179000.0,14569000.0,2582000.0,,,,,,,
2013-12-31,0.0,0.61,55923000.0,-3427000.0,,,154378000.0,365000.0,-31763000.0,108052000.0,84899000,136546000,0.0,1273118000.0,-338058000.0,-89898000.0,462275000.0,11517000,4417000.0,8324000.0,,56065000,62738000.0,-13046000.0,34301000,-184042000.0,555939000.0,660321000,114804000.0,240364000.0,34087000.0,649689000.0,-25012000.0,800333000.0,51647000,2721054000.0,938945000.0,2071365000.0,0.0,76271000.0,37565000.0,523775000,8680000.0,-61577000.0,152763000.0,40058000.0,1207572000.0,71029000,0.62,1119204000.0,22784000,22784000,36558000.0,22784000,-210059000.0,228569000.0,46475000.0,-6324000,405698000.0,1551000.0,55155000.0,46475000.0,28444000.0,-247000.0,11698000.0,1447936000.0,475756000.0,14130000.0,89792000.0,693000.0,,,,,,,
2014-03-31,0.0,0.38,-9907000.0,697000.0,63000.0,,162765000.0,367000.0,-43567000.0,46475000.0,82692000,132991000,0.0,1291977000.0,-335348000.0,-463532000.0,455767000.0,5721000,4180000.0,2950000.0,,40950000,-22540000.0,-1699000.0,20043000,,570260000.0,618903000,35870000.0,218577000.0,-46018000.0,627462000.0,-21655000.0,791115000.0,50299000,2676422000.0,900463000.0,2048960000.0,0.0,46626000.0,37665000.0,485912000,8615000.0,-30689000.0,151072000.0,37530000.0,1165868000.0,71785000,0.39,1112699000.0,14322000,14322000,36682000.0,14322000,-19978000.0,227875000.0,15786000.0,-19551000,413296000.0,1549000.0,24401000.0,15786000.0,27006000.0,-236000.0,10873000.0,1384445000.0,464334000.0,16160000.0,14215000.0,-15016000.0,,,,,,,
2014-06-30,0.0,0.57,-45637000.0,9337000.0,0.0,,218941000.0,371000.0,-32558000.0,15786000.0,90730000,135677000,0.0,1336449000.0,-352017000.0,-630960000.0,496671000.0,11981000,5519000.0,-1314000.0,,68392000,-6240000.0,593000.0,33740000,,592021000.0,627960000,47523000.0,292857000.0,107356000.0,718940000.0,-14234000.0,848688000.0,44947000,2912356000.0,1016576000.0,2193416000.0,0.0,61785000.0,37990000.0,492283000,9386000.0,1227000.0,154888000.0,25830000.0,1283050000.0,80204000,0.59,1163964000.0,21759000,21759000,36961000.0,21759000,-156509000.0,240644000.0,17013000.0,-2619000,498933000.0,3939000.0,26399000.0,17013000.0,25651000.0,-117000.0,9001000.0,1575907000.0,512376000.0,20405000.0,33289000.0,-5865000.0,,,,,,,
2014-09-30,0.0,0.47,-53611000.0,-17906000.0,0.0,,244473000.0,423000.0,-46724000.0,17013000.0,110453000,158588000,525000.0,1718697000.0,-364085000.0,-44788000.0,540067000.0,10913000,7403000.0,3694000.0,,71165000,-70976000.0,-1708000.0,30795000,-860113000.0,611901000.0,795726000,-6432000.0,326534000.0,910849000.0,974260000.0,-37341000.0,904152000.0,48135000,3946599000.0,1558843000.0,2972339000.0,0.0,70118000.0,42002000.0,637138000,9127000.0,5158000.0,225185000.0,35905000.0,1901368000.0,95495000,0.48,1673979000.0,19882000,19882000,41099000.0,19882000,-897036000.0,306620000.0,22171000.0,-7351000,677362000.0,3967000.0,31298000.0,22171000.0,30268000.0,-118000.0,10102000.0,2227902000.0,737606000.0,20687000.0,-43773000.0,2391000.0,,,,,,,
2014-12-31,0.0,0.78,81968000.0,-10691000.0,0.0,,217226000.0,427000.0,-64331000.0,22171000.0,104034000,179348000,-525000.0,1759257000.0,-371779000.0,-187315000.0,543778000.0,18075000,7965000.0,-784000.0,0.0,81162000,42739000.0,10915000.0,51992000,7939000.0,645819000.0,903513000,134996000.0,311233000.0,-86998000.0,949436000.0,-25988000.0,915557000.0,75314000,3903004000.0,1445488000.0,2953568000.0,0.0,65085000.0,43385000.0,724165000,9148000.0,29810000.0,233656000.0,67572000.0,1832514000.0,85911000,0.8,1667985000.0,33917000,33917000,42562000.0,33917000,-16383000.0,319454000.0,51981000.0,-11558000,594098000.0,14373000.0,61129000.0,51981000.0,32990000.0,-113000.0,12060000.0,2143747000.0,716298000.0,25507000.0,109008000.0,5678000.0,,,,,,,
2015-03-31,0.0,0.41,29164000.0,11746000.0,0.0,,189269000.0,429000.0,-90612000.0,51981000.0,105526000,152437000,0.0,1765222000.0,-382923000.0,-80730000.0,542592000.0,7949000,5949000.0,-379000.0,,68226000,21589000.0,-1867000.0,25801000,0.0,663671000.0,783145000,81602000.0,279121000.0,-52325000.0,898903000.0,-25076000.0,925515000.0,46911000,3815384000.0,1383448000.0,2916481000.0,0.0,59023000.0,43639000.0,630708000,8712000.0,2670000.0,217805000.0,69390000.0,1771041000.0,90198000,0.42,1656847000.0,17852000,17852000,42873000.0,17852000,-25058000.0,318203000.0,54651000.0,-11187000,559177000.0,15615000.0,63363000.0,54651000.0,30733000.0,-103000.0,11692000.0,2050162000.0,692825000.0,24217000.0,56526000.0,3132000.0,,,,,,,
2015-06-30,0.0,0.72,-53291000.0,46453000.0,0.0,,205568000.0,430000.0,-84137000.0,54651000.0,96715000,151371000,0.0,1804763000.0,-395037000.0,-73287000.0,549348000.0,16425000,4514000.0,-382000.0,,90193000,6644000.0,-288000.0,47787000,0.0,695033000.0,759208000,67197000.0,296201000.0,-55997000.0,899575000.0,-20732000.0,944385000.0,54656000,3817088000.0,1328876000.0,2917513000.0,0.0,56125000.0,43679000.0,607837000,9004000.0,-10087000.0,172799000.0,68596000.0,1716124000.0,81164000,0.73,1660654000.0,31362000,31362000,42974000.0,31362000,-20881000.0,318652000.0,44564000.0,4309000,613276000.0,16895000.0,53568000.0,44564000.0,31034000.0,-208000.0,11372000.0,2012325000.0,683408000.0,24103000.0,46465000.0,1451000.0,,,,,,,
2015-09-30,0.0,0.65,-37588000.0,-43706000.0,0.0,,243699000.0,431000.0,-104097000.0,44564000.0,96315000,158697000,0.0,1818874000.0,-407583000.0,-113005000.0,543559000.0,11834000,5040000.0,-366000.0,,81354000,-56875000.0,2394000.0,40275000,0.0,723474000.0,798638000,20391000.0,330450000.0,-21375000.0,957121000.0,-21043000.0,951142000.0,62382000,3843722000.0,1307262000.0,2886601000.0,0.0,45821000.0,43721000.0,639941000,8032000.0,-21681000.0,213631000.0,67481000.0,1694398000.0,81422000,0.66,1654138000.0,28441000,28441000,43168000.0,28441000,-21206000.0,319655000.0,22883000.0,-11458000,647085000.0,16560000.0,30915000.0,22883000.0,30165000.0,-261000.0,10914000.0,2024848000.0,661511000.0,27393000.0,-652000.0,421000.0,,,,,,,
2015-12-31,0.0,0.85,61732000.0,7038000.0,,,202065000.0,431000.0,-113468000.0,22883000.0,105507000,181798000,0.0,1854859000.0,-416764000.0,-100440000.0,541528000.0,20146000,7374000.0,-427000.0,,83723000,37870000.0,-6245000.0,57401000,,760729000.0,865414000,116128000.0,275473000.0,-78859000.0,847203000.0,-19245000.0,958292000.0,76291000,3702796000.0,1221741000.0,2855593000.0,0.0,47685000.0,43844000.0,683616000,8388000.0,12036000.0,203198000.0,71615000.0,1572464000.0,89368000,0.86,1649794000.0,37255000,37255000,43201000.0,37255000,-19176000.0,279108000.0,34919000.0,-8133000,584115000.0,14893000.0,43307000.0,34919000.0,30135000.0,-259000.0,11496000.0,1847937000.0,646655000.0,17616000.0,96883000.0,-132000.0,,,,,,,
2016-03-31,2674000.0,-0.06,46764000.0,15508000.0,,,392822000.0,564000.0,-88944000.0,34919000.0,205636000,224563000,-11000.0,2719337000.0,-452913000.0,-129186000.0,1345786000.0,-1434000,6177000.0,-375000.0,835128000.0,80353000,48386000.0,-714000.0,-4780000,-2640201000.0,757383000.0,1270173000,110720000.0,562593000.0,2579609000.0,1461629000.0,-26893000.0,1798699000.0,18927000,6864247000.0,2942336000.0,5402618000.0,0.0,101600000.0,52708000.0,1045610000,9229000.0,26170000.0,359744000.0,228910000.0,3582317000.0,180106000,-0.06,2782338000.0,-3346000,-3346000,52708000.0,-3346000,-2667308000.0,411071000.0,61089000.0,-858000,978508000.0,41582000.0,70318000.0,61089000.0,59465000.0,-262000.0,25668000.0,4144910000.0,1218853000.0,55641000.0,83827000.0,-34122000.0,,,,,,,
2016-06-30,2674000.0,0.27,220000.0,-1892000.0,,,439672000.0,567000.0,-84069000.0,61089000.0,214213000,265806000,-605000.0,2748776000.0,-497716000.0,-84310000.0,1361270000.0,6527000,8147000.0,-395000.0,3000.0,82191000,37245000.0,-2383000.0,22175000,0.0,773031000.0,1541389000,126289000.0,656352000.0,-75341000.0,1501771000.0,-62977000.0,1858986000.0,51593000,6898603000.0,2859502000.0,5396832000.0,0.0,127053000.0,57330000.0,1275583000,9641000.0,-9498000.0,362461000.0,220615000.0,3493475000.0,182430000,0.28,2788023000.0,15648000,15648000,56555000.0,15648000,-63818000.0,413358000.0,51591000.0,1478000,989406000.0,49929000.0,61232000.0,51591000.0,73361000.0,-268000.0,31538000.0,4149827000.0,1195498000.0,52041000.0,63312000.0,3317000.0,,,,,,,
2016-09-30,2674000.0,0.65,-55124000.0,-30443000.0,,,473009000.0,567000.0,-91096000.0,51591000.0,203053000,285533000,15000.0,2787245000.0,-538179000.0,-128368000.0,1364672000.0,15434000,8460000.0,-2016000.0,0.0,158664000,-54983000.0,1467000.0,52608000,-4163000.0,810205000.0,1586850000,57706000.0,664892000.0,-3406000.0,1561863000.0,-52976000.0,1902851000.0,82480000,6923232000.0,2849759000.0,5361369000.0,0.0,94097000.0,57451000.0,1301317000,10117000.0,-4364000.0,384901000.0,205257000.0,3471095000.0,174020000,0.65,2774764000.0,37174000,37174000,56804000.0,37174000,-56006000.0,416079000.0,47227000.0,769000,1040978000.0,58099000.0,57344000.0,47227000.0,75307000.0,-265000.0,30749000.0,4135987000.0,1171554000.0,50379000.0,4730000.0,153000.0,,,,,,,
2016-12-31,3562000.0,-4.96,62460000.0,-42875000.0,,,458127000.0,567000.0,-101275000.0,47227000.0,242139000,349480000,-1067000.0,2503324000.0,-586730000.0,-122459000.0,1359320000.0,16457000,7076000.0,-1014000.0,0.0,-205246000,38495000.0,-10823000.0,-265366000,0.0,532135000.0,1776676000,183898000.0,693194000.0,-123130000.0,1560749000.0,-44229000.0,1946050000.0,107341000,6545822000.0,2724760000.0,4985073000.0,0.0,120507000.0,56825000.0,1427196000,10419000.0,14884000.0,429033000.0,202385000.0,3349304000.0,208780000,-4.96,2447241000.0,-281823000,-281823000,56825000.0,-281823000,-44254000.0,422159000.0,62111000.0,-342123000,978037000.0,66421000.0,72530000.0,62111000.0,80105000.0,,31200000.0,4042498000.0,1137558000.0,40954000.0,139669000.0,-3676000.0,,,,,,,
2017-03-31,3600000.0,0.49,-10600000.0,45000000.0,,,416800000.0,600000.0,-97400000.0,62100000.0,212300000,286400000,-300000.0,2548600000.0,-620900000.0,-151100000.0,1338300000.0,11500000,7500000.0,1800000.0,0.0,141800000,-14600000.0,-20300000.0,39700000,0.0,560300000.0,1536200000,78500000.0,628800000.0,-30300000.0,1523900000.0,-43400000.0,1959200000.0,74100000,6475000000.0,2677100000.0,4951100000.0,0.0,89900000.0,57600000.0,1249800000,11300000.0,5100000.0,384300000.0,217500000.0,3297600000.0,183700000,0.5,2451100000.0,28200000,28200000,56900000.0,28200000,-43500000.0,403000000.0,67200000.0,-7500000,989500000.0,79600000.0,78500000.0,67200000.0,72400000.0,,29700000.0,3926400000.0,1118500000.0,43200000.0,35100000.0,5800000.0,,,,,,,
2017-06-30,2700000.0,-0.6,-55100000.0,32200000.0,,,576800000.0,600000.0,-77700000.0,67200000.0,206600000,276900000,-300000.0,2542900000.0,-543300000.0,-133500000.0,1296300000.0,-21800000,11100000.0,900000.0,0.0,42400000,111700000.0,3600000.0,-56000000,0.0,526100000.0,1522200000,248900000.0,783000000.0,-121000000.0,1627900000.0,-42000000.0,1839600000.0,70300000,6509900000.0,2568400000.0,4882000000.0,0.0,98800000.0,57000000.0,1245300000,12100000.0,107000000.0,352700000.0,205600000.0,3184000000.0,177900000,-0.6,2454200000.0,-34200000,-34200000,57000000.0,-34200000,-21500000.0,410000000.0,174200000.0,-94800000,993100000.0,70900000.0,186300000.0,174200000.0,66600000.0,,31800000.0,3967000000.0,1089400000.0,42100000.0,206900000.0,-2500000.0,,,,,,,
2017-09-30,0.0,0.5,-139300000.0,-77000000.0,,,652500000.0,600000.0,-59600000.0,174200000.0,191400000,260100000,-400000.0,2597300000.0,-587200000.0,-403000000.0,1289800000.0,1300000,6600000.0,-2000000.0,0.0,135700000,-181200000.0,,30100000,0.0,554900000.0,1548800000,-64000000.0,845900000.0,52600000.0,1825100000.0,-35700000.0,1877000000.0,68700000,6685600000.0,2620400000.0,4860500000.0,0.0,83100000.0,57700000.0,1288700000,13200000.0,-42300000.0,432100000.0,200600000.0,3242400000.0,162700000,0.5,2459200000.0,28800000,28800000,57300000.0,28800000,-30600000.0,421400000.0,131900000.0,-7600000,1137500000.0,72100000.0,145100000.0,131900000.0,74200000.0,,31400000.0,4088300000.0,1068300000.0,43200000.0,-99700000.0,1100000.0,,,,,,,
2017-12-31,0.0,-5.4,218000000.0,103100000.0,,,451300000.0,600000.0,-61500000.0,131900000.0,223500000,260600000,-200000.0,2263300000.0,-634000000.0,-1639200000.0,1294400000.0,-229400000,4800000.0,1200000.0,,-476200000,152200000.0,,-538400000,,245900000.0,1699900000,242600000.0,599800000.0,-179600000.0,1484700000.0,-64700000.0,1928400000.0,37100000,5779300000.0,2535700000.0,4294600000.0,0.0,102300000.0,57200000.0,1439300000,14100000.0,900000.0,329800000.0,202100000.0,2916200000.0,178400000,-5.4,2182000000.0,-309000000,-309000000,57200000.0,-309000000,-64200000.0,178400000.0,132800000.0,-542400000,918300000.0,10100000.0,146900000.0,132800000.0,74400000.0,,33900000.0,3516000000.0,773000000.0,45200000.0,177900000.0,-4100000.0,,,,,,,
2018-03-31,,-0.6,-24900000.0,-16500000.0,,-17100000.0,468400000.0,600000.0,-72500000.0,132800000.0,211700000,231900000,-300000.0,2219800000.0,-663500000.0,-9700000.0,1279200000.0,-9800000,16300000.0,13400000.0,,51600000,-4800000.0,,-43900000,,213300000.0,1481200000,57800000.0,658800000.0,-20100000.0,1532900000.0,-41400000.0,1942700000.0,20200000,5785500000.0,2533200000.0,4252600000.0,,148700000.0,56500000.0,1249300000,13700000.0,-4300000.0,345200000.0,197900000.0,2906900000.0,189500000,-0.6,2178700000.0,-34100000,-34100000,56500000.0,-34100000,-41700000.0,175800000.0,128500000.0,-37600000,940600000.0,10100000.0,142200000.0,128500000.0,67000000.0,,28500000.0,3565700000.0,752800000.0,41900000.0,16400000.0,800000.0,,,,,,,
2018-06-30,,-0.36,-5900000.0,85000000.0,,-12500000.0,504000000.0,600000.0,-81800000.0,128500000.0,186200000,235800000,-400000.0,2185500000.0,-675300000.0,-143900000.0,1270400000.0,-6100000,6900000.0,-4500000.0,,67000000,129300000.0,,-26200000,,193200000.0,1455800000,173500000.0,708900000.0,-157900000.0,1434000000.0,-46900000.0,1945700000.0,49600000,5660500000.0,2390800000.0,4226500000.0,,156500000.0,56400000.0,1220000000,14000000.0,-29600000.0,258300000.0,201500000.0,2766100000.0,164600000,-0.36,2176500000.0,-20100000,-20100000,56400000.0,-20100000,-44000000.0,173800000.0,98900000.0,-45000000,944300000.0,10200000.0,112900000.0,98900000.0,61900000.0,,31300000.0,3475000000.0,737000000.0,42600000.0,126600000.0,-1500000.0,,,,,,,
2018-09-30,,0.1,-54400000.0,-28400000.0,,-12600000.0,562600000.0,600000.0,-75200000.0,98900000.0,173600000,227500000,-400000.0,2189700000.0,,-134400000.0,1272100000.0,-5200000,5000000.0,-3700000.0,,92800000,-18000000.0,,200000,,198500000.0,1394000000,39200000.0,761300000.0,-72800000.0,1445600000.0,-44800000.0,,53900000,5644200000.0,2333100000.0,4198600000.0,,188300000.0,56700000.0,1166500000,15400000.0,-46100000.0,285600000.0,186800000.0,2693200000.0,151900000,0.1,2168000000.0,5400000,5400000,56300000.0,5400000,-13000000.0,173300000.0,52800000.0,-27200000,999300000.0,10400000.0,68200000.0,52800000.0,64800000.0,,27800000.0,3454500000.0,722300000.0,36200000.0,-5600000.0,0.0,,,,,,,
2018-12-31,,-0.23,154400000.0,-69200000.0,,-12400000.0,577900000.0,600000.0,-97100000.0,52800000.0,217700000,260200000,-400000.0,2141900000.0,-718000000.0,-74600000.0,1274400000.0,-2300000,4200000.0,14000000.0,,33600000,159900000.0,,-14900000,,185900000.0,1481100000,235300000.0,835200000.0,-60200000.0,1417100000.0,-63100000.0,1992400000.0,42500000,5599300000.0,2297400000.0,4182200000.0,,256100000.0,56000000.0,1220900000,,111500000.0,351300000.0,170600000.0,2622200000.0,152400000,-0.23,2161400000.0,-12600000,-12600000,56000000.0,-12600000,-62200000.0,154200000.0,164300000.0,-30400000,839700000.0,1200000.0,164300000.0,164300000.0,64600000.0,,27000000.0,3457400000.0,700200000.0,46200000.0,172200000.0,3600000.0,,,,,,,
2019-03-31,,-0.49,-13200000.0,-16400000.0,,0.0,591100000.0,600000.0,-90200000.0,164300000.0,195500000,194600000,-100000.0,2123200000.0,,-24400000.0,1488800000.0,-12300000,6100000.0,700000.0,,49200000,-95200000.0,,-39600000,,158600000.0,1301100000,-37900000.0,841300000.0,-14800000.0,1379300000.0,-36400000.0,1488800000.0,-900000,5765000000.0,2285200000.0,4385700000.0,,245600000.0,56100000.0,1106500000,,-85300000.0,367300000.0,155500000.0,2800500000.0,145100000,-0.49,2163900000.0,-27300000,-27300000,56100000.0,-27300000,-36500000.0,155200000.0,79000000.0,-11800000,854200000.0,4600000.0,79000000.0,79000000.0,61900000.0,,26900000.0,3641800000.0,690500000.0,42500000.0,-74300000.0,,,,,,,,
2019-06-30,,-3.05,-19100000.0,66200000.0,,0.0,525600000.0,600000.0,-82800000.0,79000000.0,197100000,189200000,0.0,1983300000.0,-768000000.0,-58200000.0,1367800000.0,-6800000,6700000.0,-1100000.0,,-12200000,3200000.0,,-56900000,,5300000.0,1025300000,47300000.0,836700000.0,-26600000.0,1433300000.0,-37600000.0,2135800000.0,-7900000,5592900000.0,2257600000.0,4159600000.0,,303200000.0,56300000.0,836100000,,-15300000.0,301300000.0,159900000.0,2772900000.0,145900000,-3.05,2112700000.0,-171800000,-50100000,56300000.0,-171800000,-36200000.0,161000000.0,63700000.0,-22900000,842100000.0,7900000.0,63700000.0,63700000.0,54200000.0,,26100000.0,3609600000.0,635500000.0,43600000.0,9700000.0,,,,,,,,
2019-09-30,,-3.16,-52200000.0,,,0.0,529600000.0,600000.0,-88200000.0,63700000.0,130200000,186300000,,1806000000.0,-698800000.0,-161500000.0,1263500000.0,-36400000,4700000.0,2800000.0,,-28900000,-65200000.0,,-97400000,,-172500000.0,1057300000,36300000.0,851400000.0,-99900000.0,1269000000.0,-30800000.0,1962300000.0,56100000,5261200000.0,2158000000.0,3992200000.0,14800000.0,295300000.0,56300000.0,871000000,,-18600000.0,305200000.0,149500000.0,2603800000.0,112700000,-3.16,2111300000.0,-177800000,-61000000,56300000.0,-177800000,44600000.0,130100000.0,45100000.0,-126200000,702800000.0,11700000.0,45100000.0,45100000.0,41200000.0,,27300000.0,3455200000.0,576900000.0,40500000.0,5500000.0,,,,,,,,
