date,quarterlyOtherIncomeExpense,quarterlyNetPPE,quarterlyInventory,quarterlyTaxProvision,quarterlyAccumulatedDepreciation,quarterlyCommonStockIssuance,quarterlyNonCurrentDeferredTaxesLiabilities,quarterlyCashCashEquivalentsAndMarketableSecurities,quarterlyCurrentDebt,quarterlyNetOtherFinancingCharges,quarterlyInterestExpense,quarterlyBasicEPS,quarterlyPurchaseOfBusiness,quarterlyPretaxIncome,quarterlyOtherIntangibleAssets,quarterlyOtherNonCurrentAssets,quarterlyBasicAverageShares,quarterlyOtherCurrentLiabilities,quarterlyCashFlowFromContinuingFinancingActivities,quarterlyCapitalExpenditure,quarterlyOperatingCashFlow,quarterlyTotalNonCurrentAssets,quarterlyTotalAssets,quarterlyOtherShortTermInvestments,quarterlyChangeInCashSupplementalAsReported,quarterlyFreeCashFlow,quarterlySaleOfInvestment,quarterlyChangesInAccountReceivables,quarterlyDepreciationAndAmortization,quarterlyGainsLossesNotAffectingRetainedEarnings,quarterlyAccountsPayable,quarterlyCapitalStock,quarterlyBeginningCashPosition,quarterlyCashAndCashEquivalents,quarterlyDilutedAverageShares,quarterlyEndCashPosition,quarterlyPurchaseOfInvestment,quarterlyEbitda,quarterlyDilutedEPS,quarterlyChangeInAccountPayable,quarterlyNetIncomeCommonStockholders,quarterlyInvestingCashFlow,quarterlyCashDividendsPaid,quarterlyRetainedEarnings,quarterlyRepurchaseOfCapitalStock,quarterlyTotalLiabilitiesNetMinorityInterest,quarterlyOtherNonCashItems,quarterlyOperatingIncome,quarterlyChangeInWorkingCapital,quarterlyDeferredIncomeTax,quarterlyTotalRevenue,quarterlyCurrentLiabilities,quarterlyGrossPPE,quarterlyCurrentAssets,quarterlyNetOtherInvestingChanges,quarterlyGoodwill,quarterlyOtherCurrentAssets,quarterlyLongTermDebt,quarterlyOtherNonCurrentLiabilities,quarterlyChangeInInventory,quarterlyCurrentAccruedExpenses,quarterlyAccountsReceivable,quarterlyCostOfRevenue,quarterlyGrossProfit,quarterlyNetIncomeContinuousOperations,quarterlyOperatingExpense,quarterlyNetIncome,quarterlyInvestmentsAndAdvances,quarterlyCurrentDeferredRevenue,quarterlyStockholdersEquity,quarterlySellingGeneralAndAdministration,quarterlyRepaymentOfDebt,quarterlyTotalNonCurrentLiabilitiesNetMinorityInterest,quarterlyStockBasedCompensation,quarterlyNonCurrentDeferredRevenue,quarterlyResearchAndDevelopment,quarterlyIncomeTaxPayable
1984-03-31,,,,,,,,,,,,0.151187,,,,,77091453.0,,,,,,,,,,,,,,,,,,77091453.0,,,228600000,0.144517,,,,,,,,,228600000,,,228600000,,,,,,,,,,,,,,13100000,,,,,,,,,,,,
1984-06-30,,,,,,,,,,,,0.035573,,,,,77091453.0,,,,,,,,,,,,,,,,,,77091453.0,,,152900000,0.035573,,,,,,,,,152900000,,,152900000,,,,,,,,,,,,,,3800000,,,,,,,,,,,,
1984-09-30,,,,,,,,,,,,-0.008893,,,,,77685156.0,,,,,,,,,,,,,,,,,,77685156.0,,,125400000,-0.008893,,,,,,,,,125400000,,,125400000,,,,,,,,,,,,,,400000,,,,,,,,,,,,
1984-12-31,,,,,,,,,,,,,,,,,,,,,,,,,,,,,,,,,,,,,,163500000,,,,,,,,,,163500000,,,163500000,,,,,,,,,,,,,,5600000,,,,,,,,,,,,
1985-03-31,,,,,,,,,,,,0.16675,,,,,78386808.0,,,,,,,,,,,,,,,,,,78386808.0,,,203400000,0.16008,,,,,,,,,203400000,,,203400000,,,,,,,,,,,,,,14600000,,,,,,,,,,,,
1985-06-30,,,,,,,,,,,,0.004447,,,,,79034484.0,,,,,,,,,,,,,,,,,,79034484.0,,,126100000,0.004447,,,,,,,,,126100000,,,126100000,,,,,,,,,,,,,,1400000,,,,,,,,,,,,
1985-09-30,,,,,,,,,,,,-0.042243,,,,,80176911.0,,,,,,,,,,,,,,,,,,80176911.0,,,113700000,-0.042243,,,,,,,,,113700000,,,113700000,,,,,,,,,,,,,,-2300000,,,,,,,,,,,,
1985-12-31,,,,,,,,,,,,,,,,,,,,,,,,,,,,,,,,,,,,,,162400000,,,,,,,,,,162400000,,,162400000,,,,,,,,,,,,,,-42100000,,,,,,,,,,,,
1986-03-31,,,,,,,,,,,,0.171197,,,,,81229386.0,,,,,,,,,,,,,,,,,,81229386.0,,,192000000,0.164527,,,,,,,,,192000000,,,192000000,,,,,,,,,,,,,,15400000,,,,,,,,,,,,
1986-06-30,,,,,,,,,,,,0.011117,,,,,82893552.0,,,,,,,,,,,,,,,,,,82893552.0,,,103900000,0.011117,,,,,,,,,103900000,,,103900000,,,,,,,,,,,,,,700000,,,,,,,,,,,,
1986-09-30,,,,,,,,,,,,0.015563,,,,,82830585.0,,,,,,,,,,,,,,,,,,82830585.0,,,86900000,0.015563,,,,,,,,,86900000,,,86900000,,,,,,,,,,,,,,1800000,,,,,,,,,,,,
1986-12-31,,,,,,,,,,,,,,,,,,,,,,,,,,,,,,,,,,,,,,76000000,,,,,,,,,,76000000,,,76000000,,,,,,,,,,,,,,10200000,,,,,,,,,,,,
1987-03-31,,,,,,,,,,,,0.17342,,,,,84062970.0,,,,,,,,,,,,,,,,,,84062970.0,,,143500000,0.17342,,,,,,,,,143500000,,,143500000,,,,,,,,,,,,,,15400000,,,,,,,,,,,,
1987-06-30,,,,,,,,,,,,0.044467,,,,,84062970.0,,,,,,,,,,,,,,,,,,84062970.0,,,83700000,0.044467,,,,,,,,,83700000,,,83700000,,,,,,,,,,,,,,2200000,,,,,,,,,,,,
1987-09-30,,,,,,,,,,,,-0.022233,,,,,86743629.0,,,,,,,,,,,,,,,,,,86743629.0,,,74600000,-0.022233,,,,,,,,,74600000,,,74600000,,,,,,,,,,,,,,-1100000,,,,,,,,,,,,
1987-12-31,,,,,,,,,,,,,,,,,,,,,,,,,,,,,,,,,,,,,,117600000,,,,,,,,,,117600000,,,117600000,,,,,,,,,,,,,,11300000,,,,,,,,,,,,
1988-03-31,,,,,,,,,,,,0.222333,,,,,87031485.0,,,,,,,,,,,,,,,,,,87031485.0,,,144200000,0.222333,,,,,,,,,144200000,,,144200000,,,,,,,,,,,,,,20800000,,,,,,,,,,,,
1988-06-30,,,,,,,,,,,,0.04002,,,,,87031485.0,,,,,,,,,,,,,,,,,,87031485.0,,,87300000,0.04002,,,,,,,,,87300000,,,87300000,,,,,,,,,,,,,,4200000,,,,,,,,,,,,
1988-09-30,,,,,,,,,,,,-0.048913,,,,,87913044.0,,,,,,,,,,,,,,,,,,87913044.0,,,74400000,-0.048913,,,,,,,,,74400000,,,74400000,,,,,,,,,,,,,,-3400000,,,,,,,,,,,,
1988-12-31,,,,,,,,,,,,,,,,,,,,,,,,,,,,,,,,,,,,,,127500000,,,,,,,,,,127500000,,,127500000,,,,,,,,,,,,,,11700000,,,,,,,,,,,,
1989-03-31,,,,,,,,,,,,0.20677,,,,,88182909.0,,,,,,,,,,,,,,,,,,88182909.0,,,142500000,0.20677,,,,,,,,,142500000,,,142500000,,,,,,,,,,,,,,19600000,,,,,,,,,,,,
1989-06-30,,,,,,,,,,,,0.042243,,,,,85220548.0,,,,,,,,,,,,,,,,,,85220548.0,,,57100000,0.042243,,3600000.0,,,,,,,57100000,,,57100000,,,,,,,,,,,,,,0,,4400000.0,,,,,,,,,,
1989-09-30,,,,,,,,,,,,-0.031127,,,,,86742343.0,,,,,,,,,,,,,,,,,,86742343.0,,,46600000,-0.031127,,-2700000.0,,,,,,,46600000,,,46600000,,,,,,,,,,,,,,-1900000,,-1900000.0,,,,,,,,,,
1989-12-31,,,,,,,,,,,,,,,,,,,,,,,,,,,,,,,,,,,,,,106000000,,,13500000.0,,,,,,,106000000,,,106000000,,,,,,,,,,,,,,14300000,,14300000.0,,,,,,,,,,
1990-03-31,,,,,,,,,,,,0.2001,,,,,91954023.0,,,,,,,,,,,,,,,,,,91954023.0,,,122300000,0.2001,,18400000.0,,,,,,,122300000,,,122300000,,,,,,,,,,,,,,19200000,,19200000.0,,,,,,,,,,
1990-06-30,,,,,,,,,,,,-0.017787,,,,,84332834.0,,,,,,,,,,,,,,,,,,84332834.0,,,63300000,-0.017787,,-1500000.0,,,,,,,63300000,,,63300000,,,,,,,,,,,,,,-800000,,-800000.0,,,,,,,,,,
1990-09-30,,,,,,,,,,,,-0.091157,,,,,91052035.0,,,,,,,,,,,,,,,,,,91052035.0,,,51100000,-0.091157,,-8300000.0,,,,,,,51100000,,,51100000,,,,,,,,,,,,,,-7600000,,-7600000.0,,,,,,,,,,
1990-12-31,,,,,,,,,,,,,,,,,,,,,,,,,,,,,,,,,,,,,,196000000,,,7900000.0,,,,,,,196000000,,,196000000,,,,,,,,,,,,,,8700000,,8700000.0,,,,,,,,,,
1991-03-31,,,,,,,,,,,,0.28014,,,,,95666452.0,,,,,,,,,,,,,,,,,,95666452.0,,,264300000,0.28014,,26800000.0,,,,,,,264300000,,,264300000,,,,,,,,,,,,,,27500000,,27500000.0,,,,,,,,,,
1991-06-30,,,,,,,,,,,,-0.055583,,,,,98950525.0,,,,,,,,,,,,,,,,,,98950525.0,,,124000000,-0.055583,,-5500000.0,,,,,,,124000000,,,124000000,,,,,,,,,,,,,,-5100000,,-5100000.0,,,,,,,,,,
1991-09-30,,,,,,,,,,,,-0.068923,,,,,118972772.0,,,,,,,,,,,,,,,,,,118972772.0,,,109300000,-0.068923,,-8200000.0,,,,,,,109300000,,,109300000,,,,,,,,,,,,,,-7800000,,-7800000.0,,,,,,,,,,
1991-12-31,,,,,,,,,,,,,,,,,,,,,,,,,,,,,,,,,,,,,,211600000,,,11300000.0,,,,,,,211600000,,,211600000,,,,,,,,,,,,,,11700000,,11700000.0,,,,,,,,,,
1992-03-31,,,,,,,,,,,,0.22011,,,,,119940030.0,,,,,,,,,,,,,,,,,,119940030.0,,,242800000,0.22011,,26400000.0,,,,,,,242800000,,,242800000,,,,,,,,,,,,,,25700000,,26800000.0,,,,,,,,,,
1992-06-30,,,,,,,,,,,,-0.011117,,,,,119940030.0,,,,,,,,,,,,,,,,,,119940030.0,,,133300000,-0.011117,,-2100000.0,,,,,,,133300000,,,133300000,,,,,,,,,,,,,,-1400000,,-1400000.0,,,,,,,,,,
1992-09-30,,,,,,,,,,,,-0.044467,,,,,130434783.0,,,,,,,,,,,,,,,,,,130434783.0,,,110700000,-0.044467,,-5800000.0,,,,,,,110700000,,,110700000,,,,,,,,,,,,,,-6200000,,-5400000.0,,,,,,,,,,
1992-12-31,,,,,,,,,,,,,,,,,,,,,,,,,,,,,,,,,,,,,,221300000,,,15100000.0,,,,,,,221300000,,,221300000,,,,,,,,,,,,,,15600000,,15900000.0,,,,,,,,,,
1993-03-31,,,,,,,,,,,,0.191207,,,,,135978522.0,,,,,,,,,,,,,,,,,,135978522.0,,,267900000,0.191207,,26000000.0,,,,,,,267900000,,,267900000,,,,,,,,,,,,,,26700000,,26700000.0,,,,,,,,,,
1993-06-30,,,,,,,,,,,,-0.017787,,,,,135978522.0,,,,,,,,,,,,,,,,,,135978522.0,,,130700000,-0.017787,,-3200000.0,,,,,,,130700000,,,130700000,,,,,,,,,,,,,,-2500000,,-2500000.0,,,,,,,,,,
1993-12-31,,,,,,,,,,,,0.16008,,,,,145552224.0,,,,,,,,,,,,,,,,,,145552224.0,,,210500000,0.16008,,23300000.0,,,,,,,210500000,,,210500000,,,,,,,,,,,,,,15700000,,23300000.0,,,,,,,,,,
1994-03-31,12200000.0,608700000.0,29800000.0,25600000.0,-260300000.0,,130500000.0,87600000.0,43600000.0,,11300000.0,0.217887,,57100000.0,249700000.0,60300000.0,144570572.0,43600000.0,,,,951900000.0,1236600000.0,,,,,,,,64200000.0,386200000.0,,87600000.0,144570572.0,,,67000000,0.217887,,31500000.0,,,81400000.0,,769100000.0,,56200000,,,304500000,230100000.0,869000000.0,284700000.0,,,30500000.0,383600000.0,,,122300000.0,121600000.0,159100000.0,145400000.0,31500000,89200000.0,31500000.0,,,467500000.0,,,,,,,
1994-06-30,7100000.0,610300000.0,47100000.0,-600000.0,-267000000.0,2400000.0,126200000.0,96000000.0,38500000.0,0.0,11800000.0,-0.042243,,-6600000.0,,57800000.0,142034246.0,38500000.0,-26700000.0,-10700000.0,44900000.0,950900000.0,1193100000.0,,8400000.0,34200000.0,,,,,60300000.0,388700000.0,87600000.0,96000000.0,142034246.0,96000000.0,,8100000,-0.042243,,-6000000.0,-9800000.0,-10800000.0,64300000.0,0.0,740200000.0,10000000.0,-1900000,39800000.0,-1700000.0,130800000,216700000.0,877300000.0,242200000.0,-600000.0,,22900000.0,370400000.0,,-17300000.0,117900000.0,70800000.0,60700000.0,70100000.0,-6000000,72000000.0,-6000000.0,,,452900000.0,,,,,,,
1994-09-30,12800000.0,620600000.0,60600000.0,-4300000.0,-270800000.0,22400000.0,130100000.0,77400000.0,49000000.0,0.0,10300000.0,,,-7800000.0,,61000000.0,,49000000.0,13100000.0,-17300000.0,-14500000.0,955700000.0,1183200000.0,,-18600000.0,-31800000.0,,,,,60600000.0,411200000.0,96000000.0,77400000.0,,77400000.0,,300000,,,-3500000.0,-17200000.0,-11100000.0,49400000.0,0.0,722700000.0,10600000.0,-10300000,-27800000.0,5200000.0,116400000,211800000.0,891400000.0,227500000.0,-500000.0,,17600000.0,363500000.0,499300000.0,-13600000.0,76800000.0,65200000.0,55100000.0,61300000.0,-3500000,71600000.0,-3500000.0,,,460500000.0,,,,,,,
1994-12-31,10900000.0,626000000.0,60600000.0,9000000.0,-277000000.0,2700000.0,125200000.0,70000000.0,90400000.0,0.0,11500000.0,0.04669,,19100000.0,,59900000.0,149925037.0,90400000.0,6600000.0,-13900000.0,1600000.0,959100000.0,1221400000.0,,-7400000.0,-12300000.0,,,,,69900000.0,414000000.0,77400000.0,70000000.0,149925037.0,70000000.0,,30600000,0.04669,,7000000.0,-15600000.0,-11200000.0,45100000.0,,762400000.0,10900000.0,19700000,-22000000.0,-100000.0,194900000,266700000.0,903000000.0,262300000.0,-1500000.0,,23700000.0,337000000.0,,100000.0,106400000.0,90500000.0,96800000.0,98100000.0,10100000,78400000.0,7000000.0,,,459000000.0,,,,,,,
1995-03-31,13000000.0,630000000.0,34400000.0,19100000.0,-283600000.0,2100000.0,126400000.0,102600000.0,85500000.0,0.0,11600000.0,0.184537,,46100000.0,242000000.0,69000000.0,146312386.0,85500000.0,-13900000.0,-12800000.0,60000000.0,971900000.0,1251700000.0,,32600000.0,47200000.0,,,,,53700000.0,416000000.0,70000000.0,102600000.0,146312386.0,102600000.0,,55700000,0.184537,,27000000.0,-13500000.0,-11200000.0,60800000.0,,775000000.0,11000000.0,44700000,24200000.0,-4200000.0,258800000,269200000.0,913600000.0,279800000.0,-100000.0,,34500000.0,337100000.0,,24500000.0,130000000.0,96200000.0,131100000.0,127700000.0,27000000,83000000.0,27000000.0,,,476700000.0,,,,,,,
1995-06-30,-400000.0,949200000.0,75000000.0,4100000.0,-308000000.0,352200000.0,173700000.0,110500000.0,49700000.0,-17100000.0,18500000.0,-0.222333,,-15400000.0,,57700000.0,147076462.0,49700000.0,20800000.0,-17000000.0,33500000.0,1796300000.0,2148400000.0,,7900000.0,16500000.0,,,,,50200000.0,418500000.0,102600000.0,110500000.0,147076462.0,110500000.0,,13100000,-0.222333,,-32700000.0,-46400000.0,-11200000.0,16600000.0,,1375500000.0,18200000.0,-5100000,24600000.0,11700000.0,205600000,289200000.0,1257200000.0,352100000.0,3500000.0,,77800000.0,819900000.0,1086300000.0,-11700000.0,189300000.0,83700000.0,100200000.0,105400000.0,-19500000,110500000.0,-32700000.0,,,435000000.0,,,,,,,
1995-09-30,11600000.0,954700000.0,102200000.0,-10100000.0,-320000000.0,2800000.0,180700000.0,121700000.0,100900000.0,-93400000.0,20500000.0,,,-20700000.0,,60000000.0,,100900000.0,35300000.0,-25100000.0,-18300000.0,1796700000.0,2164000000.0,,11200000.0,-43400000.0,,,,,69100000.0,421300000.0,110500000.0,121700000.0,,121700000.0,20000000.0,-2100000,,,-10600000.0,-5800000.0,-11600000.0,-5500000.0,83000000.0,1429400000.0,20800000.0,-22900000,-16900000.0,-2300000.0,209800000,329300000.0,1274700000.0,367300000.0,700000.0,,49600000.0,815200000.0,1088900000.0,-27200000.0,114800000.0,85900000.0,104100000.0,105700000.0,-10600000,128600000.0,-10600000.0,,,415700000.0,,,,,,,
1995-12-31,22500000.0,964900000.0,85200000.0,16600000.0,-333900000.0,2700000.0,176100000.0,49600000.0,75700000.0,0.0,20600000.0,0.122283,,34800000.0,,60000000.0,148834674.0,75700000.0,-29800000.0,-17500000.0,-18900000.0,1803600000.0,2182200000.0,,-72100000.0,-36400000.0,1100000.0,,,,95700000.0,424000000.0,121700000.0,49600000.0,148834674.0,49600000.0,,61600000,0.122283,,18200000.0,-23400000.0,-21200000.0,1100000.0,-1700000.0,1442400000.0,21400000.0,40200000,-72200000.0,4500000.0,404900000,318600000.0,1298800000.0,378600000.0,-500000.0,,40900000.0,836200000.0,1123800000.0,17500000.0,147200000.0,178700000.0,219400000.0,185500000.0,18200000,145300000.0,18200000.0,,,423300000.0,,,,,,,
1996-03-31,2500000.0,963300000.0,70000000.0,32100000.0,-343000000.0,3900000.0,139400000.0,72100000.0,56800000.0,0.0,20600000.0,0.251237,,69700000.0,694500000.0,61200000.0,149659683.0,56800000.0,-43100000.0,-14100000.0,92700000.0,1762600000.0,2197400000.0,,22500000.0,78600000.0,,,,,89000000.0,426800000.0,49600000.0,72100000.0,149659683.0,72100000.0,,130800000,0.251237,,37600000.0,-27100000.0,-21300000.0,27100000.0,-2100000.0,1418200000.0,21600000.0,109200000,16500000.0,-3800000.0,573500000,337600000.0,1306300000.0,434800000.0,200000.0,,60600000.0,830900000.0,,15200000.0,191800000.0,214200000.0,300700000.0,272800000.0,37600000,163600000.0,37600000.0,,,451000000.0,,,,,,,
1996-06-30,4000000.0,959900000.0,83200000.0,-3700000.0,-356100000.0,1600000.0,140600000.0,40700000.0,41300000.0,0.0,20500000.0,-0.024457,,-7400000.0,,63500000.0,151287992.0,41300000.0,-37500000.0,-11900000.0,39600000.0,1755000000.0,2091000000.0,,-31400000.0,27700000.0,,,,,65700000.0,426900000.0,72100000.0,40700000.0,151287992.0,40700000.0,-22200000.0,21200000,-0.024457,,-3700000.0,-33500000.0,-21200000.0,11700000.0,-1200000.0,1345600000.0,21400000.0,-200000,25600000.0,2700000.0,276400000,262100000.0,1316000000.0,336000000.0,0.0,,78400000.0,829200000.0,1083500000.0,-13200000.0,155100000.0,126400000.0,134300000.0,142100000.0,-3700000,142300000.0,-3700000.0,,,436100000.0,,,,,,,
1996-09-30,2500000.0,974600000.0,113200000.0,-11400000.0,-368200000.0,3100000.0,159400000.0,74000000.0,96600000.0,0.0,20600000.0,,,-24000000.0,,53300000.0,,96600000.0,50400000.0,-19200000.0,-2200000.0,1763300000.0,2144900000.0,,33300000.0,-21400000.0,,,,,94700000.0,427100000.0,40700000.0,74000000.0,,74000000.0,22100000.0,600000,,,-12600000.0,-14900000.0,-21400000.0,-12800000.0,-2100000.0,1447700000.0,21600000.0,-21000000,3000000.0,8600000.0,284000000,369200000.0,1342800000.0,381600000.0,4200000.0,,72500000.0,845200000.0,1067700000.0,-29700000.0,133100000.0,113300000.0,155000000.0,129000000.0,-12600000,150000000.0,-12600000.0,,,412800000.0,,,,,,,
1996-12-31,3000000.0,976400000.0,122200000.0,23200000.0,-382400000.0,1300000.0,150800000.0,81500000.0,164300000.0,0.0,21800000.0,0.18676,,51100000.0,,51200000.0,149389591.0,164300000.0,49400000.0,-17100000.0,-15800000.0,1757700000.0,2275600000.0,,7500000.0,-32900000.0,,,,,136900000.0,427100000.0,74000000.0,81500000.0,149389591.0,81500000.0,-9300000.0,108300000,0.18676,,27900000.0,-26100000.0,-21500000.0,3200000.0,-2500000.0,1556700000.0,21700000.0,86600000,-83400000.0,1800000.0,529600000,472900000.0,1358800000.0,517900000.0,500000.0,,74900000.0,849100000.0,1083800000.0,-8800000.0,171700000.0,216900000.0,274000000.0,255600000.0,27900000,169000000.0,27900000.0,,,427500000.0,,,,,,,
1997-03-31,8600000.0,977400000.0,56700000.0,29600000.0,-395100000.0,4900000.0,152400000.0,85900000.0,122300000.0,0.0,22100000.0,0.24012,,65400000.0,682600000.0,48500000.0,149092121.0,122300000.0,-77000000.0,-14700000.0,125800000.0,1751800000.0,2232000000.0,,4400000.0,111100000.0,,,,,81300000.0,427500000.0,81500000.0,85900000.0,149092121.0,85900000.0,-35300000.0,120900000,0.24012,,35800000.0,-44400000.0,-21400000.0,26700000.0,-5300000.0,1475600000.0,22000000.0,98900000,52400000.0,-4700000.0,576400000,400900000.0,1372500000.0,480200000.0,0.0,,114400000.0,835500000.0,,65600000.0,197300000.0,205000000.0,310300000.0,266100000.0,35800000,167200000.0,35800000.0,,,451700000.0,,,,,,,
1997-06-30,5500000.0,978700000.0,79700000.0,-400000.0,-401700000.0,1000000.0,153700000.0,93900000.0,72900000.0,0.0,21000000.0,-0.008893,,-1600000.0,,47300000.0,134932534.0,72900000.0,-58100000.0,-15500000.0,55700000.0,1747800000.0,2134700000.0,,8000000.0,40200000.0,,,,,71300000.0,427900000.0,85900000.0,93900000.0,134932534.0,93900000.0,24500000.0,29200000,-0.008893,,-1200000.0,10400000.0,-21500000.0,13600000.0,-5400000.0,1411400000.0,21600000.0,7600000,39200000.0,900000.0,284100000,316300000.0,1380400000.0,386900000.0,2600000.0,,80500000.0,852600000.0,1095100000.0,-22900000.0,172100000.0,126100000.0,133600000.0,150500000.0,-1200000,142900000.0,-1200000.0,,,434700000.0,,,,,,,
1997-09-30,5500000.0,987200000.0,117300000.0,-8800000.0,-410100000.0,4500000.0,162900000.0,64000000.0,122200000.0,0.0,21000000.0,,,-19200000.0,,38300000.0,,122200000.0,14200000.0,-21500000.0,6300000.0,1747800000.0,2151700000.0,,-29900000.0,-15200000.0,,,,,103200000.0,425900000.0,93900000.0,64000000.0,,64000000.0,-22200000.0,4800000,,,-10400000.0,-50400000.0,-21600000.0,-9200000.0,-6000000.0,1476900000.0,20800000.0,-16000000,5400000.0,-200000.0,251900000,404500000.0,1397300000.0,403900000.0,-5300000.0,,104300000.0,844800000.0,1062000000.0,-37500000.0,135900000.0,110600000.0,121700000.0,130200000.0,-10400000,146200000.0,-10400000.0,,,408300000.0,,,,,,,
1997-12-31,4300000.0,990000000.0,105600000.0,19600000.0,-422700000.0,4900000.0,154900000.0,78800000.0,165000000.0,0.0,21400000.0,0.16675,,44400000.0,,40600000.0,148725637.0,165000000.0,55700000.0,-15600000.0,-14900000.0,1749000000.0,2244000000.0,,14800000.0,-30500000.0,,,,,105800000.0,425900000.0,64000000.0,78800000.0,148725637.0,78800000.0,-8400000.0,94900000,0.16675,,24800000.0,-26000000.0,-11900000.0,3100000.0,-11200000.0,1550300000.0,21600000.0,73300000,-73200000.0,900000.0,471200000,444500000.0,1412700000.0,495000000.0,-3700000.0,,106800000.0,876600000.0,1105800000.0,11900000.0,173700000.0,180700000.0,235700000.0,235500000.0,24800000,162200000.0,24800000.0,,,425800000.0,,,,,,,
1998-03-31,4000000.0,992600000.0,62200000.0,26600000.0,-436500000.0,1100000.0,156900000.0,78400000.0,72300000.0,0.0,22200000.0,0.211217,,57800000.0,669100000.0,40100000.0,147715616.0,72300000.0,-113900000.0,-15700000.0,128700000.0,1747000000.0,2184200000.0,,-400000.0,113000000.0,,,,,75900000.0,413800000.0,78800000.0,78400000.0,149287059.0,78400000.0,3800000.0,115600000,0.208993,,31200000.0,-15200000.0,-31300000.0,22400000.0,7100000.0,1476600000.0,21900000.0,93700000,56200000.0,-2800000.0,488300000,353500000.0,1429100000.0,437200000.0,200000.0,,115300000.0,890400000.0,,43500000.0,205300000.0,167500000.0,227500000.0,260800000.0,31200000,167100000.0,31200000.0,,,431800000.0,,,,,,,
1998-06-30,4600000.0,992500000.0,75700000.0,-1600000.0,-450200000.0,1000000.0,156700000.0,42100000.0,75500000.0,0.0,21100000.0,-0.02668,,-5500000.0,,49200000.0,146176912.0,75500000.0,-23300000.0,-15100000.0,34500000.0,1723600000.0,2089900000.0,,-36300000.0,19400000.0,,,,,65800000.0,413900000.0,78400000.0,42100000.0,146176912.0,42100000.0,-31900000.0,25900000,-0.02668,,-3900000.0,-47500000.0,-21600000.0,6200000.0,-19800000.0,1418500000.0,21900000.0,4000000,13500000.0,8700000.0,255200000,288900000.0,1442700000.0,366300000.0,-700000.0,,142100000.0,889000000.0,1129600000.0,-13500000.0,147600000.0,100400000.0,104800000.0,150400000.0,-3900000,146400000.0,-3900000.0,,,412300000.0,,,,,,,
1998-09-30,-200000.0,999000000.0,78700000.0,-10200000.0,-465500000.0,1500000.0,164400000.0,66600000.0,92000000.0,0.0,21200000.0,,,-22000000.0,,35000000.0,,92000000.0,-4300000.0,-22800000.0,30200000.0,1724000000.0,2074600000.0,,24500000.0,7400000.0,,,,,80100000.0,414300000.0,42100000.0,66600000.0,,66600000.0,20100000.0,8900000,,,-11800000.0,-1400000.0,-21800000.0,-17700000.0,-2900000.0,1451000000.0,22400000.0,-13500000,30000000.0,3300000.0,225000000,321800000.0,1464500000.0,350600000.0,-100000.0,,116800000.0,890800000.0,1119200000.0,-2900000.0,105000000.0,81800000.0,90400000.0,134600000.0,-11800000,148100000.0,-11800000.0,,,387100000.0,,,,,,,
1998-12-31,3800000.0,1000300000.0,70300000.0,14500000.0,-479900000.0,1000000.0,156000000.0,80500000.0,146000000.0,0.0,21600000.0,0.122283,,32500000.0,,36200000.0,147199128.0,146000000.0,23100000.0,-16200000.0,-3100000.0,1722300000.0,2127500000.0,,13900000.0,-19300000.0,11600000.0,,,,97700000.0,414300000.0,66600000.0,80500000.0,147199128.0,80500000.0,,79400000,0.122283,,18000000.0,-6100000.0,-21700000.0,-11800000.0,,1499200000.0,21700000.0,57700000,-47100000.0,1700000.0,373700000,383600000.0,1480200000.0,405200000.0,0.0,,101400000.0,881300000.0,1115600000.0,8700000.0,139900000.0,131300000.0,159800000.0,213900000.0,18000000,156200000.0,18000000.0,,,394100000.0,,,,,,,
1999-03-31,2300000.0,999900000.0,47600000.0,32000000.0,-494500000.0,1100000.0,158000000.0,128200000.0,90500000.0,0.0,21300000.0,0.255683,,69500000.0,621100000.0,44400000.0,146665798.0,90500000.0,-71700000.0,-16400000.0,96900000.0,1725300000.0,2149000000.0,,47700000.0,80500000.0,48500000.0,,,,80100000.0,414300000.0,80500000.0,128200000.0,147952340.0,128200000.0,,134300000,0.25346,,37500000.0,22500000.0,-21800000.0,13500000.0,,1497500000.0,22600000.0,111700000,7700000.0,-4900000.0,499200000,358400000.0,1494400000.0,423700000.0,-10300000.0,,67000000.0,902300000.0,,22400000.0,187800000.0,166500000.0,216300000.0,282900000.0,37500000,171200000.0,37500000.0,,,403900000.0,,,,,,,
1999-06-30,5600000.0,1002400000.0,55300000.0,5900000.0,-502600000.0,1300000.0,160000000.0,152500000.0,103000000.0,0.0,21400000.0,0.08004,,17300000.0,,45400000.0,142428786.0,103000000.0,-23200000.0,-18900000.0,49900000.0,1722400000.0,2078900000.0,,24300000.0,31000000.0,16300000.0,,,-2000000.0,67400000.0,414500000.0,128200000.0,152500000.0,142428786.0,152500000.0,,47900000,0.08004,,11400000.0,-2400000.0,-22100000.0,13200000.0,-6300000.0,1448800000.0,22600000.0,25300000,19400000.0,3300000.0,259300000,315200000.0,1505000000.0,356500000.0,0.0,,41400000.0,893700000.0,1133600000.0,-7600000.0,144800000.0,101500000.0,104800000.0,154500000.0,11400000,129200000.0,11400000.0,,,398300000.0,,,,,,,
1999-09-30,5100000.0,1084100000.0,87100000.0,-9200000.0,-514900000.0,1300000.0,183900000.0,40500000.0,147700000.0,0.0,21900000.0,,,-20400000.0,,46700000.0,,147700000.0,-9700000.0,-18700000.0,-1800000.0,1845000000.0,2135900000.0,,-112000000.0,-20500000.0,-9700000.0,,,-1200000.0,100600000.0,414800000.0,152500000.0,40500000.0,,40500000.0,,7100000,,,-11200000.0,-100500000.0,-21300000.0,-8200000.0,-109900000.0,1656800000.0,22700000.0,-15700000,-8300000.0,7600000.0,251400000,402300000.0,1599000000.0,290900000.0,0.0,,53500000.0,989600000.0,1244900000.0,-28500000.0,109900000.0,102900000.0,115100000.0,136300000.0,-11200000,152000000.0,-11200000.0,,,269200000.0,,,,,,,
1999-12-31,5600000.0,1059700000.0,84100000.0,17400000.0,-532200000.0,1500000.0,170200000.0,71300000.0,184300000.0,0.0,24200000.0,0.171111,,38500000.0,,46000000.0,122827500.0,184300000.0,64500000.0,-14200000.0,-29300000.0,1826900000.0,2229600000.0,,30800000.0,-43500000.0,10800000.0,,,-1000000.0,121900000.0,414800000.0,40500000.0,71300000.0,123187500.0,71300000.0,,88600000,0.171111,,21100000.0,-4300000.0,-20000000.0,2600000.0,-2400000.0,1742100000.0,23500000.0,65100000,-79300000.0,1900000.0,466600000,454600000.0,1591900000.0,402700000.0,0.0,,43300000.0,1034900000.0,1287500000.0,-1500000.0,148400000.0,178400000.0,224300000.0,242300000.0,21100000,177200000.0,21100000.0,,,279300000.0,,,,,,,
2000-03-31,7500000.0,1060600000.0,66000000.0,34100000.0,-548300000.0,900000.0,169300000.0,60400000.0,108200000.0,0.0,24400000.0,0.315556,,72900000.0,658800000.0,48100000.0,122787000.0,108200000.0,-85800000.0,-16300000.0,104100000.0,1824500000.0,2213900000.0,,-10900000.0,87800000.0,0.0,,,-800000.0,104200000.0,414600000.0,71300000.0,60400000.0,122787000.0,60400000.0,,133900000,0.315556,,38800000.0,-29300000.0,-20000000.0,31200000.0,-2500000.0,1688600000.0,,110400000,22900000.0,-6600000.0,610400000,395100000.0,1608900000.0,389400000.0,-700000.0,,43900000.0,1042800000.0,,24900000.0,182700000.0,202900000.0,316900000.0,293500000.0,38800000,183100000.0,38800000.0,,,306400000.0,,,,,,,
2000-06-30,5100000.0,1075900000.0,91700000.0,-2400000.0,-563800000.0,600000.0,170800000.0,91300000.0,184500000.0,0.0,24700000.0,-0.037778,,-7100000.0,,47200000.0,122355000.0,184500000.0,46300000.0,-19700000.0,42700000.0,1857600000.0,2230000000.0,,30900000.0,23000000.0,400000.0,,,-1100000.0,111300000.0,414600000.0,60400000.0,91300000.0,122355000.0,91300000.0,,27400000,-0.037778,,-4700000.0,-57900000.0,-20300000.0,16100000.0,-3700000.0,1741700000.0,,3600000,20700000.0,6300000.0,335900000,450200000.0,1639700000.0,372400000.0,-300000.0,,37000000.0,1035200000.0,1291500000.0,-24600000.0,154400000.0,145400000.0,160300000.0,175600000.0,-4700000,172000000.0,-4700000.0,,,288100000.0,,,,,,,
2000-09-30,8700000.0,1073200000.0,117400000.0,-9000000.0,-578900000.0,800000.0,182100000.0,93900000.0,220600000.0,0.0,26800000.0,,,-19500000.0,,41700000.0,,220600000.0,17400000.0,-20800000.0,15200000.0,1852700000.0,2278800000.0,,2600000.0,-5600000.0,-3900000.0,,,-700000.0,156700000.0,414500000.0,91300000.0,93900000.0,,93900000.0,,11900000,,,-10500000.0,-30000000.0,-20000000.0,-4900000.0,-1000000.0,1834500000.0,,-14800000,900000.0,1600000.0,348800000,539400000.0,1652100000.0,426100000.0,100000.0,,38600000.0,1029700000.0,1285900000.0,-24900000.0,114800000.0,165700000.0,174600000.0,174200000.0,-10500000,189000000.0,-10500000.0,,,267200000.0,,,,,,,
2000-12-31,6200000.0,1090700000.0,121800000.0,21800000.0,-598800000.0,40600000.0,172700000.0,108600000.0,234900000.0,0.0,26800000.0,0.26,,48900000.0,,56000000.0,121828500.0,234900000.0,52500000.0,-17700000.0,-16300000.0,1873600000.0,2567100000.0,,14700000.0,-34000000.0,3700000.0,,,18100000.0,297300000.0,414500000.0,93900000.0,108600000.0,122332500.0,108600000.0,,111800000,0.257778,,31600000.0,-21600000.0,-21500000.0,16200000.0,,2021900000.0,,85800000,-86600000.0,5600000.0,737100000,712300000.0,1689500000.0,693500000.0,-9000000.0,,72700000.0,1053100000.0,1309600000.0,-5900000.0,180100000.0,353100000.0,377100000.0,360000000.0,27100000,274200000.0,31600000.0,,,307900000.0,,,,,,,
2001-03-31,4300000.0,1085800000.0,87500000.0,36900000.0,-616100000.0,1100000.0,176800000.0,57700000.0,188500000.0,0.0,26200000.0,0.373333,,82400000.0,661600000.0,83200000.0,122008500.0,188500000.0,-39200000.0,-18400000.0,32500000.0,1885300000.0,2442800000.0,,-50900000.0,14100000.0,500000.0,,,-600000.0,178400000.0,414500000.0,108600000.0,57700000.0,122805000.0,57700000.0,,164400000,0.371111,,45500000.0,-44100000.0,-21600000.0,51000000.0,,1870900000.0,,138300000,-61700000.0,-9500000.0,943800000,541500000.0,1701900000.0,557500000.0,-26400000.0,,36900000.0,1074200000.0,,34600000.0,174600000.0,348100000.0,507700000.0,436100000.0,45500000,297800000.0,45500000.0,,,325400000.0,,,,,,,
2001-06-30,3400000.0,1082900000.0,100900000.0,-1900000.0,-634400000.0,2200000.0,178400000.0,52100000.0,143900000.0,0.0,25600000.0,-0.035556,,-6200000.0,,85400000.0,122319000.0,143900000.0,-79500000.0,-18100000.0,89900000.0,1875900000.0,2282200000.0,,-5600000.0,71800000.0,0.0,,,-15200000.0,119400000.0,414400000.0,57700000.0,52100000.0,122319000.0,52100000.0,,31200000,-0.035556,,-4300000.0,-15700000.0,-32400000.0,36100000.0,,1764000000.0,,5000000,101400000.0,-8700000.0,411900000,444600000.0,1717300000.0,406300000.0,200000.0,,49600000.0,1066100000.0,1319400000.0,-13600000.0,181300000.0,195600000.0,190600000.0,221300000.0,-4300000,216300000.0,-4300000.0,,,298000000.0,,,,,,,
2001-09-30,7500000.0,1268000000.0,128600000.0,-11400000.0,-645500000.0,53500000.0,191200000.0,87500000.0,166100000.0,0.0,27400000.0,,,-27700000.0,,94700000.0,,166100000.0,169900000.0,-23800000.0,97400000.0,2091300000.0,2550200000.0,,35400000.0,73600000.0,0.0,,,-13500000.0,167000000.0,395000000.0,52100000.0,87500000.0,,87500000.0,,3800000,,,-16300000.0,-231900000.0,-22000000.0,9000000.0,,2048400000.0,,-23100000,70600000.0,7100000.0,375300000,567500000.0,1913500000.0,458900000.0,600000.0,,50900000.0,1196900000.0,1452100000.0,-19300000.0,196000000.0,180800000.0,163800000.0,211500000.0,-16300000,234600000.0,-16300000.0,,,255600000.0,,,,,,,
2001-12-31,6200000.0,1267900000.0,122200000.0,15800000.0,-666400000.0,40500000.0,190300000.0,108700000.0,198800000.0,0.0,28600000.0,0.195556,,39900000.0,,99600000.0,123304500.0,198800000.0,12900000.0,-23400000.0,29400000.0,2093300000.0,2642000000.0,,21200000.0,6000000.0,,,,-12700000.0,212300000.0,395000000.0,87500000.0,108700000.0,125158500.0,108700000.0,-600000.0,94600000,0.193333,,24100000.0,-21100000.0,-23400000.0,22000000.0,,2092100000.0,,71400000,-25300000.0,-700000.0,619400000,644300000.0,1934300000.0,548700000.0,2900000.0,,58400000.0,1157300000.0,1427800000.0,6300000.0,233200000.0,232100000.0,374700000.0,244700000.0,24100000,173300000.0,24100000.0,,,272400000.0,,,,,,,
2002-03-31,9400000.0,1262900000.0,74600000.0,30900000.0,-686600000.0,13800000.0,186300000.0,139500000.0,165300000.0,0.0,27800000.0,0.435556,,84900000.0,667700000.0,101600000.0,123862500.0,165300000.0,-44200000.0,-19600000.0,92300000.0,2087400000.0,2641300000.0,,30800000.0,72700000.0,,,,1200000.0,169700000.0,395100000.0,108700000.0,139500000.0,126396000.0,139500000.0,,168300000,0.426667,,54000000.0,-17300000.0,-24600000.0,65000000.0,,1980200000.0,,144800000,-36000000.0,200000.0,764000000,540000000.0,1949500000.0,553900000.0,-2100000.0,,55000000.0,1155200000.0,,47600000.0,205000000.0,265100000.0,336700000.0,427300000.0,54000000,282500000.0,54000000.0,,,331000000.0,,,,,,,
2002-06-30,4800000.0,1266800000.0,87100000.0,3500000.0,-703700000.0,1400000.0,193200000.0,135200000.0,142500000.0,0.0,27300000.0,0.031111,,7500000.0,,109800000.0,124168500.0,142500000.0,-63000000.0,-20300000.0,78000000.0,2104100000.0,2556100000.0,,-4300000.0,57700000.0,,,,4800000.0,142400000.0,395300000.0,139500000.0,135200000.0,126958500.0,135200000.0,,48100000,0.031111,,4000000.0,-19300000.0,-25100000.0,57700000.0,,1918500000.0,,24900000,50300000.0,9000000.0,446300000,474600000.0,1970500000.0,452000000.0,0.0,,49200000.0,1149300000.0,1423900000.0,-12100000.0,189700000.0,173000000.0,164200000.0,282100000.0,4000000,257200000.0,4000000.0,,,328700000.0,,,,,,,
2002-09-30,5500000.0,1271900000.0,109200000.0,-3300000.0,-720500000.0,5000000.0,208600000.0,194300000.0,204500000.0,0.0,27000000.0,,,-9900000.0,,84100000.0,,204500000.0,20000000.0,-31400000.0,47800000.0,2084400000.0,2614400000.0,,59100000.0,16400000.0,,,,6600000.0,166100000.0,396600000.0,135200000.0,194300000.0,,194300000.0,,17700000,,,-6600000.0,-8700000.0,-25200000.0,39700000.0,,2021100000.0,,-5900000,24800000.0,2500000.0,384000000,586400000.0,1992400000.0,530000000.0,18500000.0,,60700000.0,1127000000.0,1406300000.0,-22100000.0,174300000.0,157700000.0,153600000.0,230400000.0,-6600000,236300000.0,-6600000.0,,,317300000.0,,,,,,,
2002-12-31,5000000.0,1276100000.0,117200000.0,23500000.0,-743300000.0,2000000.0,210400000.0,273900000.0,334900000.0,0.0,28200000.0,0.293333,,60600000.0,,89500000.0,125064000.0,334900000.0,109000000.0,-25700000.0,-4000000.0,2098500000.0,2873800000.0,,79600000.0,-29700000.0,,,,11500000.0,254600000.0,573900000.0,194300000.0,273900000.0,127773000.0,273900000.0,,128500000,0.286667,,36700000.0,-25500000.0,-25200000.0,65000000.0,,2224400000.0,,104300000,-96500000.0,1300000.0,739900000,784600000.0,2019400000.0,775300000.0,300000.0,,57400000.0,1134900000.0,1439800000.0,-7800000.0,195100000.0,299000000.0,453100000.0,286800000.0,37100000,182500000.0,37100000.0,,,526500000.0,,,,,,,
2003-03-31,12700000.0,1279300000.0,83300000.0,44300000.0,-765800000.0,6200000.0,213000000.0,149200000.0,161300000.0,0.0,27100000.0,0.553333,,114500000.0,687300000.0,93300000.0,125874000.0,161300000.0,-198900000.0,-25400000.0,154900000.0,2119100000.0,2902700000.0,,-124700000.0,129500000.0,,,,10100000.0,302700000.0,574200000.0,273900000.0,149200000.0,128970000.0,149200000.0,,199100000,0.54,,69800000.0,-80300000.0,-25600000.0,122700000.0,,2165500000.0,,173700000,20100000.0,-9200000.0,1135900000,720000000.0,2045100000.0,783600000.0,1300000.0,,114600000.0,1133300000.0,,34200000.0,256000000.0,414800000.0,754900000.0,381000000.0,70200000,207300000.0,70200000.0,,,589100000.0,,,,,,,
2003-06-30,4600000.0,1336900000.0,97000000.0,-2200000.0,-787800000.0,84200000.0,221400000.0,121700000.0,139500000.0,0.0,26500000.0,-0.016667,,-3800000.0,,86300000.0,127353000.0,139500000.0,10800000.0,-21400000.0,54400000.0,2186800000.0,2771700000.0,,-27500000.0,33000000.0,,,,9300000.0,176700000.0,597000000.0,149200000.0,121700000.0,127353000.0,121700000.0,-5000000.0,30100000,-0.016667,,-2000000.0,-93000000.0,-25900000.0,108700000.0,,1998300000.0,,4000000,35800000.0,-3500000.0,623100000,553500000.0,2124700000.0,584900000.0,6800000.0,,125400000.0,1115900000.0,1444800000.0,-12200000.0,237300000.0,240800000.0,430100000.0,193000000.0,-1600000,189000000.0,-1600000.0,,,606000000.0,,,,,,,
2003-09-30,-200000.0,1336800000.0,136600000.0,-4900000.0,-805200000.0,6300000.0,231100000.0,142100000.0,121600000.0,-56400000.0,27400000.0,,,-10500000.0,,91000000.0,,121600000.0,3800000.0,-28400000.0,43800000.0,2194300000.0,2781700000.0,,20400000.0,15400000.0,,,,4700000.0,202500000.0,582400000.0,121700000.0,142100000.0,,142100000.0,-400000.0,27800000,,,-5600000.0,-27300000.0,29000000.0,90900000.0,,2077300000.0,,500000,33400000.0,8600000.0,527200000,570300000.0,2142000000.0,587400000.0,-50500000.0,,102100000.0,1158500000.0,1499000000.0,-39500000.0,206100000.0,199200000.0,346200000.0,181000000.0,-5600000,180500000.0,-5600000.0,,,569800000.0,,,,,,,
2003-12-31,9600000.0,1360300000.0,148600000.0,24300000.0,-827600000.0,1700000.0,230900000.0,143600000.0,192600000.0,0.0,26700000.0,0.303333,,63100000.0,,96900000.0,128517000.0,192600000.0,41300000.0,-24100000.0,13600000.0,2234600000.0,3027000000.0,,1500000.0,-10500000.0,,,,15200000.0,327200000.0,582900000.0,142100000.0,143600000.0,131841000.0,143600000.0,,130400000,0.293333,,38800000.0,-53500000.0,-27500000.0,117500000.0,,2268600000.0,6200000.0,102900000,-87700000.0,6100000.0,893700000,749800000.0,2187900000.0,792400000.0,100000.0,,108500000.0,1161600000.0,1518800000.0,-8300000.0,230000000.0,361100000.0,596900000.0,296800000.0,38800000,193900000.0,38800000.0,,,608600000.0,,,,,,,
2004-03-31,3300000.0,1884800000.0,105100000.0,40600000.0,-852600000.0,234900000.0,392700000.0,143300000.0,158100000.0,0.0,26700000.0,0.503333,,107700000.0,1316500000.0,118600000.0,132897000.0,158100000.0,137500000.0,-26100000.0,90600000.0,3382000000.0,4358900000.0,,-300000.0,64500000.0,,,,11100000.0,398500000.0,815400000.0,143600000.0,143300000.0,135930000.0,143300000.0,,215100000,0.493333,,67100000.0,-228400000.0,-27500000.0,172400000.0,,3266100000.0,4600000.0,186700000,-62800000.0,-2200000.0,1316600000,809200000.0,2737400000.0,976900000.0,0.0,,115200000.0,1609700000.0,,61200000.0,252600000.0,613300000.0,,1316600000.0,67100000,1129900000.0,67100000.0,,,894500000.0,,,,,,,
2004-06-30,5700000.0,1881200000.0,127400000.0,5500000.0,-880000000.0,63600000.0,390400000.0,160400000.0,164300000.0,0.0,33500000.0,0.053333,,13800000.0,,128800000.0,152745000.0,164300000.0,-6200000.0,-36300000.0,80600000.0,3388300000.0,4172400000.0,,17100000.0,44300000.0,-15000000.0,,,15400000.0,270300000.0,846900000.0,143300000.0,160400000.0,155724000.0,160400000.0,,66100000,0.053333,,8300000.0,-56600000.0,-31300000.0,164900000.0,,3041800000.0,-21600000.0,27600000,55700000.0,-1800000.0,823400000,723700000.0,2761200000.0,784100000.0,600000.0,,86800000.0,1554800000.0,2318100000.0,-22500000.0,289100000.0,409500000.0,,823400000.0,8300000,795800000.0,8300000.0,,,925700000.0,,,,,,,
2004-09-30,1500000.0,1781900000.0,198400000.0,-6000000.0,-892400000.0,8000000.0,449000000.0,149600000.0,200900000.0,-62400000.0,32200000.0,,,-8600000.0,,121700000.0,,200900000.0,-10700000.0,-47200000.0,73000000.0,3398900000.0,4235400000.0,,-10800000.0,25800000.0,,,,22400000.0,323900000.0,762800000.0,160400000.0,149600000.0,,149600000.0,,43300000,,,-2600000.0,-74300000.0,30000000.0,146200000.0,,3222900000.0,20200000.0,5300000,22500000.0,900000.0,751000000,922800000.0,2674300000.0,836500000.0,17300000.0,,121200000.0,1547300000.0,2292500000.0,-69800000.0,355000000.0,367300000.0,,-1775900000.0,-2600000,-1781200000.0,-2600000.0,,,834100000.0,,,,,,,
2004-12-31,22900000.0,1843000000.0,226300000.0,42000000.0,-924900000.0,3100000.0,474200000.0,121700000.0,308100000.0,-16500000.0,33500000.0,0.506667,,120200000.0,,123100000.0,154122000.0,308100000.0,20900000.0,-40900000.0,4800000.0,3537600000.0,4680500000.0,,-27900000.0,-36100000.0,,,,42000000.0,521700000.0,763300000.0,149600000.0,121700000.0,157800000.0,121700000.0,,189000000,0.496667,,78200000.0,-57000000.0,-16000000.0,208400000.0,-20000000.0,3591700000.0,-6300000.0,151400000,-126800000.0,1500000.0,1363100000,1218100000.0,2767900000.0,1142900000.0,2500000.0,,150500000.0,1561900000.0,2373600000.0,-12400000.0,388300000.0,644400000.0,913300000.0,449800000.0,78200000,298400000.0,78200000.0,,,919000000.0,,,,,,,
2005-03-31,7100000.0,1819600000.0,135400000.0,83500000.0,-947000000.0,12600000.0,472300000.0,161600000.0,249400000.0,16500000.0,33300000.0,0.753333,,200800000.0,1473900000.0,119800000.0,155373000.0,249400000.0,-92800000.0,-33600000.0,183700000.0,3479500000.0,4674400000.0,,39900000.0,150100000.0,,,,29500000.0,448200000.0,768800000.0,121700000.0,161600000.0,157629000.0,161600000.0,,317700000,0.743333,,117300000.0,-48300000.0,-49100000.0,309500000.0,0.0,3440000000.0,,280000000,-52400000.0,8200000.0,1788200000,1124700000.0,2766600000.0,1194900000.0,700000.0,,150500000.0,1520300000.0,,89400000.0,427100000.0,747400000.0,,1788200000.0,117300000,1508200000.0,117300000.0,,,1020200000.0,,,,,,,
2005-06-30,6500000.0,1787300000.0,168800000.0,-1600000.0,-966700000.0,7100000.0,468900000.0,207400000.0,289700000.0,-20000000.0,32100000.0,0.006667,,-900000.0,,120100000.0,156468000.0,289700000.0,-41800000.0,-37500000.0,128200000.0,3384500000.0,4328700000.0,,45800000.0,90700000.0,,,,-1600000.0,276800000.0,769900000.0,161600000.0,207400000.0,159036000.0,207400000.0,0.0,33300000,0.006667,,700000.0,-32700000.0,-34500000.0,292600000.0,,3182700000.0,,-3200000,89300000.0,-2500000.0,932500000,931100000.0,2754000000.0,944200000.0,3400000.0,,143700000.0,1458600000.0,2251600000.0,-35200000.0,364600000.0,424300000.0,,932500000.0,700000,935700000.0,700000.0,,,979300000.0,,,,,,,
2005-09-30,-1100000.0,1802700000.0,239900000.0,-4700000.0,-986900000.0,77000000.0,484700000.0,315000000.0,349400000.0,-46600000.0,31300000.0,,,-13400000.0,,131400000.0,,349400000.0,41100000.0,-46400000.0,121000000.0,3399200000.0,4571500000.0,,107600000.0,74600000.0,,,,16500000.0,399700000.0,793600000.0,207400000.0,315000000.0,,315000000.0,-5000000.0,31500000,,,-8700000.0,-53400000.0,32200000.0,266300000.0,,3367600000.0,,-3100000,101100000.0,4900000.0,806100000,1163100000.0,2789600000.0,1172300000.0,-3000000.0,,195600000.0,1392500000.0,2197300000.0,-71200000.0,373200000.0,421800000.0,,-2499900000.0,-8700000,-2496800000.0,-8700000.0,,,997600000.0,,,,,,,
2005-12-31,7400000.0,1805700000.0,262000000.0,38500000.0,-1012900000.0,1500000.0,483500000.0,284600000.0,585200000.0,0.0,32600000.0,0.366667,,96000000.0,,133700000.0,157735500.0,585200000.0,273900000.0,-42000000.0,-17500000.0,3389700000.0,5057900000.0,,-30400000.0,-59500000.0,,,,-10800000.0,619200000.0,795000000.0,315000000.0,284600000.0,159934500.0,284600000.0,,188500000,0.36,,57500000.0,-284800000.0,-35800000.0,306800000.0,,3847100000.0,,152200000,-146600000.0,10800000.0,1577900000,1584700000.0,2818600000.0,1668200000.0,-244400000.0,,445900000.0,1454500000.0,2262400000.0,-22700000.0,380300000.0,675700000.0,1150700000.0,427200000.0,57500000,275000000.0,57500000.0,,,1012800000.0,,,,,,,
2006-03-31,17400000.0,1799600000.0,168600000.0,64400000.0,-1033400000.0,5600000.0,486500000.0,249100000.0,191800000.0,-36100000.0,30400000.0,0.66,,168400000.0,1374000000.0,180300000.0,158047500.0,191800000.0,-280900000.0,-47300000.0,88500000.0,3415900000.0,4723100000.0,,-35500000.0,41200000.0,,,,-6000000.0,440800000.0,800500000.0,284600000.0,249100000.0,159601500.0,249100000.0,,262000000,0.653333,,104000000.0,154500000.0,300000.0,392200000.0,,3392200000.0,,226100000,-109700000.0,-2000000.0,1845500000,942900000.0,2833000000.0,1307200000.0,251800000.0,,205000000.0,1636800000.0,,94200000.0,310300000.0,684500000.0,,1845500000.0,104000000,1619400000.0,104000000.0,,,1111000000.0,,,,,,,
2006-06-30,6900000.0,1832200000.0,217200000.0,2100000.0,-1065400000.0,2200000.0,496300000.0,292600000.0,205800000.0,-18800000.0,29100000.0,0.12,,20800000.0,,182500000.0,158404500.0,205800000.0,-47900000.0,-43500000.0,122000000.0,3485000000.0,4617700000.0,,43500000.0,78500000.0,,,,18600000.0,306400000.0,0.0,249100000.0,292600000.0,160275000.0,292600000.0,5000000.0,68100000,0.12,,18700000.0,-35300000.0,-18600000.0,392600000.0,,3274700000.0,,31600000,44900000.0,-2400000.0,919100000,795900000.0,2897600000.0,1132700000.0,900000.0,,201300000.0,1642700000.0,2478800000.0,-47100000.0,269000000.0,421600000.0,,919100000.0,18700000,887500000.0,18700000.0,,,1141700000.0,,,,,,,
2006-09-30,-22000000.0,2214700000.0,340400000.0,-6500000.0,-1246600000.0,1500000.0,498300000.0,200400000.0,257300000.0,55800000.0,31500000.0,,,-10500000.0,,170800000.0,,257300000.0,354600000.0,-58900000.0,86400000.0,4039900000.0,5080500000.0,,-101500000.0,27500000.0,,,,-3800000.0,373000000.0,807500000.0,292600000.0,200400000.0,,186200000.0,104300000.0,51600000,,,-4000000.0,-541900000.0,-92000000.0,370000000.0,,3841400000.0,-27300000.0,11600000,86200000.0,1000000.0,878500000,1026600000.0,3461300000.0,1040600000.0,-15100000.0,,101600000.0,1965000000.0,2808000000.0,-56300000.0,365200000.0,398200000.0,,-2779400000.0,-4000000,-2791000000.0,-4000000.0,,,1099600000.0,,,,,,,
2006-12-31,6000000.0,2249200000.0,340800000.0,38100000.0,-1284200000.0,5800000.0,512600000.0,124400000.0,291400000.0,-17200000.0,36000000.0,0.386667,,100000000.0,,174300000.0,158895000.0,291400000.0,2500000.0,-53800000.0,-100000.0,4105000000.0,5377100000.0,,-61800000.0,-53900000.0,,,,5000000.0,524800000.0,0.0,186200000.0,124400000.0,161359500.0,124400000.0,,203000000,0.386667,,61900000.0,-66600000.0,-18700000.0,413100000.0,,4066800000.0,,161300000,-152900000.0,1700000.0,1463200000,1207800000.0,3533400000.0,1272100000.0,-14500000.0,,161900000.0,1986300000.0,2852300000.0,1100000.0,391600000.0,645000000.0,994400000.0,468800000.0,61900000,307500000.0,61900000.0,,,1158000000.0,,,,,,,
2007-03-31,7400000.0,2266200000.0,202600000.0,75900000.0,-1313600000.0,2500000.0,516700000.0,204700000.0,189700000.0,-16900000.0,35100000.0,0.753333,,196100000.0,1592200000.0,178600000.0,159496500.0,189700000.0,-142200000.0,-48400000.0,222600000.0,4119500000.0,5439900000.0,,73900000.0,174200000.0,,,,34200000.0,494600000.0,820700000.0,124400000.0,204700000.0,161640000.0,198300000.0,,333600000,0.746667,,120200000.0,-7700000.0,-18700000.0,514600000.0,,4139400000.0,,291800000,-40500000.0,1800000.0,2002100000,1048800000.0,3579800000.0,1320400000.0,22700000.0,,130500000.0,1985700000.0,,138600000.0,364500000.0,782600000.0,,2002100000.0,120200000,1710300000.0,120200000.0,,,1300500000.0,,,,,,,
2007-06-30,8200000.0,2303600000.0,249600000.0,8300000.0,-1344800000.0,5700000.0,535200000.0,191900000.0,131300000.0,-127100000.0,33900000.0,0.073333,,19800000.0,,189500000.0,159982500.0,131300000.0,-69900000.0,-51600000.0,134300000.0,4180200000.0,5223000000.0,,-27400000.0,82700000.0,,,,34200000.0,350400000.0,825300000.0,198300000.0,191900000.0,161959500.0,170900000.0,0.0,84600000,0.073333,,11500000.0,-93300000.0,-19700000.0,506800000.0,,3721500000.0,5900000.0,42500000,64500000.0,3700000.0,1076800000,806100000.0,3648400000.0,1042800000.0,-14600000.0,,91400000.0,2012600000.0,2908900000.0,-43600000.0,324400000.0,509900000.0,,1076800000.0,11500000,1034300000.0,11500000.0,,,1300500000.0,,,,,,,
2007-09-30,41000000.0,2397400000.0,359500000.0,4400000.0,-1387200000.0,2400000.0,512800000.0,264600000.0,213600000.0,81300000.0,34600000.0,,,15100000.0,,170800000.0,,213600000.0,31100000.0,-69300000.0,99400000.0,4329100000.0,5502700000.0,,80900000.0,30100000.0,,,,57700000.0,420800000.0,0.0,170900000.0,264600000.0,,251800000.0,,51400000,,,10700000.0,-56200000.0,-19700000.0,497500000.0,,3988600000.0,33100000.0,7800000,66700000.0,19900000.0,934800000,1057500000.0,3784600000.0,1173600000.0,8000000.0,,89700000.0,2038800000.0,2924700000.0,-105200000.0,384600000.0,459800000.0,,934800000.0,10700000,927000000.0,10700000.0,,,1321900000.0,,,,,,,
2007-12-31,8900000.0,2419000000.0,393600000.0,48500000.0,-1416300000.0,1600000.0,528700000.0,232000000.0,348100000.0,-19700000.0,36100000.0,0.5,,128500000.0,,175700000.0,160471500.0,348100000.0,96000000.0,-51800000.0,-82600000.0,4370600000.0,6068100000.0,,-39500000.0,-134400000.0,,,,77200000.0,714100000.0,0.0,251800000.0,232000000.0,162477000.0,212300000.0,,231500000,0.493333,,80000000.0,-55700000.0,-19700000.0,556700000.0,,4451100000.0,,186600000,-260400000.0,8700000.0,1764700000,1478000000.0,3835300000.0,1697500000.0,-9000000.0,,168800000.0,2052500000.0,2966800000.0,-33300000.0,415800000.0,903100000.0,,1764700000.0,80000000,1578100000.0,80000000.0,,,1403300000.0,,,,,,,
2008-03-31,13100000.0,2475200000.0,228900000.0,79100000.0,-1457500000.0,3000000.0,543600000.0,240300000.0,244600000.0,-19800000.0,36100000.0,0.786667,,205200000.0,1749700000.0,177100000.0,160674000.0,244600000.0,-197100000.0,-46700000.0,246200000.0,4493200000.0,6127500000.0,,28000000.0,199500000.0,,,,108800000.0,599700000.0,0.0,212300000.0,240300000.0,162381000.0,240300000.0,,349400000,0.78,,126100000.0,-29200000.0,-19800000.0,663000000.0,,4323400000.0,,303600000,-5300000.0,-14300000.0,2361500000,1322200000.0,3932700000.0,1634300000.0,16600000.0,,155000000.0,2047700000.0,,168800000.0,477900000.0,1010100000.0,,2361500000.0,126100000,2057900000.0,126100000.0,,,1551100000.0,,,,,,,
2008-06-30,7800000.0,2483000000.0,318000000.0,11300000.0,-1494400000.0,12200000.0,550700000.0,276500000.0,148400000.0,-10700000.0,35400000.0,0.1,,27000000.0,,208400000.0,161131500.0,148400000.0,-102100000.0,-54300000.0,188400000.0,4526100000.0,5967300000.0,,31900000.0,134100000.0,,,,130200000.0,494900000.0,0.0,240300000.0,276500000.0,162885000.0,272200000.0,,96500000,0.093333,,15700000.0,-54800000.0,-20700000.0,658000000.0,,4140800000.0,26900000.0,49700000,131300000.0,5400000.0,1332800000,1118900000.0,3977400000.0,1441200000.0,-4000000.0,,154100000.0,2059400000.0,3015800000.0,-89100000.0,475600000.0,692600000.0,,1332800000.0,15700000,1283100000.0,15700000.0,,,1582800000.0,,,,,,,
2008-09-30,-2700000.0,2449500000.0,400800000.0,-4400000.0,-1515100000.0,4100000.0,497000000.0,315500000.0,218200000.0,53600000.0,34900000.0,,,-10700000.0,,160800000.0,,218200000.0,23100000.0,-79300000.0,112400000.0,4346400000.0,5685000000.0,,-27000000.0,33100000.0,,,,-15200000.0,461800000.0,0.0,272200000.0,315500000.0,,245200000.0,,50600000,,,-6300000.0,-149800000.0,-101600000.0,630900000.0,,4108100000.0,13700000.0,3700000,73500000.0,-700000.0,1189200000,1184200000.0,3964600000.0,1338600000.0,-71600000.0,,134300000.0,1987300000.0,2917900000.0,-88700000.0,504200000.0,488000000.0,,1189200000.0,-6300000,1185500000.0,-6300000.0,,,1417700000.0,,,,,,,
2008-12-31,47100000.0,2707500000.0,345200000.0,68200000.0,-1640700000.0,1700000.0,452100000.0,291900000.0,518900000.0,-20700000.0,37100000.0,0.706667,,183100000.0,,263000000.0,162336000.0,518900000.0,373700000.0,-72900000.0,-60400000.0,4650300000.0,6446200000.0,,-69700000.0,-133300000.0,,,,-121700000.0,546700000.0,0.0,245200000.0,291900000.0,163513500.0,175500000.0,,289800000,0.7,,114900000.0,-376800000.0,-20800000.0,725000000.0,,4900900000.0,-13600000.0,242100000,-204900000.0,-29200000.0,1778500000,1799100000.0,4348200000.0,1795900000.0,-46100000.0,,399000000.0,2090500000.0,3095900000.0,78100000.0,733500000.0,759800000.0,,1778500000.0,114900000,1536400000.0,114900000.0,,,1407900000.0,,,,,,,
2009-03-31,-600000.0,2755000000.0,173500000.0,97400000.0,-1696400000.0,600000.0,432100000.0,192600000.0,205600000.0,20700000.0,35000000.0,0.973333,,339200000.0,159500000.0,98400000.0,162612000.0,649100000.0,-375600000.0,-65900000.0,503000000.0,4637200000.0,6136800000.0,,17100000.0,437100000.0,,,,-130200000.0,428800000.0,0.0,175500000.0,192600000.0,163655172.0,192600000.0,,424000000,0.966667,,158200000.0,-109800000.0,-62300000.0,862300000.0,,4342700000.0,167600000.0,374800000,179500000.0,12500000.0,2137800000,1283500000.0,4451400000.0,1499600000.0,-27000000.0,1508800000.0,80300000.0,2057900000.0,569200000.0,174500000.0,,767600000.0,1380100000.0,757700000.0,241800000,382900000.0,158200000.0,2900000.0,,1546000000.0,,,3059200000.0,,,,
2009-06-30,0.0,2823300000.0,269100000.0,6400000.0,-1750500000.0,3300000.0,470500000.0,240100000.0,137100000.0,-300000.0,34600000.0,-0.02,-2400000.0,-5800000.0,161600000.0,94100000.0,162888000.0,532800000.0,-111700000.0,-74600000.0,150700000.0,4740100000.0,5901300000.0,,47500000.0,76100000.0,,359100000.0,51300000.0,-71700000.0,276400000.0,0.0,192600000.0,240100000.0,162888000.0,240100000.0,,80100000,-0.02,-163500000.0,-3600000.0,2800000.0,19800000.0,837000000.0,,4059200000.0,3000000.0,28800000,91600000.0,8400000.0,962200000,946300000.0,4573800000.0,1161200000.0,79800000.0,1545500000.0,62400000.0,2087900000.0,554500000.0,-93600000.0,,454500000.0,591600000.0,370600000.0,-12200000,341800000.0,-3600000.0,2900000.0,,1583300000.0,281000000.0,-3300000.0,3112900000.0,,,,
2009-09-30,-2300000.0,2903600000.0,363200000.0,-12900000.0,-1788800000.0,5200000.0,510600000.0,280100000.0,257600000.0,1500000.0,34400000.0,,-3100000.0,-44400000.0,165500000.0,206100000.0,,414900000.0,-1000000.0,-88300000.0,71700000.0,4857500000.0,6042600000.0,,40000000.0,-16600000.0,,11200000.0,52100000.0,-38900000.0,334900000.0,0.0,240100000.0,280100000.0,,280100000.0,,42100000,,92600000.0,-11000000.0,-36100000.0,-21800000.0,804300000.0,-27200000.0,4225800000.0,-3000000.0,-7700000,-12900000.0,35100000.0,859300000,1097300000.0,4692400000.0,1185100000.0,55300000.0,1582300000.0,60900000.0,2038600000.0,579300000.0,-92000000.0,89900000.0,405900000.0,527800000.0,331500000.0,-31500000,339200000.0,-11000000.0,,,1591400000.0,290400000.0,71300000.0,3128500000.0,,,,
2009-12-31,0.0,2915000000.0,387400000.0,63500000.0,-1822500000.0,1700000.0,519800000.0,262800000.0,314100000.0,0.0,34200000.0,0.6,-4400000.0,209000000.0,158600000.0,215700000.0,163615500.0,541500000.0,13100000.0,-75000000.0,17100000.0,4856800000.0,6452700000.0,47200000.0,-64500000.0,-57900000.0,,-436900000.0,53000000.0,-27800000.0,530700000.0,0.0,280100000.0,215600000.0,164815500.0,215600000.0,,296200000,0.6,206800000.0,98400000.0,-92500000.0,-21900000.0,880800000.0,-21700000.0,4500300000.0,14100000.0,243200000,-210200000.0,-10200000.0,1618800000,1386300000.0,4737500000.0,1595900000.0,-13100000.0,1567500000.0,94700000.0,2025200000.0,569000000.0,-25200000.0,,764800000.0,1026800000.0,592000000.0,145500000,348800000.0,98400000.0,,,1681800000.0,296700000.0,-1900000.0,3114000000.0,,,,
2010-03-31,0.0,2902900000.0,223900000.0,99100000.0,-1852800000.0,,517400000.0,284500000.0,754500000.0,2100000.0,34100000.0,0.96,-5300000.0,331900000.0,149300000.0,220000000.0,163848000.0,505400000.0,-119600000.0,-70800000.0,287200000.0,4801900000.0,6318800000.0,13800000.0,55100000.0,216400000.0,,-67800000.0,52600000.0,-71400000.0,432600000.0,0.0,215600000.0,270700000.0,165129000.0,270700000.0,,418600000,0.953333,-88300000.0,157100000.0,-106400000.0,-21700000.0,1016200000.0,-21700000.0,4227500000.0,18100000.0,366000000,-70200000.0,35900000.0,2120300000,1692500000.0,4755700000.0,1516900000.0,-30300000.0,1529700000.0,6700000.0,1475200000.0,542400000.0,161300000.0,,855900000.0,1366900000.0,753400000.0,232800000,387400000.0,157100000.0,,,1781200000.0,328400000.0,-19700000.0,2535000000.0,,,,
2010-06-30,-1900000.0,2875500000.0,249200000.0,-100000.0,-1866200000.0,,516300000.0,241800000.0,608100000.0,16200000.0,33600000.0,0.02,-15700000.0,-4300000.0,138100000.0,230500000.0,164524500.0,427500000.0,-145300000.0,-83000000.0,212400000.0,4720000000.0,5831600000.0,,-28900000.0,129400000.0,,357400000.0,51700000.0,-115800000.0,297900000.0,0.0,270700000.0,241800000.0,166048500.0,241800000.0,,81000000,0.02,-128500000.0,3400000.0,-85900000.0,-93700000.0,992100000.0,,3837600000.0,14700000.0,31200000,140500000.0,21200000.0,961900000,1333500000.0,4741700000.0,1111600000.0,28700000.0,1475900000.0,33500000.0,1456800000.0,531000000.0,-29200000.0,,503400000.0,615500000.0,346400000.0,-4200000,315200000.0,3400000.0,,,1730000000.0,267600000.0,-111200000.0,2504100000.0,,,,
2010-09-30,-200000.0,3053200000.0,314000000.0,5100000.0,-1916500000.0,,606700000.0,260700000.0,774000000.0,-14800000.0,31900000.0,,-57600000.0,-13300000.0,150100000.0,388200000.0,,441800000.0,38200000.0,-118500000.0,82100000.0,5154200000.0,6374300000.0,,18900000.0,-36400000.0,,52700000.0,52900000.0,-10100000.0,372600000.0,0.0,241800000.0,260700000.0,,260700000.0,-11900000.0,71500000,,57100000.0,2100000.0,-114500000.0,-50400000.0,966700000.0,,4312700000.0,-12100000.0,18800000,74900000.0,15700000.0,890400000,1674700000.0,4969700000.0,1220100000.0,6900000.0,1562700000.0,37400000.0,1432200000.0,599100000.0,-91100000.0,86300000.0,467800000.0,574800000.0,315600000.0,-18400000,296800000.0,2100000.0,,,1824500000.0,,38000000.0,2638000000.0,,,,
2010-12-31,-200000.0,3109000000.0,387300000.0,63800000.0,-1953800000.0,11600000.0,606900000.0,139400000.0,821900000.0,-10700000.0,33300000.0,0.68,-37800000.0,218800000.0,150100000.0,348900000.0,166341000.0,533900000.0,22200000.0,-85600000.0,-36000000.0,5172700000.0,6807800000.0,,-121300000.0,-121600000.0,,-485800000.0,55300000.0,14800000.0,668300000.0,0.0,260700000.0,139400000.0,168624000.0,139400000.0,,307400000,0.673333,280300000.0,113100000.0,-104100000.0,-50600000.0,1052000000.0,,4598000000.0,8300000.0,252300000,-239300000.0,-20700000.0,1765600000,2024100000.0,5062800000.0,1635100000.0,19300000.0,1564700000.0,109000000.0,1448400000.0,518600000.0,-66900000.0,,906900000.0,1162600000.0,603000000.0,155000000,350700000.0,113100000.0,,,1948800000.0,,-3000000.0,2573900000.0,,,,
2011-03-31,-18800000.0,3187200000.0,222100000.0,87900000.0,-2014900000.0,10300000.0,671700000.0,298100000.0,260100000.0,1900000.0,34300000.0,0.893333,-6800000.0,303500000.0,160200000.0,379500000.0,167455500.0,509700000.0,-91300000.0,-81800000.0,328100000.0,5315300000.0,6894400000.0,0.0,158700000.0,246300000.0,,,55500000.0,63600000.0,458100000.0,0.0,139400000.0,298100000.0,169740000.0,298100000.0,,393300000,0.88,-217200000.0,149400000.0,-81200000.0,-50800000.0,1173500000.0,,4451300000.0,5800000.0,357000000,-29200000.0,38600000.0,2181000000,1227900000.0,5202100000.0,1579100000.0,7400000.0,1588400000.0,15800000.0,2028000000.0,523700000.0,171300000.0,,908700000.0,1423900000.0,757100000.0,215600000,400100000.0,149400000.0,,,2139200000.0,350000000.0,-981000000.0,3223400000.0,,,,
2011-06-30,-200000.0,3228000000.0,271600000.0,-4500000.0,-2065900000.0,3000000.0,683300000.0,317800000.0,244600000.0,100000.0,35000000.0,-0.04,-5000000.0,-18000000.0,159500000.0,384000000.0,168030000.0,451600000.0,-69500000.0,-77900000.0,175100000.0,5383500000.0,6673700000.0,0.0,19700000.0,97200000.0,,,57800000.0,67600000.0,338700000.0,0.0,298100000.0,317800000.0,168030000.0,317800000.0,,74800000,-0.04,-114400000.0,-7200000.0,-86700000.0,-53000000.0,1137300000.0,,4292800000.0,4300000.0,17200000,114400000.0,6900000.0,1105400000,1034900000.0,5293900000.0,1290200000.0,-3800000.0,1612000000.0,10500000.0,2039500000.0,535100000.0,-47700000.0,,595700000.0,731000000.0,374400000.0,-13500000,357200000.0,-7200000.0,,,2111200000.0,304300000.0,-3300000.0,3257900000.0,,,,
2011-09-30,-25500000.0,3204500000.0,363000000.0,-16400000.0,-2080000000.0,2400000.0,714200000.0,238500000.0,186100000.0,12200000.0,35400000.0,,-2900000.0,-65300000.0,147800000.0,442700000.0,,418300000.0,-13500000.0,-115400000.0,87500000.0,5357200000.0,6663300000.0,0.0,-79300000.0,-27900000.0,,,59300000.0,-17700000.0,399600000.0,0.0,317800000.0,238500000.0,,238500000.0,,29400000,,70500000.0,-22400000.0,-143400000.0,-53100000.0,1085800000.0,,4472200000.0,-25500000.0,-6700000,11200000.0,57900000.0,1039300000,1077900000.0,5284500000.0,1306100000.0,-25100000.0,1562200000.0,8600000.0,2110300000.0,569800000.0,-84600000.0,73900000.0,546700000.0,693400000.0,345900000.0,-48900000,352600000.0,-22400000.0,,,1977700000.0,,-396300000.0,3394300000.0,,,,
2011-12-31,-100000.0,3273800000.0,390700000.0,42100000.0,-2112800000.0,3100000.0,698500000.0,229000000.0,468700000.0,19300000.0,36000000.0,0.52,-152800000.0,152200000.0,159700000.0,427700000.0,168360000.0,588700000.0,256700000.0,-87400000.0,-22400000.0,5485900000.0,7153900000.0,0.0,-9500000.0,-109800000.0,,-283700000.0,60300000.0,-61800000.0,507400000.0,0.0,238500000.0,229000000.0,169728000.0,229000000.0,,248500000,0.513333,63700000.0,87000000.0,-243400000.0,-53200000.0,1143600000.0,,4954200000.0,8100000.0,188300000,-175800000.0,-16900000.0,1688800000,1564800000.0,5386600000.0,1668000000.0,1900000.0,1624700000.0,8100000.0,2115700000.0,575200000.0,-25300000.0,,842900000.0,1101800000.0,587000000.0,110100000,398700000.0,87000000.0,,,1994200000.0,342400000.0,-3100000.0,3389400000.0,,,,
2012-03-31,-13400000.0,4226500000.0,347800000.0,75100000.0,-2186300000.0,282400000.0,854000000.0,402400000.0,259000000.0,100000.0,65300000.0,0.793333,-1409000000.0,302100000.0,733200000.0,453800000.0,168765000.0,722800000.0,1283500000.0,-64900000.0,357100000.0,8208700000.0,10129400000.0,0.0,173400000.0,292200000.0,,,82800000.0,-40900000.0,489000000.0,0.0,229000000.0,402400000.0,169858500.0,402400000.0,,450200000,0.786667,-81000000.0,133400000.0,-1470600000.0,-76400000.0,1247900000.0,,6463300000.0,-12400000.0,380800000,6300000.0,27900000.0,2427500000,1470800000.0,6412800000.0,1920700000.0,-1800000.0,2795200000.0,3600000.0,3542800000.0,595700000.0,127300000.0,,1000800000.0,1526600000.0,900900000.0,227000000,520100000.0,133400000.0,,,2326400000.0,443300000.0,-215600000.0,4992500000.0,,,,
2012-06-30,0.0,4188900000.0,317300000.0,-4000000.0,-2226800000.0,3800000.0,837500000.0,436500000.0,273400000.0,0.0,61300000.0,-0.04,-11900000.0,-80500000.0,717700000.0,452300000.0,169089000.0,693900000.0,-105400000.0,-83700000.0,231500000.0,8114900000.0,9652200000.0,0.0,34100000.0,147800000.0,,,84600000.0,-77700000.0,346000000.0,0.0,402400000.0,436500000.0,169089000.0,436500000.0,,65400000,-0.04,-114900000.0,-6300000.0,-86000000.0,-85600000.0,1211200000.0,,6215400000.0,6900000.0,-19200000,212000000.0,-1100000.0,1277200000,1313300000.0,6415700000.0,1537300000.0,9600000.0,2756000000.0,2700000.0,3475100000.0,589500000.0,26100000.0,,624900000.0,810200000.0,467000000.0,-76500000,486200000.0,-6300000.0,,,2258000000.0,405800000.0,-21400000.0,4902100000.0,,,,
2012-09-30,-100000.0,4233100000.0,356900000.0,-13600000.0,-2286000000.0,10500000.0,939600000.0,319900000.0,331800000.0,-31900000.0,58900000.0,,-6800000.0,-87600000.0,658200000.0,495600000.0,,580100000.0,-156300000.0,-103400000.0,141500000.0,8205200000.0,9709700000.0,0.0,-116600000.0,38100000.0,,,88300000.0,-62000000.0,411300000.0,0.0,436500000.0,319900000.0,,319900000.0,,59600000,,53500000.0,-14700000.0,-104500000.0,-85600000.0,1166100000.0,,6390900000.0,-13300000.0,-28600000,42700000.0,73000000.0,1125700000,1487000000.0,6519100000.0,1504500000.0,5700000.0,2818300000.0,6500000.0,3347600000.0,616700000.0,-38900000.0,72700000.0,632600000.0,672600000.0,453100000.0,-74000000,481700000.0,-14700000.0,,,2233100000.0,400200000.0,-59800000.0,4903900000.0,,,,
2012-12-31,0.0,4270800000.0,378500000.0,65100000.0,-2359100000.0,10600000.0,950600000.0,348100000.0,497600000.0,1300000.0,60300000.0,0.606667,0.0,235800000.0,646800000.0,495200000.0,169704000.0,704900000.0,87500000.0,-91300000.0,31100000.0,8247800000.0,10167500000.0,,28200000.0,-60200000.0,,-408100000.0,87100000.0,-43700000.0,580700000.0,0.0,319900000.0,348100000.0,171735000.0,348100000.0,,383200000,0.6,164800000.0,102600000.0,-93400000.0,-85800000.0,1238100000.0,,6722000000.0,-3800000.0,296100000,-233800000.0,1600000.0,2023200000,1783200000.0,6629900000.0,1919700000.0,-2100000.0,2835000000.0,3600000.0,3358400000.0,629800000.0,-19300000.0,,999200000.0,1218800000.0,804400000.0,170700000,508300000.0,102600000.0,,,2335000000.0,426900000.0,-6300000.0,4938800000.0,,,,
2013-03-31,100000.0,4286700000.0,292400000.0,100000000.0,-2419400000.0,8500000.0,945800000.0,446300000.0,340100000.0,3200000.0,60100000.0,1.013333,-23500000.0,426200000.0,629900000.0,484300000.0,170563500.0,695200000.0,-232500000.0,-93500000.0,449700000.0,8214700000.0,10236300000.0,,98200000.0,356200000.0,,-142000000.0,87300000.0,-45600000.0,583400000.0,0.0,348100000.0,446300000.0,172798500.0,446300000.0,,573600000,1.006667,10200000.0,171900000.0,-112500000.0,-85900000.0,1379400000.0,,6519000000.0,10900000.0,486200000,-8700000.0,17200000.0,2537100000,1618700000.0,6706100000.0,2021600000.0,4500000.0,2813800000.0,1100000.0,3340500000.0,614000000.0,83800000.0,,1124800000.0,1500600000.0,1036500000.0,326200000,550300000.0,171900000.0,,,2490000000.0,465800000.0,-3200000.0,4900300000.0,,,,
2013-06-30,0.0,4325000000.0,304000000.0,9000000.0,-2495400000.0,9400000.0,961300000.0,401800000.0,331500000.0,900000.0,59200000.0,0.086667,-800000.0,-6100000.0,608600000.0,499200000.0,171360000.0,609700000.0,-141000000.0,-106800000.0,205600000.0,8266800000.0,9828800000.0,,-44500000.0,98800000.0,,409000000.0,91900000.0,-30700000.0,384500000.0,0.0,446300000.0,401800000.0,174294000.0,401800000.0,,145000000,0.086667,-201900000.0,14700000.0,-110800000.0,-90200000.0,1361900000.0,,6198700000.0,-18400000.0,53100000,127700000.0,16700000.0,1372300000,1325700000.0,6820400000.0,1562000000.0,-3200000.0,2834000000.0,3700000.0,3298200000.0,613500000.0,-10400000.0,,752600000.0,827900000.0,544400000.0,-15100000,491300000.0,14700000.0,,,2497900000.0,404700000.0,-9500000.0,4873000000.0,,,,
2013-09-30,-7200000.0,4480200000.0,365500000.0,-11300000.0,-2560300000.0,7900000.0,966600000.0,389300000.0,295100000.0,3700000.0,60700000.0,,-54600000.0,-65500000.0,607900000.0,419700000.0,,294700000.0,99900000.0,-194400000.0,115100000.0,8381500000.0,10008800000.0,,-12500000.0,-79300000.0,,30300000.0,96800000.0,8400000.0,472300000.0,0.0,401800000.0,389300000.0,,389300000.0,,92000000,,65600000.0,-11100000.0,-236600000.0,-90400000.0,1308300000.0,,6460900000.0,-30100000.0,-21200000,70700000.0,13200000.0,1262100000,1424900000.0,7040500000.0,1627300000.0,12400000.0,2873700000.0,8200000.0,3542200000.0,527200000.0,-49500000.0,157600000.0,745600000.0,777100000.0,485000000.0,-54200000,506200000.0,-11100000.0,,205200000.0,2492500000.0,394600000.0,-149700000.0,5036000000.0,,,,
2013-12-31,0.0,4517100000.0,412400000.0,86900000.0,-2630900000.0,1700000.0,984400000.0,418100000.0,488700000.0,200000.0,59300000.0,0.706667,-20800000.0,304400000.0,598800000.0,435600000.0,172237500.0,699400000.0,101100000.0,-133100000.0,72900000.0,8436000000.0,10663500000.0,,28800000.0,-60200000.0,,-508200000.0,94000000.0,32200000.0,691400000.0,0.0,389300000.0,418100000.0,174705000.0,418100000.0,,457700000,0.7,245900000.0,122000000.0,-148800000.0,-90400000.0,1397900000.0,,6944800000.0,800000.0,363700000,-223400000.0,-19700000.0,2315900000,1879500000.0,7148000000.0,2227500000.0,5100000.0,2884500000.0,400000.0,3549100000.0,531800000.0,-45100000.0,,1204000000.0,1429900000.0,886000000.0,217500000,522300000.0,122000000.0,,,2609600000.0,431500000.0,-4100000.0,5065300000.0,,,,
2014-03-31,0.0,4519100000.0,324400000.0,141300000.0,-2637800000.0,8600000.0,988500000.0,493600000.0,325100000.0,5200000.0,59500000.0,1.24,-500000.0,529100000.0,608200000.0,426100000.0,172759500.0,696100000.0,-246500000.0,-91300000.0,410100000.0,8439400000.0,10720500000.0,,75500000.0,318800000.0,,-124300000.0,87700000.0,24300000.0,634100000.0,0.0,418100000.0,493600000.0,175120500.0,493600000.0,,676300000,1.226667,-51800000.0,214400000.0,-88500000.0,-90500000.0,1579900000.0,,6718400000.0,-7600000.0,588600000,-126200000.0,32700000.0,3163300000,1655300000.0,7156900000.0,2281100000.0,3300000.0,2886000000.0,4200000.0,3548600000.0,526000000.0,88100000.0,,1323300000.0,2001300000.0,1162000000.0,387800000,573400000.0,214400000.0,,,2795200000.0,492000000.0,-198200000.0,5063100000.0,,,,
2014-06-30,-100000.0,4543400000.0,332000000.0,15200000.0,-2702300000.0,-3300000.0,990200000.0,438400000.0,174900000.0,2500000.0,60100000.0,0.12,-2000000.0,2500000.0,590300000.0,420000000.0,173055000.0,635500000.0,-330000000.0,-101100000.0,375100000.0,8438800000.0,10077700000.0,,-55200000.0,274000000.0,,576100000.0,90000000.0,25400000.0,403800000.0,0.0,493600000.0,438400000.0,175572000.0,438400000.0,,152600000,0.12,-234900000.0,20600000.0,-100100000.0,-94600000.0,1566700000.0,-16900000.0,6196900000.0,1900000.0,62700000,285800000.0,8200000.0,1486700000,1214200000.0,7245700000.0,1638900000.0,3000000.0,2885100000.0,9400000.0,3477800000.0,514700000.0,-8200000.0,,785400000.0,926500000.0,560200000.0,-12700000,497500000.0,20600000.0,,,2771000000.0,415900000.0,-91500000.0,4982700000.0,,,,
2014-09-30,5400000.0,4543700000.0,423000000.0,-8200000.0,-2633000000.0,3900000.0,1009000000.0,419500000.0,288000000.0,3900000.0,58800000.0,-0.11,-13800000.0,-68200000.0,576400000.0,209000000.0,172882000.0,307200000.0,-300000.0,-131300000.0,147300000.0,8430000000.0,10093000000.0,,-18900000.0,16000000.0,,74500000.0,91200000.0,-21200000.0,459800000.0,0.0,438400000.0,419500000.0,172882000.0,419500000.0,,81800000,-0.11,44500000.0,-19800000.0,-150200000.0,-98300000.0,1509400000.0,-18400000.0,6429800000.0,-33300000.0,-35900000,57300000.0,45500000.0,1311400000,1430900000.0,7176700000.0,1663000000.0,-5100000.0,2833400000.0,13200000.0,3433600000.0,539700000.0,-99900000.0,164400000.0,684700000.0,818000000.0,493400000.0,-60000000,529300000.0,-19800000.0,,211500000.0,2659100000.0,413200000.0,51200000.0,4998900000.0,,,,
2014-12-31,-1000000.0,4552700000.0,391000000.0,23100000.0,-2664200000.0,5500000.0,980100000.0,410100000.0,605600000.0,-3300000.0,59000000.0,0.2,-7200000.0,23300000.0,563700000.0,451100000.0,172945000.0,806700000.0,149800000.0,-132100000.0,19000000.0,8390400000.0,10430000000.0,,-9400000.0,-113100000.0,,-341800000.0,91000000.0,-40100000.0,556500000.0,0.0,419500000.0,410100000.0,175786000.0,410100000.0,,173300000,0.19,119300000.0,34100000.0,-170300000.0,-98300000.0,1506000000.0,,6875300000.0,-900000.0,83300000,-248200000.0,-59800000.0,2004600000,1968800000.0,7216900000.0,2039600000.0,-31000000.0,2806800000.0,16800000.0,3341200000.0,545300000.0,27600000.0,,960600000.0,1404600000.0,600000000.0,200000,516700000.0,34100000.0,,,2646300000.0,435700000.0,-2600000.0,4906500000.0,,,,
2015-03-31,-100000.0,4486300000.0,201500000.0,161600000.0,-2691000000.0,-500000.0,945800000.0,445500000.0,560400000.0,1000000.0,58200000.0,1.42,-100000.0,643800000.0,537500000.0,447800000.0,173154000.0,848500000.0,-487700000.0,-101400000.0,638800000.0,8223700000.0,10182700000.0,,35400000.0,537400000.0,,-127900000.0,88000000.0,-85400000.0,440800000.0,0.0,410100000.0,445500000.0,175628000.0,445500000.0,,790000000,1.4,-87500000.0,246500000.0,-95500000.0,-98400000.0,1715000000.0,,6299000000.0,7900000.0,702100000,125400000.0,26100000.0,2455600000,1849700000.0,7177300000.0,1959000000.0,6000000.0,2731200000.0,600000.0,2958200000.0,511000000.0,180400000.0,,1046000000.0,1205400000.0,1250200000.0,482200000,548100000.0,246500000.0,,,2803000000.0,466600000.0,-11800000.0,4449300000.0,,,,
2015-06-30,0.0,4923700000.0,208700000.0,4500000.0,-2773600000.0,5300000.0,1166600000.0,385900000.0,151300000.0,-2900000.0,67500000.0,0.06,-420900000.0,-11400000.0,628500000.0,466400000.0,173136000.0,831300000.0,130600000.0,-96900000.0,310300000.0,8961900000.0,10520000000.0,,-59600000.0,213400000.0,,524100000.0,92500000.0,-112200000.0,356800000.0,0.0,445500000.0,385900000.0,175580000.0,385900000.0,,148600000,0.05,-203000000.0,9600000.0,-509200000.0,-102900000.0,1685300000.0,0.0,6784400000.0,19500000.0,56100000,230600000.0,-6200000.0,1148100000,1339400000.0,7697300000.0,1558100000.0,8600000.0,2927700000.0,2800000.0,3628300000.0,624400000.0,3000000.0,,728200000.0,586400000.0,561700000.0,-15900000,505600000.0,9600000.0,,,2748500000.0,419800000.0,-392000000.0,5445000000.0,,,,
2015-09-30,11000000.0,4994100000.0,239900000.0,-11400000.0,-2835000000.0,1600000.0,1137600000.0,369700000.0,447900000.0,1700000.0,57200000.0,-0.05,-19300000.0,-63900000.0,610100000.0,212800000.0,173265000.0,405300000.0,-9800000.0,-160200000.0,195700000.0,9086800000.0,10546600000.0,,-16200000.0,35500000.0,,108900000.0,102600000.0,-114600000.0,392900000.0,0.0,385900000.0,369700000.0,173265000.0,369700000.0,,95900000,-0.05,36300000.0,-9200000.0,-201300000.0,-102800000.0,1636900000.0,-16800000.0,6974200000.0,-36200000.0,-31200000,84000000.0,53600000.0,1082800000,1678900000.0,7829100000.0,1459800000.0,-21800000.0,2953400000.0,4100000.0,3441800000.0,684700000.0,-29600000.0,190800000.0,619700000.0,540100000.0,542700000.0,-52500000,573900000.0,-9200000.0,,242000000.0,2692000000.0,451800000.0,-23000000.0,5295300000.0,,,,
2015-12-31,-100000.0,5012900000.0,246800000.0,79600000.0,-2896900000.0,2000000.0,1143900000.0,403000000.0,643700000.0,400000.0,57900000.0,0.66,-41700000.0,247500000.0,602400000.0,208800000.0,172862000.0,844700000.0,68400000.0,-132000000.0,127500000.0,9106400000.0,10780400000.0,,33300000.0,-4500000.0,,-213400000.0,100600000.0,-142900000.0,423300000.0,0.0,369700000.0,403000000.0,175218000.0,403000000.0,,406000000,0.65,33700000.0,114600000.0,-155300000.0,-102800000.0,1712300000.0,-23600000.0,7187900000.0,5900000.0,305500000,-130900000.0,-20900000.0,1606600000,1911700000.0,7909800000.0,1674000000.0,18400000.0,2965100000.0,3900000.0,3422400000.0,676300000.0,-9100000.0,,803100000.0,734000000.0,872600000.0,167900000,567100000.0,114600000.0,,,2719400000.0,464100000.0,-74500000.0,5276200000.0,,,,
2016-03-31,0.0,5083100000.0,176500000.0,150100000.0,-2987100000.0,3200000.0,1190100000.0,466200000.0,235600000.0,6500000.0,57300000.0,1.35,-7700000.0,558100000.0,598200000.0,215100000.0,172619000.0,851300000.0,-328000000.0,-122600000.0,490800000.0,9248400000.0,10955400000.0,,63200000.0,368200000.0,,-55400000.0,100700000.0,-129900000.0,379800000.0,0.0,403000000.0,466200000.0,174845000.0,466200000.0,,716100000,1.33,-39600000.0,233200000.0,-112900000.0,-102900000.0,1906200000.0,-1100000.0,7030400000.0,-5000000.0,615400000,-28100000.0,70400000.0,1972100000,1466700000.0,8070200000.0,1707000000.0,17400000.0,2998600000.0,3200000.0,3630500000.0,722700000.0,72700000.0,,858400000.0,776900000.0,1195200000.0,408000000,579800000.0,233200000.0,,,2940200000.0,481000000.0,-19400000.0,5563700000.0,,,,
2016-06-30,-37100000.0,5108200000.0,184200000.0,33600000.0,-3037900000.0,7800000.0,1213700000.0,909200000.0,526200000.0,5500000.0,56400000.0,0.35,-10900000.0,62200000.0,587900000.0,232100000.0,173395000.0,726100000.0,308200000.0,-116000000.0,244700000.0,9262100000.0,11144200000.0,,443000000.0,128700000.0,,253200000.0,98100000.0,-156600000.0,337000000.0,0.0,466200000.0,909200000.0,175974000.0,909200000.0,,216700000,0.34,-61900000.0,60700000.0,-98900000.0,-106200000.0,1925800000.0,0.0,7307500000.0,-24600000.0,155700000,142500000.0,27400000.0,1130800000,1589300000.0,8146100000.0,1882100000.0,28000000.0,2981300000.0,3300000.0,3774700000.0,716600000.0,-9000000.0,,607000000.0,433000000.0,697800000.0,28600000,542100000.0,60700000.0,,,2949200000.0,445500000.0,-952600000.0,5718200000.0,,,,
2016-09-30,-8600000.0,5238000000.0,210300000.0,-42100000.0,-3107300000.0,700000.0,1219500000.0,502800000.0,321200000.0,3100000.0,57300000.0,-0.25,-900000.0,-157800000.0,580300000.0,217700000.0,173737000.0,325100000.0,-323700000.0,-193200000.0,106700000.0,9423400000.0,10847200000.0,,-406400000.0,-86500000.0,,52900000.0,101500000.0,-154700000.0,391200000.0,0.0,909200000.0,502800000.0,173737000.0,502800000.0,,1000000,-0.25,27800000.0,-43800000.0,-191500000.0,-106100000.0,1840900000.0,-22900000.0,7245400000.0,-19600000.0,-107300000,59600000.0,500000.0,976200000,1442000000.0,8345300000.0,1423800000.0,2600000.0,2989000000.0,3200000.0,3766000000.0,796000000.0,-25200000.0,163200000.0,551600000.0,493600000.0,482600000.0,-115700000,589900000.0,-43800000.0,,241300000.0,2850900000.0,475300000.0,-517400000.0,5803400000.0,,,,
2016-12-31,-32100000.0,5244300000.0,228200000.0,87800000.0,-3139800000.0,3300000.0,1207900000.0,515200000.0,282900000.0,9500000.0,55400000.0,1.33,-800000.0,378700000.0,558900000.0,236100000.0,173512000.0,718400000.0,98600000.0,-197100000.0,126600000.0,9390600000.0,11300500000.0,,12400000.0,-70500000.0,,-437000000.0,98100000.0,-216800000.0,573600000.0,0.0,502800000.0,515200000.0,176984000.0,515200000.0,,532200000,1.3,221400000.0,230700000.0,-192400000.0,-106200000.0,2035400000.0,0.0,7567400000.0,15100000.0,466200000,-207300000.0,-5900000.0,1679500000,1574900000.0,8384100000.0,1909900000.0,5500000.0,2935800000.0,1600000.0,3994200000.0,773800000.0,-22400000.0,,917300000.0,647400000.0,1032100000.0,290900000,565900000.0,230700000.0,,,2987700000.0,464800000.0,-521400000.0,5992500000.0,,,,
2017-03-31,-21000000.0,5298600000.0,203000000.0,124600000.0,-3221900000.0,2600000.0,1270700000.0,637800000.0,220600000.0,-35800000.0,55800000.0,1.27,-6500000.0,436400000.0,551000000.0,243400000.0,173624000.0,679600000.0,-194500000.0,-144700000.0,458400000.0,9445200000.0,11385500000.0,,122600000.0,313700000.0,,12700000.0,99300000.0,-204500000.0,467600000.0,0.0,515200000.0,637800000.0,177136000.0,637800000.0,,591500000,1.24,-92000000.0,219900000.0,-145700000.0,-106200000.0,2214200000.0,-25500000.0,7448100000.0,8900000.0,513200000,-70200000.0,55300000.0,2173800000,1367800000.0,8520500000.0,1940300000.0,5500000.0,2948400000.0,2300000.0,4025500000.0,778200000.0,26300000.0,,920400000.0,1071200000.0,1102600000.0,311800000,589400000.0,219900000.0,,,3165200000.0,486200000.0,-432700000.0,6080300000.0,,,,
2017-06-30,-19700000.0,5422100000.0,216100000.0,-17100000.0,-3337500000.0,5100000.0,1282800000.0,604300000.0,283000000.0,0.0,56800000.0,-0.11,-45500000.0,-79300000.0,571200000.0,259400000.0,173742000.0,637600000.0,-121200000.0,-130100000.0,261000000.0,9679100000.0,11246400000.0,,-33500000.0,130900000.0,,337600000.0,104100000.0,-135900000.0,359000000.0,0.0,637800000.0,604300000.0,173742000.0,604300000.0,,81600000,-0.11,-124300000.0,-19000000.0,-193600000.0,-109000000.0,2151900000.0,-3200000.0,7405300000.0,13800000.0,-2800000,146800000.0,-2500000.0,1153500000,1279600000.0,8759600000.0,1567300000.0,-18000000.0,3032300000.0,7800000.0,4014600000.0,812700000.0,-8300000.0,,628200000.0,618500000.0,535000000.0,-62200000,537800000.0,-19000000.0,,,3176700000.0,445700000.0,-97600000.0,6125700000.0,,,,
2017-09-30,-21400000.0,5537000000.0,278600000.0,-17700000.0,-3312900000.0,0.0,1360000000.0,558400000.0,544400000.0,0.0,55500000.0,0.03,-48800000.0,-34400000.0,611700000.0,259000000.0,173769000.0,313800000.0,70500000.0,-167000000.0,118400000.0,9884700000.0,11582200000.0,,-45900000.0,-48600000.0,,-16900000.0,114800000.0,-93400000.0,439600000.0,0.0,604300000.0,558400000.0,177175000.0,558400000.0,,135900000,0.03,44800000.0,5000000.0,-231700000.0,-109100000.0,2106700000.0,-14600000.0,7841300000.0,6300000.0,29000000,-37900000.0,63200000.0,1113900000,1690100000.0,8849900000.0,1697500000.0,-15900000.0,3107200000.0,8300000.0,3994600000.0,774800000.0,-60300000.0,185400000.0,626800000.0,500200000.0,613700000.0,-16700000,584700000.0,5000000.0,,206900000.0,3163300000.0,461100000.0,400000.0,6151200000.0,,,,
2017-12-31,-3800000.0,5690500000.0,307300000.0,-104400000.0,-3393100000.0,1400000.0,893600000.0,446400000.0,810200000.0,-2700000.0,58200000.0,2.11,-175800000.0,329800000.0,641900000.0,269900000.0,173670000.0,725000000.0,181100000.0,-147500000.0,31400000.0,10163300000.0,12343900000.0,,-112000000.0,-116100000.0,,-530500000.0,110300000.0,-71500000.0,680800000.0,0.0,558400000.0,446400000.0,176948000.0,446400000.0,,498300000,2.07,235000000.0,365900000.0,-327500000.0,-109000000.0,2429300000.0,-9500000.0,8261800000.0,11300000.0,391800000,-353200000.0,-173900000.0,2125200000,2216000000.0,9083600000.0,2180600000.0,-4200000.0,3185500000.0,600000.0,4056400000.0,1073600000.0,-23500000.0,,1101800000.0,1137400000.0,987800000.0,434200000,596000000.0,365900000.0,,,3501700000.0,490100000.0,-35900000.0,6045800000.0,,,,
2018-03-31,-10300000.0,5716600000.0,228300000.0,113400000.0,-3141200000.0,1700000.0,908700000.0,474800000.0,388800000.0,-700000.0,58100000.0,1.59,1500000.0,521100000.0,627100000.0,290700000.0,173570000.0,828400000.0,-421300000.0,-118600000.0,548000000.0,10223200000.0,12445300000.0,,28400000.0,429400000.0,,-145500000.0,112200000.0,-34100000.0,600300000.0,0.0,446400000.0,474800000.0,176350000.0,474800000.0,,691400000,1.57,-98800000.0,276000000.0,-104200000.0,-109100000.0,2656600000.0,-4600000.0,8024300000.0,-1300000.0,589500000,-16600000.0,-17600000.0,2812000000,1817500000.0,8857800000.0,2222100000.0,12900000.0,3218100000.0,2900000.0,4192800000.0,1080300000.0,80500000.0,,1272700000.0,1560200000.0,1251800000.0,407700000,662300000.0,276000000.0,,,3774300000.0,556200000.0,-57400000.0,6206800000.0,,,,
2018-06-30,-48100000.0,5699100000.0,253200000.0,10600000.0,-3131000000.0,57400000.0,896400000.0,506700000.0,385500000.0,1100000.0,56500000.0,0.3,-16400000.0,-1100000.0,529800000.0,289600000.0,173991000.0,737400000.0,-162100000.0,-128100000.0,347400000.0,10068500000.0,11876700000.0,,31900000.0,219300000.0,,473900000.0,118800000.0,-111600000.0,443400000.0,0.0,474800000.0,506700000.0,176807000.0,506700000.0,,174200000,0.3,-153900000.0,52400000.0,-141200000.0,-111000000.0,2637200000.0,-29400000.0,7648900000.0,-7100000.0,103500000,252800000.0,9000000.0,1440900000,1566300000.0,8830100000.0,1808200000.0,3300000.0,3169000000.0,2200000.0,4088600000.0,1085300000.0,-28900000.0,,813300000.0,732500000.0,708400000.0,-11700000,604900000.0,52400000.0,,,3711300000.0,496100000.0,-87000000.0,6082600000.0,,,,
2018-09-30,13000000.0,5808200000.0,318200000.0,12500000.0,-3153900000.0,-25600000.0,991900000.0,452600000.0,443700000.0,-2900000.0,57300000.0,0.14,3500000.0,4700000.0,513600000.0,273600000.0,174391000.0,342600000.0,-35900000.0,-180200000.0,158500000.0,10092800000.0,11980900000.0,,-54100000.0,-21700000.0,,54500000.0,113800000.0,-110400000.0,561800000.0,0.0,506700000.0,452600000.0,177506000.0,452600000.0,,175800000,0.14,82800000.0,24400000.0,-175000000.0,-110800000.0,2610700000.0,-16300000.0,7880900000.0,7800000.0,29400000,-17400000.0,113700000.0,1273100000,1732100000.0,8962100000.0,1888100000.0,1700000.0,3160400000.0,69100000.0,4146500000.0,997600000.0,-65500000.0,192800000.0,751900000.0,644800000.0,628300000.0,-7800000,598900000.0,24400000.0,,191200000.0,3681400000.0,471000000.0,-5800000.0,6148800000.0,,,,
2018-12-31,4400000.0,5855100000.0,293700000.0,23400000.0,-3228300000.0,6900000.0,973400000.0,477600000.0,695800000.0,-4200000.0,60200000.0,0.37,-15000000.0,111900000.0,505200000.0,285600000.0,174413000.0,734000000.0,134000000.0,-183300000.0,96600000.0,10126100000.0,12368300000.0,,32800000.0,-86700000.0,,-457600000.0,111200000.0,-133100000.0,753300000.0,0.0,462200000.0,477600000.0,177566000.0,495000000.0,,283300000,0.36,217400000.0,64200000.0,-194000000.0,-111000000.0,2620800000.0,-16900000.0,8321700000.0,-11300000.0,167700000,-253400000.0,-20700000.0,2200200000,2183100000.0,9083400000.0,2242200000.0,4300000.0,3154800000.0,3300000.0,4150700000.0,989500000.0,23000000.0,,1144300000.0,1425000000.0,775200000.0,88500000,607500000.0,64200000.0,,,3669400000.0,503200000.0,-713100000.0,6138600000.0,,,,
2019-03-31,9500000.0,5917000000.0,222000000.0,90600000.0,-3274600000.0,4900000.0,970800000.0,492100000.0,359000000.0,800000.0,61000000.0,1.41,-43500000.0,487300000.0,488300000.0,297000000.0,174501000.0,766200000.0,-294600000.0,-157300000.0,521000000.0,10170900000.0,12350900000.0,,23400000.0,363700000.0,,-81000000.0,108900000.0,-160800000.0,652100000.0,0.0,495000000.0,492100000.0,177318000.0,518400000.0,,657200000,1.38,-96300000.0,245400000.0,-199300000.0,-111000000.0,2818200000.0,0.0,8034900000.0,2000000.0,538800000,14400000.0,-8200000.0,2606100000,1777300000.0,9191600000.0,2180000000.0,1500000.0,3147800000.0,1300000.0,4283800000.0,986500000.0,70500000.0,,1231400000.0,1426900000.0,1179200000.0,396700000,640400000.0,245400000.0,,,3853000000.0,536700000.0,-13200000.0,6257600000.0,,,,
2019-06-30,2200000.0,6009800000.0,215100000.0,-2200000.0,-3353000000.0,3500000.0,956000000.0,533700000.0,397600000.0,-700000.0,60500000.0,-0.01,100000.0,-48700000.0,480000000.0,325400000.0,174759000.0,752700000.0,-81000000.0,-169600000.0,307000000.0,10301300000.0,12018900000.0,,57600000.0,137400000.0,,487300000.0,109900000.0,-145400000.0,444400000.0,0.0,518400000.0,533700000.0,174759000.0,576000000.0,,121700000,-0.01,-219000000.0,-1900000.0,-170200000.0,-118900000.0,2761200000.0,0.0,7845200000.0,-2600000.0,9600000,213300000.0,-9700000.0,1363700000,1594700000.0,9362800000.0,1717600000.0,-700000.0,3159100000.0,3500000.0,4291700000.0,980700000.0,7700000.0,,779800000.0,781400000.0,582300000.0,-46500000,572700000.0,-1900000.0,,,3820900000.0,476900000.0,52800000.0,6250500000.0,,,,
2019-09-30,26500000.0,6687800000.0,229900000.0,-19200000.0,-3385200000.0,1500000.0,541400000.0,447100000.0,820400000.0,-536300000.0,76100000.0,-0.27,-1303800000.0,-150000000.0,708600000.0,497900000.0,189905000.0,404200000.0,1283800000.0,-194400000.0,153500000.0,11780400000.0,13346600000.0,,-65200000.0,-40900000.0,,134600000.0,118100000.0,-216600000.0,438800000.0,0.0,576000000.0,447100000.0,189905000.0,510800000.0,,44200000,-0.27,700000.0,-51500000.0,-1491800000.0,-121700000.0,2653100000.0,0.0,9519400000.0,-20500000.0,-122500000,119600000.0,-4100000.0,1150400000,2026900000.0,10073000000.0,1566200000.0,6400000.0,3456400000.0,69100000.0,5779900000.0,1122800000.0,-17100000.0,195900000.0,640700000.0,689800000.0,460600000.0,-130800000,583100000.0,-51500000.0,,167600000.0,3817500000.0,446400000.0,-19900000.0,7492500000.0,,,,
